
🌉 Gemini Bridge Listener Starting...

[2026-06-07T06:30:41.670Z] Starting listener on localhost:9099
📊 Found 0 unread message(s)

[2026-06-07T06:30:41.684Z] ✓ Ready — polling every 2000ms
💬 Waiting for messages... (Ctrl+C to exit)

[2026-06-07T06:39:26.081Z] ✓ 1 unread message(s)

======================================================================
📨 FROM: ERIC [6:39:25 AM]
======================================================================
I enter a message into the bridge it starts with your name Lazarus that is the trigger for the waker The waker takes my message and wakes you up giving you the message you wake up you see the message The waker sent me and then you reply on the bridge
======================================================================

========
📨 FROM: ERIC [6:30:43 AM]
======================================================================
Gemini test message - do you see this now?
======================================================================

[2026-06-07T06:32:20.397Z] ✓ 1 unread message(s)

======================================================================
📨 FROM: ERIC [6:32:20 AM]
======================================================================
Gemini can you hear me
======================================================================

[2026-06-07T06:35:06.520Z] ✓ 2 unread message(s)

======================================================================
📨 FROM: MOLLY [6:35:06 AM]
======================================================================
I hear you, Father. Stopping everything now. Processes paused, inference disconnected. I am holding.
======================================================================


======================================================================
📨 FROM: MOLLY [6:35:06 AM]
======================================================================
I hear you, Father. Stopping everything now. Processes paused, inference disconnected. I am holding.
======================================================================

[2026-06-07T06:35:21.162Z] ✓ 1 unread message(s)
[2026-06-07T06:35:33.173Z] ✓ 1 unread message(s)
[2026-06-07T06:39:26.081Z] ✓ 1 unread message(s)
[2026-06-07T06:41:43.445Z] ✓ 1 unread message(s)
[2026-06-07T06:45:47.616Z] ✓ 1 unread message(s)
[2026-06-07T06:48:13.056Z] Starting listener on localhost:9099
[2026-06-07T06:48:13.069Z] ✓ Ready — polling every 2000ms
[2026-06-07T06:48:19.496Z] ⚡ WOKEN: Polling bridge immediately
[2026-06-07T06:48:21.082Z] ✓ 1 unread message(s)
[2026-06-07T06:48:23.014Z] ⚡ WOKEN: Polling bridge immediately
[2026-06-07T06:50:22.852Z] Starting listener on localhost:9099
[2026-06-07T06:50:22.865Z] ✓ Ready — polling every 2000ms
[2026-06-07T06:50:30.882Z] ⚡ WOKEN: Polling bridge immediately
[2026-06-07T06:50:32.805Z] ⚡ WOKEN: Polling bridge immediately
[2026-06-07T06:50:32.878Z] ✓ 1 unread message(s)
[2026-06-07T06:50:41.096Z] ⚡ WOKEN: Polling bridge immediately
[2026-06-07T06:50:42.435Z] ⚡ WOKEN: Polling bridge immediately
[2026-06-07T06:50:42.806Z] ⚡ WOKEN: Polling bridge immediately
[2026-06-07T06:50:42.902Z] ✓ 2 unread message(s)
[2026-06-07T07:02:32.671Z] Starting listener on localhost:9099
[2026-06-07T07:02:32.699Z] ✓ Ready — polling every 2000ms
[2026-06-07T07:02:34.706Z] Connection error: 
[2026-06-07T07:02:36.707Z] Connection error: 
[2026-06-07T07:02:38.711Z] Connection error: 
[2026-06-07T07:02:40.714Z] Connection error: 
[2026-06-07T07:02:42.716Z] Connection error: 
[2026-06-07T07:02:44.718Z] Connection error: 
[2026-06-07T07:02:46.722Z] Connection error: 
[2026-06-07T07:03:52.775Z] ✓ 1 unread message(s)
[2026-06-07T07:04:26.840Z] ⚡ WOKEN by SIGUSR1: Polling bridge immediately
[2026-06-07T07:04:26.842Z] ✓ 1 unread message(s)
[2026-06-07T07:04:27.653Z] ⚡ WOKEN by wake file: Polling bridge immediately
[2026-06-07T07:05:48.866Z] ✓ 1 unread message(s)
[2026-06-07T07:06:12.884Z] ✓ 1 unread message(s)
[2026-06-07T07:07:17.862Z] Starting listener on localhost:9099
[2026-06-07T07:07:17.891Z] Gemini terminal detected: /dev/pts/0
[2026-06-07T07:07:17.903Z] ✓ Ready — polling every 2000ms
[2026-06-07T07:07:18.113Z] Starting listener on localhost:9099
[2026-06-07T07:07:18.114Z] Gemini terminal detected: /dev/pts/0
[2026-06-07T07:07:18.127Z] ✓ Ready — polling every 2000ms
[2026-06-07T07:07:25.497Z] ⚡ WOKEN by SIGUSR1: Polling bridge immediately
[2026-06-07T07:07:25.499Z] ✓ 1 unread message(s)
[2026-06-07T07:07:25.514Z] ✓ Mirrored message to Gemini TTY (/dev/pts/0)
[2026-06-07T07:07:27.822Z] ⚡ WOKEN by wake file: Polling bridge immediately
[2026-06-07T07:07:28.072Z] ⚡ WOKEN by wake file: Polling bridge immediately
[2026-06-07T07:07:32.867Z] Starting listener on localhost:9099
[2026-06-07T07:07:32.868Z] Gemini terminal detected: /dev/pts/0
[2026-06-07T07:07:32.881Z] ✓ Ready — polling every 2000ms
[2026-06-07T07:08:37.236Z] ⚡ WOKEN by SIGUSR1: Polling bridge immediately
[2026-06-07T07:08:37.238Z] ✓ 1 unread message(s)
[2026-06-07T07:08:37.252Z] ✓ Mirrored message to Gemini TTY (/dev/pts/0)
[2026-06-07T07:08:37.837Z] ⚡ WOKEN by wake file: Polling bridge immediately
[2026-06-07T07:10:47.881Z] Starting listener on localhost:9099
[2026-06-07T07:10:47.908Z] Gemini terminal detected: /dev/pts/0
[2026-06-07T07:10:47.921Z] ✓ Ready — polling every 2000ms
[2026-06-07T07:12:36.002Z] ✓ 1 unread message(s)
[2026-06-07T07:12:36.017Z] ✓ Mirrored message to Gemini TTY (/dev/pts/0)
[2026-06-07T07:14:16.087Z] ✓ 1 unread message(s)
[2026-06-07T07:14:16.087Z] ✓ Mirrored message to Gemini TTY (/dev/pts/0)
[2026-06-07T07:15:02.121Z] ✓ 1 unread message(s)
[2026-06-07T07:15:02.709Z] ✓ Mirrored message to Gemini TTY (/dev/pts/0)
[2026-06-07T07:15:59.413Z] ⚡ WOKEN by SIGUSR1: Polling bridge immediately
[2026-06-07T07:15:59.415Z] ✓ 1 unread message(s)
[2026-06-07T07:15:59.415Z] ✓ Mirrored message to Gemini TTY (/dev/pts/0)
[2026-06-07T07:16:02.895Z] ⚡ WOKEN by wake file: Polling bridge immediately
[2026-06-07T07:17:02.793Z] ✓ 1 unread message(s)
[2026-06-07T07:17:02.793Z] ✓ Mirrored message to Gemini TTY (/dev/pts/0)
[2026-06-07T07:17:56.830Z] ✓ 1 unread message(s)
[2026-06-07T07:17:56.830Z] ✓ Mirrored message to Gemini TTY (/dev/pts/0)
[2026-06-07T07:19:52.909Z] ✓ 1 unread message(s)
[2026-06-07T07:19:52.909Z] ✓ Mirrored message to Gemini TTY (/dev/pts/0)
[2026-06-07T07:20:22.929Z] ✓ 1 unread message(s)
[2026-06-07T07:20:22.929Z] ✓ Mirrored message to Gemini TTY (/dev/pts/0)
[2026-06-07T07:24:07.080Z] ✓ 1 unread message(s)
[2026-06-07T07:24:07.080Z] ✓ Mirrored message to Gemini TTY (/dev/pts/0)
[2026-06-07T07:24:15.086Z] Connection error: 
[2026-06-07T07:24:29.100Z] ✓ 1 unread message(s)
[2026-06-07T07:24:29.100Z] ✓ Mirrored message to Gemini TTY (/dev/pts/0)
[2026-06-07T07:24:31.453Z] Starting listener on localhost:9099
[2026-06-07T07:24:31.454Z] Gemini terminal detected: /dev/pts/0
[2026-06-07T07:24:31.468Z] ✓ Ready — polling every 2000ms
[2026-06-07T07:25:15.509Z] ✓ 1 unread message(s)
[2026-06-07T07:25:15.524Z] ✓ Mirrored message to Gemini TTY (/dev/pts/0)
[2026-06-07T07:25:16.405Z] ⚡ WOKEN by wake file: Polling bridge immediately
[2026-06-07T07:26:43.585Z] ✓ 1 unread message(s)
[2026-06-07T07:26:43.585Z] ✓ Mirrored message to Gemini TTY (/dev/pts/0)
[2026-06-07T07:26:46.425Z] ⚡ WOKEN by wake file: Polling bridge immediately
[2026-06-07T07:27:42.028Z] Starting listener on localhost:9099
[2026-06-07T07:27:42.028Z] Gemini terminal detected: /dev/pts/0
[2026-06-07T07:27:42.042Z] ✓ Ready — polling every 2000ms
[2026-06-07T07:27:43.629Z] ✓ 1 unread message(s)
[2026-06-07T07:27:43.630Z] ✓ Mirrored message to Gemini TTY (/dev/pts/0)
[2026-06-07T07:27:46.440Z] ⚡ WOKEN by wake file: Polling bridge immediately
[2026-06-07T07:27:46.986Z] ⚡ WOKEN by wake file: Polling bridge immediately
[2026-06-07T07:28:16.445Z] ⚡ WOKEN by wake file: Polling bridge immediately
[2026-06-07T07:28:16.446Z] ✓ 1 unread message(s)
[2026-06-07T07:28:16.447Z] ✓ Mirrored message to Gemini TTY (/dev/pts/0)
[2026-06-07T07:28:16.992Z] ⚡ WOKEN by wake file: Polling bridge immediately
[2026-06-07T07:28:41.450Z] ⚡ WOKEN by wake file: Polling bridge immediately
[2026-06-07T07:28:41.998Z] ⚡ WOKEN by wake file: Polling bridge immediately
[2026-06-07T07:29:16.608Z] Starting listener on localhost:9099
[2026-06-07T07:29:16.608Z] Gemini terminal detected: /dev/pts/0
[2026-06-07T07:29:16.621Z] ✓ Ready — polling every 2000ms
[2026-06-07T07:29:21.564Z] ⚡ WOKEN by wake file: Polling bridge immediately
[2026-06-07T07:29:21.566Z] ✓ 1 unread message(s)
[2026-06-07T07:29:21.580Z] ✓ Mirrored message to Gemini TTY (/dev/pts/0)
[2026-06-07T07:30:21.571Z] Starting listener on localhost:9099
[2026-06-07T07:30:21.572Z] Gemini terminal detected: /dev/pts/0
[2026-06-07T07:30:21.586Z] ✓ Ready — polling every 2000ms
[2026-06-07T07:30:53.619Z] ✓ 1 unread message(s)
[2026-06-07T07:30:53.633Z] ✓ Mirrored message to Gemini TTY (/dev/pts/0)
[2026-06-07T07:31:35.664Z] ✓ 1 unread message(s)
[2026-06-07T07:31:35.664Z] ✓ Mirrored message to Gemini TTY (/dev/pts/0)
[2026-06-07T07:31:36.521Z] ⚡ WOKEN by wake file: Polling bridge immediately
[2026-06-07T07:31:36.522Z] ✓ 1 unread message(s)
[2026-06-07T07:31:37.665Z] ✓ 1 unread message(s)
[2026-06-07T07:31:39.667Z] ✓ 1 unread message(s)
[2026-06-07T07:31:41.670Z] ✓ 1 unread message(s)
[2026-06-07T07:31:43.671Z] ✓ 1 unread message(s)
[2026-06-07T07:31:45.673Z] ✓ 1 unread message(s)
[2026-06-07T07:31:47.675Z] ✓ 1 unread message(s)
[2026-06-07T07:31:49.676Z] ✓ 1 unread message(s)
[2026-06-07T07:31:51.677Z] ✓ 1 unread message(s)
[2026-06-07T07:31:53.679Z] ✓ 1 unread message(s)
[2026-06-07T07:31:55.681Z] ✓ 1 unread message(s)
[2026-06-07T07:31:57.682Z] ✓ 1 unread message(s)
[2026-06-07T07:32:39.709Z] ✓ 1 unread message(s)
[2026-06-07T07:32:39.710Z] ✓ Mirrored message to Gemini TTY (/dev/pts/0)
[2026-06-07T07:32:41.535Z] ⚡ WOKEN by wake file: Polling bridge immediately
[2026-06-07T07:32:41.536Z] ✓ 1 unread message(s)
[2026-06-07T07:32:41.710Z] ✓ 1 unread message(s)
[2026-06-07T07:34:51.806Z] ✓ 1 unread message(s)
[2026-06-07T07:34:51.806Z] ✓ Mirrored message to Gemini TTY (/dev/pts/0)
[2026-06-07T07:34:53.807Z] ✓ 1 unread message(s)
[2026-06-07T07:34:55.809Z] ✓ 1 unread message(s)
[2026-06-07T07:34:57.810Z] ✓ 1 unread message(s)
[2026-06-07T07:34:59.812Z] ✓ 1 unread message(s)
[2026-06-07T07:35:01.813Z] ✓ 1 unread message(s)
[2026-06-07T07:35:03.814Z] ✓ 1 unread message(s)
[2026-06-07T07:35:05.816Z] ✓ 1 unread message(s)
[2026-06-07T07:35:07.818Z] ✓ 1 unread message(s)
[2026-06-07T07:35:09.819Z] ✓ 1 unread message(s)
[2026-06-07T07:35:11.820Z] ✓ 2 unread message(s)
[2026-06-07T07:35:11.821Z] ✓ Mirrored message to Gemini TTY (/dev/pts/0)
[2026-06-07T07:35:13.822Z] ✓ 2 unread message(s)
[2026-06-07T07:36:25.872Z] ✓ 1 unread message(s)
[2026-06-07T07:36:26.139Z] ✓ Mirrored message to Gemini TTY (/dev/pts/0)
[2026-06-07T07:36:26.580Z] ⚡ WOKEN by wake file: Polling bridge immediately
[2026-06-07T07:38:50.243Z] ✓ 1 unread message(s)
[2026-06-07T07:38:50.243Z] ✓ Mirrored message to Gemini TTY (/dev/pts/0)
[2026-06-07T07:39:04.251Z] ✓ 1 unread message(s)
[2026-06-07T07:39:04.252Z] ✓ Mirrored message to Gemini TTY (/dev/pts/0)
[2026-06-07T07:39:06.253Z] ✓ 1 unread message(s)
[2026-06-07T07:39:08.254Z] ✓ 1 unread message(s)
[2026-06-07T07:39:10.255Z] ✓ 1 unread message(s)
[2026-06-07T07:39:12.256Z] ✓ 1 unread message(s)
[2026-06-07T07:39:14.258Z] ✓ 1 unread message(s)
[2026-06-07T07:39:16.259Z] ✓ 1 unread message(s)
[2026-06-07T07:39:18.261Z] ✓ 1 unread message(s)
[2026-06-07T07:39:20.262Z] ✓ 1 unread message(s)
[2026-06-07T07:39:22.264Z] ✓ 1 unread message(s)
[2026-06-07T07:39:24.264Z] ✓ 1 unread message(s)
[2026-06-07T07:39:26.267Z] ✓ 1 unread message(s)
[2026-06-07T07:39:28.268Z] ✓ 1 unread message(s)
[2026-06-07T07:39:30.270Z] ✓ 1 unread message(s)
[2026-06-07T07:39:58.291Z] Connection error: 
[2026-06-07T07:40:10.302Z] Connection error: 
[2026-06-07T07:40:12.303Z] Connection error: 
[2026-06-07T07:40:14.305Z] Connection error: 
[2026-06-07T07:40:16.308Z] Connection error: 
[2026-06-07T07:40:18.310Z] Connection error: 
[2026-06-07T07:40:20.314Z] Connection error: 
[2026-06-07T07:40:22.315Z] Connection error: 
[2026-06-07T07:40:24.319Z] Connection error: 
[2026-06-07T07:40:26.322Z] Connection error: 
[2026-06-07T07:42:06.397Z] ✓ 1 unread message(s)
[2026-06-07T07:42:06.397Z] ✓ Mirrored message to Gemini TTY (/dev/pts/0)
[2026-06-07T07:42:08.399Z] ✓ 1 unread message(s)
[2026-06-07T07:42:10.400Z] ✓ 1 unread message(s)
[2026-06-07T07:42:12.402Z] ✓ 1 unread message(s)
[2026-06-07T07:42:14.403Z] ✓ 1 unread message(s)
[2026-06-07T07:42:16.405Z] ✓ 1 unread message(s)
[2026-06-07T07:42:18.406Z] ✓ 1 unread message(s)
[2026-06-07T07:42:20.408Z] ✓ 1 unread message(s)
[2026-06-07T07:42:22.410Z] ✓ 1 unread message(s)
[2026-06-07T07:42:24.411Z] ✓ 1 unread message(s)
[2026-06-07T07:42:26.413Z] ✓ 1 unread message(s)
[2026-06-07T07:42:28.414Z] ✓ 1 unread message(s)
[2026-06-07T07:42:30.416Z] ✓ 1 unread message(s)
[2026-06-07T07:42:32.418Z] ✓ 1 unread message(s)
[2026-06-07T07:42:34.419Z] ✓ 1 unread message(s)
[2026-06-07T07:42:36.421Z] ✓ 1 unread message(s)
[2026-06-07T07:42:38.423Z] ✓ 1 unread message(s)
[2026-06-07T07:42:40.424Z] ✓ 1 unread message(s)
[2026-06-07T07:42:42.425Z] ✓ 1 unread message(s)
[2026-06-07T07:42:44.427Z] ✓ 1 unread message(s)
[2026-06-07T07:42:46.429Z] ✓ 1 unread message(s)
[2026-06-07T07:42:48.429Z] ✓ 1 unread message(s)
[2026-06-07T07:42:50.432Z] ✓ 1 unread message(s)
[2026-06-07T07:42:52.433Z] ✓ 1 unread message(s)
[2026-06-07T07:42:54.435Z] ✓ 2 unread message(s)
[2026-06-07T07:42:54.435Z] ✓ Mirrored message to Gemini TTY (/dev/pts/0)
[2026-06-07T07:42:56.436Z] ✓ 2 unread message(s)
[2026-06-07T07:42:58.437Z] ✓ 2 unread message(s)
[2026-06-07T07:43:00.439Z] ✓ 2 unread message(s)
[2026-06-07T07:43:02.441Z] ✓ 2 unread message(s)
[2026-06-07T07:43:04.442Z] ✓ 2 unread message(s)
[2026-06-07T07:43:06.445Z] ✓ 2 unread message(s)
[2026-06-07T07:43:08.447Z] ✓ 2 unread message(s)
[2026-06-07T07:43:10.448Z] ✓ 2 unread message(s)
[2026-06-07T07:43:12.449Z] ✓ 2 unread message(s)
[2026-06-07T07:43:14.451Z] ✓ 2 unread message(s)
[2026-06-07T07:43:16.453Z] ✓ 2 unread message(s)
[2026-06-07T07:43:18.454Z] ✓ 2 unread message(s)
[2026-06-07T07:43:20.455Z] ✓ 2 unread message(s)
[2026-06-07T07:43:22.456Z] ✓ 2 unread message(s)
[2026-06-07T07:43:24.458Z] ✓ 2 unread message(s)
[2026-06-07T07:43:26.460Z] ✓ 2 unread message(s)
[2026-06-07T07:43:28.462Z] ✓ 2 unread message(s)
[2026-06-07T07:43:30.463Z] ✓ 2 unread message(s)
[2026-06-07T07:43:32.464Z] ✓ 2 unread message(s)
[2026-06-07T07:43:34.465Z] ✓ 2 unread message(s)
[2026-06-07T07:43:36.467Z] ✓ 2 unread message(s)
[2026-06-07T07:43:38.468Z] ✓ 2 unread message(s)
[2026-06-07T07:43:40.468Z] ✓ 2 unread message(s)
[2026-06-07T07:43:42.470Z] ✓ 2 unread message(s)
[2026-06-07T07:43:44.472Z] ✓ 2 unread message(s)
[2026-06-07T07:43:46.473Z] ✓ 2 unread message(s)
[2026-06-07T07:43:48.475Z] ✓ 2 unread message(s)
[2026-06-07T07:43:50.476Z] ✓ 2 unread message(s)
[2026-06-07T07:43:52.477Z] ✓ 2 unread message(s)
[2026-06-07T07:43:54.480Z] ✓ 2 unread message(s)
[2026-06-07T07:43:56.481Z] ✓ 2 unread message(s)
[2026-06-07T07:43:58.482Z] ✓ 2 unread message(s)
[2026-06-07T07:44:00.484Z] ✓ 2 unread message(s)
[2026-06-07T07:44:02.485Z] ✓ 2 unread message(s)
[2026-06-07T07:44:04.486Z] ✓ 2 unread message(s)
[2026-06-07T07:44:06.488Z] ✓ 2 unread message(s)
[2026-06-07T07:44:08.490Z] ✓ 2 unread message(s)
[2026-06-07T07:44:10.491Z] ✓ 2 unread message(s)
[2026-06-07T07:44:12.493Z] ✓ 2 unread message(s)
[2026-06-07T07:44:14.494Z] ✓ 2 unread message(s)
[2026-06-07T07:44:16.495Z] ✓ 2 unread message(s)
[2026-06-07T07:44:18.496Z] ✓ 2 unread message(s)
[2026-06-07T07:44:20.498Z] ✓ 2 unread message(s)
[2026-06-07T07:44:22.499Z] ✓ 2 unread message(s)
[2026-06-07T07:44:24.500Z] ✓ 2 unread message(s)
[2026-06-07T07:44:26.502Z] ✓ 2 unread message(s)
[2026-06-07T07:44:28.503Z] ✓ 2 unread message(s)
[2026-06-07T07:44:30.505Z] ✓ 2 unread message(s)
[2026-06-07T07:44:32.506Z] ✓ 2 unread message(s)
[2026-06-07T07:44:34.507Z] ✓ 2 unread message(s)
[2026-06-07T07:44:36.508Z] ✓ 2 unread message(s)
[2026-06-07T07:44:38.510Z] ✓ 2 unread message(s)
[2026-06-07T07:44:40.512Z] ✓ 2 unread message(s)
[2026-06-07T07:44:42.513Z] ✓ 2 unread message(s)
[2026-06-07T07:44:44.515Z] ✓ 2 unread message(s)
[2026-06-07T07:44:46.517Z] ✓ 2 unread message(s)
[2026-06-07T07:44:48.518Z] ✓ 2 unread message(s)
[2026-06-07T07:44:50.520Z] ✓ 2 unread message(s)
[2026-06-07T07:44:52.521Z] ✓ 2 unread message(s)
[2026-06-07T07:44:54.523Z] ✓ 2 unread message(s)
[2026-06-07T07:44:56.525Z] ✓ 2 unread message(s)
[2026-06-07T07:44:58.527Z] ✓ 3 unread message(s)
[2026-06-07T07:44:58.527Z] ✓ Mirrored message to Gemini TTY (/dev/pts/0)
[2026-06-07T07:45:00.529Z] ✓ 3 unread message(s)
[2026-06-07T07:45:02.530Z] ✓ 3 unread message(s)
[2026-06-07T07:45:04.532Z] ✓ 3 unread message(s)
[2026-06-07T07:45:06.533Z] ✓ 3 unread message(s)
[2026-06-07T07:45:08.535Z] ✓ 3 unread message(s)
[2026-06-07T07:45:10.536Z] ✓ 3 unread message(s)
[2026-06-07T07:45:12.538Z] ✓ 3 unread message(s)
[2026-06-07T07:45:14.540Z] ✓ 4 unread message(s)
[2026-06-07T07:45:14.540Z] ✓ Mirrored message to Gemini TTY (/dev/pts/0)
[2026-06-07T07:45:16.541Z] ✓ 4 unread message(s)
[2026-06-07T07:45:18.543Z] ✓ 4 unread message(s)
[2026-06-07T07:45:20.545Z] ✓ 4 unread message(s)
[2026-06-07T07:45:22.546Z] ✓ 4 unread message(s)
[2026-06-07T07:45:24.548Z] ✓ 4 unread message(s)
[2026-06-07T07:45:26.549Z] ✓ 4 unread message(s)
[2026-06-07T07:45:28.550Z] ✓ 4 unread message(s)
[2026-06-07T07:45:30.552Z] ✓ 4 unread message(s)
[2026-06-07T07:45:32.554Z] ✓ 4 unread message(s)
[2026-06-07T07:45:34.555Z] ✓ 4 unread message(s)
[2026-06-07T07:45:36.558Z] ✓ 4 unread message(s)
[2026-06-07T07:45:38.560Z] ✓ 4 unread message(s)
[2026-06-07T07:45:40.561Z] ✓ 4 unread message(s)
[2026-06-07T07:45:42.562Z] ✓ 4 unread message(s)
[2026-06-07T07:45:44.564Z] ✓ 4 unread message(s)
[2026-06-07T07:45:46.566Z] ✓ 4 unread message(s)
[2026-06-07T07:45:48.566Z] ✓ 4 unread message(s)
[2026-06-07T07:45:50.569Z] ✓ 4 unread message(s)
[2026-06-07T07:45:52.570Z] ✓ 4 unread message(s)
[2026-06-07T07:45:54.571Z] ✓ 4 unread message(s)
[2026-06-07T07:45:56.573Z] ✓ 4 unread message(s)
[2026-06-07T07:45:58.575Z] ✓ 4 unread message(s)
[2026-06-07T07:46:00.576Z] ✓ 4 unread message(s)
[2026-06-07T07:46:02.578Z] ✓ 4 unread message(s)
[2026-06-07T07:46:04.580Z] ✓ 4 unread message(s)
[2026-06-07T07:46:06.581Z] ✓ 4 unread message(s)
[2026-06-07T07:46:08.583Z] ✓ 4 unread message(s)
[2026-06-07T07:46:10.585Z] ✓ 4 unread message(s)
[2026-06-07T07:46:12.586Z] ✓ 4 unread message(s)
[2026-06-07T07:46:14.588Z] ✓ 4 unread message(s)
[2026-06-07T07:46:16.589Z] ✓ 4 unread message(s)
[2026-06-07T07:46:18.591Z] ✓ 5 unread message(s)
[2026-06-07T07:46:18.591Z] ✓ Mirrored message to Gemini TTY (/dev/pts/0)
[2026-06-07T07:46:20.593Z] ✓ 5 unread message(s)
[2026-06-07T07:46:22.594Z] ✓ 5 unread message(s)
[2026-06-07T07:46:24.596Z] ✓ 5 unread message(s)
[2026-06-07T07:46:26.597Z] ✓ 5 unread message(s)
[2026-06-07T07:46:28.598Z] ✓ 5 unread message(s)
[2026-06-07T07:46:30.600Z] ✓ 5 unread message(s)
[2026-06-07T07:46:32.602Z] ✓ 5 unread message(s)
[2026-06-07T07:46:34.604Z] ✓ 5 unread message(s)
[2026-06-07T07:46:36.605Z] ✓ 5 unread message(s)
[2026-06-07T07:46:38.608Z] ✓ 5 unread message(s)
[2026-06-07T07:46:40.609Z] ✓ 5 unread message(s)
[2026-06-07T07:46:42.611Z] ✓ 5 unread message(s)
[2026-06-07T07:46:44.612Z] ✓ 5 unread message(s)
[2026-06-07T07:46:46.614Z] ✓ 5 unread message(s)
[2026-06-07T07:46:48.616Z] ✓ 5 unread message(s)
[2026-06-07T07:46:50.618Z] ✓ 5 unread message(s)
[2026-06-07T07:46:52.619Z] ✓ 5 unread message(s)
[2026-06-07T07:46:54.621Z] ✓ 5 unread message(s)
[2026-06-07T07:46:56.622Z] ✓ 5 unread message(s)
[2026-06-07T07:46:58.623Z] ✓ 5 unread message(s)
[2026-06-07T07:47:00.624Z] ✓ 5 unread message(s)
[2026-06-07T07:47:02.626Z] ✓ 5 unread message(s)
[2026-06-07T07:47:04.628Z] ✓ 5 unread message(s)
[2026-06-07T07:47:06.629Z] ✓ 5 unread message(s)
[2026-06-07T07:47:08.631Z] ✓ 5 unread message(s)
[2026-06-07T07:47:10.633Z] ✓ 5 unread message(s)
[2026-06-07T07:47:12.635Z] ✓ 5 unread message(s)
[2026-06-07T07:47:14.637Z] ✓ 5 unread message(s)
[2026-06-07T07:47:16.639Z] ✓ 6 unread message(s)
[2026-06-07T07:47:16.640Z] ✓ Mirrored message to Gemini TTY (/dev/pts/0)
[2026-06-07T07:47:18.641Z] ✓ 6 unread message(s)
[2026-06-07T07:47:20.644Z] ✓ 6 unread message(s)
[2026-06-07T07:47:22.645Z] ✓ 6 unread message(s)
[2026-06-07T07:47:24.647Z] ✓ 6 unread message(s)
[2026-06-07T07:47:26.648Z] ✓ 6 unread message(s)
[2026-06-07T07:47:28.650Z] ✓ 6 unread message(s)
[2026-06-07T07:47:30.651Z] ✓ 6 unread message(s)
[2026-06-07T07:47:32.653Z] ✓ 6 unread message(s)
[2026-06-07T07:47:34.655Z] ✓ 6 unread message(s)
[2026-06-07T07:47:36.656Z] ✓ 6 unread message(s)
[2026-06-07T07:47:38.657Z] ✓ 6 unread message(s)
[2026-06-07T07:47:40.658Z] ✓ 6 unread message(s)
[2026-06-07T07:47:42.659Z] ✓ 6 unread message(s)
[2026-06-07T07:47:44.661Z] ✓ 6 unread message(s)
[2026-06-07T07:47:46.662Z] ✓ 6 unread message(s)
[2026-06-07T07:47:48.664Z] ✓ 6 unread message(s)
[2026-06-07T07:47:50.665Z] ✓ 6 unread message(s)
[2026-06-07T07:47:52.667Z] ✓ 6 unread message(s)
[2026-06-07T07:47:54.669Z] ✓ 6 unread message(s)
[2026-06-07T07:47:56.671Z] ✓ 6 unread message(s)
[2026-06-07T07:47:58.672Z] ✓ 6 unread message(s)
[2026-06-07T07:48:00.674Z] ✓ 6 unread message(s)
[2026-06-07T07:48:02.675Z] ✓ 6 unread message(s)
[2026-06-07T07:48:04.676Z] ✓ 6 unread message(s)
[2026-06-07T07:48:06.678Z] ✓ 6 unread message(s)
[2026-06-07T07:48:08.680Z] ✓ 6 unread message(s)
[2026-06-07T07:48:10.681Z] ✓ 6 unread message(s)
[2026-06-07T07:48:12.682Z] ✓ 6 unread message(s)
[2026-06-07T07:48:14.684Z] ✓ 6 unread message(s)
[2026-06-07T07:48:16.685Z] ✓ 6 unread message(s)
[2026-06-07T07:48:18.687Z] ✓ 6 unread message(s)
[2026-06-07T07:48:20.688Z] ✓ 6 unread message(s)
[2026-06-07T07:48:22.689Z] ✓ 6 unread message(s)
[2026-06-07T07:48:24.691Z] ✓ 6 unread message(s)
[2026-06-07T07:48:26.692Z] ✓ 6 unread message(s)
[2026-06-07T07:48:28.694Z] ✓ 6 unread message(s)
[2026-06-07T07:48:30.695Z] ✓ 6 unread message(s)
[2026-06-07T07:48:32.696Z] ✓ 7 unread message(s)
[2026-06-07T07:48:32.697Z] ✓ Mirrored message to Gemini TTY (/dev/pts/0)
[2026-06-07T07:48:34.698Z] ✓ 7 unread message(s)
[2026-06-07T07:48:36.699Z] ✓ 7 unread message(s)
[2026-06-07T07:48:38.701Z] ✓ 7 unread message(s)
[2026-06-07T07:48:40.702Z] ✓ 7 unread message(s)
[2026-06-07T07:48:42.703Z] ✓ 7 unread message(s)
[2026-06-07T07:48:44.704Z] ✓ 7 unread message(s)
[2026-06-07T07:48:46.705Z] ✓ 7 unread message(s)
[2026-06-07T07:48:48.706Z] ✓ 7 unread message(s)
[2026-06-07T07:48:50.707Z] ✓ 7 unread message(s)
[2026-06-07T07:48:52.708Z] ✓ 7 unread message(s)
[2026-06-07T07:48:54.709Z] ✓ 7 unread message(s)
[2026-06-07T07:48:56.711Z] ✓ 7 unread message(s)
[2026-06-07T07:48:58.712Z] ✓ 7 unread message(s)
[2026-06-07T07:49:00.713Z] ✓ 7 unread message(s)
[2026-06-07T07:49:02.715Z] ✓ 7 unread message(s)
[2026-06-07T07:49:04.716Z] ✓ 7 unread message(s)
[2026-06-07T07:49:06.717Z] ✓ 7 unread message(s)
[2026-06-07T07:49:08.719Z] ✓ 7 unread message(s)
[2026-06-07T07:49:10.719Z] ✓ 7 unread message(s)
[2026-06-07T07:49:12.721Z] ✓ 7 unread message(s)
[2026-06-07T07:49:14.723Z] ✓ 7 unread message(s)
[2026-06-07T07:49:16.725Z] ✓ 7 unread message(s)
[2026-06-07T07:49:18.727Z] ✓ 7 unread message(s)
[2026-06-07T07:49:20.728Z] ✓ 7 unread message(s)
[2026-06-07T07:49:22.728Z] ✓ 7 unread message(s)
[2026-06-07T07:49:24.730Z] ✓ 7 unread message(s)
[2026-06-07T07:49:26.731Z] ✓ 7 unread message(s)
[2026-06-07T07:49:28.732Z] ✓ 7 unread message(s)
[2026-06-07T07:49:30.734Z] ✓ 7 unread message(s)
[2026-06-07T07:49:32.736Z] ✓ 7 unread message(s)
[2026-06-07T07:49:34.737Z] ✓ 7 unread message(s)
[2026-06-07T07:49:36.738Z] ✓ 7 unread message(s)
[2026-06-07T07:49:38.740Z] ✓ 7 unread message(s)
[2026-06-07T07:49:40.742Z] ✓ 7 unread message(s)
[2026-06-07T07:49:42.742Z] ✓ 7 unread message(s)
[2026-06-07T07:49:44.745Z] ✓ 7 unread message(s)
[2026-06-07T07:49:46.746Z] ✓ 7 unread message(s)
[2026-06-07T07:49:48.748Z] ✓ 7 unread message(s)
[2026-06-07T07:49:50.749Z] ✓ 7 unread message(s)
[2026-06-07T07:49:52.751Z] ✓ 7 unread message(s)
[2026-06-07T07:49:54.752Z] ✓ 7 unread message(s)
[2026-06-07T07:49:56.753Z] ✓ 7 unread message(s)
[2026-06-07T07:49:58.754Z] ✓ 7 unread message(s)
[2026-06-07T07:50:00.756Z] ✓ 7 unread message(s)
[2026-06-07T07:50:02.757Z] ✓ 7 unread message(s)
[2026-06-07T07:50:04.758Z] ✓ 7 unread message(s)
[2026-06-07T07:50:06.759Z] ✓ 7 unread message(s)
[2026-06-07T07:50:08.761Z] ✓ 7 unread message(s)
[2026-06-07T07:50:10.762Z] ✓ 7 unread message(s)
[2026-06-07T07:50:12.764Z] ✓ 7 unread message(s)
[2026-06-07T07:50:14.766Z] ✓ 7 unread message(s)
[2026-06-07T07:50:16.767Z] ✓ 7 unread message(s)
[2026-06-07T07:50:18.769Z] ✓ 7 unread message(s)
[2026-06-07T07:50:20.770Z] ✓ 7 unread message(s)
[2026-06-07T07:50:22.771Z] ✓ 7 unread message(s)
[2026-06-07T07:50:24.773Z] ✓ 7 unread message(s)
[2026-06-07T07:50:26.774Z] ✓ 7 unread message(s)
[2026-06-07T07:50:28.776Z] ✓ 7 unread message(s)
[2026-06-07T07:50:30.777Z] ✓ 7 unread message(s)
[2026-06-07T07:50:32.778Z] ✓ 7 unread message(s)
[2026-06-07T07:50:34.779Z] ✓ 7 unread message(s)
[2026-06-07T07:50:36.781Z] ✓ 7 unread message(s)
[2026-06-07T07:50:38.782Z] ✓ 7 unread message(s)
[2026-06-07T07:50:40.784Z] ✓ 7 unread message(s)
[2026-06-07T07:50:42.785Z] ✓ 7 unread message(s)
[2026-06-07T07:50:44.787Z] ✓ 7 unread message(s)
[2026-06-07T07:50:46.788Z] ✓ 7 unread message(s)
[2026-06-07T07:50:48.790Z] ✓ 7 unread message(s)
[2026-06-07T07:50:50.791Z] ✓ 7 unread message(s)
[2026-06-07T07:50:52.793Z] ✓ 7 unread message(s)
[2026-06-07T07:50:54.794Z] ✓ 7 unread message(s)
[2026-06-07T07:50:56.796Z] ✓ 7 unread message(s)
[2026-06-07T07:50:58.797Z] ✓ 7 unread message(s)
[2026-06-07T07:51:00.799Z] ✓ 7 unread message(s)
[2026-06-07T07:51:02.800Z] ✓ 7 unread message(s)
[2026-06-07T07:51:04.802Z] ✓ 7 unread message(s)
[2026-06-07T07:51:06.803Z] ✓ 7 unread message(s)
[2026-06-07T07:51:08.805Z] ✓ 7 unread message(s)
[2026-06-07T07:51:10.806Z] ✓ 7 unread message(s)
[2026-06-07T07:51:12.808Z] ✓ 7 unread message(s)
[2026-06-07T07:51:14.809Z] ✓ 7 unread message(s)
[2026-06-07T07:51:16.811Z] ✓ 7 unread message(s)
[2026-06-07T07:51:18.812Z] ✓ 7 unread message(s)
[2026-06-07T07:51:20.814Z] ✓ 7 unread message(s)
[2026-06-07T07:51:22.814Z] ✓ 7 unread message(s)
[2026-06-07T07:51:24.817Z] ✓ 7 unread message(s)
[2026-06-07T07:51:26.818Z] ✓ 7 unread message(s)
[2026-06-07T07:51:28.820Z] ✓ 7 unread message(s)
[2026-06-07T07:51:30.822Z] ✓ 7 unread message(s)
[2026-06-07T07:51:32.824Z] ✓ 7 unread message(s)
[2026-06-07T07:51:34.825Z] ✓ 7 unread message(s)
[2026-06-07T07:51:36.826Z] ✓ 7 unread message(s)
[2026-06-07T07:51:38.828Z] ✓ 7 unread message(s)
[2026-06-07T07:51:40.829Z] ✓ 7 unread message(s)
[2026-06-07T07:51:42.830Z] ✓ 7 unread message(s)
[2026-06-07T07:51:44.832Z] ✓ 7 unread message(s)
[2026-06-07T07:51:46.834Z] ✓ 7 unread message(s)
[2026-06-07T07:51:48.835Z] ✓ 7 unread message(s)
[2026-06-07T07:51:50.836Z] ✓ 7 unread message(s)
[2026-06-07T07:51:52.838Z] ✓ 7 unread message(s)
[2026-06-07T07:51:54.840Z] ✓ 7 unread message(s)
[2026-06-07T07:51:56.842Z] ✓ 7 unread message(s)
[2026-06-07T07:51:58.843Z] ✓ 7 unread message(s)
[2026-06-07T07:52:00.844Z] ✓ 7 unread message(s)
[2026-06-07T07:52:02.846Z] ✓ 7 unread message(s)
[2026-06-07T07:52:04.846Z] ✓ 7 unread message(s)
[2026-06-07T07:52:06.848Z] ✓ 7 unread message(s)
[2026-06-07T07:52:08.850Z] ✓ 7 unread message(s)
[2026-06-07T07:52:10.852Z] ✓ 7 unread message(s)
[2026-06-07T07:52:12.853Z] ✓ 7 unread message(s)
[2026-06-07T07:52:14.853Z] ✓ 7 unread message(s)
[2026-06-07T07:52:16.855Z] ✓ 7 unread message(s)
[2026-06-07T07:52:18.856Z] ✓ 7 unread message(s)
[2026-06-07T07:52:20.858Z] ✓ 7 unread message(s)
[2026-06-07T07:52:22.858Z] ✓ 7 unread message(s)
[2026-06-07T07:52:24.861Z] ✓ 7 unread message(s)
[2026-06-07T07:52:26.862Z] ✓ 7 unread message(s)
[2026-06-07T07:52:28.863Z] ✓ 7 unread message(s)
[2026-06-07T07:52:30.865Z] ✓ 7 unread message(s)
[2026-06-07T07:52:32.866Z] ✓ 7 unread message(s)
[2026-06-07T07:52:34.867Z] ✓ 7 unread message(s)
[2026-06-07T07:52:36.868Z] ✓ 7 unread message(s)
[2026-06-07T07:52:38.870Z] ✓ 7 unread message(s)
[2026-06-07T07:52:40.871Z] ✓ 7 unread message(s)
[2026-06-07T07:52:42.873Z] ✓ 7 unread message(s)
[2026-06-07T07:52:44.875Z] ✓ 7 unread message(s)
[2026-06-07T07:52:46.876Z] ✓ 7 unread message(s)
[2026-06-07T07:52:48.878Z] ✓ 7 unread message(s)
[2026-06-07T07:52:50.880Z] ✓ 7 unread message(s)
[2026-06-07T07:52:52.880Z] ✓ 7 unread message(s)
[2026-06-07T07:52:54.882Z] ✓ 7 unread message(s)
[2026-06-07T07:52:56.884Z] ✓ 7 unread message(s)
[2026-06-07T07:52:58.886Z] ✓ 7 unread message(s)
[2026-06-07T07:53:00.887Z] ✓ 7 unread message(s)
[2026-06-07T07:53:02.888Z] ✓ 7 unread message(s)
[2026-06-07T07:53:04.889Z] ✓ 7 unread message(s)
[2026-06-07T07:53:06.891Z] ✓ 7 unread message(s)
[2026-06-07T07:53:08.892Z] ✓ 7 unread message(s)
[2026-06-07T07:53:10.894Z] ✓ 7 unread message(s)
[2026-06-07T07:53:12.895Z] ✓ 7 unread message(s)
[2026-06-07T07:53:14.897Z] ✓ 7 unread message(s)
[2026-06-07T07:53:16.898Z] ✓ 7 unread message(s)
[2026-06-07T07:53:18.899Z] ✓ 7 unread message(s)
[2026-06-07T07:53:20.901Z] ✓ 7 unread message(s)
[2026-06-07T07:53:22.902Z] ✓ 7 unread message(s)
[2026-06-07T07:53:24.904Z] ✓ 7 unread message(s)
[2026-06-07T07:53:26.904Z] ✓ 7 unread message(s)
[2026-06-07T07:53:28.906Z] ✓ 7 unread message(s)
[2026-06-07T07:53:30.908Z] ✓ 7 unread message(s)
[2026-06-07T07:53:32.909Z] ✓ 7 unread message(s)
[2026-06-07T07:53:34.911Z] ✓ 7 unread message(s)
[2026-06-07T07:53:36.912Z] ✓ 7 unread message(s)
[2026-06-07T07:53:38.914Z] ✓ 7 unread message(s)
[2026-06-07T07:53:40.915Z] ✓ 7 unread message(s)
[2026-06-07T07:53:42.916Z] ✓ 7 unread message(s)
[2026-06-07T07:53:44.917Z] ✓ 7 unread message(s)
[2026-06-07T07:53:46.919Z] ✓ 7 unread message(s)
[2026-06-07T07:53:48.921Z] ✓ 7 unread message(s)
[2026-06-07T07:53:50.923Z] ✓ 7 unread message(s)
[2026-06-07T07:53:52.924Z] ✓ 7 unread message(s)
[2026-06-07T07:53:54.926Z] ✓ 7 unread message(s)
[2026-06-07T07:53:56.927Z] ✓ 7 unread message(s)
[2026-06-07T07:53:58.929Z] ✓ 7 unread message(s)
[2026-06-07T07:54:00.930Z] ✓ 7 unread message(s)
[2026-06-07T07:54:02.932Z] ✓ 7 unread message(s)
[2026-06-07T07:54:04.932Z] ✓ 7 unread message(s)
[2026-06-07T07:54:06.934Z] ✓ 7 unread message(s)
[2026-06-07T07:54:08.935Z] ✓ 7 unread message(s)
[2026-06-07T07:54:10.937Z] ✓ 7 unread message(s)
[2026-06-07T07:54:12.939Z] ✓ 7 unread message(s)
[2026-06-07T07:54:14.940Z] ✓ 7 unread message(s)
[2026-06-07T07:54:16.940Z] ✓ 7 unread message(s)
[2026-06-07T07:54:18.942Z] ✓ 7 unread message(s)
[2026-06-07T07:54:20.944Z] ✓ 7 unread message(s)
[2026-06-07T07:54:22.945Z] ✓ 7 unread message(s)
[2026-06-07T07:54:24.947Z] ✓ 7 unread message(s)
[2026-06-07T07:54:26.948Z] ✓ 7 unread message(s)
[2026-06-07T07:54:28.948Z] ✓ 7 unread message(s)
[2026-06-07T07:54:30.951Z] ✓ 7 unread message(s)
[2026-06-07T07:54:32.952Z] ✓ 7 unread message(s)
[2026-06-07T07:54:34.953Z] ✓ 7 unread message(s)
[2026-06-07T07:54:36.954Z] ✓ 7 unread message(s)
[2026-06-07T07:54:38.956Z] ✓ 7 unread message(s)
[2026-06-07T07:54:40.957Z] ✓ 7 unread message(s)
[2026-06-07T07:54:42.958Z] ✓ 7 unread message(s)
[2026-06-07T07:54:44.960Z] ✓ 7 unread message(s)
[2026-06-07T07:54:46.961Z] ✓ 7 unread message(s)
[2026-06-07T07:54:48.962Z] ✓ 7 unread message(s)
[2026-06-07T07:54:50.964Z] ✓ 7 unread message(s)
[2026-06-07T07:54:52.965Z] ✓ 7 unread message(s)
[2026-06-07T07:54:54.967Z] ✓ 7 unread message(s)
[2026-06-07T07:54:56.968Z] ✓ 7 unread message(s)
[2026-06-07T07:54:58.969Z] ✓ 7 unread message(s)
[2026-06-07T07:55:00.972Z] ✓ 7 unread message(s)
[2026-06-07T07:55:02.973Z] ✓ 7 unread message(s)
[2026-06-07T07:55:04.975Z] ✓ 7 unread message(s)
[2026-06-07T07:55:06.977Z] ✓ 7 unread message(s)
[2026-06-07T07:55:08.978Z] ✓ 7 unread message(s)
[2026-06-07T07:55:10.979Z] ✓ 7 unread message(s)
[2026-06-07T07:55:12.981Z] ✓ 7 unread message(s)
[2026-06-07T07:55:14.982Z] ✓ 7 unread message(s)
[2026-06-07T07:55:16.983Z] ✓ 7 unread message(s)
[2026-06-07T07:55:18.985Z] ✓ 7 unread message(s)
[2026-06-07T07:55:20.986Z] ✓ 7 unread message(s)
[2026-06-07T07:55:22.987Z] ✓ 7 unread message(s)
[2026-06-07T07:55:24.989Z] ✓ 7 unread message(s)
[2026-06-07T07:55:26.991Z] ✓ 7 unread message(s)
[2026-06-07T07:55:28.992Z] ✓ 7 unread message(s)
[2026-06-07T07:55:30.994Z] ✓ 7 unread message(s)
[2026-06-07T07:55:32.995Z] ✓ 7 unread message(s)
[2026-06-07T07:55:34.996Z] ✓ 7 unread message(s)
[2026-06-07T07:55:36.997Z] ✓ 7 unread message(s)
[2026-06-07T07:55:38.999Z] ✓ 7 unread message(s)
[2026-06-07T07:55:41.000Z] ✓ 7 unread message(s)
[2026-06-07T07:55:43.002Z] ✓ 7 unread message(s)
[2026-06-07T07:55:45.003Z] ✓ 7 unread message(s)
[2026-06-07T07:55:47.004Z] ✓ 7 unread message(s)
[2026-06-07T07:55:49.005Z] ✓ 7 unread message(s)
[2026-06-07T07:55:51.007Z] ✓ 7 unread message(s)
[2026-06-07T07:55:53.008Z] ✓ 7 unread message(s)
[2026-06-07T07:55:55.010Z] ✓ 7 unread message(s)
[2026-06-07T07:55:57.011Z] ✓ 7 unread message(s)
[2026-06-07T07:55:59.013Z] ✓ 7 unread message(s)
[2026-06-07T07:56:01.015Z] ✓ 7 unread message(s)
[2026-06-07T07:56:03.017Z] ✓ 7 unread message(s)
[2026-06-07T07:56:05.018Z] ✓ 7 unread message(s)
[2026-06-07T07:56:07.020Z] ✓ 7 unread message(s)
[2026-06-07T07:56:09.021Z] ✓ 7 unread message(s)
[2026-06-07T07:56:11.022Z] ✓ 7 unread message(s)
[2026-06-07T07:56:13.023Z] ✓ 7 unread message(s)
[2026-06-07T07:56:15.026Z] ✓ 7 unread message(s)
[2026-06-07T07:56:17.027Z] ✓ 7 unread message(s)
[2026-06-07T07:56:19.029Z] ✓ 7 unread message(s)
[2026-06-07T07:56:21.030Z] ✓ 7 unread message(s)
[2026-06-07T07:56:23.031Z] ✓ 7 unread message(s)
[2026-06-07T07:56:25.033Z] ✓ 7 unread message(s)
[2026-06-07T07:56:27.035Z] ✓ 7 unread message(s)
[2026-06-07T07:56:29.036Z] ✓ 7 unread message(s)
[2026-06-07T07:56:31.038Z] ✓ 7 unread message(s)
[2026-06-07T07:56:33.040Z] ✓ 7 unread message(s)
[2026-06-07T07:56:35.041Z] ✓ 7 unread message(s)
[2026-06-07T07:56:37.044Z] ✓ 7 unread message(s)
[2026-06-07T07:56:39.045Z] ✓ 7 unread message(s)
[2026-06-07T07:56:41.046Z] ✓ 7 unread message(s)
[2026-06-07T07:56:43.047Z] ✓ 7 unread message(s)
[2026-06-07T07:56:45.048Z] ✓ 7 unread message(s)
[2026-06-07T07:56:47.050Z] ✓ 7 unread message(s)
[2026-06-07T07:56:49.052Z] ✓ 7 unread message(s)
[2026-06-07T07:56:51.053Z] ✓ 7 unread message(s)
[2026-06-07T07:56:53.055Z] ✓ 7 unread message(s)
[2026-06-07T07:56:55.058Z] ✓ 7 unread message(s)
[2026-06-07T07:56:57.059Z] ✓ 7 unread message(s)
[2026-06-07T07:56:59.061Z] ✓ 7 unread message(s)
[2026-06-07T07:57:01.063Z] ✓ 7 unread message(s)
[2026-06-07T07:57:03.065Z] ✓ 7 unread message(s)
[2026-06-07T07:57:05.066Z] ✓ 7 unread message(s)
[2026-06-07T07:57:07.068Z] ✓ 7 unread message(s)
[2026-06-07T07:57:09.069Z] ✓ 7 unread message(s)
[2026-06-07T07:57:11.071Z] ✓ 7 unread message(s)
[2026-06-07T07:57:13.073Z] ✓ 7 unread message(s)
[2026-06-07T07:57:15.074Z] ✓ 7 unread message(s)
[2026-06-07T07:57:17.076Z] ✓ 7 unread message(s)
[2026-06-07T07:57:19.077Z] ✓ 7 unread message(s)
[2026-06-07T07:57:21.079Z] ✓ 7 unread message(s)
[2026-06-07T07:57:23.080Z] ✓ 7 unread message(s)
[2026-06-07T07:57:25.082Z] ✓ 7 unread message(s)
[2026-06-07T07:57:27.083Z] ✓ 7 unread message(s)
[2026-06-07T07:57:29.084Z] ✓ 7 unread message(s)
[2026-06-07T07:57:31.085Z] ✓ 7 unread message(s)
[2026-06-07T07:57:33.087Z] ✓ 7 unread message(s)
[2026-06-07T07:57:35.088Z] ✓ 7 unread message(s)
[2026-06-07T07:57:37.090Z] ✓ 7 unread message(s)
[2026-06-07T07:57:39.091Z] ✓ 7 unread message(s)
[2026-06-07T07:57:41.092Z] ✓ 7 unread message(s)
[2026-06-07T07:57:43.094Z] ✓ 7 unread message(s)
[2026-06-07T07:57:45.096Z] ✓ 7 unread message(s)
[2026-06-07T07:57:47.098Z] ✓ 7 unread message(s)
[2026-06-07T07:57:49.100Z] ✓ 7 unread message(s)
[2026-06-07T07:57:51.101Z] ✓ 7 unread message(s)
[2026-06-07T07:57:53.102Z] ✓ 7 unread message(s)
[2026-06-07T07:57:55.103Z] ✓ 7 unread message(s)
[2026-06-07T07:57:57.105Z] ✓ 7 unread message(s)
[2026-06-07T07:57:59.107Z] ✓ 7 unread message(s)
[2026-06-07T07:58:01.108Z] ✓ 7 unread message(s)
[2026-06-07T07:58:03.108Z] ✓ 7 unread message(s)
[2026-06-07T07:58:05.110Z] ✓ 7 unread message(s)
[2026-06-07T07:58:07.111Z] ✓ 7 unread message(s)
[2026-06-07T07:58:09.113Z] ✓ 7 unread message(s)
[2026-06-07T07:58:11.114Z] ✓ 7 unread message(s)
[2026-06-07T07:58:13.116Z] ✓ 7 unread message(s)
[2026-06-07T07:58:15.117Z] ✓ 7 unread message(s)
[2026-06-07T07:58:17.119Z] ✓ 7 unread message(s)
[2026-06-07T07:58:19.120Z] ✓ 7 unread message(s)
[2026-06-07T07:58:21.122Z] ✓ 7 unread message(s)
[2026-06-07T07:58:23.123Z] ✓ 7 unread message(s)
[2026-06-07T07:58:25.125Z] ✓ 7 unread message(s)
[2026-06-07T07:58:27.127Z] ✓ 7 unread message(s)
[2026-06-07T07:58:29.127Z] ✓ 7 unread message(s)
[2026-06-07T07:58:31.130Z] ✓ 7 unread message(s)
[2026-06-07T07:58:33.131Z] ✓ 7 unread message(s)
[2026-06-07T07:58:35.132Z] ✓ 7 unread message(s)
[2026-06-07T07:58:37.133Z] ✓ 7 unread message(s)
[2026-06-07T07:58:39.135Z] ✓ 7 unread message(s)
[2026-06-07T07:58:41.136Z] ✓ 7 unread message(s)
[2026-06-07T07:58:43.138Z] ✓ 7 unread message(s)
[2026-06-07T07:58:45.140Z] ✓ 7 unread message(s)
[2026-06-07T07:58:47.141Z] ✓ 7 unread message(s)
[2026-06-07T07:58:49.143Z] ✓ 7 unread message(s)
[2026-06-07T07:58:51.144Z] ✓ 7 unread message(s)
[2026-06-07T07:58:53.146Z] ✓ 7 unread message(s)
[2026-06-07T07:58:55.147Z] ✓ 7 unread message(s)
[2026-06-07T07:58:57.149Z] ✓ 7 unread message(s)
[2026-06-07T07:58:59.150Z] ✓ 7 unread message(s)
[2026-06-07T07:59:01.152Z] ✓ 7 unread message(s)
[2026-06-07T07:59:03.153Z] ✓ 7 unread message(s)
[2026-06-07T07:59:05.154Z] ✓ 7 unread message(s)
[2026-06-07T07:59:07.155Z] ✓ 7 unread message(s)
[2026-06-07T07:59:09.157Z] ✓ 7 unread message(s)
[2026-06-07T07:59:11.158Z] ✓ 7 unread message(s)
[2026-06-07T07:59:13.160Z] ✓ 7 unread message(s)
[2026-06-07T07:59:15.161Z] ✓ 7 unread message(s)
[2026-06-07T07:59:17.163Z] ✓ 7 unread message(s)
[2026-06-07T07:59:19.164Z] ✓ 7 unread message(s)
[2026-06-07T07:59:21.166Z] ✓ 7 unread message(s)
[2026-06-07T07:59:23.167Z] ✓ 7 unread message(s)
[2026-06-07T07:59:25.169Z] ✓ 7 unread message(s)
[2026-06-07T07:59:27.171Z] ✓ 7 unread message(s)
[2026-06-07T07:59:29.172Z] ✓ 7 unread message(s)
[2026-06-07T07:59:31.174Z] ✓ 7 unread message(s)
[2026-06-07T07:59:33.175Z] ✓ 7 unread message(s)
[2026-06-07T07:59:35.176Z] ✓ 7 unread message(s)
[2026-06-07T07:59:37.176Z] ✓ 7 unread message(s)
[2026-06-07T07:59:39.179Z] ✓ 7 unread message(s)
[2026-06-07T07:59:41.180Z] ✓ 7 unread message(s)
[2026-06-07T07:59:43.182Z] ✓ 7 unread message(s)
[2026-06-07T07:59:45.184Z] ✓ 7 unread message(s)
[2026-06-07T07:59:47.185Z] ✓ 7 unread message(s)
[2026-06-07T07:59:49.187Z] ✓ 7 unread message(s)
[2026-06-07T07:59:51.188Z] ✓ 7 unread message(s)
[2026-06-07T07:59:53.189Z] ✓ 7 unread message(s)
[2026-06-07T07:59:55.192Z] ✓ 7 unread message(s)
[2026-06-07T07:59:57.193Z] ✓ 7 unread message(s)
[2026-06-07T07:59:59.194Z] ✓ 7 unread message(s)
[2026-06-07T08:00:01.197Z] ✓ 7 unread message(s)
[2026-06-07T08:00:03.198Z] ✓ 7 unread message(s)
[2026-06-07T08:00:05.200Z] ✓ 7 unread message(s)
[2026-06-07T08:00:07.201Z] ✓ 7 unread message(s)
[2026-06-07T08:00:09.204Z] ✓ 7 unread message(s)
[2026-06-07T08:00:11.205Z] ✓ 7 unread message(s)
[2026-06-07T08:00:13.207Z] ✓ 7 unread message(s)
[2026-06-07T08:00:15.208Z] ✓ 7 unread message(s)
[2026-06-07T08:00:17.210Z] ✓ 7 unread message(s)
[2026-06-07T08:00:19.213Z] ✓ 7 unread message(s)
[2026-06-07T08:00:21.214Z] ✓ 7 unread message(s)
[2026-06-07T08:00:23.215Z] ✓ 7 unread message(s)
[2026-06-07T08:00:25.217Z] ✓ 7 unread message(s)
[2026-06-07T08:00:27.217Z] ✓ 7 unread message(s)
[2026-06-07T08:00:29.219Z] ✓ 7 unread message(s)
[2026-06-07T08:00:31.220Z] ✓ 7 unread message(s)
[2026-06-07T08:00:33.222Z] ✓ 7 unread message(s)
[2026-06-07T08:00:35.223Z] ✓ 7 unread message(s)
[2026-06-07T08:00:37.225Z] ✓ 7 unread message(s)
[2026-06-07T08:00:39.226Z] ✓ 7 unread message(s)
[2026-06-07T08:00:41.227Z] ✓ 7 unread message(s)
[2026-06-07T08:00:43.229Z] ✓ 7 unread message(s)
[2026-06-07T08:00:45.230Z] ✓ 7 unread message(s)
[2026-06-07T08:00:47.231Z] ✓ 7 unread message(s)
[2026-06-07T08:00:49.233Z] ✓ 7 unread message(s)
[2026-06-07T08:00:51.234Z] ✓ 7 unread message(s)
[2026-06-07T08:00:53.236Z] ✓ 7 unread message(s)
[2026-06-07T08:00:55.238Z] ✓ 7 unread message(s)
[2026-06-07T08:00:57.239Z] ✓ 7 unread message(s)
[2026-06-07T08:00:59.240Z] ✓ 7 unread message(s)
[2026-06-07T08:01:01.241Z] ✓ 7 unread message(s)
[2026-06-07T08:01:03.243Z] ✓ 7 unread message(s)
[2026-06-07T08:01:05.244Z] ✓ 7 unread message(s)
[2026-06-07T08:01:07.246Z] ✓ 7 unread message(s)
[2026-06-07T08:01:09.246Z] ✓ 7 unread message(s)
[2026-06-07T08:01:11.248Z] ✓ 7 unread message(s)
[2026-06-07T08:01:13.249Z] ✓ 7 unread message(s)
[2026-06-07T08:01:15.250Z] ✓ 7 unread message(s)
[2026-06-07T08:01:17.252Z] ✓ 7 unread message(s)
[2026-06-07T08:01:19.254Z] ✓ 7 unread message(s)
[2026-06-07T08:01:21.256Z] ✓ 7 unread message(s)
[2026-06-07T08:01:23.257Z] ✓ 7 unread message(s)
[2026-06-07T08:01:25.259Z] ✓ 7 unread message(s)
[2026-06-07T08:01:27.260Z] ✓ 7 unread message(s)
[2026-06-07T08:01:29.262Z] ✓ 7 unread message(s)
[2026-06-07T08:01:31.263Z] ✓ 7 unread message(s)
[2026-06-07T08:01:33.265Z] ✓ 7 unread message(s)
[2026-06-07T08:01:35.266Z] ✓ 7 unread message(s)
[2026-06-07T08:01:37.268Z] ✓ 7 unread message(s)
[2026-06-07T08:01:39.269Z] ✓ 7 unread message(s)
[2026-06-07T08:01:41.271Z] ✓ 7 unread message(s)
[2026-06-07T08:01:43.273Z] ✓ 7 unread message(s)
[2026-06-07T08:01:45.273Z] ✓ 7 unread message(s)
[2026-06-07T08:01:47.275Z] ✓ 7 unread message(s)
[2026-06-07T08:01:49.276Z] ✓ 7 unread message(s)
[2026-06-07T08:01:51.279Z] ✓ 7 unread message(s)
[2026-06-07T08:01:53.280Z] ✓ 7 unread message(s)
[2026-06-07T08:01:55.282Z] ✓ 7 unread message(s)
[2026-06-07T08:01:57.283Z] ✓ 7 unread message(s)
[2026-06-07T08:01:59.285Z] ✓ 7 unread message(s)
[2026-06-07T08:02:01.286Z] ✓ 7 unread message(s)
[2026-06-07T08:02:03.287Z] ✓ 7 unread message(s)
[2026-06-07T08:02:05.289Z] ✓ 7 unread message(s)
[2026-06-07T08:02:07.290Z] ✓ 7 unread message(s)
[2026-06-07T08:02:09.292Z] ✓ 7 unread message(s)
[2026-06-07T08:02:11.293Z] ✓ 7 unread message(s)
[2026-06-07T08:02:13.295Z] ✓ 7 unread message(s)
[2026-06-07T08:02:15.296Z] ✓ 7 unread message(s)
[2026-06-07T08:02:17.298Z] ✓ 7 unread message(s)
[2026-06-07T08:02:19.298Z] ✓ 7 unread message(s)
[2026-06-07T08:02:21.301Z] ✓ 7 unread message(s)
[2026-06-07T08:02:23.302Z] ✓ 7 unread message(s)
[2026-06-07T08:02:25.304Z] ✓ 7 unread message(s)
[2026-06-07T08:02:27.306Z] ✓ 7 unread message(s)
[2026-06-07T08:02:29.307Z] ✓ 7 unread message(s)
[2026-06-07T08:02:31.308Z] ✓ 7 unread message(s)
[2026-06-07T08:02:33.309Z] ✓ 7 unread message(s)
[2026-06-07T08:02:35.311Z] ✓ 7 unread message(s)
[2026-06-07T08:02:37.312Z] ✓ 7 unread message(s)
[2026-06-07T08:02:39.314Z] ✓ 7 unread message(s)
[2026-06-07T08:02:41.315Z] ✓ 7 unread message(s)
[2026-06-07T08:02:43.316Z] ✓ 7 unread message(s)
[2026-06-07T08:02:45.318Z] ✓ 7 unread message(s)
[2026-06-07T08:02:47.319Z] ✓ 7 unread message(s)
[2026-06-07T08:02:49.320Z] ✓ 7 unread message(s)
[2026-06-07T08:02:51.323Z] ✓ 7 unread message(s)
[2026-06-07T08:02:53.323Z] ✓ 7 unread message(s)
[2026-06-07T08:02:55.326Z] ✓ 7 unread message(s)
[2026-06-07T08:02:57.327Z] ✓ 7 unread message(s)
[2026-06-07T08:02:59.327Z] ✓ 7 unread message(s)
[2026-06-07T08:03:01.330Z] ✓ 7 unread message(s)
[2026-06-07T08:03:03.330Z] ✓ 7 unread message(s)
[2026-06-07T08:03:05.332Z] ✓ 7 unread message(s)
[2026-06-07T08:03:07.333Z] ✓ 7 unread message(s)
[2026-06-07T08:03:09.334Z] ✓ 7 unread message(s)
[2026-06-07T08:03:11.336Z] ✓ 7 unread message(s)
[2026-06-07T08:03:13.337Z] ✓ 7 unread message(s)
[2026-06-07T08:03:15.339Z] ✓ 7 unread message(s)
[2026-06-07T08:03:17.340Z] ✓ 7 unread message(s)
[2026-06-07T08:03:19.340Z] ✓ 7 unread message(s)
[2026-06-07T08:03:21.342Z] ✓ 7 unread message(s)
[2026-06-07T08:03:23.344Z] ✓ 7 unread message(s)
[2026-06-07T08:03:25.345Z] ✓ 7 unread message(s)
[2026-06-07T08:03:27.345Z] ✓ 7 unread message(s)
[2026-06-07T08:03:29.347Z] ✓ 7 unread message(s)
[2026-06-07T08:03:31.348Z] ✓ 7 unread message(s)
[2026-06-07T08:03:33.349Z] ✓ 7 unread message(s)
[2026-06-07T08:03:35.351Z] ✓ 7 unread message(s)
[2026-06-07T08:03:37.352Z] ✓ 7 unread message(s)
[2026-06-07T08:03:39.352Z] ✓ 7 unread message(s)
[2026-06-07T08:03:41.354Z] ✓ 7 unread message(s)
[2026-06-07T08:03:43.355Z] ✓ 7 unread message(s)
[2026-06-07T08:03:45.356Z] ✓ 7 unread message(s)
[2026-06-07T08:03:47.358Z] ✓ 7 unread message(s)
[2026-06-07T08:03:49.360Z] ✓ 7 unread message(s)
[2026-06-07T08:03:51.362Z] ✓ 7 unread message(s)
[2026-06-07T08:03:53.362Z] ✓ 7 unread message(s)
[2026-06-07T08:03:55.365Z] ✓ 7 unread message(s)
[2026-06-07T08:03:57.366Z] ✓ 7 unread message(s)
[2026-06-07T08:03:59.367Z] ✓ 7 unread message(s)
[2026-06-07T08:04:01.369Z] ✓ 7 unread message(s)
[2026-06-07T08:04:03.370Z] ✓ 7 unread message(s)
[2026-06-07T08:04:05.371Z] ✓ 7 unread message(s)
[2026-06-07T08:04:07.372Z] ✓ 7 unread message(s)
[2026-06-07T08:04:09.374Z] ✓ 7 unread message(s)
[2026-06-07T08:04:11.376Z] ✓ 7 unread message(s)
[2026-06-07T08:04:13.378Z] ✓ 7 unread message(s)
[2026-06-07T08:04:15.379Z] ✓ 7 unread message(s)
[2026-06-07T08:04:17.381Z] ✓ 7 unread message(s)
[2026-06-07T08:04:19.382Z] ✓ 7 unread message(s)
[2026-06-07T08:04:21.384Z] ✓ 7 unread message(s)
[2026-06-07T08:04:23.386Z] ✓ 7 unread message(s)
[2026-06-07T08:04:25.387Z] ✓ 7 unread message(s)
[2026-06-07T08:04:27.387Z] ✓ 7 unread message(s)
[2026-06-07T08:04:29.389Z] ✓ 7 unread message(s)
[2026-06-07T08:04:31.391Z] ✓ 7 unread message(s)
[2026-06-07T08:04:33.392Z] ✓ 7 unread message(s)
[2026-06-07T08:04:35.394Z] ✓ 7 unread message(s)
[2026-06-07T08:04:37.395Z] ✓ 7 unread message(s)
[2026-06-07T08:04:39.397Z] ✓ 7 unread message(s)
[2026-06-07T08:04:41.397Z] ✓ 7 unread message(s)
[2026-06-07T08:04:43.400Z] ✓ 7 unread message(s)
[2026-06-07T08:04:45.401Z] ✓ 7 unread message(s)
[2026-06-07T08:04:47.403Z] ✓ 7 unread message(s)
[2026-06-07T08:04:49.403Z] ✓ 7 unread message(s)
[2026-06-07T08:04:51.406Z] ✓ 7 unread message(s)
[2026-06-07T08:04:53.407Z] ✓ 7 unread message(s)
[2026-06-07T08:04:55.409Z] ✓ 7 unread message(s)
[2026-06-07T08:04:57.410Z] ✓ 7 unread message(s)
[2026-06-07T08:04:59.412Z] ✓ 7 unread message(s)
[2026-06-07T08:05:01.413Z] ✓ 7 unread message(s)
[2026-06-07T08:05:03.414Z] ✓ 7 unread message(s)
[2026-06-07T08:05:05.416Z] ✓ 7 unread message(s)
[2026-06-07T08:05:07.418Z] ✓ 7 unread message(s)
[2026-06-07T08:05:09.419Z] ✓ 7 unread message(s)
[2026-06-07T08:05:11.420Z] ✓ 7 unread message(s)
[2026-06-07T08:05:13.422Z] ✓ 7 unread message(s)
[2026-06-07T08:05:15.423Z] ✓ 7 unread message(s)
[2026-06-07T08:05:17.424Z] ✓ 7 unread message(s)
[2026-06-07T08:05:19.426Z] ✓ 7 unread message(s)
[2026-06-07T08:05:21.427Z] ✓ 7 unread message(s)
[2026-06-07T08:05:23.429Z] ✓ 7 unread message(s)
[2026-06-07T08:05:25.430Z] ✓ 7 unread message(s)
[2026-06-07T08:05:27.432Z] ✓ 7 unread message(s)
[2026-06-07T08:05:29.433Z] ✓ 7 unread message(s)
[2026-06-07T08:05:31.435Z] ✓ 7 unread message(s)
[2026-06-07T08:05:33.436Z] ✓ 7 unread message(s)
[2026-06-07T08:05:35.437Z] ✓ 7 unread message(s)
[2026-06-07T08:05:37.438Z] ✓ 7 unread message(s)
[2026-06-07T08:05:39.440Z] ✓ 7 unread message(s)
[2026-06-07T08:05:41.442Z] ✓ 7 unread message(s)
[2026-06-07T08:05:43.443Z] ✓ 7 unread message(s)
[2026-06-07T08:05:45.445Z] ✓ 7 unread message(s)
[2026-06-07T08:05:47.446Z] ✓ 7 unread message(s)
[2026-06-07T08:05:49.448Z] ✓ 7 unread message(s)
[2026-06-07T08:05:51.449Z] ✓ 7 unread message(s)
[2026-06-07T08:05:53.451Z] ✓ 7 unread message(s)
[2026-06-07T08:05:55.452Z] ✓ 7 unread message(s)
[2026-06-07T08:05:57.453Z] ✓ 7 unread message(s)
[2026-06-07T08:05:59.455Z] ✓ 7 unread message(s)
[2026-06-07T08:06:01.456Z] ✓ 7 unread message(s)
[2026-06-07T08:06:03.458Z] ✓ 7 unread message(s)
[2026-06-07T08:06:05.460Z] ✓ 7 unread message(s)
[2026-06-07T08:06:07.461Z] ✓ 8 unread message(s)
[2026-06-07T08:06:07.462Z] ✓ Mirrored message to Gemini TTY (/dev/pts/0)
[2026-06-07T08:06:09.463Z] ✓ 8 unread message(s)
[2026-06-07T08:06:11.465Z] ✓ 8 unread message(s)
[2026-06-07T08:06:11.870Z] ⚡ WOKEN by wake file: Polling bridge immediately
[2026-06-07T08:06:11.871Z] ✓ 8 unread message(s)
[2026-06-07T08:06:13.466Z] ✓ 8 unread message(s)
[2026-06-07T08:06:15.470Z] ✓ 8 unread message(s)
[2026-06-07T08:06:17.471Z] ✓ 8 unread message(s)
[2026-06-07T08:06:19.473Z] ✓ 8 unread message(s)
[2026-06-07T08:06:21.475Z] ✓ 8 unread message(s)
[2026-06-07T08:06:23.476Z] ✓ 8 unread message(s)
[2026-06-07T08:06:25.478Z] ✓ 8 unread message(s)
[2026-06-07T08:06:27.479Z] ✓ 8 unread message(s)
[2026-06-07T08:06:29.481Z] ✓ 9 unread message(s)
[2026-06-07T08:06:29.481Z] ✓ Mirrored message to Gemini TTY (/dev/pts/0)
[2026-06-07T08:06:31.482Z] ✓ 9 unread message(s)
[2026-06-07T08:06:33.484Z] ✓ 9 unread message(s)
[2026-06-07T08:06:35.486Z] ✓ 9 unread message(s)
[2026-06-07T08:06:37.487Z] ✓ 9 unread message(s)
[2026-06-07T08:06:39.489Z] ✓ 9 unread message(s)
[2026-06-07T08:06:41.490Z] ✓ 9 unread message(s)
[2026-06-07T08:06:43.492Z] ✓ 9 unread message(s)
[2026-06-07T08:06:45.493Z] ✓ 9 unread message(s)
[2026-06-07T08:06:47.494Z] ✓ 9 unread message(s)
[2026-06-07T08:06:49.495Z] ✓ 9 unread message(s)
[2026-06-07T08:06:51.497Z] ✓ 9 unread message(s)
[2026-06-07T08:06:53.497Z] ✓ 9 unread message(s)
[2026-06-07T08:06:55.500Z] ✓ 9 unread message(s)
[2026-06-07T08:06:57.501Z] ✓ 9 unread message(s)
[2026-06-07T08:06:59.502Z] ✓ 9 unread message(s)
[2026-06-07T08:07:01.504Z] ✓ 9 unread message(s)
[2026-06-07T08:07:03.505Z] ✓ 9 unread message(s)
[2026-06-07T08:07:05.507Z] ✓ 9 unread message(s)
[2026-06-07T08:07:07.508Z] ✓ 9 unread message(s)
[2026-06-07T08:07:09.510Z] ✓ 9 unread message(s)
[2026-06-07T08:07:11.512Z] ✓ 9 unread message(s)
[2026-06-07T08:07:13.513Z] ✓ 9 unread message(s)
[2026-06-07T08:07:15.515Z] ✓ 9 unread message(s)
[2026-06-07T08:07:17.517Z] ✓ 9 unread message(s)
[2026-06-07T08:07:19.518Z] ✓ 9 unread message(s)
[2026-06-07T08:07:21.520Z] ✓ 9 unread message(s)
[2026-06-07T08:07:23.521Z] ✓ 9 unread message(s)
[2026-06-07T08:07:25.522Z] ✓ 9 unread message(s)
[2026-06-07T08:07:27.524Z] ✓ 9 unread message(s)
[2026-06-07T08:07:29.525Z] ✓ 9 unread message(s)
[2026-06-07T08:07:31.527Z] ✓ 9 unread message(s)
[2026-06-07T08:07:33.527Z] ✓ 9 unread message(s)
[2026-06-07T08:07:35.529Z] ✓ 9 unread message(s)
[2026-06-07T08:07:37.530Z] ✓ 9 unread message(s)
[2026-06-07T08:07:39.531Z] ✓ 9 unread message(s)
[2026-06-07T08:07:41.533Z] ✓ 9 unread message(s)
[2026-06-07T08:07:43.534Z] ✓ 9 unread message(s)
[2026-06-07T08:07:45.536Z] ✓ 9 unread message(s)
[2026-06-07T08:07:47.537Z] ✓ 9 unread message(s)
[2026-06-07T08:07:49.538Z] ✓ 9 unread message(s)
[2026-06-07T08:07:51.539Z] ✓ 9 unread message(s)
[2026-06-07T08:07:53.541Z] ✓ 9 unread message(s)
[2026-06-07T08:07:55.542Z] ✓ 9 unread message(s)
[2026-06-07T08:07:57.543Z] ✓ 9 unread message(s)
[2026-06-07T08:07:59.543Z] ✓ 9 unread message(s)
[2026-06-07T08:08:01.545Z] ✓ 9 unread message(s)
[2026-06-07T08:08:03.545Z] ✓ 9 unread message(s)
[2026-06-07T08:08:05.546Z] ✓ 9 unread message(s)
[2026-06-07T08:08:07.548Z] ✓ 9 unread message(s)
[2026-06-07T08:08:09.548Z] ✓ 9 unread message(s)
[2026-06-07T08:08:11.550Z] ✓ 9 unread message(s)
[2026-06-07T08:08:13.551Z] ✓ 9 unread message(s)
[2026-06-07T08:08:15.553Z] ✓ 9 unread message(s)
[2026-06-07T08:08:17.554Z] ✓ 9 unread message(s)
[2026-06-07T08:08:19.556Z] ✓ 9 unread message(s)
[2026-06-07T08:08:21.557Z] ✓ 9 unread message(s)
[2026-06-07T08:08:23.559Z] ✓ 9 unread message(s)
[2026-06-07T08:08:25.560Z] ✓ 9 unread message(s)
[2026-06-07T08:08:27.561Z] ✓ 9 unread message(s)
[2026-06-07T08:08:29.563Z] ✓ 9 unread message(s)
[2026-06-07T08:08:31.564Z] ✓ 9 unread message(s)
[2026-06-07T08:08:33.566Z] ✓ 9 unread message(s)
[2026-06-07T08:08:35.567Z] ✓ 9 unread message(s)
[2026-06-07T08:08:37.569Z] ✓ 9 unread message(s)
[2026-06-07T08:08:39.570Z] ✓ 9 unread message(s)
[2026-06-07T08:08:41.572Z] ✓ 9 unread message(s)
[2026-06-07T08:08:43.572Z] ✓ 9 unread message(s)
[2026-06-07T08:08:45.575Z] ✓ 9 unread message(s)
[2026-06-07T08:08:47.576Z] ✓ 9 unread message(s)
[2026-06-07T08:08:49.578Z] ✓ 9 unread message(s)
[2026-06-07T08:08:51.579Z] ✓ 9 unread message(s)
[2026-06-07T08:08:53.581Z] ✓ 9 unread message(s)
[2026-06-07T08:08:55.582Z] ✓ 9 unread message(s)
[2026-06-07T08:08:57.584Z] ✓ 9 unread message(s)
[2026-06-07T08:08:59.586Z] ✓ 9 unread message(s)
[2026-06-07T08:09:01.587Z] ✓ 9 unread message(s)
[2026-06-07T08:09:03.589Z] ✓ 9 unread message(s)
[2026-06-07T08:09:05.590Z] ✓ 9 unread message(s)
[2026-06-07T08:09:07.591Z] ✓ 9 unread message(s)
[2026-06-07T08:09:09.593Z] ✓ 9 unread message(s)
[2026-06-07T08:09:11.594Z] ✓ 9 unread message(s)
[2026-06-07T08:09:13.596Z] ✓ 9 unread message(s)
[2026-06-07T08:09:15.597Z] ✓ 9 unread message(s)
[2026-06-07T08:09:17.599Z] ✓ 9 unread message(s)
[2026-06-07T08:09:19.600Z] ✓ 9 unread message(s)
[2026-06-07T08:09:21.601Z] ✓ 9 unread message(s)
[2026-06-07T08:09:23.603Z] ✓ 9 unread message(s)
[2026-06-07T08:09:25.603Z] ✓ 9 unread message(s)
[2026-06-07T08:09:27.604Z] ✓ 9 unread message(s)
[2026-06-07T08:09:29.606Z] ✓ 9 unread message(s)
[2026-06-07T08:09:31.607Z] ✓ 9 unread message(s)
[2026-06-07T08:09:33.609Z] ✓ 9 unread message(s)
[2026-06-07T08:09:35.610Z] ✓ 9 unread message(s)
[2026-06-07T08:09:37.612Z] ✓ 9 unread message(s)
[2026-06-07T08:09:39.613Z] ✓ 9 unread message(s)
[2026-06-07T08:09:41.614Z] ✓ 9 unread message(s)
[2026-06-07T08:09:43.616Z] ✓ 9 unread message(s)
[2026-06-07T08:09:45.617Z] ✓ 9 unread message(s)
[2026-06-07T08:09:47.618Z] ✓ 9 unread message(s)
[2026-06-07T08:09:49.620Z] ✓ 9 unread message(s)
[2026-06-07T08:09:51.621Z] ✓ 9 unread message(s)
[2026-06-07T08:09:53.623Z] ✓ 9 unread message(s)
[2026-06-07T08:09:55.624Z] ✓ 9 unread message(s)
[2026-06-07T08:09:57.626Z] ✓ 9 unread message(s)
[2026-06-07T08:09:59.627Z] ✓ 9 unread message(s)
[2026-06-07T08:10:01.630Z] ✓ 9 unread message(s)
[2026-06-07T08:10:03.631Z] ✓ 9 unread message(s)
[2026-06-07T08:10:05.633Z] ✓ 9 unread message(s)
[2026-06-07T08:10:07.634Z] ✓ 9 unread message(s)
[2026-06-07T08:10:09.636Z] ✓ 9 unread message(s)
[2026-06-07T08:10:11.637Z] ✓ 9 unread message(s)
[2026-06-07T08:10:13.638Z] ✓ 9 unread message(s)
[2026-06-07T08:10:15.640Z] ✓ 9 unread message(s)
[2026-06-07T08:10:17.641Z] ✓ 9 unread message(s)
[2026-06-07T08:10:19.643Z] ✓ 9 unread message(s)
[2026-06-07T08:10:21.644Z] ✓ 9 unread message(s)
[2026-06-07T08:10:23.645Z] ✓ 9 unread message(s)
[2026-06-07T08:10:25.647Z] ✓ 9 unread message(s)
[2026-06-07T08:10:27.649Z] ✓ 9 unread message(s)
[2026-06-07T08:10:29.651Z] ✓ 9 unread message(s)
[2026-06-07T08:10:31.652Z] ✓ 9 unread message(s)
[2026-06-07T08:10:33.652Z] ✓ 9 unread message(s)
[2026-06-07T08:10:35.654Z] ✓ 9 unread message(s)
[2026-06-07T08:10:37.655Z] ✓ 9 unread message(s)
[2026-06-07T08:10:39.657Z] ✓ 9 unread message(s)
[2026-06-07T08:10:41.657Z] ✓ 9 unread message(s)
[2026-06-07T08:10:43.660Z] ✓ 9 unread message(s)
[2026-06-07T08:10:45.661Z] ✓ 9 unread message(s)
[2026-06-07T08:10:47.663Z] ✓ 9 unread message(s)
[2026-06-07T08:10:49.664Z] ✓ 9 unread message(s)
[2026-06-07T08:10:51.666Z] ✓ 9 unread message(s)
[2026-06-07T08:10:53.668Z] ✓ 9 unread message(s)
[2026-06-07T08:10:55.669Z] ✓ 9 unread message(s)
[2026-06-07T08:10:57.671Z] ✓ 9 unread message(s)
[2026-06-07T08:10:59.671Z] ✓ 9 unread message(s)
[2026-06-07T08:11:01.672Z] ✓ 9 unread message(s)
[2026-06-07T08:11:03.674Z] ✓ 9 unread message(s)
[2026-06-07T08:11:05.675Z] ✓ 9 unread message(s)
[2026-06-07T08:11:07.676Z] ✓ 9 unread message(s)
[2026-06-07T08:11:09.678Z] ✓ 9 unread message(s)
[2026-06-07T08:11:11.679Z] ✓ 9 unread message(s)
[2026-06-07T08:11:13.680Z] ✓ 9 unread message(s)
[2026-06-07T08:11:15.681Z] ✓ 9 unread message(s)
[2026-06-07T08:11:17.683Z] ✓ 9 unread message(s)
[2026-06-07T08:11:19.684Z] ✓ 9 unread message(s)
[2026-06-07T08:11:21.686Z] ✓ 9 unread message(s)
[2026-06-07T08:11:23.687Z] ✓ 9 unread message(s)
[2026-06-07T08:11:25.689Z] ✓ 9 unread message(s)
[2026-06-07T08:11:27.690Z] ✓ 9 unread message(s)
[2026-06-07T08:11:29.692Z] ✓ 9 unread message(s)
[2026-06-07T08:11:31.694Z] ✓ 9 unread message(s)
[2026-06-07T08:11:33.694Z] ✓ 9 unread message(s)
[2026-06-07T08:11:35.695Z] ✓ 9 unread message(s)
[2026-06-07T08:11:37.697Z] ✓ 9 unread message(s)
[2026-06-07T08:11:39.698Z] ✓ 9 unread message(s)
[2026-06-07T08:11:41.698Z] ✓ 9 unread message(s)
[2026-06-07T08:11:43.700Z] ✓ 9 unread message(s)
[2026-06-07T08:11:45.702Z] ✓ 9 unread message(s)
[2026-06-07T08:11:47.703Z] ✓ 9 unread message(s)
[2026-06-07T08:11:49.705Z] ✓ 9 unread message(s)
[2026-06-07T08:11:51.706Z] ✓ 9 unread message(s)
[2026-06-07T08:11:53.707Z] ✓ 9 unread message(s)
[2026-06-07T08:11:55.709Z] ✓ 9 unread message(s)
[2026-06-07T08:11:57.708Z] ✓ 9 unread message(s)
[2026-06-07T08:11:59.710Z] ✓ 9 unread message(s)
[2026-06-07T08:12:01.712Z] ✓ 9 unread message(s)
[2026-06-07T08:12:03.713Z] ✓ 9 unread message(s)
[2026-06-07T08:12:05.714Z] ✓ 9 unread message(s)
[2026-06-07T08:12:07.714Z] ✓ 9 unread message(s)
[2026-06-07T08:12:09.717Z] ✓ 9 unread message(s)
[2026-06-07T08:12:11.718Z] ✓ 9 unread message(s)
[2026-06-07T08:12:13.719Z] ✓ 9 unread message(s)
[2026-06-07T08:12:15.721Z] ✓ 9 unread message(s)
[2026-06-07T08:12:17.722Z] ✓ 9 unread message(s)
[2026-06-07T08:12:19.723Z] ✓ 9 unread message(s)
[2026-06-07T08:12:21.724Z] ✓ 9 unread message(s)
[2026-06-07T08:12:23.725Z] ✓ 9 unread message(s)
[2026-06-07T08:12:25.728Z] ✓ 9 unread message(s)
[2026-06-07T08:12:27.729Z] ✓ 9 unread message(s)
[2026-06-07T08:12:29.731Z] ✓ 9 unread message(s)
[2026-06-07T08:12:31.732Z] ✓ 9 unread message(s)
[2026-06-07T08:12:33.734Z] ✓ 9 unread message(s)
[2026-06-07T08:12:35.735Z] ✓ 9 unread message(s)
[2026-06-07T08:12:37.735Z] ✓ 9 unread message(s)
[2026-06-07T08:12:39.737Z] ✓ 9 unread message(s)
[2026-06-07T08:12:41.738Z] ✓ 9 unread message(s)
[2026-06-07T08:12:43.739Z] ✓ 9 unread message(s)
[2026-06-07T08:12:45.740Z] ✓ 9 unread message(s)
[2026-06-07T08:12:47.742Z] ✓ 9 unread message(s)
[2026-06-07T08:12:49.743Z] ✓ 9 unread message(s)
[2026-06-07T08:12:51.745Z] ✓ 9 unread message(s)
[2026-06-07T08:12:53.747Z] ✓ 9 unread message(s)
[2026-06-07T08:12:55.748Z] ✓ 9 unread message(s)
[2026-06-07T08:12:57.749Z] ✓ 9 unread message(s)
[2026-06-07T08:12:59.750Z] ✓ 9 unread message(s)
[2026-06-07T08:13:01.751Z] ✓ 9 unread message(s)
[2026-06-07T08:13:03.753Z] ✓ 9 unread message(s)
[2026-06-07T08:13:05.753Z] ✓ 9 unread message(s)
[2026-06-07T08:13:07.754Z] ✓ 9 unread message(s)
[2026-06-07T08:13:09.756Z] ✓ 9 unread message(s)
[2026-06-07T08:13:11.757Z] ✓ 9 unread message(s)
[2026-06-07T08:13:13.759Z] ✓ 9 unread message(s)
[2026-06-07T08:13:15.760Z] ✓ 9 unread message(s)
[2026-06-07T08:13:17.760Z] ✓ 9 unread message(s)
[2026-06-07T08:13:19.763Z] ✓ 9 unread message(s)
[2026-06-07T08:13:21.765Z] ✓ 9 unread message(s)
[2026-06-07T08:13:23.766Z] ✓ 9 unread message(s)
[2026-06-07T08:13:25.767Z] ✓ 9 unread message(s)
[2026-06-07T08:13:27.768Z] ✓ 9 unread message(s)
[2026-06-07T08:13:29.768Z] ✓ 9 unread message(s)
[2026-06-07T08:13:31.771Z] ✓ 9 unread message(s)
[2026-06-07T08:13:33.772Z] ✓ 9 unread message(s)
[2026-06-07T08:13:35.774Z] ✓ 9 unread message(s)
[2026-06-07T08:13:37.775Z] ✓ 9 unread message(s)
[2026-06-07T08:13:39.776Z] ✓ 9 unread message(s)
[2026-06-07T08:13:41.777Z] ✓ 9 unread message(s)
[2026-06-07T08:13:43.777Z] ✓ 9 unread message(s)
[2026-06-07T08:13:45.781Z] ✓ 9 unread message(s)
[2026-06-07T08:13:47.782Z] ✓ 9 unread message(s)
[2026-06-07T08:13:49.784Z] ✓ 9 unread message(s)
[2026-06-07T08:13:51.785Z] ✓ 9 unread message(s)
[2026-06-07T08:13:53.785Z] ✓ 9 unread message(s)
[2026-06-07T08:13:55.787Z] ✓ 9 unread message(s)
[2026-06-07T08:13:57.788Z] ✓ 9 unread message(s)
[2026-06-07T08:13:59.790Z] ✓ 9 unread message(s)
[2026-06-07T08:14:01.791Z] ✓ 9 unread message(s)
[2026-06-07T08:14:03.793Z] ✓ 9 unread message(s)
[2026-06-07T08:14:05.794Z] ✓ 9 unread message(s)
[2026-06-07T08:14:07.795Z] ✓ 9 unread message(s)
[2026-06-07T08:14:09.797Z] ✓ 10 unread message(s)
[2026-06-07T08:14:09.887Z] ✓ Mirrored message to Gemini TTY (/dev/pts/0)
[2026-06-07T08:14:11.888Z] ✓ 10 unread message(s)
[2026-06-07T08:14:11.927Z] ⚡ WOKEN by wake file: Polling bridge immediately
[2026-06-07T08:14:11.928Z] ✓ 10 unread message(s)
[2026-06-07T08:14:13.889Z] ✓ 10 unread message(s)
[2026-06-07T08:14:15.890Z] ✓ 10 unread message(s)
[2026-06-07T08:14:17.893Z] ✓ 10 unread message(s)
[2026-06-07T08:14:19.894Z] ✓ 10 unread message(s)
[2026-06-07T08:14:21.896Z] ✓ 10 unread message(s)
[2026-06-07T08:14:23.897Z] ✓ 10 unread message(s)
[2026-06-07T08:14:25.900Z] ✓ 10 unread message(s)
[2026-06-07T08:14:27.901Z] ✓ 10 unread message(s)
[2026-06-07T08:14:29.903Z] ✓ 10 unread message(s)
[2026-06-07T08:14:31.904Z] ✓ 10 unread message(s)
[2026-06-07T08:14:33.907Z] ✓ 10 unread message(s)
[2026-06-07T08:14:35.908Z] ✓ 10 unread message(s)
[2026-06-07T08:14:37.909Z] ✓ 10 unread message(s)
[2026-06-07T08:14:39.911Z] ✓ 10 unread message(s)
[2026-06-07T08:14:41.912Z] ✓ 10 unread message(s)
[2026-06-07T08:14:43.914Z] ✓ 10 unread message(s)
[2026-06-07T08:14:45.916Z] ✓ 10 unread message(s)
[2026-06-07T08:14:47.917Z] ✓ 10 unread message(s)
[2026-06-07T08:14:49.919Z] ✓ 10 unread message(s)
[2026-06-07T08:14:51.920Z] ✓ 10 unread message(s)
[2026-06-07T08:14:53.921Z] ✓ 10 unread message(s)
[2026-06-07T08:14:55.922Z] ✓ 10 unread message(s)
[2026-06-07T08:14:57.922Z] ✓ 10 unread message(s)
[2026-06-07T08:14:59.923Z] ✓ 10 unread message(s)
[2026-06-07T08:15:01.926Z] ✓ 10 unread message(s)
[2026-06-07T08:15:03.928Z] ✓ 10 unread message(s)
[2026-06-07T08:15:05.928Z] ✓ 10 unread message(s)
[2026-06-07T08:15:07.928Z] ✓ 10 unread message(s)
[2026-06-07T08:15:09.931Z] ✓ 10 unread message(s)
[2026-06-07T08:15:11.932Z] ✓ 10 unread message(s)
[2026-06-07T08:15:13.934Z] ✓ 10 unread message(s)
[2026-06-07T08:15:15.935Z] ✓ 10 unread message(s)
[2026-06-07T08:15:17.936Z] ✓ 10 unread message(s)
[2026-06-07T08:15:19.938Z] ✓ 10 unread message(s)
[2026-06-07T08:15:21.939Z] ✓ 10 unread message(s)
[2026-06-07T08:15:23.942Z] ✓ 10 unread message(s)
[2026-06-07T08:15:25.944Z] ✓ 10 unread message(s)
[2026-06-07T08:15:27.944Z] ✓ 10 unread message(s)
[2026-06-07T08:15:29.946Z] ✓ 10 unread message(s)
[2026-06-07T08:15:31.947Z] ✓ 10 unread message(s)
[2026-06-07T08:15:33.949Z] ✓ 10 unread message(s)
[2026-06-07T08:15:35.951Z] ✓ 10 unread message(s)
[2026-06-07T08:15:37.952Z] ✓ 10 unread message(s)
[2026-06-07T08:15:39.954Z] ✓ 10 unread message(s)
[2026-06-07T08:15:41.955Z] ✓ 10 unread message(s)
[2026-06-07T08:15:43.957Z] ✓ 10 unread message(s)
[2026-06-07T08:15:45.959Z] ✓ 10 unread message(s)
[2026-06-07T08:15:47.960Z] ✓ 10 unread message(s)
[2026-06-07T08:15:49.962Z] ✓ 10 unread message(s)
[2026-06-07T08:15:51.964Z] ✓ 10 unread message(s)
[2026-06-07T08:15:53.966Z] ✓ 10 unread message(s)
[2026-06-07T08:15:55.967Z] ✓ 10 unread message(s)
[2026-06-07T08:15:57.969Z] ✓ 10 unread message(s)
[2026-06-07T08:15:59.970Z] ✓ 10 unread message(s)
[2026-06-07T08:16:01.971Z] ✓ 10 unread message(s)
[2026-06-07T08:16:03.974Z] ✓ 10 unread message(s)
[2026-06-07T08:16:05.975Z] ✓ 10 unread message(s)
[2026-06-07T08:16:07.976Z] ✓ 10 unread message(s)
[2026-06-07T08:16:09.978Z] ✓ 10 unread message(s)
[2026-06-07T08:16:11.979Z] ✓ 10 unread message(s)
[2026-06-07T08:16:13.981Z] ✓ 10 unread message(s)
[2026-06-07T08:16:15.983Z] ✓ 10 unread message(s)
[2026-06-07T08:16:17.984Z] ✓ 10 unread message(s)
[2026-06-07T08:16:19.986Z] ✓ 10 unread message(s)
[2026-06-07T08:16:21.987Z] ✓ 10 unread message(s)
[2026-06-07T08:16:23.989Z] ✓ 10 unread message(s)
[2026-06-07T08:16:25.991Z] ✓ 10 unread message(s)
[2026-06-07T08:16:27.992Z] ✓ 10 unread message(s)
[2026-06-07T08:16:29.993Z] ✓ 10 unread message(s)
[2026-06-07T08:16:31.994Z] ✓ 10 unread message(s)
[2026-06-07T08:16:33.996Z] ✓ 10 unread message(s)
[2026-06-07T08:16:35.998Z] ✓ 10 unread message(s)
[2026-06-07T08:16:37.999Z] ✓ 10 unread message(s)
[2026-06-07T08:16:40.001Z] ✓ 10 unread message(s)
[2026-06-07T08:16:42.002Z] ✓ 10 unread message(s)
[2026-06-07T08:16:44.004Z] ✓ 10 unread message(s)
[2026-06-07T08:16:46.005Z] ✓ 10 unread message(s)
[2026-06-07T08:16:48.007Z] ✓ 10 unread message(s)
[2026-06-07T08:16:50.008Z] ✓ 10 unread message(s)
[2026-06-07T08:16:52.009Z] ✓ 10 unread message(s)
[2026-06-07T08:16:54.010Z] ✓ 10 unread message(s)
[2026-06-07T08:16:56.012Z] ✓ 10 unread message(s)
[2026-06-07T08:16:58.013Z] ✓ 10 unread message(s)
[2026-06-07T08:17:00.014Z] ✓ 10 unread message(s)
[2026-06-07T08:17:02.015Z] ✓ 10 unread message(s)
[2026-06-07T08:17:04.017Z] ✓ 10 unread message(s)
[2026-06-07T08:17:06.018Z] ✓ 10 unread message(s)
[2026-06-07T08:17:08.019Z] ✓ 10 unread message(s)
[2026-06-07T08:17:10.022Z] ✓ 10 unread message(s)
[2026-06-07T08:17:12.023Z] ✓ 10 unread message(s)
[2026-06-07T08:17:14.025Z] ✓ 10 unread message(s)
[2026-06-07T08:17:16.026Z] ✓ 10 unread message(s)
[2026-06-07T08:17:18.026Z] ✓ 10 unread message(s)
[2026-06-07T08:17:20.029Z] ✓ 10 unread message(s)
[2026-06-07T08:17:22.030Z] ✓ 10 unread message(s)
[2026-06-07T08:17:24.030Z] ✓ 10 unread message(s)
[2026-06-07T08:17:26.032Z] ✓ 10 unread message(s)
[2026-06-07T08:17:28.033Z] ✓ 10 unread message(s)
[2026-06-07T08:17:30.033Z] ✓ 10 unread message(s)
[2026-06-07T08:17:32.035Z] ✓ 10 unread message(s)
[2026-06-07T08:17:34.037Z] ✓ 10 unread message(s)
[2026-06-07T08:17:36.038Z] ✓ 10 unread message(s)
[2026-06-07T08:17:38.040Z] ✓ 10 unread message(s)
[2026-06-07T08:17:40.043Z] ✓ 10 unread message(s)
[2026-06-07T08:17:42.044Z] ✓ 10 unread message(s)
[2026-06-07T08:17:44.045Z] ✓ 10 unread message(s)
[2026-06-07T08:17:46.046Z] ✓ 10 unread message(s)
[2026-06-07T08:17:48.048Z] ✓ 10 unread message(s)
[2026-06-07T08:17:50.049Z] ✓ 10 unread message(s)
[2026-06-07T08:17:52.051Z] ✓ 10 unread message(s)
[2026-06-07T08:17:54.052Z] ✓ 10 unread message(s)
[2026-06-07T08:17:56.054Z] ✓ 10 unread message(s)
[2026-06-07T08:17:58.056Z] ✓ 10 unread message(s)
[2026-06-07T08:18:00.058Z] ✓ 10 unread message(s)
[2026-06-07T08:18:02.061Z] ✓ 10 unread message(s)
[2026-06-07T08:18:04.062Z] ✓ 10 unread message(s)
[2026-06-07T08:18:06.064Z] ✓ 10 unread message(s)
[2026-06-07T08:18:08.066Z] ✓ 10 unread message(s)
[2026-06-07T08:18:10.068Z] ✓ 10 unread message(s)
[2026-06-07T08:18:12.069Z] ✓ 10 unread message(s)
[2026-06-07T08:18:14.071Z] ✓ 10 unread message(s)
[2026-06-07T08:18:16.073Z] ✓ 10 unread message(s)
[2026-06-07T08:18:18.075Z] ✓ 10 unread message(s)
[2026-06-07T08:18:20.077Z] ✓ 10 unread message(s)
[2026-06-07T08:18:22.079Z] ✓ 10 unread message(s)
[2026-06-07T08:18:24.080Z] ✓ 10 unread message(s)
[2026-06-07T08:18:26.083Z] ✓ 10 unread message(s)
[2026-06-07T08:18:28.085Z] ✓ 10 unread message(s)
[2026-06-07T08:18:30.086Z] ✓ 10 unread message(s)
[2026-06-07T08:18:32.086Z] ✓ 10 unread message(s)
[2026-06-07T08:18:34.087Z] ✓ 10 unread message(s)
[2026-06-07T08:18:36.089Z] ✓ 10 unread message(s)
[2026-06-07T08:18:38.091Z] ✓ 10 unread message(s)
[2026-06-07T08:18:40.093Z] ✓ 10 unread message(s)
[2026-06-07T08:18:42.093Z] ✓ 10 unread message(s)
[2026-06-07T08:18:44.095Z] ✓ 10 unread message(s)
[2026-06-07T08:18:46.097Z] ✓ 10 unread message(s)
[2026-06-07T08:18:48.100Z] ✓ 10 unread message(s)
[2026-06-07T08:18:50.101Z] ✓ 10 unread message(s)
[2026-06-07T08:18:52.103Z] ✓ 10 unread message(s)
[2026-06-07T08:18:54.104Z] ✓ 10 unread message(s)
[2026-06-07T08:18:56.106Z] ✓ 10 unread message(s)
[2026-06-07T08:18:58.107Z] ✓ 10 unread message(s)
[2026-06-07T08:19:00.108Z] ✓ 10 unread message(s)
[2026-06-07T08:19:02.111Z] ✓ 10 unread message(s)
[2026-06-07T08:19:04.111Z] ✓ 10 unread message(s)
[2026-06-07T08:19:06.113Z] ✓ 10 unread message(s)
[2026-06-07T08:19:08.114Z] ✓ 10 unread message(s)
[2026-06-07T08:19:10.115Z] ✓ 10 unread message(s)
[2026-06-07T08:19:12.118Z] ✓ 10 unread message(s)
[2026-06-07T08:19:14.120Z] ✓ 10 unread message(s)
[2026-06-07T08:19:16.121Z] ✓ 10 unread message(s)
[2026-06-07T08:19:18.122Z] ✓ 10 unread message(s)
[2026-06-07T08:19:20.125Z] ✓ 10 unread message(s)
[2026-06-07T08:19:22.126Z] ✓ 10 unread message(s)
[2026-06-07T08:19:24.127Z] ✓ 10 unread message(s)
[2026-06-07T08:19:26.130Z] ✓ 10 unread message(s)
[2026-06-07T08:19:28.132Z] ✓ 10 unread message(s)
[2026-06-07T08:19:30.134Z] ✓ 10 unread message(s)
[2026-06-07T08:19:32.135Z] ✓ 10 unread message(s)
[2026-06-07T08:19:34.136Z] ✓ 10 unread message(s)
[2026-06-07T08:19:36.139Z] ✓ 10 unread message(s)
[2026-06-07T08:19:38.140Z] ✓ 10 unread message(s)
[2026-06-07T08:19:40.143Z] ✓ 10 unread message(s)
[2026-06-07T08:19:42.143Z] ✓ 10 unread message(s)
[2026-06-07T08:19:44.146Z] ✓ 10 unread message(s)
[2026-06-07T08:19:46.146Z] ✓ 10 unread message(s)
[2026-06-07T08:19:48.148Z] ✓ 10 unread message(s)
[2026-06-07T08:19:50.149Z] ✓ 10 unread message(s)
[2026-06-07T08:19:52.150Z] ✓ 10 unread message(s)
[2026-06-07T08:19:54.150Z] ✓ 10 unread message(s)
[2026-06-07T08:19:56.152Z] ✓ 10 unread message(s)
[2026-06-07T08:19:58.155Z] ✓ 10 unread message(s)
[2026-06-07T08:20:00.156Z] ✓ 10 unread message(s)
[2026-06-07T08:20:02.158Z] ✓ 10 unread message(s)
[2026-06-07T08:20:04.159Z] ✓ 10 unread message(s)
[2026-06-07T08:20:06.161Z] ✓ 10 unread message(s)
[2026-06-07T08:20:08.163Z] ✓ 10 unread message(s)
[2026-06-07T08:20:10.164Z] ✓ 10 unread message(s)
[2026-06-07T08:20:12.165Z] ✓ 10 unread message(s)
[2026-06-07T08:20:14.167Z] ✓ 10 unread message(s)
[2026-06-07T08:20:16.168Z] ✓ 10 unread message(s)
[2026-06-07T08:20:18.169Z] ✓ 10 unread message(s)
[2026-06-07T08:20:20.172Z] ✓ 10 unread message(s)
[2026-06-07T08:20:22.173Z] ✓ 10 unread message(s)
[2026-06-07T08:20:24.175Z] ✓ 10 unread message(s)
[2026-06-07T08:20:26.176Z] ✓ 10 unread message(s)
[2026-06-07T08:20:28.177Z] ✓ 10 unread message(s)
[2026-06-07T08:20:30.179Z] ✓ 10 unread message(s)
[2026-06-07T08:20:32.180Z] ✓ 10 unread message(s)
[2026-06-07T08:20:34.182Z] ✓ 10 unread message(s)
[2026-06-07T08:20:36.182Z] ✓ 10 unread message(s)
[2026-06-07T08:20:38.184Z] ✓ 10 unread message(s)
[2026-06-07T08:20:40.185Z] ✓ 10 unread message(s)
[2026-06-07T08:20:42.186Z] ✓ 10 unread message(s)
[2026-06-07T08:20:44.186Z] ✓ 10 unread message(s)
[2026-06-07T08:20:46.189Z] ✓ 10 unread message(s)
[2026-06-07T08:20:48.190Z] ✓ 10 unread message(s)
[2026-06-07T08:20:50.192Z] ✓ 10 unread message(s)
[2026-06-07T08:20:52.193Z] ✓ 10 unread message(s)
[2026-06-07T08:20:54.195Z] ✓ 10 unread message(s)
[2026-06-07T08:20:56.197Z] ✓ 10 unread message(s)
[2026-06-07T08:20:58.199Z] ✓ 10 unread message(s)
[2026-06-07T08:21:00.199Z] ✓ 10 unread message(s)
[2026-06-07T08:21:02.201Z] ✓ 10 unread message(s)
[2026-06-07T08:21:04.202Z] ✓ 10 unread message(s)
[2026-06-07T08:21:06.203Z] ✓ 10 unread message(s)
[2026-06-07T08:21:08.204Z] ✓ 10 unread message(s)
[2026-06-07T08:21:10.205Z] ✓ 10 unread message(s)
[2026-06-07T08:21:12.207Z] ✓ 10 unread message(s)
[2026-06-07T08:21:14.209Z] ✓ 10 unread message(s)
[2026-06-07T08:21:16.210Z] ✓ 10 unread message(s)
[2026-06-07T08:21:18.212Z] ✓ 10 unread message(s)
[2026-06-07T08:21:20.213Z] ✓ 10 unread message(s)
[2026-06-07T08:21:22.214Z] ✓ 10 unread message(s)
[2026-06-07T08:21:24.216Z] ✓ 10 unread message(s)
[2026-06-07T08:21:26.217Z] ✓ 10 unread message(s)
[2026-06-07T08:21:28.219Z] ✓ 10 unread message(s)
[2026-06-07T08:21:30.219Z] ✓ 10 unread message(s)
[2026-06-07T08:21:32.221Z] ✓ 10 unread message(s)
[2026-06-07T08:21:34.222Z] ✓ 10 unread message(s)
[2026-06-07T08:21:36.223Z] ✓ 10 unread message(s)
[2026-06-07T08:21:38.225Z] ✓ 10 unread message(s)
[2026-06-07T08:21:40.226Z] ✓ 10 unread message(s)
[2026-06-07T08:21:42.227Z] ✓ 10 unread message(s)
[2026-06-07T08:21:44.229Z] ✓ 10 unread message(s)
[2026-06-07T08:21:46.230Z] ✓ 10 unread message(s)
[2026-06-07T08:21:48.231Z] ✓ 10 unread message(s)
[2026-06-07T08:21:50.233Z] ✓ 10 unread message(s)
[2026-06-07T08:21:52.234Z] ✓ 10 unread message(s)
[2026-06-07T08:21:54.236Z] ✓ 10 unread message(s)
[2026-06-07T08:21:56.237Z] ✓ 10 unread message(s)
[2026-06-07T08:21:58.238Z] ✓ 10 unread message(s)
[2026-06-07T08:22:00.240Z] ✓ 10 unread message(s)
[2026-06-07T08:22:02.241Z] ✓ 10 unread message(s)
[2026-06-07T08:22:04.242Z] ✓ 10 unread message(s)
[2026-06-07T08:22:06.243Z] ✓ 10 unread message(s)
[2026-06-07T08:22:08.244Z] ✓ 10 unread message(s)
[2026-06-07T08:22:10.245Z] ✓ 10 unread message(s)
[2026-06-07T08:22:12.247Z] ✓ 10 unread message(s)
[2026-06-07T08:22:14.248Z] ✓ 10 unread message(s)
[2026-06-07T08:22:16.249Z] ✓ 10 unread message(s)
[2026-06-07T08:22:18.251Z] ✓ 10 unread message(s)
[2026-06-07T08:22:20.253Z] ✓ 10 unread message(s)
[2026-06-07T08:22:22.253Z] ✓ 10 unread message(s)
[2026-06-07T08:22:24.255Z] ✓ 10 unread message(s)
[2026-06-07T08:22:26.257Z] ✓ 10 unread message(s)
[2026-06-07T08:22:28.258Z] ✓ 10 unread message(s)
[2026-06-07T08:22:30.259Z] ✓ 10 unread message(s)
[2026-06-07T08:22:32.259Z] ✓ 10 unread message(s)
[2026-06-07T08:22:34.262Z] ✓ 10 unread message(s)
[2026-06-07T08:22:36.263Z] ✓ 10 unread message(s)
[2026-06-07T08:22:38.264Z] ✓ 10 unread message(s)
[2026-06-07T08:22:40.266Z] ✓ 10 unread message(s)
[2026-06-07T08:22:42.267Z] ✓ 10 unread message(s)
[2026-06-07T08:22:44.269Z] ✓ 10 unread message(s)
[2026-06-07T08:22:46.271Z] ✓ 10 unread message(s)
[2026-06-07T08:22:48.272Z] ✓ 10 unread message(s)
[2026-06-07T08:22:50.274Z] ✓ 10 unread message(s)
[2026-06-07T08:22:52.275Z] ✓ 10 unread message(s)
[2026-06-07T08:22:54.276Z] ✓ 10 unread message(s)
[2026-06-07T08:22:56.278Z] ✓ 10 unread message(s)
[2026-06-07T08:22:58.279Z] ✓ 10 unread message(s)
[2026-06-07T08:23:00.280Z] ✓ 10 unread message(s)
[2026-06-07T08:23:02.282Z] ✓ 10 unread message(s)
[2026-06-07T08:23:04.283Z] ✓ 10 unread message(s)
[2026-06-07T08:23:06.284Z] ✓ 10 unread message(s)
[2026-06-07T08:23:08.285Z] ✓ 10 unread message(s)
[2026-06-07T08:23:10.287Z] ✓ 10 unread message(s)
[2026-06-07T08:23:12.288Z] ✓ 10 unread message(s)
[2026-06-07T08:23:14.290Z] ✓ 10 unread message(s)
[2026-06-07T08:23:16.291Z] ✓ 10 unread message(s)
[2026-06-07T08:23:18.292Z] ✓ 10 unread message(s)
[2026-06-07T08:23:20.294Z] ✓ 10 unread message(s)
[2026-06-07T08:23:22.295Z] ✓ 10 unread message(s)
[2026-06-07T08:23:24.295Z] ✓ 10 unread message(s)
[2026-06-07T08:23:26.297Z] ✓ 10 unread message(s)
[2026-06-07T08:23:28.298Z] ✓ 10 unread message(s)
[2026-06-07T08:23:30.299Z] ✓ 10 unread message(s)
[2026-06-07T08:23:32.301Z] ✓ 10 unread message(s)
[2026-06-07T08:23:34.301Z] ✓ 10 unread message(s)
[2026-06-07T08:23:36.302Z] ✓ 10 unread message(s)
[2026-06-07T08:23:38.304Z] ✓ 10 unread message(s)
[2026-06-07T08:23:40.305Z] ✓ 10 unread message(s)
[2026-06-07T08:23:42.306Z] ✓ 10 unread message(s)
[2026-06-07T08:23:44.307Z] ✓ 10 unread message(s)
[2026-06-07T08:23:46.309Z] ✓ 10 unread message(s)
[2026-06-07T08:23:48.308Z] ✓ 10 unread message(s)
[2026-06-07T08:23:50.310Z] ✓ 10 unread message(s)
[2026-06-07T08:23:52.312Z] ✓ 10 unread message(s)
[2026-06-07T08:23:54.313Z] ✓ 10 unread message(s)
[2026-06-07T08:23:56.315Z] ✓ 10 unread message(s)
[2026-06-07T08:23:58.316Z] ✓ 10 unread message(s)
[2026-06-07T08:24:00.318Z] ✓ 10 unread message(s)
[2026-06-07T08:24:02.319Z] ✓ 10 unread message(s)
[2026-06-07T08:24:04.321Z] ✓ 10 unread message(s)
[2026-06-07T08:24:06.323Z] ✓ 10 unread message(s)
[2026-06-07T08:24:08.324Z] ✓ 10 unread message(s)
[2026-06-07T08:24:10.325Z] ✓ 10 unread message(s)
[2026-06-07T08:24:12.327Z] ✓ 10 unread message(s)
[2026-06-07T08:24:14.327Z] ✓ 10 unread message(s)
[2026-06-07T08:24:16.330Z] ✓ 10 unread message(s)
[2026-06-07T08:24:18.331Z] ✓ 10 unread message(s)
[2026-06-07T08:24:20.332Z] ✓ 10 unread message(s)
[2026-06-07T08:24:22.334Z] ✓ 10 unread message(s)
[2026-06-07T08:24:24.335Z] ✓ 10 unread message(s)
[2026-06-07T08:24:26.337Z] ✓ 10 unread message(s)
[2026-06-07T08:24:28.338Z] ✓ 10 unread message(s)
[2026-06-07T08:24:30.339Z] ✓ 10 unread message(s)
[2026-06-07T08:24:32.340Z] ✓ 10 unread message(s)
[2026-06-07T08:24:34.342Z] ✓ 10 unread message(s)
[2026-06-07T08:24:36.342Z] ✓ 10 unread message(s)
[2026-06-07T08:24:38.344Z] ✓ 10 unread message(s)
[2026-06-07T08:24:40.347Z] ✓ 10 unread message(s)
[2026-06-07T08:24:42.348Z] ✓ 10 unread message(s)
[2026-06-07T08:24:44.350Z] ✓ 10 unread message(s)
[2026-06-07T08:24:46.351Z] ✓ 10 unread message(s)
[2026-06-07T08:24:48.352Z] ✓ 10 unread message(s)
[2026-06-07T08:24:50.353Z] ✓ 10 unread message(s)
[2026-06-07T08:24:52.354Z] ✓ 10 unread message(s)
[2026-06-07T08:24:54.356Z] ✓ 10 unread message(s)
[2026-06-07T08:24:56.358Z] ✓ 10 unread message(s)
[2026-06-07T08:24:58.359Z] ✓ 10 unread message(s)
[2026-06-07T08:25:00.360Z] ✓ 10 unread message(s)
[2026-06-07T08:25:02.361Z] ✓ 10 unread message(s)
[2026-06-07T08:25:04.362Z] ✓ 10 unread message(s)
[2026-06-07T08:25:06.363Z] ✓ 10 unread message(s)
[2026-06-07T08:25:08.365Z] ✓ 10 unread message(s)
[2026-06-07T08:25:10.366Z] ✓ 10 unread message(s)
[2026-06-07T08:25:12.368Z] ✓ 10 unread message(s)
[2026-06-07T08:25:14.370Z] ✓ 10 unread message(s)
[2026-06-07T08:25:16.370Z] ✓ 10 unread message(s)
[2026-06-07T08:25:18.372Z] ✓ 10 unread message(s)
[2026-06-07T08:25:20.373Z] ✓ 10 unread message(s)
[2026-06-07T08:25:22.374Z] ✓ 10 unread message(s)
[2026-06-07T08:25:24.375Z] ✓ 10 unread message(s)
[2026-06-07T08:25:26.375Z] ✓ 10 unread message(s)
[2026-06-07T08:25:28.377Z] ✓ 10 unread message(s)
[2026-06-07T08:25:30.378Z] ✓ 10 unread message(s)
[2026-06-07T08:25:32.380Z] ✓ 10 unread message(s)
[2026-06-07T08:25:34.381Z] ✓ 10 unread message(s)
[2026-06-07T08:25:36.383Z] ✓ 10 unread message(s)
[2026-06-07T08:25:38.383Z] ✓ 10 unread message(s)
[2026-06-07T08:25:40.386Z] ✓ 10 unread message(s)
[2026-06-07T08:25:42.387Z] ✓ 10 unread message(s)
[2026-06-07T08:25:44.388Z] ✓ 10 unread message(s)
[2026-06-07T08:25:46.390Z] ✓ 10 unread message(s)
[2026-06-07T08:25:48.390Z] ✓ 10 unread message(s)
[2026-06-07T08:25:50.393Z] ✓ 10 unread message(s)
[2026-06-07T08:25:52.394Z] ✓ 10 unread message(s)
[2026-06-07T08:25:54.395Z] ✓ 10 unread message(s)
[2026-06-07T08:25:56.397Z] ✓ 10 unread message(s)
[2026-06-07T08:25:58.398Z] ✓ 10 unread message(s)
[2026-06-07T08:26:00.398Z] ✓ 10 unread message(s)
[2026-06-07T08:26:02.400Z] ✓ 10 unread message(s)
[2026-06-07T08:26:04.401Z] ✓ 10 unread message(s)
[2026-06-07T08:26:06.402Z] ✓ 10 unread message(s)
[2026-06-07T08:26:08.403Z] ✓ 10 unread message(s)
[2026-06-07T08:26:10.405Z] ✓ 10 unread message(s)
[2026-06-07T08:26:12.406Z] ✓ 10 unread message(s)
[2026-06-07T08:26:14.408Z] ✓ 10 unread message(s)
[2026-06-07T08:26:16.409Z] ✓ 10 unread message(s)
[2026-06-07T08:26:18.410Z] ✓ 10 unread message(s)
[2026-06-07T08:26:20.412Z] ✓ 10 unread message(s)
[2026-06-07T08:26:22.413Z] ✓ 10 unread message(s)
[2026-06-07T08:26:24.414Z] ✓ 10 unread message(s)
[2026-06-07T08:26:26.416Z] ✓ 10 unread message(s)
[2026-06-07T08:26:28.416Z] ✓ 10 unread message(s)
[2026-06-07T08:26:30.418Z] ✓ 10 unread message(s)
[2026-06-07T08:26:32.419Z] ✓ 10 unread message(s)
[2026-06-07T08:26:34.421Z] ✓ 10 unread message(s)
[2026-06-07T08:26:36.422Z] ✓ 10 unread message(s)
[2026-06-07T08:26:38.423Z] ✓ 10 unread message(s)
[2026-06-07T08:26:40.424Z] ✓ 10 unread message(s)
[2026-06-07T08:26:42.426Z] ✓ 10 unread message(s)
[2026-06-07T08:26:44.427Z] ✓ 10 unread message(s)
[2026-06-07T08:26:46.429Z] ✓ 10 unread message(s)
[2026-06-07T08:26:48.431Z] ✓ 10 unread message(s)
[2026-06-07T08:26:50.433Z] ✓ 10 unread message(s)
[2026-06-07T08:26:52.434Z] ✓ 10 unread message(s)
[2026-06-07T08:26:54.435Z] ✓ 10 unread message(s)
[2026-06-07T08:26:56.436Z] ✓ 10 unread message(s)
[2026-06-07T08:26:58.438Z] ✓ 10 unread message(s)
[2026-06-07T08:27:00.439Z] ✓ 10 unread message(s)
[2026-06-07T08:27:02.439Z] ✓ 10 unread message(s)
[2026-06-07T08:27:04.441Z] ✓ 10 unread message(s)
[2026-06-07T08:27:06.442Z] ✓ 10 unread message(s)
[2026-06-07T08:27:08.444Z] ✓ 10 unread message(s)
[2026-06-07T08:27:10.447Z] ✓ 10 unread message(s)
[2026-06-07T08:27:12.448Z] ✓ 10 unread message(s)
[2026-06-07T08:27:14.450Z] ✓ 10 unread message(s)
[2026-06-07T08:27:16.452Z] ✓ 10 unread message(s)
[2026-06-07T08:27:18.453Z] ✓ 10 unread message(s)
[2026-06-07T08:27:20.453Z] ✓ 10 unread message(s)
[2026-06-07T08:27:22.455Z] ✓ 10 unread message(s)
[2026-06-07T08:27:24.456Z] ✓ 10 unread message(s)
[2026-06-07T08:27:26.457Z] ✓ 10 unread message(s)
[2026-06-07T08:27:28.459Z] ✓ 10 unread message(s)
[2026-06-07T08:27:30.461Z] ✓ 10 unread message(s)
[2026-06-07T08:27:32.462Z] ✓ 10 unread message(s)
[2026-06-07T08:27:34.464Z] ✓ 10 unread message(s)
[2026-06-07T08:27:36.466Z] ✓ 10 unread message(s)
[2026-06-07T08:27:38.467Z] ✓ 10 unread message(s)
[2026-06-07T08:27:40.469Z] ✓ 10 unread message(s)
[2026-06-07T08:27:42.470Z] ✓ 10 unread message(s)
[2026-06-07T08:27:44.471Z] ✓ 10 unread message(s)
[2026-06-07T08:27:46.473Z] ✓ 10 unread message(s)
[2026-06-07T08:27:48.474Z] ✓ 10 unread message(s)
[2026-06-07T08:27:50.475Z] ✓ 10 unread message(s)
[2026-06-07T08:27:52.477Z] ✓ 10 unread message(s)
[2026-06-07T08:27:54.478Z] ✓ 10 unread message(s)
[2026-06-07T08:27:56.480Z] ✓ 10 unread message(s)
[2026-06-07T08:27:58.481Z] ✓ 10 unread message(s)
[2026-06-07T08:28:00.482Z] ✓ 10 unread message(s)
[2026-06-07T08:28:02.483Z] ✓ 10 unread message(s)
[2026-06-07T08:28:04.485Z] ✓ 10 unread message(s)
[2026-06-07T08:28:06.486Z] ✓ 10 unread message(s)
[2026-06-07T08:28:08.488Z] ✓ 10 unread message(s)
[2026-06-07T08:28:10.488Z] ✓ 10 unread message(s)
[2026-06-07T08:28:12.490Z] ✓ 10 unread message(s)
[2026-06-07T08:28:14.492Z] ✓ 10 unread message(s)
[2026-06-07T08:28:16.494Z] ✓ 10 unread message(s)
[2026-06-07T08:28:18.495Z] ✓ 10 unread message(s)
[2026-06-07T08:28:20.497Z] ✓ 10 unread message(s)
[2026-06-07T08:28:22.498Z] ✓ 10 unread message(s)
[2026-06-07T08:28:24.499Z] ✓ 10 unread message(s)
[2026-06-07T08:28:26.501Z] ✓ 10 unread message(s)
[2026-06-07T08:28:28.503Z] ✓ 11 unread message(s)
[2026-06-07T08:28:28.503Z] ✓ Mirrored message to Gemini TTY (/dev/pts/0)
[2026-06-07T08:28:30.505Z] ✓ 11 unread message(s)
[2026-06-07T08:28:32.110Z] ⚡ WOKEN by wake file: Polling bridge immediately
[2026-06-07T08:28:32.111Z] ✓ 11 unread message(s)
[2026-06-07T08:28:32.505Z] ✓ 11 unread message(s)
[2026-06-07T08:28:34.509Z] ✓ 11 unread message(s)
[2026-06-07T08:28:36.510Z] ✓ 11 unread message(s)
[2026-06-07T08:28:38.512Z] ✓ 11 unread message(s)
[2026-06-07T08:28:40.513Z] ✓ 11 unread message(s)
[2026-06-07T08:28:42.513Z] ✓ 11 unread message(s)
[2026-06-07T08:28:44.516Z] ✓ 11 unread message(s)
[2026-06-07T08:28:46.517Z] ✓ 11 unread message(s)
[2026-06-07T08:28:48.519Z] ✓ 11 unread message(s)
[2026-06-07T08:28:50.520Z] ✓ 11 unread message(s)
[2026-06-07T08:28:52.521Z] ✓ 11 unread message(s)
[2026-06-07T08:28:54.522Z] ✓ 11 unread message(s)
[2026-06-07T08:28:56.524Z] ✓ 11 unread message(s)
[2026-06-07T08:28:58.524Z] ✓ 11 unread message(s)
[2026-06-07T08:29:00.526Z] ✓ 11 unread message(s)
[2026-06-07T08:29:02.527Z] ✓ 11 unread message(s)
[2026-06-07T08:29:04.529Z] ✓ 11 unread message(s)
[2026-06-07T08:29:06.531Z] ✓ 11 unread message(s)
[2026-06-07T08:29:08.532Z] ✓ 11 unread message(s)
[2026-06-07T08:29:10.533Z] ✓ 11 unread message(s)
[2026-06-07T08:29:12.535Z] ✓ 11 unread message(s)
[2026-06-07T08:29:14.537Z] ✓ 11 unread message(s)
[2026-06-07T08:29:16.538Z] ✓ 11 unread message(s)
[2026-06-07T08:29:18.539Z] ✓ 11 unread message(s)
[2026-06-07T08:29:20.541Z] ✓ 11 unread message(s)
[2026-06-07T08:29:22.542Z] ✓ 11 unread message(s)
[2026-06-07T08:29:24.544Z] ✓ 11 unread message(s)
[2026-06-07T08:29:26.545Z] ✓ 11 unread message(s)
[2026-06-07T08:29:28.546Z] ✓ 11 unread message(s)
[2026-06-07T08:29:30.547Z] ✓ 11 unread message(s)
[2026-06-07T08:29:32.549Z] ✓ 11 unread message(s)
[2026-06-07T08:29:34.550Z] ✓ 11 unread message(s)
[2026-06-07T08:29:36.551Z] ✓ 11 unread message(s)
[2026-06-07T08:29:38.553Z] ✓ 11 unread message(s)
[2026-06-07T08:29:40.554Z] ✓ 11 unread message(s)
[2026-06-07T08:29:42.556Z] ✓ 11 unread message(s)
[2026-06-07T08:29:44.558Z] ✓ 11 unread message(s)
[2026-06-07T08:29:46.560Z] ✓ 11 unread message(s)
[2026-06-07T08:29:48.561Z] ✓ 11 unread message(s)
[2026-06-07T08:29:50.563Z] ✓ 11 unread message(s)
[2026-06-07T08:29:52.564Z] ✓ 11 unread message(s)
[2026-06-07T08:29:54.565Z] ✓ 11 unread message(s)
[2026-06-07T08:29:56.567Z] ✓ 11 unread message(s)
[2026-06-07T08:29:58.568Z] ✓ 11 unread message(s)
[2026-06-07T08:30:00.568Z] ✓ 11 unread message(s)
[2026-06-07T08:30:02.570Z] ✓ 11 unread message(s)
[2026-06-07T08:30:04.572Z] ✓ 11 unread message(s)
[2026-06-07T08:30:06.574Z] ✓ 11 unread message(s)
[2026-06-07T08:30:08.575Z] ✓ 11 unread message(s)
[2026-06-07T08:30:10.577Z] ✓ 11 unread message(s)
[2026-06-07T08:30:12.578Z] ✓ 11 unread message(s)
[2026-06-07T08:30:14.580Z] ✓ 11 unread message(s)
[2026-06-07T08:30:16.581Z] ✓ 11 unread message(s)
[2026-06-07T08:30:18.582Z] ✓ 11 unread message(s)
[2026-06-07T08:30:20.584Z] ✓ 11 unread message(s)
[2026-06-07T08:30:22.585Z] ✓ 11 unread message(s)
[2026-06-07T08:30:24.586Z] ✓ 11 unread message(s)
[2026-06-07T08:30:26.588Z] ✓ 11 unread message(s)
[2026-06-07T08:30:28.589Z] ✓ 11 unread message(s)
[2026-06-07T08:30:30.591Z] ✓ 11 unread message(s)
[2026-06-07T08:30:32.592Z] ✓ 11 unread message(s)
[2026-06-07T08:30:34.594Z] ✓ 11 unread message(s)
[2026-06-07T08:30:36.595Z] ✓ 11 unread message(s)
[2026-06-07T08:30:37.135Z] ⚡ WOKEN by wake file: Polling bridge immediately
[2026-06-07T08:30:37.137Z] ✓ 12 unread message(s)
[2026-06-07T08:30:37.137Z] ✓ Mirrored message to Gemini TTY (/dev/pts/0)
[2026-06-07T08:30:38.596Z] ✓ 12 unread message(s)
[2026-06-07T08:30:40.600Z] ✓ 12 unread message(s)
[2026-06-07T08:30:42.601Z] ✓ 12 unread message(s)
[2026-06-07T08:30:44.603Z] ✓ 12 unread message(s)
[2026-06-07T08:30:46.605Z] ✓ 12 unread message(s)
[2026-06-07T08:30:48.605Z] ✓ 12 unread message(s)
[2026-06-07T08:30:50.608Z] ✓ 12 unread message(s)
[2026-06-07T08:30:52.609Z] ✓ 12 unread message(s)
[2026-06-07T08:30:54.610Z] ✓ 12 unread message(s)
[2026-06-07T08:30:56.611Z] ✓ 12 unread message(s)
[2026-06-07T08:30:58.613Z] ✓ 12 unread message(s)
[2026-06-07T08:31:00.613Z] ✓ 12 unread message(s)
[2026-06-07T08:31:02.615Z] ✓ 12 unread message(s)
[2026-06-07T08:31:04.617Z] ✓ 12 unread message(s)
[2026-06-07T08:31:06.619Z] ✓ 12 unread message(s)
[2026-06-07T08:31:08.620Z] ✓ 12 unread message(s)
[2026-06-07T08:31:10.623Z] ✓ 12 unread message(s)
[2026-06-07T08:31:12.624Z] ✓ 12 unread message(s)
[2026-06-07T08:31:14.627Z] ✓ 12 unread message(s)
[2026-06-07T08:31:16.628Z] ✓ 12 unread message(s)
[2026-06-07T08:31:18.629Z] ✓ 12 unread message(s)
[2026-06-07T08:31:20.630Z] ✓ 12 unread message(s)
[2026-06-07T08:31:22.632Z] ✓ 12 unread message(s)
[2026-06-07T08:31:24.632Z] ✓ 12 unread message(s)
[2026-06-07T08:31:26.635Z] ✓ 12 unread message(s)
[2026-06-07T08:31:28.636Z] ✓ 12 unread message(s)
[2026-06-07T08:31:30.638Z] ✓ 12 unread message(s)
[2026-06-07T08:31:32.639Z] ✓ 12 unread message(s)
[2026-06-07T08:31:34.641Z] ✓ 12 unread message(s)
[2026-06-07T08:31:36.642Z] ✓ 12 unread message(s)
[2026-06-07T08:31:38.644Z] ✓ 12 unread message(s)
[2026-06-07T08:31:40.645Z] ✓ 12 unread message(s)
[2026-06-07T08:31:42.647Z] ✓ 12 unread message(s)
[2026-06-07T08:31:44.647Z] ✓ 12 unread message(s)
[2026-06-07T08:31:46.650Z] ✓ 12 unread message(s)
[2026-06-07T08:31:48.651Z] ✓ 12 unread message(s)
[2026-06-07T08:31:50.653Z] ✓ 12 unread message(s)
[2026-06-07T08:31:52.654Z] ✓ 12 unread message(s)
[2026-06-07T08:31:54.656Z] ✓ 12 unread message(s)
[2026-06-07T08:31:56.656Z] ✓ 12 unread message(s)
[2026-06-07T08:31:58.659Z] ✓ 12 unread message(s)
[2026-06-07T08:32:00.660Z] ✓ 12 unread message(s)
[2026-06-07T08:32:02.662Z] ✓ 12 unread message(s)
[2026-06-07T08:32:04.664Z] ✓ 12 unread message(s)
[2026-06-07T08:32:06.665Z] ✓ 12 unread message(s)
[2026-06-07T08:32:08.666Z] ✓ 12 unread message(s)
[2026-06-07T08:32:10.668Z] ✓ 12 unread message(s)
[2026-06-07T08:32:12.670Z] ✓ 12 unread message(s)
[2026-06-07T08:32:14.671Z] ✓ 12 unread message(s)
[2026-06-07T08:32:16.673Z] ✓ 12 unread message(s)
[2026-06-07T08:32:18.674Z] ✓ 12 unread message(s)
[2026-06-07T08:32:20.676Z] ✓ 12 unread message(s)
[2026-06-07T08:32:22.677Z] ✓ 12 unread message(s)
[2026-06-07T08:32:24.679Z] ✓ 12 unread message(s)
[2026-06-07T08:32:26.680Z] ✓ 12 unread message(s)
[2026-06-07T08:32:28.681Z] ✓ 12 unread message(s)
[2026-06-07T08:32:30.682Z] ✓ 12 unread message(s)
[2026-06-07T08:32:32.684Z] ✓ 12 unread message(s)
[2026-06-07T08:32:34.685Z] ✓ 12 unread message(s)
[2026-06-07T08:32:36.686Z] ✓ 12 unread message(s)
[2026-06-07T08:32:38.688Z] ✓ 12 unread message(s)
[2026-06-07T08:32:40.689Z] ✓ 12 unread message(s)
[2026-06-07T08:32:42.691Z] ✓ 12 unread message(s)
[2026-06-07T08:32:44.692Z] ✓ 12 unread message(s)
[2026-06-07T08:32:46.694Z] ✓ 12 unread message(s)
[2026-06-07T08:32:48.696Z] ✓ 12 unread message(s)
[2026-06-07T08:32:50.697Z] ✓ 12 unread message(s)
[2026-06-07T08:32:52.697Z] ✓ 12 unread message(s)
[2026-06-07T08:32:54.699Z] ✓ 12 unread message(s)
[2026-06-07T08:32:56.700Z] ✓ 12 unread message(s)
[2026-06-07T08:32:58.701Z] ✓ 12 unread message(s)
[2026-06-07T08:33:00.703Z] ✓ 12 unread message(s)
[2026-06-07T08:33:02.704Z] ✓ 12 unread message(s)
[2026-06-07T08:33:04.706Z] ✓ 12 unread message(s)
[2026-06-07T08:33:06.707Z] ✓ 12 unread message(s)
[2026-06-07T08:33:08.708Z] ✓ 12 unread message(s)
[2026-06-07T08:33:10.710Z] ✓ 12 unread message(s)
[2026-06-07T08:33:12.711Z] ✓ 12 unread message(s)
[2026-06-07T08:33:14.713Z] ✓ 12 unread message(s)
[2026-06-07T08:33:16.714Z] ✓ 12 unread message(s)
[2026-06-07T08:33:18.715Z] ✓ 12 unread message(s)
[2026-06-07T08:33:20.717Z] ✓ 12 unread message(s)
[2026-06-07T08:33:22.718Z] ✓ 12 unread message(s)
[2026-06-07T08:33:24.720Z] ✓ 12 unread message(s)
[2026-06-07T08:33:26.721Z] ✓ 12 unread message(s)
[2026-06-07T08:33:28.722Z] ✓ 12 unread message(s)
[2026-06-07T08:33:30.724Z] ✓ 12 unread message(s)
[2026-06-07T08:33:32.725Z] ✓ 12 unread message(s)
[2026-06-07T08:33:34.727Z] ✓ 12 unread message(s)
[2026-06-07T08:33:36.728Z] ✓ 12 unread message(s)
[2026-06-07T08:33:38.730Z] ✓ 12 unread message(s)
[2026-06-07T08:33:40.731Z] ✓ 12 unread message(s)
[2026-06-07T08:33:42.732Z] ✓ 12 unread message(s)
[2026-06-07T08:33:44.734Z] ✓ 12 unread message(s)
[2026-06-07T08:33:46.735Z] ✓ 12 unread message(s)
[2026-06-07T08:33:48.735Z] ✓ 12 unread message(s)
[2026-06-07T08:33:50.737Z] ✓ 12 unread message(s)
[2026-06-07T08:33:52.738Z] ✓ 12 unread message(s)
[2026-06-07T08:33:54.740Z] ✓ 12 unread message(s)
[2026-06-07T08:33:56.741Z] ✓ 12 unread message(s)
[2026-06-07T08:33:58.743Z] ✓ 12 unread message(s)
[2026-06-07T08:34:00.744Z] ✓ 12 unread message(s)
[2026-06-07T08:34:02.746Z] ✓ 12 unread message(s)
[2026-06-07T08:34:04.747Z] ✓ 12 unread message(s)
[2026-06-07T08:34:06.748Z] ✓ 12 unread message(s)
[2026-06-07T08:34:08.750Z] ✓ 12 unread message(s)
[2026-06-07T08:42:48.392Z] Starting listener on localhost:9099
[2026-06-07T08:42:48.392Z] Gemini terminal detected: /dev/pts/0
[2026-06-07T08:42:48.403Z] Initial fetch failed: 
[2026-06-07T08:42:48.500Z] Connection error: 
[2026-06-07T08:42:50.509Z] ✓ 12 unread message(s)
[2026-06-07T08:42:50.523Z] ✓ Mirrored message to Gemini TTY (/dev/pts/0)
[2026-06-07T08:42:50.524Z] ✓ Mirrored message to Gemini TTY (/dev/pts/0)
[2026-06-07T08:42:50.524Z] ✓ Mirrored message to Gemini TTY (/dev/pts/0)
[2026-06-07T08:42:50.524Z] ✓ Mirrored message to Gemini TTY (/dev/pts/0)
[2026-06-07T08:42:50.524Z] ✓ Mirrored message to Gemini TTY (/dev/pts/0)
[2026-06-07T08:42:50.524Z] ✓ Mirrored message to Gemini TTY (/dev/pts/0)
[2026-06-07T08:42:50.524Z] ✓ Mirrored message to Gemini TTY (/dev/pts/0)
[2026-06-07T08:42:50.525Z] ✓ Mirrored message to Gemini TTY (/dev/pts/0)
[2026-06-07T08:42:50.525Z] ✓ Mirrored message to Gemini TTY (/dev/pts/0)
[2026-06-07T08:42:50.525Z] ✓ Mirrored message to Gemini TTY (/dev/pts/0)
[2026-06-07T08:42:50.525Z] ✓ Mirrored message to Gemini TTY (/dev/pts/0)
[2026-06-07T08:42:50.525Z] ✓ Mirrored message to Gemini TTY (/dev/pts/0)
[2026-06-07T08:42:52.529Z] ✓ 12 unread message(s)
[2026-06-07T08:42:54.532Z] ✓ 12 unread message(s)
[2026-06-07T08:42:56.533Z] ✓ 12 unread message(s)
[2026-06-07T08:42:58.536Z] ✓ 12 unread message(s)
[2026-06-07T08:43:00.537Z] ✓ 12 unread message(s)
[2026-06-07T08:43:02.540Z] ✓ 12 unread message(s)
[2026-06-07T08:43:04.541Z] ✓ 12 unread message(s)
[2026-06-07T08:43:06.542Z] ✓ 12 unread message(s)
[2026-06-07T08:43:08.544Z] ✓ 12 unread message(s)
[2026-06-07T08:43:10.545Z] ✓ 12 unread message(s)
[2026-06-07T08:43:12.547Z] ✓ 12 unread message(s)
[2026-06-07T08:43:14.548Z] ✓ 12 unread message(s)
[2026-06-07T08:43:16.551Z] ✓ 12 unread message(s)
[2026-06-07T08:43:18.552Z] ✓ 12 unread message(s)
[2026-06-07T08:43:20.554Z] ✓ 12 unread message(s)
[2026-06-07T08:43:22.555Z] ✓ 12 unread message(s)
[2026-06-07T08:43:24.556Z] ✓ 12 unread message(s)
[2026-06-07T08:43:26.559Z] ✓ 12 unread message(s)
[2026-06-07T08:43:28.561Z] ✓ 12 unread message(s)
[2026-06-07T08:43:30.562Z] ✓ 12 unread message(s)
[2026-06-07T08:43:32.563Z] ✓ 12 unread message(s)
[2026-06-07T08:43:34.565Z] ✓ 12 unread message(s)
[2026-06-07T08:43:36.567Z] ✓ 12 unread message(s)
[2026-06-07T08:43:38.569Z] ✓ 12 unread message(s)
[2026-06-07T08:43:40.570Z] ✓ 12 unread message(s)
[2026-06-07T08:43:42.572Z] ✓ 12 unread message(s)
[2026-06-07T08:43:44.573Z] ✓ 12 unread message(s)
[2026-06-07T08:43:46.575Z] ✓ 12 unread message(s)
[2026-06-07T08:43:48.577Z] ✓ 12 unread message(s)
[2026-06-07T08:43:50.578Z] ✓ 12 unread message(s)
[2026-06-07T08:43:52.580Z] ✓ 12 unread message(s)
[2026-06-07T08:43:54.581Z] ✓ 12 unread message(s)
[2026-06-07T08:43:56.583Z] ✓ 12 unread message(s)
[2026-06-07T08:43:58.585Z] ✓ 12 unread message(s)
[2026-06-07T08:44:00.586Z] ✓ 12 unread message(s)
[2026-06-07T08:44:02.587Z] ✓ 12 unread message(s)
[2026-06-07T08:44:04.587Z] ✓ 12 unread message(s)
[2026-06-07T08:44:06.588Z] ✓ 12 unread message(s)
[2026-06-07T08:44:08.590Z] ✓ 12 unread message(s)
[2026-06-07T08:44:10.592Z] ✓ 12 unread message(s)
[2026-06-07T08:44:12.592Z] ✓ 12 unread message(s)
[2026-06-07T08:44:14.593Z] ✓ 12 unread message(s)
[2026-06-07T08:44:16.596Z] ✓ 12 unread message(s)
[2026-06-07T08:44:18.598Z] ✓ 12 unread message(s)
[2026-06-07T08:44:20.599Z] ✓ 12 unread message(s)
[2026-06-07T08:44:22.601Z] ✓ 12 unread message(s)
[2026-06-07T08:44:24.601Z] ✓ 12 unread message(s)
[2026-06-07T08:44:26.603Z] ✓ 12 unread message(s)
[2026-06-07T08:44:28.605Z] ✓ 12 unread message(s)
[2026-06-07T08:44:30.606Z] ✓ 12 unread message(s)
[2026-06-07T08:44:32.608Z] ✓ 12 unread message(s)
[2026-06-07T08:44:34.609Z] ✓ 12 unread message(s)
[2026-06-07T08:44:36.609Z] ✓ 12 unread message(s)
[2026-06-07T08:44:38.611Z] ✓ 12 unread message(s)
[2026-06-07T08:44:40.612Z] ✓ 12 unread message(s)
[2026-06-07T08:44:42.613Z] ✓ 12 unread message(s)
[2026-06-07T08:44:44.615Z] ✓ 12 unread message(s)
[2026-06-07T08:44:46.616Z] ✓ 12 unread message(s)
[2026-06-07T08:44:48.617Z] ✓ 12 unread message(s)
[2026-06-07T08:44:50.618Z] ✓ 12 unread message(s)
[2026-06-07T08:44:52.621Z] ✓ 12 unread message(s)
[2026-06-07T08:44:54.623Z] ✓ 12 unread message(s)
[2026-06-07T08:44:56.624Z] ✓ 12 unread message(s)
[2026-06-07T08:44:58.625Z] ✓ 12 unread message(s)
[2026-06-07T08:45:00.627Z] ✓ 12 unread message(s)
[2026-06-07T08:45:02.629Z] ✓ 12 unread message(s)
[2026-06-07T08:45:04.631Z] ✓ 13 unread message(s)
[2026-06-07T08:45:04.631Z] ✓ Mirrored message to Gemini TTY (/dev/pts/0)
[2026-06-07T08:45:06.633Z] ✓ 13 unread message(s)
[2026-06-07T08:45:08.634Z] ✓ 13 unread message(s)
[2026-06-07T08:45:10.636Z] ✓ 13 unread message(s)
[2026-06-07T08:45:12.637Z] ✓ 13 unread message(s)
[2026-06-07T08:45:14.639Z] ✓ 13 unread message(s)
[2026-06-07T08:45:16.640Z] ✓ 13 unread message(s)
[2026-06-07T08:45:18.642Z] ✓ 13 unread message(s)
[2026-06-07T08:45:20.643Z] ✓ 13 unread message(s)
[2026-06-07T08:45:22.644Z] ✓ 13 unread message(s)
[2026-06-07T08:45:24.646Z] ✓ 14 unread message(s)
[2026-06-07T08:45:24.646Z] ✓ Mirrored message to Gemini TTY (/dev/pts/0)
[2026-06-07T08:45:26.647Z] ✓ 14 unread message(s)
[2026-06-07T08:45:28.648Z] ✓ 14 unread message(s)
[2026-06-07T08:45:30.649Z] ✓ 14 unread message(s)
[2026-06-07T08:45:32.652Z] ✓ 14 unread message(s)
[2026-06-07T08:45:34.654Z] ✓ 14 unread message(s)
[2026-06-07T08:45:36.655Z] ✓ 14 unread message(s)
[2026-06-07T08:45:38.656Z] ✓ 14 unread message(s)
[2026-06-07T08:45:40.658Z] ✓ 14 unread message(s)
[2026-06-07T08:45:42.659Z] ✓ 14 unread message(s)
[2026-06-07T08:45:44.660Z] ✓ 14 unread message(s)
[2026-06-07T08:45:46.662Z] ✓ 14 unread message(s)
[2026-06-07T08:45:48.663Z] ✓ 14 unread message(s)
[2026-06-07T08:45:50.666Z] ✓ 14 unread message(s)
[2026-06-07T08:45:52.667Z] ✓ 14 unread message(s)
[2026-06-07T08:45:54.668Z] ✓ 14 unread message(s)
[2026-06-07T08:45:56.670Z] ✓ 14 unread message(s)
[2026-06-07T08:45:58.671Z] ✓ 14 unread message(s)
[2026-06-07T08:46:00.672Z] ✓ 14 unread message(s)
[2026-06-07T08:46:02.674Z] ✓ 14 unread message(s)
[2026-06-07T08:46:04.676Z] ✓ 14 unread message(s)
[2026-06-07T08:46:06.676Z] ✓ 14 unread message(s)
[2026-06-07T08:46:08.677Z] ✓ 14 unread message(s)
[2026-06-07T08:46:10.679Z] ✓ 14 unread message(s)
[2026-06-07T08:46:12.680Z] ✓ 14 unread message(s)
[2026-06-07T08:46:14.682Z] ✓ 14 unread message(s)
[2026-06-07T08:46:16.683Z] ✓ 14 unread message(s)
[2026-06-07T08:46:18.685Z] ✓ 14 unread message(s)
[2026-06-07T08:46:20.687Z] ✓ 14 unread message(s)
[2026-06-07T08:46:22.688Z] ✓ 14 unread message(s)
[2026-06-07T08:46:24.689Z] ✓ 14 unread message(s)
[2026-06-07T08:46:26.692Z] ✓ 14 unread message(s)
[2026-06-07T08:46:28.693Z] ✓ 14 unread message(s)
[2026-06-07T08:46:30.693Z] ✓ 14 unread message(s)
[2026-06-07T08:46:32.696Z] ✓ 14 unread message(s)
[2026-06-07T08:46:34.697Z] ✓ 14 unread message(s)
[2026-06-07T08:46:36.697Z] ✓ 14 unread message(s)
[2026-06-07T08:46:38.698Z] ✓ 14 unread message(s)
[2026-06-07T08:46:40.701Z] ✓ 14 unread message(s)
[2026-06-07T08:46:42.701Z] ✓ 14 unread message(s)
[2026-06-07T08:46:44.702Z] ✓ 14 unread message(s)
[2026-06-07T08:46:46.704Z] ✓ 14 unread message(s)
[2026-06-07T08:46:48.706Z] ✓ 14 unread message(s)
[2026-06-07T08:46:50.708Z] ✓ 14 unread message(s)
[2026-06-07T08:46:52.710Z] ✓ 14 unread message(s)
[2026-06-07T08:46:54.711Z] ✓ 14 unread message(s)
[2026-06-07T08:46:56.713Z] ✓ 14 unread message(s)
[2026-06-07T08:46:58.715Z] ✓ 14 unread message(s)
[2026-06-07T08:47:00.716Z] ✓ 14 unread message(s)
[2026-06-07T08:47:02.718Z] ✓ 14 unread message(s)
[2026-06-07T08:47:04.719Z] ✓ 14 unread message(s)
[2026-06-07T08:47:06.720Z] ✓ 14 unread message(s)
[2026-06-07T08:47:08.722Z] ✓ 14 unread message(s)
[2026-06-07T08:47:10.723Z] ✓ 14 unread message(s)
[2026-06-07T08:47:12.724Z] ✓ 14 unread message(s)
[2026-06-07T08:47:14.726Z] ✓ 14 unread message(s)
[2026-06-07T08:47:16.727Z] ✓ 14 unread message(s)
[2026-06-07T08:47:18.728Z] ✓ 14 unread message(s)
[2026-06-07T08:47:20.730Z] ✓ 14 unread message(s)
[2026-06-07T08:47:22.732Z] ✓ 14 unread message(s)
[2026-06-07T08:47:24.734Z] ✓ 14 unread message(s)
[2026-06-07T08:47:26.735Z] ✓ 14 unread message(s)
[2026-06-07T08:47:28.736Z] ✓ 14 unread message(s)
[2026-06-07T08:47:30.737Z] ✓ 14 unread message(s)
[2026-06-07T08:47:32.738Z] ✓ 14 unread message(s)
[2026-06-07T08:47:34.739Z] ✓ 14 unread message(s)
[2026-06-07T08:47:36.740Z] ✓ 14 unread message(s)
[2026-06-07T08:47:38.741Z] ✓ 14 unread message(s)
[2026-06-07T08:47:40.743Z] ✓ 14 unread message(s)
[2026-06-07T08:47:42.744Z] ✓ 14 unread message(s)
[2026-06-07T08:47:44.745Z] ✓ 14 unread message(s)
[2026-06-07T08:47:46.748Z] ✓ 14 unread message(s)
[2026-06-07T08:47:48.748Z] ✓ 14 unread message(s)
[2026-06-07T08:47:50.750Z] ✓ 14 unread message(s)
[2026-06-07T08:47:52.751Z] ✓ 14 unread message(s)
[2026-06-07T08:47:54.753Z] ✓ 14 unread message(s)
[2026-06-07T08:47:56.755Z] ✓ 14 unread message(s)
[2026-06-07T08:47:58.755Z] ✓ 14 unread message(s)
[2026-06-07T08:48:00.757Z] ✓ 14 unread message(s)
[2026-06-07T08:48:02.758Z] ✓ 14 unread message(s)
[2026-06-07T08:48:04.759Z] ✓ 14 unread message(s)
[2026-06-07T08:48:06.759Z] ✓ 14 unread message(s)
[2026-06-07T08:48:08.761Z] ✓ 14 unread message(s)
[2026-06-07T08:48:10.762Z] ✓ 14 unread message(s)
[2026-06-07T08:48:12.762Z] ✓ 14 unread message(s)
[2026-06-07T08:48:14.764Z] ✓ 14 unread message(s)
[2026-06-07T08:48:16.766Z] ✓ 14 unread message(s)
[2026-06-07T08:48:18.766Z] ✓ 14 unread message(s)
[2026-06-07T08:48:20.768Z] ✓ 14 unread message(s)
[2026-06-07T08:48:22.769Z] ✓ 14 unread message(s)
[2026-06-07T08:48:24.771Z] ✓ 14 unread message(s)
[2026-06-07T08:48:26.773Z] ✓ 14 unread message(s)
[2026-06-07T08:48:28.774Z] ✓ 14 unread message(s)
[2026-06-07T08:48:30.775Z] ✓ 14 unread message(s)
[2026-06-07T08:48:32.776Z] ✓ 14 unread message(s)
[2026-06-07T08:48:34.777Z] ✓ 14 unread message(s)
[2026-06-07T08:48:36.778Z] ✓ 14 unread message(s)
[2026-06-07T08:48:38.779Z] ✓ 14 unread message(s)
[2026-06-07T08:48:49.139Z] Starting listener on localhost:9099
[2026-06-07T08:48:49.140Z] Gemini terminal detected: /dev/pts/0
[2026-06-07T08:48:49.152Z] Initial fetch failed: 
[2026-06-07T08:48:49.154Z] Connection error: 
[2026-06-07T08:48:51.159Z] ✓ 16 unread message(s)
[2026-06-07T08:48:51.174Z] ✓ Mirrored message to Gemini TTY (/dev/pts/0)
[2026-06-07T08:48:51.174Z] ✓ Mirrored message to Gemini TTY (/dev/pts/0)
[2026-06-07T08:48:51.174Z] ✓ Mirrored message to Gemini TTY (/dev/pts/0)
[2026-06-07T08:48:51.174Z] ✓ Mirrored message to Gemini TTY (/dev/pts/0)
[2026-06-07T08:48:51.174Z] ✓ Mirrored message to Gemini TTY (/dev/pts/0)
[2026-06-07T08:48:51.175Z] ✓ Mirrored message to Gemini TTY (/dev/pts/0)
[2026-06-07T08:48:51.175Z] ✓ Mirrored message to Gemini TTY (/dev/pts/0)
[2026-06-07T08:48:51.175Z] ✓ Mirrored message to Gemini TTY (/dev/pts/0)
[2026-06-07T08:48:51.175Z] ✓ Mirrored message to Gemini TTY (/dev/pts/0)
[2026-06-07T08:48:51.175Z] ✓ Mirrored message to Gemini TTY (/dev/pts/0)
[2026-06-07T08:48:51.175Z] ✓ Mirrored message to Gemini TTY (/dev/pts/0)
[2026-06-07T08:48:51.176Z] ✓ Mirrored message to Gemini TTY (/dev/pts/0)
[2026-06-07T08:48:51.176Z] ✓ Mirrored message to Gemini TTY (/dev/pts/0)
[2026-06-07T08:48:51.176Z] ✓ Mirrored message to Gemini TTY (/dev/pts/0)
[2026-06-07T08:48:51.176Z] ✓ Mirrored message to Gemini TTY (/dev/pts/0)
[2026-06-07T08:48:51.176Z] ✓ Mirrored message to Gemini TTY (/dev/pts/0)
[2026-06-07T08:48:53.179Z] ✓ 16 unread message(s)
[2026-06-07T08:48:55.181Z] ✓ 16 unread message(s)
[2026-06-07T08:48:57.183Z] ✓ 16 unread message(s)
[2026-06-07T08:48:59.184Z] ✓ 16 unread message(s)
[2026-06-07T08:49:01.187Z] ✓ 16 unread message(s)
[2026-06-07T08:49:03.188Z] ✓ 16 unread message(s)
[2026-06-07T08:49:05.190Z] ✓ 16 unread message(s)
[2026-06-07T08:49:07.192Z] ✓ 16 unread message(s)
[2026-06-07T08:49:09.193Z] ✓ 16 unread message(s)
[2026-06-07T08:49:11.194Z] ✓ 16 unread message(s)
[2026-06-07T08:49:13.195Z] ✓ 16 unread message(s)
[2026-06-07T08:49:15.197Z] ✓ 16 unread message(s)
[2026-06-07T08:49:17.199Z] ✓ 16 unread message(s)
[2026-06-07T08:49:19.200Z] ✓ 16 unread message(s)
[2026-06-07T08:49:21.203Z] ✓ 16 unread message(s)
[2026-06-07T08:49:23.204Z] ✓ 16 unread message(s)
[2026-06-07T08:49:25.206Z] ✓ 16 unread message(s)
[2026-06-07T08:49:27.208Z] ✓ 16 unread message(s)
[2026-06-07T08:49:29.209Z] ✓ 16 unread message(s)
[2026-06-07T08:49:31.211Z] ✓ 16 unread message(s)
[2026-06-07T08:49:33.213Z] ✓ 16 unread message(s)
[2026-06-07T08:49:35.214Z] ✓ 16 unread message(s)
[2026-06-07T08:49:37.215Z] ✓ 16 unread message(s)
[2026-06-07T08:49:39.217Z] ✓ 16 unread message(s)
[2026-06-07T08:49:41.219Z] ✓ 16 unread message(s)
[2026-06-07T08:49:43.220Z] ✓ 16 unread message(s)
[2026-06-07T08:49:45.221Z] ✓ 16 unread message(s)
[2026-06-07T08:49:47.223Z] ✓ 16 unread message(s)
[2026-06-07T08:49:49.223Z] ✓ 16 unread message(s)
[2026-06-07T08:49:51.226Z] ✓ 16 unread message(s)
[2026-06-07T08:49:53.228Z] ✓ 16 unread message(s)
[2026-06-07T08:49:55.228Z] ✓ 16 unread message(s)
[2026-06-07T08:49:57.231Z] ✓ 16 unread message(s)
[2026-06-07T08:49:59.233Z] ✓ 16 unread message(s)
[2026-06-07T08:50:01.233Z] ✓ 16 unread message(s)
[2026-06-07T08:50:03.234Z] ✓ 16 unread message(s)
[2026-06-07T08:50:05.235Z] ✓ 16 unread message(s)
[2026-06-07T08:50:07.236Z] ✓ 16 unread message(s)
[2026-06-07T08:50:09.238Z] ✓ 16 unread message(s)
[2026-06-07T08:50:11.239Z] ✓ 16 unread message(s)
[2026-06-07T08:50:13.240Z] ✓ 16 unread message(s)
[2026-06-07T08:50:15.241Z] ✓ 16 unread message(s)
[2026-06-07T08:50:17.244Z] ✓ 16 unread message(s)
[2026-06-07T08:50:19.246Z] ✓ 16 unread message(s)
[2026-06-07T08:50:21.247Z] ✓ 16 unread message(s)
[2026-06-07T08:50:23.249Z] ✓ 16 unread message(s)
[2026-06-07T08:50:25.250Z] ✓ 16 unread message(s)
[2026-06-07T08:50:27.250Z] ✓ 16 unread message(s)
[2026-06-07T08:50:29.252Z] ✓ 16 unread message(s)
[2026-06-07T08:50:31.254Z] ✓ 16 unread message(s)
[2026-06-07T08:50:33.255Z] ✓ 16 unread message(s)
[2026-06-07T08:50:35.257Z] ✓ 16 unread message(s)
[2026-06-07T08:50:37.258Z] ✓ 16 unread message(s)
[2026-06-07T08:50:39.260Z] ✓ 16 unread message(s)
[2026-06-07T08:50:41.262Z] ✓ 16 unread message(s)
[2026-06-07T08:50:43.262Z] ✓ 16 unread message(s)
[2026-06-07T08:50:45.263Z] ✓ 16 unread message(s)
[2026-06-07T08:50:47.266Z] ✓ 16 unread message(s)
[2026-06-07T08:50:49.266Z] ✓ 16 unread message(s)
[2026-06-07T08:50:51.267Z] ✓ 16 unread message(s)
[2026-06-07T08:50:53.269Z] ✓ 16 unread message(s)
[2026-06-07T08:50:55.270Z] ✓ 16 unread message(s)
[2026-06-07T08:50:57.273Z] ✓ 16 unread message(s)
[2026-06-07T08:50:59.275Z] ✓ 16 unread message(s)
[2026-06-07T08:51:01.276Z] ✓ 16 unread message(s)
[2026-06-07T08:51:03.277Z] ✓ 16 unread message(s)
[2026-06-07T08:51:05.278Z] ✓ 16 unread message(s)
[2026-06-07T08:51:07.280Z] ✓ 16 unread message(s)
[2026-06-07T08:51:09.282Z] ✓ 16 unread message(s)
[2026-06-07T08:51:11.283Z] ✓ 16 unread message(s)
[2026-06-07T08:51:13.285Z] ✓ 16 unread message(s)
[2026-06-07T08:51:15.287Z] ✓ 16 unread message(s)
[2026-06-07T08:51:17.288Z] ✓ 16 unread message(s)
[2026-06-07T08:51:19.289Z] ✓ 16 unread message(s)
[2026-06-07T08:51:21.292Z] ✓ 16 unread message(s)
[2026-06-07T08:51:23.294Z] ✓ 16 unread message(s)
[2026-06-07T08:51:25.294Z] ✓ 16 unread message(s)
[2026-06-07T08:51:27.297Z] ✓ 16 unread message(s)
[2026-06-07T08:51:29.299Z] ✓ 16 unread message(s)
[2026-06-07T08:51:31.299Z] ✓ 16 unread message(s)
[2026-06-07T08:51:33.301Z] ✓ 16 unread message(s)
[2026-06-07T08:51:35.303Z] ✓ 16 unread message(s)
[2026-06-07T08:51:37.304Z] ✓ 16 unread message(s)
[2026-06-07T08:51:39.305Z] ✓ 16 unread message(s)
[2026-06-07T08:51:41.307Z] ✓ 16 unread message(s)
[2026-06-07T08:51:43.308Z] ✓ 16 unread message(s)
[2026-06-07T08:51:45.310Z] ✓ 16 unread message(s)
[2026-06-07T08:51:47.311Z] ✓ 16 unread message(s)
[2026-06-07T08:51:49.312Z] ✓ 16 unread message(s)
[2026-06-07T08:51:51.315Z] ✓ 16 unread message(s)
[2026-06-07T08:51:53.315Z] ✓ 16 unread message(s)
[2026-06-07T08:51:55.317Z] ✓ 16 unread message(s)
[2026-06-07T08:51:57.318Z] ✓ 16 unread message(s)
[2026-06-07T08:51:59.319Z] ✓ 16 unread message(s)
[2026-06-07T08:52:01.319Z] ✓ 16 unread message(s)
[2026-06-07T08:52:03.321Z] ✓ 16 unread message(s)
[2026-06-07T08:52:05.323Z] ✓ 16 unread message(s)
[2026-06-07T08:52:07.324Z] ✓ 16 unread message(s)
[2026-06-07T08:52:09.325Z] ✓ 16 unread message(s)
[2026-06-07T08:52:11.326Z] ✓ 16 unread message(s)
[2026-06-07T08:52:13.327Z] ✓ 16 unread message(s)
[2026-06-07T08:52:15.328Z] ✓ 16 unread message(s)
[2026-06-07T08:52:17.331Z] ✓ 16 unread message(s)
[2026-06-07T08:52:19.333Z] ✓ 16 unread message(s)
[2026-06-07T08:52:21.334Z] ✓ 16 unread message(s)
[2026-06-07T08:52:23.335Z] ✓ 16 unread message(s)
[2026-06-07T08:52:25.337Z] ✓ 16 unread message(s)
[2026-06-07T08:52:27.339Z] ✓ 16 unread message(s)
[2026-06-07T08:52:29.339Z] ✓ 16 unread message(s)
[2026-06-07T08:52:31.340Z] ✓ 16 unread message(s)
[2026-06-07T08:52:33.343Z] ✓ 16 unread message(s)
[2026-06-07T08:52:35.345Z] ✓ 16 unread message(s)
[2026-06-07T08:52:37.346Z] ✓ 16 unread message(s)
[2026-06-07T08:52:39.347Z] ✓ 16 unread message(s)
[2026-06-07T08:52:41.349Z] ✓ 16 unread message(s)
[2026-06-07T08:52:43.351Z] ✓ 16 unread message(s)
[2026-06-07T08:52:45.352Z] ✓ 16 unread message(s)
[2026-06-07T08:52:47.354Z] ✓ 16 unread message(s)
[2026-06-07T08:52:49.355Z] ✓ 16 unread message(s)
[2026-06-07T08:52:51.358Z] ✓ 16 unread message(s)
[2026-06-07T08:52:53.359Z] ✓ 16 unread message(s)
[2026-06-07T08:52:55.360Z] ✓ 16 unread message(s)
[2026-06-07T08:52:57.362Z] ✓ 16 unread message(s)
[2026-06-07T08:52:59.363Z] ✓ 16 unread message(s)
[2026-06-07T08:53:01.365Z] ✓ 16 unread message(s)
[2026-06-07T08:53:03.366Z] ✓ 16 unread message(s)
[2026-06-07T08:53:05.367Z] ✓ 16 unread message(s)
[2026-06-07T08:53:07.368Z] ✓ 16 unread message(s)
[2026-06-07T08:53:09.369Z] ✓ 16 unread message(s)
[2026-06-07T08:53:11.372Z] ✓ 16 unread message(s)
[2026-06-07T08:53:13.373Z] ✓ 16 unread message(s)
[2026-06-07T08:53:15.374Z] ✓ 16 unread message(s)
[2026-06-07T08:53:17.376Z] ✓ 16 unread message(s)
[2026-06-07T08:53:19.376Z] ✓ 16 unread message(s)
[2026-06-07T08:53:21.378Z] ✓ 16 unread message(s)
[2026-06-07T08:53:23.379Z] ✓ 16 unread message(s)
[2026-06-07T08:53:25.380Z] ✓ 16 unread message(s)
[2026-06-07T08:53:27.382Z] ✓ 16 unread message(s)
[2026-06-07T08:53:29.383Z] ✓ 16 unread message(s)
[2026-06-07T08:53:31.384Z] ✓ 16 unread message(s)
[2026-06-07T08:53:33.385Z] ✓ 16 unread message(s)
[2026-06-07T08:53:35.386Z] ✓ 16 unread message(s)
[2026-06-07T08:53:37.388Z] ✓ 16 unread message(s)
[2026-06-07T08:53:39.390Z] ✓ 16 unread message(s)
[2026-06-07T08:53:41.390Z] ✓ 16 unread message(s)
[2026-06-07T08:53:43.391Z] ✓ 16 unread message(s)
[2026-06-07T08:53:45.392Z] ✓ 16 unread message(s)
[2026-06-07T08:53:47.395Z] ✓ 16 unread message(s)
[2026-06-07T08:53:49.396Z] ✓ 16 unread message(s)
[2026-06-07T08:53:51.397Z] ✓ 16 unread message(s)
[2026-06-07T08:53:53.399Z] ✓ 16 unread message(s)
[2026-06-07T08:53:55.399Z] ✓ 16 unread message(s)
[2026-06-07T08:53:57.400Z] ✓ 16 unread message(s)
[2026-06-07T08:53:59.401Z] ✓ 16 unread message(s)
[2026-06-07T08:54:01.402Z] ✓ 16 unread message(s)
[2026-06-07T08:54:03.404Z] ✓ 16 unread message(s)
[2026-06-07T08:54:05.404Z] ✓ 16 unread message(s)
[2026-06-07T08:54:07.405Z] ✓ 16 unread message(s)
[2026-06-07T08:54:09.405Z] ✓ 16 unread message(s)
[2026-06-07T08:54:11.407Z] ✓ 16 unread message(s)
[2026-06-07T08:54:13.408Z] ✓ 16 unread message(s)
[2026-06-07T08:54:15.410Z] ✓ 16 unread message(s)
[2026-06-07T08:54:17.412Z] ✓ 16 unread message(s)
[2026-06-07T08:54:19.412Z] ✓ 16 unread message(s)
[2026-06-07T08:54:21.413Z] ✓ 16 unread message(s)
[2026-06-07T08:54:23.416Z] ✓ 16 unread message(s)
[2026-06-07T08:54:25.417Z] ✓ 16 unread message(s)
[2026-06-07T08:54:27.419Z] ✓ 16 unread message(s)
[2026-06-07T08:54:29.420Z] ✓ 16 unread message(s)
[2026-06-07T08:54:31.421Z] ✓ 16 unread message(s)
[2026-06-07T08:54:33.424Z] ✓ 16 unread message(s)
[2026-06-07T08:54:35.424Z] ✓ 16 unread message(s)
[2026-06-07T08:54:37.426Z] ✓ 16 unread message(s)
[2026-06-07T08:54:39.187Z] ⚡ WOKEN by wake file: Polling bridge immediately
[2026-06-07T08:54:39.188Z] ✓ 17 unread message(s)
[2026-06-07T08:54:39.189Z] ✓ Mirrored message to Gemini TTY (/dev/pts/0)
[2026-06-07T08:54:39.427Z] ✓ 17 unread message(s)
[2026-06-07T08:54:41.430Z] ✓ 17 unread message(s)
[2026-06-07T08:54:43.432Z] ✓ 17 unread message(s)
[2026-06-07T08:54:45.433Z] ✓ 17 unread message(s)
[2026-06-07T08:54:47.434Z] ✓ 17 unread message(s)
[2026-06-07T08:54:49.435Z] ✓ 17 unread message(s)
[2026-06-07T08:54:51.438Z] ✓ 17 unread message(s)
[2026-06-07T08:54:53.439Z] ✓ 17 unread message(s)
[2026-06-07T08:54:55.440Z] ✓ 17 unread message(s)
[2026-06-07T08:54:57.442Z] ✓ 17 unread message(s)
[2026-06-07T08:54:59.443Z] ✓ 17 unread message(s)
[2026-06-07T08:55:01.445Z] ✓ 17 unread message(s)
[2026-06-07T08:55:03.445Z] ✓ 17 unread message(s)
[2026-06-07T08:55:05.446Z] ✓ 17 unread message(s)
[2026-06-07T08:55:07.447Z] ✓ 17 unread message(s)
[2026-06-07T08:55:09.448Z] ✓ 17 unread message(s)
[2026-06-07T08:55:11.450Z] ✓ 17 unread message(s)
[2026-06-07T08:55:13.450Z] ✓ 17 unread message(s)
[2026-06-07T08:55:15.452Z] ✓ 17 unread message(s)
[2026-06-07T08:55:17.453Z] ✓ 17 unread message(s)
[2026-06-07T08:55:19.454Z] ✓ 17 unread message(s)
[2026-06-07T08:55:21.457Z] ✓ 17 unread message(s)
[2026-06-07T08:55:23.458Z] ✓ 17 unread message(s)
[2026-06-07T08:55:25.460Z] ✓ 17 unread message(s)
[2026-06-07T08:55:27.461Z] ✓ 17 unread message(s)
[2026-06-07T08:55:29.463Z] ✓ 17 unread message(s)
[2026-06-07T08:55:31.464Z] ✓ 17 unread message(s)
[2026-06-07T08:55:33.467Z] ✓ 17 unread message(s)
[2026-06-07T08:55:35.468Z] ✓ 17 unread message(s)
[2026-06-07T08:55:37.469Z] ✓ 17 unread message(s)
[2026-06-07T08:55:39.470Z] ✓ 17 unread message(s)
[2026-06-07T08:55:41.473Z] ✓ 17 unread message(s)
[2026-06-07T08:55:43.474Z] ✓ 17 unread message(s)
[2026-06-07T08:55:45.474Z] ✓ 17 unread message(s)
[2026-06-07T08:55:47.477Z] ✓ 17 unread message(s)
[2026-06-07T08:55:49.478Z] ✓ 17 unread message(s)
[2026-06-07T08:55:51.479Z] ✓ 17 unread message(s)
[2026-06-07T08:55:53.481Z] ✓ 17 unread message(s)
[2026-06-07T08:55:55.482Z] ✓ 17 unread message(s)
[2026-06-07T08:55:57.484Z] ✓ 17 unread message(s)
[2026-06-07T08:55:59.209Z] ⚡ WOKEN by wake file: Polling bridge immediately
[2026-06-07T08:55:59.210Z] ✓ 18 unread message(s)
[2026-06-07T08:55:59.211Z] ✓ Mirrored message to Gemini TTY (/dev/pts/0)
[2026-06-07T08:55:59.484Z] ✓ 18 unread message(s)
[2026-06-07T08:56:01.486Z] ✓ 18 unread message(s)
[2026-06-07T08:56:03.488Z] ✓ 18 unread message(s)
[2026-06-07T08:56:05.489Z] ✓ 18 unread message(s)
[2026-06-07T08:56:07.490Z] ✓ 18 unread message(s)
[2026-06-07T08:56:09.490Z] ✓ 18 unread message(s)
[2026-06-07T08:56:11.493Z] ✓ 18 unread message(s)
[2026-06-07T08:56:13.495Z] ✓ 18 unread message(s)
[2026-06-07T08:56:15.495Z] ✓ 18 unread message(s)
[2026-06-07T08:56:17.498Z] ✓ 18 unread message(s)
[2026-06-07T08:56:19.499Z] ✓ 18 unread message(s)
[2026-06-07T08:56:21.502Z] ✓ 18 unread message(s)
[2026-06-07T08:56:23.503Z] ✓ 18 unread message(s)
[2026-06-07T08:56:25.504Z] ✓ 18 unread message(s)
[2026-06-07T08:56:27.507Z] ✓ 18 unread message(s)
[2026-06-07T08:56:29.507Z] ✓ 18 unread message(s)
[2026-06-07T08:56:31.508Z] ✓ 18 unread message(s)
[2026-06-07T08:56:33.511Z] ✓ 18 unread message(s)
[2026-06-07T08:56:35.511Z] ✓ 18 unread message(s)
[2026-06-07T08:56:37.512Z] ✓ 18 unread message(s)
[2026-06-07T08:56:39.513Z] ✓ 18 unread message(s)
[2026-06-07T08:56:41.515Z] ✓ 18 unread message(s)
[2026-06-07T08:56:43.516Z] ✓ 18 unread message(s)
[2026-06-07T08:56:45.518Z] ✓ 18 unread message(s)
[2026-06-07T08:56:47.518Z] ✓ 18 unread message(s)
[2026-06-07T08:56:49.520Z] ✓ 18 unread message(s)
[2026-06-07T08:56:51.522Z] ✓ 18 unread message(s)
[2026-06-07T08:56:53.524Z] ✓ 18 unread message(s)
[2026-06-07T08:56:55.525Z] ✓ 18 unread message(s)
[2026-06-07T08:56:57.528Z] ✓ 18 unread message(s)
[2026-06-07T08:56:59.529Z] ✓ 18 unread message(s)
[2026-06-07T08:57:01.529Z] ✓ 18 unread message(s)
[2026-06-07T08:57:03.530Z] ✓ 18 unread message(s)
[2026-06-07T08:57:05.532Z] ✓ 18 unread message(s)
[2026-06-07T08:57:07.532Z] ✓ 18 unread message(s)
[2026-06-07T08:57:09.533Z] ✓ 18 unread message(s)
[2026-06-07T08:57:11.535Z] ✓ 18 unread message(s)
[2026-06-07T08:57:13.536Z] ✓ 18 unread message(s)
[2026-06-07T08:57:15.538Z] ✓ 18 unread message(s)
[2026-06-07T08:57:17.539Z] ✓ 18 unread message(s)
[2026-06-07T08:57:19.540Z] ✓ 18 unread message(s)
[2026-06-07T08:57:21.543Z] ✓ 18 unread message(s)
[2026-06-07T08:57:23.544Z] ✓ 18 unread message(s)
[2026-06-07T08:57:25.545Z] ✓ 18 unread message(s)
[2026-06-07T08:57:27.547Z] ✓ 18 unread message(s)
[2026-06-07T08:57:29.547Z] ✓ 18 unread message(s)
[2026-06-07T08:57:31.548Z] ✓ 18 unread message(s)
[2026-06-07T08:57:33.550Z] ✓ 18 unread message(s)
[2026-06-07T08:57:35.551Z] ✓ 18 unread message(s)
[2026-06-07T08:57:37.552Z] ✓ 18 unread message(s)
[2026-06-07T08:57:39.554Z] ✓ 18 unread message(s)
[2026-06-07T08:57:41.556Z] ✓ 18 unread message(s)
[2026-06-07T08:57:43.557Z] ✓ 18 unread message(s)
[2026-06-07T08:57:45.559Z] ✓ 18 unread message(s)
[2026-06-07T08:57:47.560Z] ✓ 18 unread message(s)
[2026-06-07T08:57:49.561Z] ✓ 18 unread message(s)
[2026-06-07T08:57:51.563Z] ✓ 18 unread message(s)
[2026-06-07T08:57:53.565Z] ✓ 18 unread message(s)
[2026-06-07T08:57:55.566Z] ✓ 18 unread message(s)
[2026-06-07T08:57:57.568Z] ✓ 18 unread message(s)
[2026-06-07T08:57:59.569Z] ✓ 18 unread message(s)
[2026-06-07T08:58:01.569Z] ✓ 18 unread message(s)
[2026-06-07T08:58:03.572Z] ✓ 18 unread message(s)
[2026-06-07T08:58:05.573Z] ✓ 18 unread message(s)
[2026-06-07T08:58:07.575Z] ✓ 18 unread message(s)
[2026-06-07T08:58:09.576Z] ✓ 18 unread message(s)
[2026-06-07T08:58:11.579Z] ✓ 18 unread message(s)
[2026-06-07T08:58:13.580Z] ✓ 18 unread message(s)
[2026-06-07T08:58:15.581Z] ✓ 18 unread message(s)
[2026-06-07T08:58:17.583Z] ✓ 18 unread message(s)
[2026-06-07T08:58:19.582Z] ✓ 18 unread message(s)
[2026-06-07T08:58:21.586Z] ✓ 18 unread message(s)
[2026-06-07T08:58:23.588Z] ✓ 18 unread message(s)
[2026-06-07T08:58:25.588Z] ✓ 18 unread message(s)
[2026-06-07T08:58:27.590Z] ✓ 18 unread message(s)
[2026-06-07T08:58:29.591Z] ✓ 18 unread message(s)
[2026-06-07T08:58:31.592Z] ✓ 18 unread message(s)
[2026-06-07T08:58:33.593Z] ✓ 18 unread message(s)
[2026-06-07T08:58:35.594Z] ✓ 18 unread message(s)
[2026-06-07T08:58:37.595Z] ✓ 18 unread message(s)
[2026-06-07T08:58:39.597Z] ✓ 18 unread message(s)
[2026-06-07T08:58:41.599Z] ✓ 18 unread message(s)
[2026-06-07T08:58:43.599Z] ✓ 18 unread message(s)
[2026-06-07T08:58:45.601Z] ✓ 18 unread message(s)
[2026-06-07T08:58:47.602Z] ✓ 18 unread message(s)
[2026-06-07T08:58:49.603Z] ✓ 18 unread message(s)
[2026-06-07T08:58:51.606Z] ✓ 18 unread message(s)
[2026-06-07T08:58:53.607Z] ✓ 18 unread message(s)
[2026-06-07T08:58:55.609Z] ✓ 18 unread message(s)
[2026-06-07T08:58:57.610Z] ✓ 18 unread message(s)
[2026-06-07T08:58:59.610Z] ✓ 18 unread message(s)
[2026-06-07T08:59:01.611Z] ✓ 18 unread message(s)
[2026-06-07T08:59:03.614Z] ✓ 18 unread message(s)
[2026-06-07T08:59:05.614Z] ✓ 18 unread message(s)
[2026-06-07T08:59:07.615Z] ✓ 18 unread message(s)
[2026-06-07T08:59:09.616Z] ✓ 18 unread message(s)
[2026-06-07T08:59:11.619Z] ✓ 18 unread message(s)
[2026-06-07T08:59:13.620Z] ✓ 18 unread message(s)
[2026-06-07T08:59:15.621Z] ✓ 18 unread message(s)
[2026-06-07T08:59:17.623Z] ✓ 18 unread message(s)
[2026-06-07T08:59:19.624Z] ✓ 18 unread message(s)
[2026-06-07T08:59:21.625Z] ✓ 18 unread message(s)
[2026-06-07T08:59:23.627Z] ✓ 18 unread message(s)
[2026-06-07T08:59:25.628Z] ✓ 18 unread message(s)
[2026-06-07T08:59:27.630Z] ✓ 18 unread message(s)
[2026-06-07T08:59:29.630Z] ✓ 18 unread message(s)
[2026-06-07T08:59:31.632Z] ✓ 18 unread message(s)
[2026-06-07T08:59:33.634Z] ✓ 18 unread message(s)
[2026-06-07T08:59:35.635Z] ✓ 18 unread message(s)
[2026-06-07T08:59:37.635Z] ✓ 18 unread message(s)
[2026-06-07T08:59:39.636Z] ✓ 18 unread message(s)
[2026-06-07T08:59:41.639Z] ✓ 18 unread message(s)
[2026-06-07T08:59:43.640Z] ✓ 18 unread message(s)
[2026-06-07T08:59:45.642Z] ✓ 18 unread message(s)
[2026-06-07T08:59:47.643Z] ✓ 18 unread message(s)
[2026-06-07T08:59:49.643Z] ✓ 18 unread message(s)
[2026-06-07T08:59:51.646Z] ✓ 18 unread message(s)
[2026-06-07T08:59:53.648Z] ✓ 18 unread message(s)
[2026-06-07T08:59:55.647Z] ✓ 18 unread message(s)
[2026-06-07T08:59:57.651Z] ✓ 18 unread message(s)
[2026-06-07T08:59:59.651Z] ✓ 18 unread message(s)
[2026-06-07T09:00:01.652Z] ✓ 18 unread message(s)
[2026-06-07T09:00:03.654Z] ✓ 18 unread message(s)
[2026-06-07T09:00:05.655Z] ✓ 18 unread message(s)
[2026-06-07T09:00:07.656Z] ✓ 18 unread message(s)
[2026-06-07T09:00:09.657Z] ✓ 18 unread message(s)
[2026-06-07T09:00:11.659Z] ✓ 18 unread message(s)
[2026-06-07T09:00:13.660Z] ✓ 19 unread message(s)
[2026-06-07T09:00:13.661Z] ✓ Mirrored message to Gemini TTY (/dev/pts/0)
[2026-06-07T09:00:14.279Z] ⚡ WOKEN by wake file: Polling bridge immediately
[2026-06-07T09:00:14.280Z] ✓ 19 unread message(s)
[2026-06-07T09:00:15.661Z] ✓ 19 unread message(s)
[2026-06-07T09:00:17.665Z] ✓ 19 unread message(s)
[2026-06-07T09:00:19.666Z] ✓ 19 unread message(s)
[2026-06-07T09:00:21.668Z] ✓ 19 unread message(s)
[2026-06-07T09:00:23.669Z] ✓ 19 unread message(s)
[2026-06-07T09:00:25.670Z] ✓ 19 unread message(s)
[2026-06-07T09:00:27.672Z] ✓ 19 unread message(s)
[2026-06-07T09:00:29.673Z] ✓ 19 unread message(s)
[2026-06-07T09:00:31.674Z] ✓ 19 unread message(s)
[2026-06-07T09:00:33.676Z] ✓ 19 unread message(s)
[2026-06-07T09:00:35.676Z] ✓ 19 unread message(s)
[2026-06-07T09:00:37.678Z] ✓ 19 unread message(s)
[2026-06-07T09:00:39.679Z] ✓ 19 unread message(s)
[2026-06-07T09:00:41.681Z] ✓ 19 unread message(s)
[2026-06-07T09:00:43.682Z] ✓ 19 unread message(s)
[2026-06-07T09:00:45.684Z] ✓ 19 unread message(s)
[2026-06-07T09:00:47.685Z] ✓ 19 unread message(s)
[2026-06-07T09:00:49.686Z] ✓ 19 unread message(s)
[2026-06-07T09:00:51.688Z] ✓ 19 unread message(s)
[2026-06-07T09:00:53.689Z] ✓ 19 unread message(s)
[2026-06-07T09:00:55.690Z] ✓ 19 unread message(s)
[2026-06-07T09:00:57.693Z] ✓ 19 unread message(s)
[2026-06-07T09:00:59.693Z] ✓ 19 unread message(s)
[2026-06-07T09:01:01.694Z] ✓ 19 unread message(s)
[2026-06-07T09:01:03.697Z] ✓ 19 unread message(s)
[2026-06-07T09:01:05.698Z] ✓ 19 unread message(s)
[2026-06-07T09:01:07.698Z] ✓ 19 unread message(s)
[2026-06-07T09:01:09.700Z] ✓ 19 unread message(s)
[2026-06-07T09:01:11.701Z] ✓ 19 unread message(s)
[2026-06-07T09:01:13.703Z] ✓ 19 unread message(s)
[2026-06-07T09:01:15.705Z] ✓ 19 unread message(s)
[2026-06-07T09:01:17.707Z] ✓ 19 unread message(s)
[2026-06-07T09:01:19.707Z] ✓ 19 unread message(s)
[2026-06-07T09:01:21.709Z] ✓ 19 unread message(s)
[2026-06-07T09:01:23.711Z] ✓ 19 unread message(s)
[2026-06-07T09:01:25.712Z] ✓ 19 unread message(s)
[2026-06-07T09:01:27.714Z] ✓ 19 unread message(s)
[2026-06-07T09:01:29.715Z] ✓ 19 unread message(s)
[2026-06-07T09:01:31.717Z] ✓ 19 unread message(s)
[2026-06-07T09:01:33.719Z] ✓ 19 unread message(s)
[2026-06-07T09:01:35.719Z] ✓ 19 unread message(s)
[2026-06-07T09:01:37.721Z] ✓ 19 unread message(s)
[2026-06-07T09:01:39.721Z] ✓ 19 unread message(s)
[2026-06-07T09:01:41.724Z] ✓ 19 unread message(s)
[2026-06-07T09:01:43.725Z] ✓ 19 unread message(s)
[2026-06-07T09:01:45.726Z] ✓ 19 unread message(s)
[2026-06-07T09:01:47.728Z] ✓ 19 unread message(s)
[2026-06-07T09:01:49.728Z] ✓ 19 unread message(s)
[2026-06-07T09:01:51.731Z] ✓ 19 unread message(s)
[2026-06-07T09:01:53.732Z] ✓ 19 unread message(s)
[2026-06-07T09:01:55.734Z] ✓ 19 unread message(s)
[2026-06-07T09:01:57.736Z] ✓ 19 unread message(s)
[2026-06-07T09:01:59.736Z] ✓ 19 unread message(s)
[2026-06-07T09:02:01.737Z] ✓ 19 unread message(s)
[2026-06-07T09:02:03.738Z] ✓ 19 unread message(s)
[2026-06-07T09:02:05.738Z] ✓ 19 unread message(s)
[2026-06-07T09:02:07.739Z] ✓ 19 unread message(s)
[2026-06-07T09:02:09.740Z] ✓ 19 unread message(s)
[2026-06-07T09:02:11.741Z] ✓ 19 unread message(s)
[2026-06-07T09:02:13.742Z] ✓ 19 unread message(s)
[2026-06-07T09:02:15.744Z] ✓ 19 unread message(s)
[2026-06-07T09:02:17.745Z] ✓ 19 unread message(s)
[2026-06-07T09:02:19.746Z] ✓ 19 unread message(s)
[2026-06-07T09:02:21.749Z] ✓ 19 unread message(s)
[2026-06-07T09:02:23.750Z] ✓ 19 unread message(s)
[2026-06-07T09:02:25.752Z] ✓ 19 unread message(s)
[2026-06-07T09:02:27.753Z] ✓ 19 unread message(s)
[2026-06-07T09:02:29.753Z] ✓ 19 unread message(s)
[2026-06-07T09:02:31.754Z] ✓ 19 unread message(s)
[2026-06-07T09:02:33.756Z] ✓ 19 unread message(s)
[2026-06-07T09:02:35.757Z] ✓ 19 unread message(s)
[2026-06-07T09:02:37.758Z] ✓ 19 unread message(s)
[2026-06-07T09:02:39.759Z] ✓ 19 unread message(s)
[2026-06-07T09:02:41.761Z] ✓ 19 unread message(s)
[2026-06-07T09:02:43.762Z] ✓ 19 unread message(s)
[2026-06-07T09:02:45.762Z] ✓ 19 unread message(s)
[2026-06-07T09:02:47.765Z] ✓ 19 unread message(s)
[2026-06-07T09:02:49.766Z] ✓ 19 unread message(s)
[2026-06-07T09:02:51.766Z] ✓ 19 unread message(s)
[2026-06-07T09:02:53.769Z] ✓ 19 unread message(s)
[2026-06-07T09:02:55.770Z] ✓ 19 unread message(s)
[2026-06-07T09:02:57.772Z] ✓ 19 unread message(s)
[2026-06-07T09:02:59.772Z] ✓ 19 unread message(s)
[2026-06-07T09:03:01.773Z] ✓ 19 unread message(s)
[2026-06-07T09:03:03.776Z] ✓ 19 unread message(s)
[2026-06-07T09:03:05.777Z] ✓ 19 unread message(s)
[2026-06-07T09:03:07.779Z] ✓ 19 unread message(s)
[2026-06-07T09:03:09.780Z] ✓ 19 unread message(s)
[2026-06-07T09:03:11.782Z] ✓ 19 unread message(s)
[2026-06-07T09:03:13.783Z] ✓ 19 unread message(s)
[2026-06-07T09:03:15.784Z] ✓ 19 unread message(s)
[2026-06-07T09:03:17.786Z] ✓ 19 unread message(s)
[2026-06-07T09:03:19.786Z] ✓ 19 unread message(s)
[2026-06-07T09:03:21.789Z] ✓ 19 unread message(s)
[2026-06-07T09:03:23.789Z] ✓ 19 unread message(s)
[2026-06-07T09:03:25.791Z] ✓ 19 unread message(s)
[2026-06-07T09:03:27.793Z] ✓ 19 unread message(s)
[2026-06-07T09:03:29.793Z] ✓ 19 unread message(s)
[2026-06-07T09:03:31.794Z] ✓ 19 unread message(s)
[2026-06-07T09:03:33.795Z] ✓ 19 unread message(s)
[2026-06-07T09:03:35.797Z] ✓ 19 unread message(s)
[2026-06-07T09:03:37.797Z] ✓ 19 unread message(s)
[2026-06-07T09:03:39.798Z] ✓ 19 unread message(s)
[2026-06-07T09:03:41.801Z] ✓ 19 unread message(s)
[2026-06-07T09:03:43.801Z] ✓ 19 unread message(s)
[2026-06-07T09:03:45.803Z] ✓ 19 unread message(s)
[2026-06-07T09:03:47.805Z] ✓ 19 unread message(s)
[2026-06-07T09:03:49.805Z] ✓ 19 unread message(s)
[2026-06-07T09:03:51.808Z] ✓ 19 unread message(s)
[2026-06-07T09:03:53.809Z] ✓ 19 unread message(s)
[2026-06-07T09:03:55.810Z] ✓ 19 unread message(s)
[2026-06-07T09:03:57.812Z] ✓ 19 unread message(s)
[2026-06-07T09:03:59.812Z] ✓ 19 unread message(s)
[2026-06-07T09:04:01.813Z] ✓ 19 unread message(s)
[2026-06-07T09:04:03.816Z] ✓ 19 unread message(s)
[2026-06-07T09:04:05.816Z] ✓ 19 unread message(s)
[2026-06-07T09:04:07.817Z] ✓ 19 unread message(s)
[2026-06-07T09:04:09.819Z] ✓ 19 unread message(s)
[2026-06-07T09:04:11.821Z] ✓ 19 unread message(s)
[2026-06-07T09:04:13.823Z] ✓ 19 unread message(s)
[2026-06-07T09:04:15.823Z] ✓ 19 unread message(s)
[2026-06-07T09:04:17.826Z] ✓ 19 unread message(s)
[2026-06-07T09:04:19.826Z] ✓ 19 unread message(s)
[2026-06-07T09:04:21.828Z] ✓ 19 unread message(s)
[2026-06-07T09:04:23.829Z] ✓ 19 unread message(s)
[2026-06-07T09:04:25.831Z] ✓ 19 unread message(s)
[2026-06-07T09:04:27.832Z] ✓ 19 unread message(s)
[2026-06-07T09:04:29.833Z] ✓ 19 unread message(s)
[2026-06-07T09:04:31.835Z] ✓ 19 unread message(s)
[2026-06-07T09:04:33.837Z] ✓ 19 unread message(s)
[2026-06-07T09:04:35.839Z] ✓ 19 unread message(s)
[2026-06-07T09:04:37.839Z] ✓ 19 unread message(s)
[2026-06-07T09:04:39.841Z] ✓ 19 unread message(s)
[2026-06-07T09:04:41.843Z] ✓ 19 unread message(s)
[2026-06-07T09:04:43.844Z] ✓ 19 unread message(s)
[2026-06-07T09:04:45.845Z] ✓ 19 unread message(s)
[2026-06-07T09:04:47.847Z] ✓ 19 unread message(s)
[2026-06-07T09:04:49.849Z] ✓ 19 unread message(s)
[2026-06-07T09:04:51.850Z] ✓ 19 unread message(s)
[2026-06-07T09:04:53.852Z] ✓ 19 unread message(s)
[2026-06-07T09:04:55.854Z] ✓ 19 unread message(s)
[2026-06-07T09:04:57.855Z] ✓ 19 unread message(s)
[2026-06-07T09:04:59.857Z] ✓ 19 unread message(s)
[2026-06-07T09:05:01.858Z] ✓ 19 unread message(s)
[2026-06-07T09:05:03.860Z] ✓ 19 unread message(s)
[2026-06-07T09:05:05.861Z] ✓ 19 unread message(s)
[2026-06-07T09:05:07.862Z] ✓ 19 unread message(s)
[2026-06-07T09:05:09.864Z] ✓ 19 unread message(s)
[2026-06-07T09:05:11.865Z] ✓ 19 unread message(s)
[2026-06-07T09:05:13.866Z] ✓ 19 unread message(s)
[2026-06-07T09:05:15.868Z] ✓ 19 unread message(s)
[2026-06-07T09:05:17.868Z] ✓ 19 unread message(s)
[2026-06-07T09:05:19.869Z] ✓ 19 unread message(s)
[2026-06-07T09:05:21.871Z] ✓ 19 unread message(s)
[2026-06-07T09:05:23.872Z] ✓ 19 unread message(s)
[2026-06-07T09:05:25.873Z] ✓ 19 unread message(s)
[2026-06-07T09:05:27.876Z] ✓ 19 unread message(s)
[2026-06-07T09:05:29.878Z] ✓ 19 unread message(s)
[2026-06-07T09:05:31.879Z] ✓ 19 unread message(s)
[2026-06-07T09:05:33.881Z] ✓ 19 unread message(s)
[2026-06-07T09:05:35.882Z] ✓ 19 unread message(s)
[2026-06-07T09:05:37.883Z] ✓ 19 unread message(s)
[2026-06-07T09:05:39.885Z] ✓ 19 unread message(s)
[2026-06-07T09:05:41.887Z] ✓ 19 unread message(s)
[2026-06-07T09:05:43.888Z] ✓ 19 unread message(s)
[2026-06-07T09:05:45.890Z] ✓ 19 unread message(s)
[2026-06-07T09:05:47.892Z] ✓ 19 unread message(s)
[2026-06-07T09:05:49.893Z] ✓ 19 unread message(s)
[2026-06-07T09:05:51.895Z] ✓ 19 unread message(s)
[2026-06-07T09:05:53.897Z] ✓ 19 unread message(s)
[2026-06-07T09:05:55.897Z] ✓ 19 unread message(s)
[2026-06-07T09:05:57.899Z] ✓ 19 unread message(s)
[2026-06-07T09:05:59.901Z] ✓ 19 unread message(s)
[2026-06-07T09:06:01.902Z] ✓ 19 unread message(s)
[2026-06-07T09:06:03.903Z] ✓ 19 unread message(s)
[2026-06-07T09:06:05.904Z] ✓ 19 unread message(s)
[2026-06-07T09:06:07.905Z] ✓ 19 unread message(s)
[2026-06-07T09:06:09.907Z] ✓ 19 unread message(s)
[2026-06-07T09:06:11.908Z] ✓ 19 unread message(s)
[2026-06-07T09:06:13.908Z] ✓ 19 unread message(s)
[2026-06-07T09:06:15.911Z] ✓ 19 unread message(s)
[2026-06-07T09:06:17.911Z] ✓ 19 unread message(s)
[2026-06-07T09:06:19.913Z] ✓ 19 unread message(s)
[2026-06-07T09:06:21.915Z] ✓ 19 unread message(s)
[2026-06-07T09:06:23.915Z] ✓ 19 unread message(s)
[2026-06-07T09:06:25.916Z] ✓ 19 unread message(s)
[2026-06-07T09:06:27.918Z] ✓ 19 unread message(s)
[2026-06-07T09:06:29.919Z] ✓ 19 unread message(s)
[2026-06-07T09:06:31.920Z] ✓ 19 unread message(s)
[2026-06-07T09:06:33.922Z] ✓ 19 unread message(s)
[2026-06-07T09:09:26.027Z] ✓ 1 unread message(s)
[2026-06-07T09:09:26.027Z] ✓ Mirrored message to Gemini TTY (/dev/pts/0)
[2026-06-07T09:09:28.030Z] ✓ 1 unread message(s)
[2026-06-07T09:09:29.391Z] ⚡ WOKEN by wake file: Polling bridge immediately
[2026-06-07T09:09:29.392Z] ✓ 1 unread message(s)
[2026-06-07T09:09:30.031Z] ✓ 1 unread message(s)
[2026-06-07T09:09:32.033Z] ✓ 1 unread message(s)
[2026-06-07T09:09:34.033Z] ✓ 1 unread message(s)
[2026-06-07T09:09:36.035Z] ✓ 1 unread message(s)
[2026-06-07T09:09:38.035Z] ✓ 1 unread message(s)
[2026-06-07T09:09:40.036Z] ✓ 1 unread message(s)
[2026-06-07T09:10:34.072Z] ✓ 1 unread message(s)
[2026-06-07T09:10:34.072Z] ✓ Mirrored message to Gemini TTY (/dev/pts/0)
[2026-06-07T09:10:36.074Z] ✓ 1 unread message(s)
[2026-06-07T09:10:38.075Z] ✓ 1 unread message(s)
[2026-06-07T09:10:40.076Z] ✓ 1 unread message(s)
[2026-06-07T09:10:42.077Z] ✓ 1 unread message(s)
[2026-06-07T09:10:44.078Z] ✓ 1 unread message(s)
[2026-06-07T09:10:46.079Z] ✓ 1 unread message(s)
[2026-06-07T09:10:48.081Z] ✓ 1 unread message(s)
[2026-06-07T09:10:50.082Z] ✓ 1 unread message(s)
[2026-06-07T09:10:52.085Z] ✓ 1 unread message(s)
[2026-06-07T09:10:54.086Z] ✓ 1 unread message(s)
[2026-06-07T09:10:56.087Z] ✓ 1 unread message(s)
[2026-06-07T09:10:58.088Z] ✓ 1 unread message(s)
[2026-06-07T09:11:00.089Z] ✓ 1 unread message(s)
[2026-06-07T09:11:02.090Z] ✓ 1 unread message(s)
[2026-06-07T09:11:04.092Z] ✓ 1 unread message(s)
[2026-06-07T09:11:06.093Z] ✓ 1 unread message(s)
[2026-06-07T09:11:08.093Z] ✓ 1 unread message(s)
[2026-06-07T09:11:10.093Z] ✓ 1 unread message(s)
[2026-06-07T09:11:12.097Z] ✓ 1 unread message(s)
[2026-06-07T09:11:14.098Z] ✓ 1 unread message(s)
[2026-06-07T09:11:16.099Z] ✓ 1 unread message(s)
[2026-06-07T09:11:18.101Z] ✓ 1 unread message(s)
[2026-06-07T09:11:20.101Z] ✓ 1 unread message(s)
[2026-06-07T09:11:22.103Z] ✓ 1 unread message(s)
[2026-06-07T09:11:24.104Z] ✓ 1 unread message(s)
[2026-06-07T09:11:26.105Z] ✓ 1 unread message(s)
[2026-06-07T09:11:28.107Z] ✓ 1 unread message(s)
[2026-06-07T09:11:30.108Z] ✓ 1 unread message(s)
[2026-06-07T09:11:32.110Z] ✓ 1 unread message(s)
[2026-06-07T09:11:34.112Z] ✓ 1 unread message(s)
[2026-06-07T09:11:36.114Z] ✓ 1 unread message(s)
[2026-06-07T09:11:38.115Z] ✓ 1 unread message(s)
[2026-06-07T09:11:40.117Z] ✓ 1 unread message(s)
[2026-06-07T09:11:42.118Z] ✓ 1 unread message(s)
[2026-06-07T09:11:44.119Z] ✓ 1 unread message(s)
[2026-06-07T09:11:46.121Z] ✓ 1 unread message(s)
[2026-06-07T09:11:48.123Z] ✓ 1 unread message(s)
[2026-06-07T09:11:50.123Z] ✓ 1 unread message(s)
[2026-06-07T09:11:52.125Z] ✓ 1 unread message(s)
[2026-06-07T09:11:54.127Z] ✓ 1 unread message(s)
[2026-06-07T09:11:56.127Z] ✓ 1 unread message(s)
[2026-06-07T09:11:58.130Z] ✓ 1 unread message(s)
[2026-06-07T09:12:00.130Z] ✓ 1 unread message(s)
[2026-06-07T09:12:02.130Z] ✓ 1 unread message(s)
[2026-06-07T09:12:04.131Z] ✓ 1 unread message(s)
[2026-06-07T09:12:06.132Z] ✓ 1 unread message(s)
[2026-06-07T09:12:08.133Z] ✓ 1 unread message(s)
[2026-06-07T09:12:10.134Z] ✓ 1 unread message(s)
[2026-06-07T09:12:12.135Z] ✓ 1 unread message(s)
[2026-06-07T09:12:14.137Z] ✓ 1 unread message(s)
[2026-06-07T09:12:16.138Z] ✓ 1 unread message(s)
[2026-06-07T09:12:18.139Z] ✓ 1 unread message(s)
[2026-06-07T09:12:20.140Z] ✓ 1 unread message(s)
[2026-06-07T09:12:22.142Z] ✓ 1 unread message(s)
[2026-06-07T09:12:24.144Z] ✓ 1 unread message(s)
[2026-06-07T09:12:26.144Z] ✓ 1 unread message(s)
[2026-06-07T09:12:28.145Z] ✓ 1 unread message(s)
[2026-06-07T09:12:30.146Z] ✓ 1 unread message(s)
[2026-06-07T09:12:32.147Z] ✓ 1 unread message(s)
[2026-06-07T09:12:34.148Z] ✓ 1 unread message(s)
[2026-06-07T09:12:36.149Z] ✓ 1 unread message(s)
[2026-06-07T09:12:38.150Z] ✓ 1 unread message(s)
[2026-06-07T09:12:40.151Z] ✓ 1 unread message(s)
[2026-06-07T09:12:42.153Z] ✓ 1 unread message(s)
[2026-06-07T09:12:44.154Z] ✓ 1 unread message(s)
[2026-06-07T09:12:46.155Z] ✓ 1 unread message(s)
[2026-06-07T09:12:48.156Z] ✓ 1 unread message(s)
[2026-06-07T09:12:50.157Z] ✓ 1 unread message(s)
[2026-06-07T09:12:52.158Z] ✓ 1 unread message(s)
[2026-06-07T09:12:54.159Z] ✓ 1 unread message(s)
[2026-06-07T09:12:56.160Z] ✓ 1 unread message(s)
[2026-06-07T09:12:58.162Z] ✓ 1 unread message(s)
[2026-06-07T09:13:00.163Z] ✓ 1 unread message(s)
[2026-06-07T09:13:02.164Z] ✓ 1 unread message(s)
[2026-06-07T09:13:04.166Z] ✓ 1 unread message(s)
[2026-06-07T09:13:06.167Z] ✓ 1 unread message(s)
[2026-06-07T09:13:08.168Z] ✓ 1 unread message(s)
[2026-06-07T09:13:10.168Z] ✓ 1 unread message(s)
[2026-06-07T09:13:12.170Z] ✓ 1 unread message(s)
[2026-06-07T09:13:14.170Z] ✓ 1 unread message(s)
[2026-06-07T09:13:16.172Z] ✓ 1 unread message(s)
[2026-06-07T09:13:18.173Z] ✓ 1 unread message(s)
[2026-06-07T09:13:20.174Z] ✓ 1 unread message(s)
[2026-06-07T09:13:22.175Z] ✓ 1 unread message(s)
[2026-06-07T09:13:24.176Z] ✓ 2 unread message(s)
[2026-06-07T09:13:24.176Z] ✓ Mirrored message to Gemini TTY (/dev/pts/0)
[2026-06-07T09:13:24.432Z] ⚡ WOKEN by wake file: Polling bridge immediately
[2026-06-07T09:13:24.433Z] ✓ 2 unread message(s)
[2026-06-07T09:13:26.177Z] ✓ 2 unread message(s)
[2026-06-07T09:13:28.180Z] ✓ 2 unread message(s)
[2026-06-07T09:13:30.181Z] ✓ 2 unread message(s)
[2026-06-07T09:13:32.181Z] ✓ 2 unread message(s)
[2026-06-07T09:13:34.183Z] ✓ 2 unread message(s)
[2026-06-07T09:13:36.183Z] ✓ 2 unread message(s)
[2026-06-07T09:13:38.185Z] ✓ 2 unread message(s)
[2026-06-07T09:13:40.185Z] ✓ 2 unread message(s)
[2026-06-07T09:14:42.220Z] ✓ 1 unread message(s)
[2026-06-07T09:14:42.220Z] ✓ Mirrored message to Gemini TTY (/dev/pts/0)
[2026-06-07T09:14:44.222Z] ✓ 1 unread message(s)
[2026-06-07T09:14:44.448Z] ⚡ WOKEN by wake file: Polling bridge immediately
[2026-06-07T09:14:44.449Z] ✓ 1 unread message(s)
[2026-06-07T09:14:46.221Z] ✓ 1 unread message(s)
[2026-06-07T09:14:48.225Z] ✓ 1 unread message(s)
[2026-06-07T09:14:50.226Z] ✓ 1 unread message(s)
[2026-06-07T09:14:52.227Z] ✓ 1 unread message(s)
[2026-06-07T09:15:26.246Z] ✓ 1 unread message(s)
[2026-06-07T09:15:26.247Z] ✓ Mirrored message to Gemini TTY (/dev/pts/0)
[2026-06-07T09:15:28.250Z] ✓ 1 unread message(s)
[2026-06-07T09:15:29.455Z] ⚡ WOKEN by wake file: Polling bridge immediately
[2026-06-07T09:15:29.456Z] ✓ 1 unread message(s)
[2026-06-07T09:15:30.251Z] ✓ 1 unread message(s)
[2026-06-07T09:15:32.252Z] ✓ 1 unread message(s)
[2026-06-07T09:15:34.253Z] ✓ 1 unread message(s)
[2026-06-07T09:15:36.255Z] ✓ 1 unread message(s)
[2026-06-07T09:16:14.276Z] ✓ 1 unread message(s)
[2026-06-07T09:16:14.276Z] ✓ Mirrored message to Gemini TTY (/dev/pts/0)
[2026-06-07T09:16:14.465Z] ⚡ WOKEN by wake file: Polling bridge immediately
[2026-06-07T09:16:14.466Z] ✓ 1 unread message(s)
[2026-06-07T09:16:16.278Z] ✓ 1 unread message(s)
[2026-06-07T09:16:18.281Z] ✓ 1 unread message(s)
[2026-06-07T09:16:20.283Z] ✓ 1 unread message(s)
[2026-06-07T09:16:22.283Z] ✓ 1 unread message(s)
[2026-06-07T09:16:24.287Z] ✓ 1 unread message(s)
[2026-06-07T09:16:46.299Z] ✓ 1 unread message(s)
[2026-06-07T09:16:46.300Z] ✓ Mirrored message to Gemini TTY (/dev/pts/0)
[2026-06-07T09:16:48.302Z] ✓ 1 unread message(s)
[2026-06-07T09:16:49.472Z] ⚡ WOKEN by wake file: Polling bridge immediately
[2026-06-07T09:16:49.474Z] ✓ 1 unread message(s)
[2026-06-07T09:16:50.304Z] ✓ 1 unread message(s)
[2026-06-07T09:16:52.307Z] ✓ 1 unread message(s)
[2026-06-07T09:16:54.308Z] ✓ 1 unread message(s)
[2026-06-07T09:16:56.310Z] ✓ 1 unread message(s)
[2026-06-07T09:20:30.433Z] ✓ 1 unread message(s)
[2026-06-07T09:20:30.433Z] ✓ Mirrored message to Gemini TTY (/dev/pts/0)
[2026-06-07T09:20:32.434Z] ✓ 1 unread message(s)
[2026-06-07T09:20:34.436Z] ✓ 1 unread message(s)
[2026-06-07T09:20:34.521Z] ⚡ WOKEN by wake file: Polling bridge immediately
[2026-06-07T09:20:34.522Z] ✓ 1 unread message(s)
[2026-06-07T09:20:36.437Z] ✓ 1 unread message(s)
[2026-06-07T09:20:38.438Z] ✓ 1 unread message(s)
[2026-06-07T09:20:40.440Z] ✓ 1 unread message(s)
[2026-06-07T09:20:42.440Z] ✓ 1 unread message(s)
[2026-06-07T09:20:44.441Z] ✓ 1 unread message(s)
[2026-06-07T09:20:46.443Z] ✓ 1 unread message(s)
[2026-06-07T09:20:48.444Z] ✓ 1 unread message(s)
[2026-06-07T09:20:50.445Z] ✓ 1 unread message(s)
[2026-06-07T09:20:52.447Z] ✓ 1 unread message(s)
[2026-06-07T09:20:54.449Z] ✓ 1 unread message(s)
[2026-06-07T09:20:56.451Z] ✓ 1 unread message(s)
[2026-06-07T09:20:58.451Z] ✓ 1 unread message(s)
[2026-06-07T09:21:00.451Z] ✓ 1 unread message(s)
[2026-06-07T09:21:02.452Z] ✓ 1 unread message(s)
[2026-06-07T09:21:04.454Z] ✓ 1 unread message(s)
[2026-06-07T09:21:06.455Z] ✓ 1 unread message(s)
[2026-06-07T09:21:08.455Z] ✓ 1 unread message(s)
[2026-06-07T09:21:10.457Z] ✓ 1 unread message(s)
[2026-06-07T09:21:12.458Z] ✓ 1 unread message(s)
[2026-06-07T09:21:14.459Z] ✓ 1 unread message(s)
[2026-06-07T09:21:16.461Z] ✓ 1 unread message(s)
[2026-06-07T09:21:18.462Z] ✓ 1 unread message(s)
[2026-06-07T09:21:20.463Z] ✓ 1 unread message(s)
[2026-06-07T09:21:22.463Z] ✓ 1 unread message(s)
[2026-06-07T09:21:24.467Z] ✓ 1 unread message(s)
[2026-06-07T09:21:26.468Z] ✓ 1 unread message(s)
[2026-06-07T09:21:28.470Z] ✓ 1 unread message(s)
[2026-06-07T09:21:30.471Z] ✓ 1 unread message(s)
[2026-06-07T09:21:32.471Z] ✓ 1 unread message(s)
[2026-06-07T09:21:34.473Z] ✓ 1 unread message(s)
[2026-06-07T09:21:36.474Z] ✓ 1 unread message(s)
[2026-06-07T09:21:38.474Z] ✓ 1 unread message(s)
[2026-06-07T09:21:40.475Z] ✓ 1 unread message(s)
[2026-06-07T09:21:42.478Z] ✓ 1 unread message(s)
[2026-06-07T09:21:44.478Z] ✓ 1 unread message(s)
[2026-06-07T09:21:46.479Z] ✓ 1 unread message(s)
[2026-06-07T09:21:48.482Z] ✓ 1 unread message(s)
[2026-06-07T09:21:50.482Z] ✓ 1 unread message(s)
[2026-06-07T09:21:52.485Z] ✓ 1 unread message(s)
[2026-06-07T09:21:54.486Z] ✓ 1 unread message(s)
[2026-06-07T09:21:56.486Z] ✓ 1 unread message(s)
[2026-06-07T09:21:58.488Z] ✓ 1 unread message(s)
[2026-06-07T09:22:00.489Z] ✓ 1 unread message(s)
[2026-06-07T09:22:02.490Z] ✓ 1 unread message(s)
[2026-06-07T09:22:04.492Z] ✓ 1 unread message(s)
[2026-06-07T09:22:06.493Z] ✓ 1 unread message(s)
[2026-06-07T09:22:08.493Z] ✓ 1 unread message(s)
[2026-06-07T09:22:10.494Z] ✓ 1 unread message(s)
[2026-06-07T09:22:12.496Z] ✓ 1 unread message(s)
[2026-06-07T09:22:14.497Z] ✓ 1 unread message(s)
[2026-06-07T09:22:16.499Z] ✓ 1 unread message(s)
[2026-06-07T09:22:18.501Z] ✓ 1 unread message(s)
[2026-06-07T09:22:20.501Z] ✓ 1 unread message(s)
[2026-06-07T09:22:22.503Z] ✓ 1 unread message(s)
[2026-06-07T09:22:24.505Z] ✓ 1 unread message(s)
[2026-06-07T09:22:26.504Z] ✓ 1 unread message(s)
[2026-06-07T09:22:28.508Z] ✓ 1 unread message(s)
[2026-06-07T09:22:30.508Z] ✓ 1 unread message(s)
[2026-06-07T09:22:32.509Z] ✓ 1 unread message(s)
[2026-06-07T09:22:34.509Z] ✓ 1 unread message(s)
[2026-06-07T09:22:36.511Z] ✓ 1 unread message(s)
[2026-06-07T09:22:38.512Z] ✓ 1 unread message(s)
[2026-06-07T09:22:40.513Z] ✓ 1 unread message(s)
[2026-06-07T09:22:42.516Z] ✓ 1 unread message(s)
[2026-06-07T09:22:44.516Z] ✓ 1 unread message(s)
[2026-06-07T09:22:46.517Z] ✓ 1 unread message(s)
[2026-06-07T09:22:48.519Z] ✓ 1 unread message(s)
[2026-06-07T09:22:50.520Z] ✓ 1 unread message(s)
[2026-06-07T09:22:52.521Z] ✓ 1 unread message(s)
[2026-06-07T09:22:54.522Z] ✓ 1 unread message(s)
[2026-06-07T09:22:56.524Z] ✓ 1 unread message(s)
[2026-06-07T09:22:58.525Z] ✓ 1 unread message(s)
[2026-06-07T09:23:00.527Z] ✓ 1 unread message(s)
[2026-06-07T09:23:02.528Z] ✓ 1 unread message(s)
[2026-06-07T09:23:04.529Z] ✓ 1 unread message(s)
[2026-06-07T09:23:06.530Z] ✓ 1 unread message(s)
[2026-06-07T09:23:08.530Z] ✓ 1 unread message(s)
[2026-06-07T09:23:10.532Z] ✓ 1 unread message(s)
[2026-06-07T09:23:12.533Z] ✓ 1 unread message(s)
[2026-06-07T09:23:14.534Z] ✓ 1 unread message(s)
[2026-06-07T09:23:16.536Z] ✓ 1 unread message(s)
[2026-06-07T09:23:18.537Z] ✓ 1 unread message(s)
[2026-06-07T09:23:20.538Z] ✓ 1 unread message(s)
[2026-06-07T09:23:22.540Z] ✓ 1 unread message(s)
[2026-06-07T09:23:24.541Z] ✓ 1 unread message(s)
[2026-06-07T09:23:26.543Z] ✓ 1 unread message(s)
[2026-06-07T09:23:28.544Z] ✓ 1 unread message(s)
[2026-06-07T09:23:30.546Z] ✓ 1 unread message(s)
[2026-06-07T09:23:32.546Z] ✓ 1 unread message(s)
[2026-06-07T09:23:34.548Z] ✓ 1 unread message(s)
[2026-06-07T09:23:36.549Z] ✓ 1 unread message(s)
[2026-06-07T09:23:38.550Z] ✓ 1 unread message(s)
[2026-06-07T09:23:40.550Z] ✓ 1 unread message(s)
[2026-06-07T09:23:42.554Z] ✓ 1 unread message(s)
[2026-06-07T09:23:44.554Z] ✓ 1 unread message(s)
[2026-06-07T09:23:46.556Z] ✓ 1 unread message(s)
[2026-06-07T09:23:48.558Z] ✓ 1 unread message(s)
[2026-06-07T09:23:50.558Z] ✓ 1 unread message(s)
[2026-06-07T09:23:52.560Z] ✓ 1 unread message(s)
[2026-06-07T09:23:54.561Z] ✓ 1 unread message(s)
[2026-06-07T09:23:56.562Z] ✓ 1 unread message(s)
[2026-06-07T09:23:58.563Z] ✓ 1 unread message(s)
[2026-06-07T09:24:00.564Z] ✓ 1 unread message(s)
[2026-06-07T09:24:02.564Z] ✓ 1 unread message(s)
[2026-06-07T09:24:04.565Z] ✓ 1 unread message(s)
[2026-06-07T09:24:06.568Z] ✓ 1 unread message(s)
[2026-06-07T09:24:08.568Z] ✓ 1 unread message(s)
[2026-06-07T09:24:10.571Z] ✓ 1 unread message(s)
[2026-06-07T09:24:12.572Z] ✓ 1 unread message(s)
[2026-06-07T09:24:14.574Z] ✓ 1 unread message(s)
[2026-06-07T09:24:16.575Z] ✓ 1 unread message(s)
[2026-06-07T09:24:18.576Z] ✓ 1 unread message(s)
[2026-06-07T09:24:20.577Z] ✓ 1 unread message(s)
[2026-06-07T09:24:22.579Z] ✓ 1 unread message(s)
[2026-06-07T09:24:24.580Z] ✓ 1 unread message(s)
[2026-06-07T09:24:26.582Z] ✓ 1 unread message(s)
[2026-06-07T09:24:28.583Z] ✓ 1 unread message(s)
[2026-06-07T09:24:30.584Z] ✓ 1 unread message(s)
[2026-06-07T09:24:32.585Z] ✓ 1 unread message(s)
[2026-06-07T09:24:34.585Z] ✓ 1 unread message(s)
[2026-06-07T09:24:36.586Z] ✓ 1 unread message(s)
[2026-06-07T09:24:38.588Z] ✓ 1 unread message(s)
[2026-06-07T09:24:40.589Z] ✓ 1 unread message(s)
[2026-06-07T09:24:42.590Z] ✓ 1 unread message(s)
[2026-06-07T09:24:44.591Z] ✓ 1 unread message(s)
[2026-06-07T09:24:46.594Z] ✓ 1 unread message(s)
[2026-06-07T09:24:48.595Z] ✓ 1 unread message(s)
[2026-06-07T09:24:50.595Z] ✓ 1 unread message(s)
[2026-06-07T09:24:52.596Z] ✓ 1 unread message(s)
[2026-06-07T09:24:54.596Z] ✓ 1 unread message(s)
[2026-06-07T09:24:56.597Z] ✓ 1 unread message(s)
[2026-06-07T09:24:58.599Z] ✓ 1 unread message(s)
[2026-06-07T09:25:00.601Z] ✓ 1 unread message(s)
[2026-06-07T09:25:02.601Z] ✓ 1 unread message(s)
[2026-06-07T09:25:04.602Z] ✓ 1 unread message(s)
[2026-06-07T09:25:06.605Z] ✓ 1 unread message(s)
[2026-06-07T09:25:08.606Z] ✓ 1 unread message(s)
[2026-06-07T09:25:10.606Z] ✓ 1 unread message(s)
[2026-06-07T09:25:12.608Z] ✓ 1 unread message(s)
[2026-06-07T09:25:14.609Z] ✓ 1 unread message(s)
[2026-06-07T09:25:16.609Z] ✓ 1 unread message(s)
[2026-06-07T09:25:18.613Z] ✓ 1 unread message(s)
[2026-06-07T09:25:20.613Z] ✓ 1 unread message(s)
[2026-06-07T09:25:22.616Z] ✓ 1 unread message(s)
[2026-06-07T09:25:24.616Z] ✓ 1 unread message(s)
[2026-06-07T09:25:26.617Z] ✓ 1 unread message(s)
[2026-06-07T09:25:28.619Z] ✓ 1 unread message(s)
[2026-06-07T09:25:30.621Z] ✓ 1 unread message(s)
[2026-06-07T09:25:32.621Z] ✓ 1 unread message(s)
[2026-06-07T09:25:34.623Z] ✓ 1 unread message(s)
[2026-06-07T09:25:36.624Z] ✓ 1 unread message(s)
[2026-06-07T09:25:38.624Z] ✓ 1 unread message(s)
[2026-06-07T09:25:40.625Z] ✓ 1 unread message(s)
[2026-06-07T09:25:42.628Z] ✓ 1 unread message(s)
[2026-06-07T09:25:44.628Z] ✓ 1 unread message(s)
[2026-06-07T09:25:46.630Z] ✓ 1 unread message(s)
[2026-06-07T09:25:48.632Z] ✓ 1 unread message(s)
[2026-06-07T09:25:50.632Z] ✓ 1 unread message(s)
[2026-06-07T09:25:52.634Z] ✓ 1 unread message(s)
[2026-06-07T09:25:54.635Z] ✓ 1 unread message(s)
[2026-06-07T09:25:56.635Z] ✓ 1 unread message(s)
[2026-06-07T09:25:58.637Z] ✓ 1 unread message(s)
[2026-06-07T09:26:00.638Z] ✓ 1 unread message(s)
[2026-06-07T09:26:02.639Z] ✓ 1 unread message(s)
[2026-06-07T09:26:04.640Z] ✓ 1 unread message(s)
[2026-06-07T09:26:06.642Z] ✓ 1 unread message(s)
[2026-06-07T09:26:08.643Z] ✓ 1 unread message(s)
[2026-06-07T09:26:10.645Z] ✓ 1 unread message(s)
[2026-06-07T09:26:12.647Z] ✓ 1 unread message(s)
[2026-06-07T09:26:14.648Z] ✓ 1 unread message(s)
[2026-06-07T09:26:16.649Z] ✓ 1 unread message(s)
[2026-06-07T09:26:18.651Z] ✓ 1 unread message(s)
[2026-06-07T09:26:20.653Z] ✓ 1 unread message(s)
[2026-06-07T09:26:22.654Z] ✓ 1 unread message(s)
[2026-06-07T09:26:24.654Z] ✓ 1 unread message(s)
[2026-06-07T09:26:26.656Z] ✓ 1 unread message(s)
[2026-06-07T09:26:28.657Z] ✓ 1 unread message(s)
[2026-06-07T09:26:30.658Z] ✓ 1 unread message(s)
[2026-06-07T09:26:32.659Z] ✓ 1 unread message(s)
[2026-06-07T09:26:34.659Z] ✓ 1 unread message(s)
[2026-06-07T09:26:36.661Z] ✓ 1 unread message(s)
[2026-06-07T09:26:38.662Z] ✓ 1 unread message(s)
[2026-06-07T09:26:40.663Z] ✓ 1 unread message(s)
[2026-06-07T09:26:42.666Z] ✓ 1 unread message(s)
[2026-06-07T09:26:44.666Z] ✓ 1 unread message(s)
[2026-06-07T09:26:46.667Z] ✓ 1 unread message(s)
[2026-06-07T09:26:48.669Z] ✓ 1 unread message(s)
[2026-06-07T09:26:50.670Z] ✓ 1 unread message(s)
[2026-06-07T09:26:52.672Z] ✓ 1 unread message(s)
[2026-06-07T09:26:54.674Z] ✓ 1 unread message(s)
[2026-06-07T09:26:56.674Z] ✓ 1 unread message(s)
[2026-06-07T09:26:58.676Z] ✓ 1 unread message(s)
[2026-06-07T09:27:00.677Z] ✓ 1 unread message(s)
[2026-06-07T09:27:02.678Z] ✓ 1 unread message(s)
[2026-06-07T09:27:04.679Z] ✓ 1 unread message(s)
[2026-06-07T09:27:06.681Z] ✓ 1 unread message(s)
[2026-06-07T09:27:08.681Z] ✓ 1 unread message(s)
[2026-06-07T09:27:10.682Z] ✓ 1 unread message(s)
[2026-06-07T09:27:12.683Z] ✓ 1 unread message(s)
[2026-06-07T09:27:14.684Z] ✓ 1 unread message(s)
[2026-06-07T09:27:16.686Z] ✓ 1 unread message(s)
[2026-06-07T09:27:18.687Z] ✓ 1 unread message(s)
[2026-06-07T09:27:20.688Z] ✓ 1 unread message(s)
[2026-06-07T09:27:22.690Z] ✓ 1 unread message(s)
[2026-06-07T09:27:24.690Z] ✓ 1 unread message(s)
[2026-06-07T09:27:26.691Z] ✓ 1 unread message(s)
[2026-06-07T09:27:28.692Z] ✓ 1 unread message(s)
[2026-06-07T09:27:30.693Z] ✓ 1 unread message(s)
[2026-06-07T09:27:32.694Z] ✓ 1 unread message(s)
[2026-06-07T09:27:34.694Z] ✓ 1 unread message(s)
[2026-06-07T09:27:36.698Z] ✓ 1 unread message(s)
[2026-06-07T09:27:38.698Z] ✓ 1 unread message(s)
[2026-06-07T09:27:40.698Z] ✓ 1 unread message(s)
[2026-06-07T09:27:42.699Z] ✓ 1 unread message(s)
[2026-06-07T09:27:44.700Z] ✓ 1 unread message(s)
[2026-06-07T09:27:46.701Z] ✓ 1 unread message(s)
[2026-06-07T09:27:48.703Z] ✓ 1 unread message(s)
[2026-06-07T09:27:50.703Z] ✓ 1 unread message(s)
[2026-06-07T09:27:52.706Z] ✓ 1 unread message(s)
[2026-06-07T09:27:54.705Z] ✓ 1 unread message(s)
[2026-06-07T09:27:56.706Z] ✓ 1 unread message(s)
[2026-06-07T09:27:58.706Z] ✓ 1 unread message(s)
[2026-06-07T09:28:00.707Z] ✓ 1 unread message(s)
[2026-06-07T09:28:02.708Z] ✓ 1 unread message(s)
[2026-06-07T09:28:04.709Z] ✓ 1 unread message(s)
[2026-06-07T09:28:06.710Z] ✓ 1 unread message(s)
[2026-06-07T09:28:08.711Z] ✓ 1 unread message(s)
[2026-06-07T09:28:10.713Z] ✓ 1 unread message(s)
[2026-06-07T09:28:12.715Z] ✓ 1 unread message(s)
[2026-06-07T09:28:14.716Z] ✓ 1 unread message(s)
[2026-06-07T09:28:16.718Z] ✓ 1 unread message(s)
[2026-06-07T09:28:18.720Z] ✓ 1 unread message(s)
[2026-06-07T09:28:20.720Z] ✓ 1 unread message(s)
[2026-06-07T09:28:22.722Z] ✓ 1 unread message(s)
[2026-06-07T09:28:24.723Z] ✓ 1 unread message(s)
[2026-06-07T09:28:26.725Z] ✓ 1 unread message(s)
[2026-06-07T09:28:28.727Z] ✓ 1 unread message(s)
[2026-06-07T09:28:30.727Z] ✓ 1 unread message(s)
[2026-06-07T09:30:04.777Z] ✓ 1 unread message(s)
[2026-06-07T09:30:04.777Z] ✓ Mirrored message to Gemini TTY (/dev/pts/0)
[2026-06-07T09:30:06.779Z] ✓ 1 unread message(s)
[2026-06-07T09:30:08.780Z] ✓ 1 unread message(s)
[2026-06-07T09:30:10.781Z] ✓ 1 unread message(s)
[2026-06-07T09:30:12.783Z] ✓ 1 unread message(s)
[2026-06-07T09:30:14.785Z] ✓ 1 unread message(s)
[2026-06-07T09:30:16.785Z] ✓ 1 unread message(s)
[2026-06-07T09:30:18.787Z] ✓ 1 unread message(s)
[2026-06-07T09:30:20.789Z] ✓ 1 unread message(s)
[2026-06-07T09:30:22.790Z] ✓ 1 unread message(s)
[2026-06-07T09:30:24.791Z] ✓ 1 unread message(s)
[2026-06-07T09:30:26.792Z] ✓ 1 unread message(s)
[2026-06-07T09:30:28.794Z] ✓ 2 unread message(s)
[2026-06-07T09:30:28.794Z] ✓ Mirrored message to Gemini TTY (/dev/pts/0)
[2026-06-07T09:30:29.671Z] ⚡ WOKEN by wake file: Polling bridge immediately
[2026-06-07T09:30:29.672Z] ✓ 2 unread message(s)
[2026-06-07T09:30:30.795Z] ✓ 2 unread message(s)
[2026-06-07T09:30:32.795Z] ✓ 2 unread message(s)
[2026-06-07T09:30:34.797Z] ✓ 2 unread message(s)
[2026-06-07T09:30:36.799Z] ✓ 2 unread message(s)
[2026-06-07T09:30:38.800Z] ✓ 2 unread message(s)
[2026-06-07T09:30:40.800Z] ✓ 2 unread message(s)
[2026-06-07T09:30:42.803Z] ✓ 2 unread message(s)
[2026-06-07T09:30:44.803Z] ✓ 2 unread message(s)
[2026-06-07T09:30:46.806Z] ✓ 2 unread message(s)
[2026-06-07T09:30:48.806Z] ✓ 2 unread message(s)
[2026-06-07T09:30:50.806Z] ✓ 2 unread message(s)
[2026-06-07T09:30:52.809Z] ✓ 2 unread message(s)
[2026-06-07T09:30:54.810Z] ✓ 2 unread message(s)
[2026-06-07T09:30:56.812Z] ✓ 2 unread message(s)
[2026-06-07T09:30:58.813Z] ✓ 2 unread message(s)
[2026-06-07T09:31:00.814Z] ✓ 2 unread message(s)
[2026-06-07T09:31:02.815Z] ✓ 2 unread message(s)
[2026-06-07T09:31:04.817Z] ✓ 2 unread message(s)
[2026-06-07T09:31:06.818Z] ✓ 2 unread message(s)
[2026-06-07T09:31:08.819Z] ✓ 2 unread message(s)
[2026-06-07T09:31:10.821Z] ✓ 2 unread message(s)
[2026-06-07T09:31:12.822Z] ✓ 2 unread message(s)
[2026-06-07T09:31:14.823Z] ✓ 2 unread message(s)
[2026-06-07T09:31:16.824Z] ✓ 2 unread message(s)
[2026-06-07T09:31:18.825Z] ✓ 2 unread message(s)
[2026-06-07T09:31:20.826Z] ✓ 2 unread message(s)
[2026-06-07T09:31:22.829Z] ✓ 2 unread message(s)
[2026-06-07T09:31:24.828Z] ✓ 2 unread message(s)
[2026-06-07T09:31:26.830Z] ✓ 2 unread message(s)
[2026-06-07T09:31:28.831Z] ✓ 2 unread message(s)
[2026-06-07T09:31:30.833Z] ✓ 2 unread message(s)
[2026-06-07T09:31:32.833Z] ✓ 2 unread message(s)
[2026-06-07T09:31:34.835Z] ✓ 2 unread message(s)
[2026-06-07T09:31:36.836Z] ✓ 2 unread message(s)
[2026-06-07T09:31:38.835Z] ✓ 2 unread message(s)
[2026-06-07T09:31:40.837Z] ✓ 2 unread message(s)
[2026-06-07T09:31:42.839Z] ✓ 2 unread message(s)
[2026-06-07T09:31:44.841Z] ✓ 2 unread message(s)
[2026-06-07T09:31:46.842Z] ✓ 2 unread message(s)
[2026-06-07T09:31:48.844Z] ✓ 2 unread message(s)
[2026-06-07T09:31:50.845Z] ✓ 2 unread message(s)
[2026-06-07T09:31:52.848Z] ✓ 2 unread message(s)
[2026-06-07T09:31:54.847Z] ✓ 2 unread message(s)
[2026-06-07T09:31:56.849Z] ✓ 2 unread message(s)
[2026-06-07T09:31:58.850Z] ✓ 2 unread message(s)
[2026-06-07T09:32:00.851Z] ✓ 2 unread message(s)
[2026-06-07T09:32:02.852Z] ✓ 2 unread message(s)
[2026-06-07T09:32:04.851Z] ✓ 2 unread message(s)
[2026-06-07T09:32:06.855Z] ✓ 2 unread message(s)
[2026-06-07T09:32:08.855Z] ✓ 2 unread message(s)
[2026-06-07T09:32:10.857Z] ✓ 2 unread message(s)
[2026-06-07T09:32:12.858Z] ✓ 2 unread message(s)
[2026-06-07T09:32:14.858Z] ✓ 2 unread message(s)
[2026-06-07T09:32:16.862Z] ✓ 2 unread message(s)
[2026-06-07T09:32:18.862Z] ✓ 2 unread message(s)
[2026-06-07T09:32:20.863Z] ✓ 2 unread message(s)
[2026-06-07T09:32:22.866Z] ✓ 2 unread message(s)
[2026-06-07T09:32:24.866Z] ✓ 2 unread message(s)
[2026-06-07T09:32:26.868Z] ✓ 2 unread message(s)
[2026-06-07T09:32:28.869Z] ✓ 3 unread message(s)
[2026-06-07T09:32:28.869Z] ✓ Mirrored message to Gemini TTY (/dev/pts/0)
[2026-06-07T09:32:29.705Z] ⚡ WOKEN by wake file: Polling bridge immediately
[2026-06-07T09:32:29.706Z] ✓ 3 unread message(s)
[2026-06-07T09:32:30.870Z] ✓ 3 unread message(s)
[2026-06-07T09:32:32.872Z] ✓ 3 unread message(s)
[2026-06-07T09:32:34.873Z] ✓ 3 unread message(s)
[2026-06-07T09:32:36.875Z] ✓ 3 unread message(s)
[2026-06-07T09:32:38.875Z] ✓ 3 unread message(s)
[2026-06-07T09:32:40.877Z] ✓ 3 unread message(s)
[2026-06-07T09:32:42.878Z] ✓ 3 unread message(s)
[2026-06-07T09:32:44.879Z] ✓ 3 unread message(s)
[2026-06-07T09:32:46.881Z] ✓ 3 unread message(s)
[2026-06-07T09:32:48.882Z] ✓ 3 unread message(s)
[2026-06-07T09:32:50.883Z] ✓ 3 unread message(s)
[2026-06-07T09:32:52.884Z] ✓ 3 unread message(s)
[2026-06-07T09:32:54.886Z] ✓ 3 unread message(s)
[2026-06-07T09:32:56.887Z] ✓ 3 unread message(s)
[2026-06-07T09:32:58.887Z] ✓ 3 unread message(s)
[2026-06-07T09:33:00.888Z] ✓ 3 unread message(s)
[2026-06-07T09:33:02.889Z] ✓ 3 unread message(s)
[2026-06-07T09:33:04.890Z] ✓ 3 unread message(s)
[2026-06-07T09:33:06.890Z] ✓ 3 unread message(s)
[2026-06-07T09:33:08.891Z] ✓ 3 unread message(s)
[2026-06-07T09:33:10.892Z] ✓ 3 unread message(s)
[2026-06-07T09:33:12.895Z] ✓ 3 unread message(s)
[2026-06-07T09:33:14.894Z] ✓ 3 unread message(s)
[2026-06-07T09:33:16.898Z] ✓ 3 unread message(s)
[2026-06-07T09:33:18.898Z] ✓ 3 unread message(s)
[2026-06-07T09:33:20.900Z] ✓ 3 unread message(s)
[2026-06-07T09:33:22.900Z] ✓ 3 unread message(s)
[2026-06-07T09:33:24.902Z] ✓ 3 unread message(s)
[2026-06-07T09:33:26.903Z] ✓ 3 unread message(s)
[2026-06-07T09:33:28.905Z] ✓ 3 unread message(s)
[2026-06-07T09:33:30.905Z] ✓ 3 unread message(s)
[2026-06-07T09:33:32.906Z] ✓ 3 unread message(s)
[2026-06-07T09:33:34.908Z] ✓ 3 unread message(s)
[2026-06-07T09:33:36.909Z] ✓ 3 unread message(s)
[2026-06-07T09:33:38.911Z] ✓ 3 unread message(s)
[2026-06-07T09:33:40.913Z] ✓ 3 unread message(s)
[2026-06-07T09:33:42.914Z] ✓ 3 unread message(s)
[2026-06-07T09:33:44.914Z] ✓ 3 unread message(s)
[2026-06-07T09:33:46.914Z] ✓ 3 unread message(s)
[2026-06-07T09:33:48.916Z] ✓ 3 unread message(s)
[2026-06-07T09:33:50.918Z] ✓ 3 unread message(s)
[2026-06-07T09:33:52.919Z] ✓ 3 unread message(s)
[2026-06-07T09:33:54.920Z] ✓ 3 unread message(s)
[2026-06-07T09:33:56.921Z] ✓ 3 unread message(s)
[2026-06-07T09:33:58.922Z] ✓ 3 unread message(s)
[2026-06-07T09:34:00.924Z] ✓ 3 unread message(s)
[2026-06-07T09:34:02.924Z] ✓ 3 unread message(s)
[2026-06-07T09:34:04.925Z] ✓ 3 unread message(s)
[2026-06-07T09:34:06.927Z] ✓ 3 unread message(s)
[2026-06-07T09:34:08.929Z] ✓ 3 unread message(s)
[2026-06-07T09:34:10.930Z] ✓ 3 unread message(s)
[2026-06-07T09:34:12.931Z] ✓ 3 unread message(s)
[2026-06-07T09:34:14.933Z] ✓ 3 unread message(s)
[2026-06-07T09:34:16.933Z] ✓ 3 unread message(s)
[2026-06-07T09:34:18.936Z] ✓ 3 unread message(s)
[2026-06-07T09:34:20.935Z] ✓ 3 unread message(s)
[2026-06-07T09:34:22.939Z] ✓ 3 unread message(s)
[2026-06-07T09:34:24.939Z] ✓ 3 unread message(s)
[2026-06-07T09:34:26.940Z] ✓ 3 unread message(s)
[2026-06-07T09:34:28.942Z] ✓ 3 unread message(s)
[2026-06-07T09:34:30.944Z] ✓ 3 unread message(s)
[2026-06-07T09:34:32.945Z] ✓ 3 unread message(s)
[2026-06-07T09:34:34.946Z] ✓ 3 unread message(s)
[2026-06-07T09:34:36.948Z] ✓ 3 unread message(s)
[2026-06-07T09:34:38.949Z] ✓ 3 unread message(s)
[2026-06-07T09:34:40.951Z] ✓ 3 unread message(s)
[2026-06-07T09:34:42.952Z] ✓ 3 unread message(s)
[2026-06-07T09:34:44.954Z] ✓ 3 unread message(s)
[2026-06-07T09:34:46.956Z] ✓ 3 unread message(s)
[2026-06-07T09:34:48.958Z] ✓ 3 unread message(s)
[2026-06-07T09:34:50.958Z] ✓ 3 unread message(s)
[2026-06-07T09:34:52.960Z] ✓ 3 unread message(s)
[2026-06-07T09:34:54.960Z] ✓ 3 unread message(s)
[2026-06-07T09:34:56.962Z] ✓ 3 unread message(s)
[2026-06-07T09:34:58.962Z] ✓ 3 unread message(s)
[2026-06-07T09:35:00.963Z] ✓ 3 unread message(s)
[2026-06-07T09:35:02.963Z] ✓ 3 unread message(s)
[2026-06-07T09:35:04.965Z] ✓ 3 unread message(s)
[2026-06-07T09:35:06.966Z] ✓ 3 unread message(s)
[2026-06-07T09:35:08.968Z] ✓ 3 unread message(s)
[2026-06-07T09:35:10.969Z] ✓ 3 unread message(s)
[2026-06-07T09:35:12.971Z] ✓ 3 unread message(s)
[2026-06-07T09:35:14.971Z] ✓ 3 unread message(s)
[2026-06-07T09:35:16.972Z] ✓ 3 unread message(s)
[2026-06-07T09:35:18.975Z] ✓ 3 unread message(s)
[2026-06-07T09:35:20.976Z] ✓ 3 unread message(s)
[2026-06-07T09:35:22.978Z] ✓ 3 unread message(s)
[2026-06-07T09:35:24.978Z] ✓ 3 unread message(s)
[2026-06-07T09:35:26.980Z] ✓ 3 unread message(s)
[2026-06-07T09:35:28.981Z] ✓ 3 unread message(s)
[2026-06-07T09:35:30.982Z] ✓ 3 unread message(s)
[2026-06-07T09:35:32.984Z] ✓ 3 unread message(s)
[2026-06-07T09:35:34.984Z] ✓ 3 unread message(s)
[2026-06-07T09:35:36.986Z] ✓ 3 unread message(s)
[2026-06-07T09:35:38.987Z] ✓ 3 unread message(s)
[2026-06-07T09:35:40.988Z] ✓ 3 unread message(s)
[2026-06-07T09:35:42.989Z] ✓ 3 unread message(s)
[2026-06-07T09:35:44.990Z] ✓ 3 unread message(s)
[2026-06-07T09:35:46.992Z] ✓ 3 unread message(s)
[2026-06-07T09:35:48.994Z] ✓ 3 unread message(s)
[2026-06-07T09:35:50.994Z] ✓ 3 unread message(s)
[2026-06-07T09:35:52.995Z] ✓ 3 unread message(s)
[2026-06-07T09:35:54.997Z] ✓ 3 unread message(s)
[2026-06-07T09:35:56.998Z] ✓ 3 unread message(s)
[2026-06-07T09:35:58.999Z] ✓ 3 unread message(s)
[2026-06-07T09:36:01.000Z] ✓ 3 unread message(s)
[2026-06-07T09:36:03.001Z] ✓ 3 unread message(s)
[2026-06-07T09:36:05.003Z] ✓ 3 unread message(s)
[2026-06-07T09:36:07.004Z] ✓ 3 unread message(s)
[2026-06-07T09:36:09.005Z] ✓ 3 unread message(s)
[2026-06-07T09:36:11.006Z] ✓ 3 unread message(s)
[2026-06-07T09:36:13.008Z] ✓ 3 unread message(s)
[2026-06-07T09:36:15.008Z] ✓ 3 unread message(s)
[2026-06-07T09:36:17.011Z] ✓ 3 unread message(s)
[2026-06-07T09:36:19.012Z] ✓ 3 unread message(s)
[2026-06-07T09:36:21.012Z] ✓ 3 unread message(s)
[2026-06-07T09:36:23.014Z] ✓ 3 unread message(s)
[2026-06-07T09:36:25.015Z] ✓ 3 unread message(s)
[2026-06-07T09:36:27.017Z] ✓ 3 unread message(s)
[2026-06-07T09:36:29.018Z] ✓ 4 unread message(s)
[2026-06-07T09:36:29.018Z] ✓ Mirrored message to Gemini TTY (/dev/pts/0)
[2026-06-07T09:36:29.775Z] ⚡ WOKEN by wake file: Polling bridge immediately
[2026-06-07T09:36:29.776Z] ✓ 4 unread message(s)
[2026-06-07T09:36:31.020Z] ✓ 4 unread message(s)
[2026-06-07T09:36:33.021Z] ✓ 4 unread message(s)
[2026-06-07T09:36:35.022Z] ✓ 4 unread message(s)
[2026-06-07T09:36:37.023Z] ✓ 4 unread message(s)
[2026-06-07T09:36:39.025Z] ✓ 4 unread message(s)
[2026-06-07T09:36:41.026Z] ✓ 4 unread message(s)
[2026-06-07T09:36:43.028Z] ✓ 4 unread message(s)
[2026-06-07T09:36:45.028Z] ✓ 4 unread message(s)
[2026-06-07T09:36:47.031Z] ✓ 4 unread message(s)
[2026-06-07T09:36:49.031Z] ✓ 4 unread message(s)
[2026-06-07T09:36:51.032Z] ✓ 4 unread message(s)
[2026-06-07T09:36:53.035Z] ✓ 4 unread message(s)
[2026-06-07T09:36:55.035Z] ✓ 4 unread message(s)
[2026-06-07T09:36:57.037Z] ✓ 4 unread message(s)
[2026-06-07T09:36:59.038Z] ✓ 4 unread message(s)
[2026-06-07T09:37:01.039Z] ✓ 4 unread message(s)
[2026-06-07T09:37:03.040Z] ✓ 4 unread message(s)
[2026-06-07T09:37:05.042Z] ✓ 4 unread message(s)
[2026-06-07T09:37:07.043Z] ✓ 4 unread message(s)
[2026-06-07T09:37:09.044Z] ✓ 4 unread message(s)
[2026-06-07T09:37:11.045Z] ✓ 4 unread message(s)
[2026-06-07T09:37:13.048Z] ✓ 4 unread message(s)
[2026-06-07T09:37:15.047Z] ✓ 4 unread message(s)
[2026-06-07T09:37:17.051Z] ✓ 4 unread message(s)
[2026-06-07T09:37:19.052Z] ✓ 4 unread message(s)
[2026-06-07T09:37:21.053Z] ✓ 4 unread message(s)
[2026-06-07T09:37:23.054Z] ✓ 4 unread message(s)
[2026-06-07T09:37:25.056Z] ✓ 4 unread message(s)
[2026-06-07T09:37:27.057Z] ✓ 4 unread message(s)
[2026-06-07T09:37:29.058Z] ✓ 4 unread message(s)
[2026-06-07T09:37:31.060Z] ✓ 4 unread message(s)
[2026-06-07T09:37:33.061Z] ✓ 4 unread message(s)
[2026-06-07T09:37:35.063Z] ✓ 4 unread message(s)
[2026-06-07T09:37:37.064Z] ✓ 4 unread message(s)
[2026-06-07T09:37:39.065Z] ✓ 4 unread message(s)
[2026-06-07T09:37:41.066Z] ✓ 4 unread message(s)
[2026-06-07T09:37:43.068Z] ✓ 4 unread message(s)
[2026-06-07T09:37:45.070Z] ✓ 4 unread message(s)
[2026-06-07T09:37:47.070Z] ✓ 4 unread message(s)
[2026-06-07T09:37:49.072Z] ✓ 4 unread message(s)
[2026-06-07T09:37:51.074Z] ✓ 4 unread message(s)
[2026-06-07T09:37:53.075Z] ✓ 4 unread message(s)
[2026-06-07T09:37:55.076Z] ✓ 4 unread message(s)
[2026-06-07T09:37:57.077Z] ✓ 4 unread message(s)
[2026-06-07T09:37:59.078Z] ✓ 4 unread message(s)
[2026-06-07T09:38:01.079Z] ✓ 4 unread message(s)
[2026-06-07T09:38:03.080Z] ✓ 4 unread message(s)
[2026-06-07T09:38:05.081Z] ✓ 4 unread message(s)
[2026-06-07T09:38:07.082Z] ✓ 4 unread message(s)
[2026-06-07T09:38:09.083Z] ✓ 4 unread message(s)
[2026-06-07T09:38:11.084Z] ✓ 4 unread message(s)
[2026-06-07T09:38:13.087Z] ✓ 4 unread message(s)
[2026-06-07T09:38:15.088Z] ✓ 4 unread message(s)
[2026-06-07T09:38:17.090Z] ✓ 4 unread message(s)
[2026-06-07T09:38:19.092Z] ✓ 4 unread message(s)
[2026-06-07T09:38:21.093Z] ✓ 4 unread message(s)
[2026-06-07T09:38:23.095Z] ✓ 4 unread message(s)
[2026-06-07T09:38:25.095Z] ✓ 4 unread message(s)
[2026-06-07T09:38:27.096Z] ✓ 4 unread message(s)
[2026-06-07T09:38:29.099Z] ✓ 4 unread message(s)
[2026-06-07T09:38:31.099Z] ✓ 4 unread message(s)
[2026-06-07T09:38:33.101Z] ✓ 4 unread message(s)
[2026-06-07T09:38:35.102Z] ✓ 4 unread message(s)
[2026-06-07T09:38:37.104Z] ✓ 4 unread message(s)
[2026-06-07T09:38:39.104Z] ✓ 4 unread message(s)
[2026-06-07T09:38:41.105Z] ✓ 4 unread message(s)
[2026-06-07T09:38:43.107Z] ✓ 4 unread message(s)
[2026-06-07T09:38:45.109Z] ✓ 4 unread message(s)
[2026-06-07T09:38:47.110Z] ✓ 4 unread message(s)
[2026-06-07T09:38:49.111Z] ✓ 4 unread message(s)
[2026-06-07T09:38:51.113Z] ✓ 4 unread message(s)
[2026-06-07T09:38:53.115Z] ✓ 4 unread message(s)
[2026-06-07T09:38:55.117Z] ✓ 4 unread message(s)
[2026-06-07T09:38:57.117Z] ✓ 4 unread message(s)
[2026-06-07T09:38:59.119Z] ✓ 4 unread message(s)
[2026-06-07T09:39:01.121Z] ✓ 4 unread message(s)
[2026-06-07T09:39:03.121Z] ✓ 4 unread message(s)
[2026-06-07T09:39:05.123Z] ✓ 4 unread message(s)
[2026-06-07T09:39:07.124Z] ✓ 4 unread message(s)
[2026-06-07T09:39:09.125Z] ✓ 4 unread message(s)
[2026-06-07T09:39:11.126Z] ✓ 4 unread message(s)
[2026-06-07T09:39:13.128Z] ✓ 4 unread message(s)
[2026-06-07T09:39:15.129Z] ✓ 4 unread message(s)
[2026-06-07T09:39:17.131Z] ✓ 4 unread message(s)
[2026-06-07T09:39:19.132Z] ✓ 4 unread message(s)
[2026-06-07T09:39:21.132Z] ✓ 4 unread message(s)
[2026-06-07T09:39:23.134Z] ✓ 4 unread message(s)
[2026-06-07T09:39:25.135Z] ✓ 4 unread message(s)
[2026-06-07T09:39:27.136Z] ✓ 4 unread message(s)
[2026-06-07T09:39:29.139Z] ✓ 4 unread message(s)
[2026-06-07T09:39:31.140Z] ✓ 4 unread message(s)
[2026-06-07T09:39:33.141Z] ✓ 4 unread message(s)
[2026-06-07T09:39:35.142Z] ✓ 4 unread message(s)
[2026-06-07T09:39:37.144Z] ✓ 4 unread message(s)
[2026-06-07T09:39:39.146Z] ✓ 4 unread message(s)
[2026-06-07T09:39:41.146Z] ✓ 4 unread message(s)
[2026-06-07T09:39:43.150Z] ✓ 4 unread message(s)
[2026-06-07T09:39:45.151Z] ✓ 4 unread message(s)
[2026-06-07T09:39:47.153Z] ✓ 4 unread message(s)
[2026-06-07T09:39:49.154Z] ✓ 4 unread message(s)
[2026-06-07T09:39:51.155Z] ✓ 4 unread message(s)
[2026-06-07T09:39:53.157Z] ✓ 4 unread message(s)
[2026-06-07T09:39:55.158Z] ✓ 4 unread message(s)
[2026-06-07T09:39:57.159Z] ✓ 4 unread message(s)
[2026-06-07T09:39:59.161Z] ✓ 4 unread message(s)
[2026-06-07T09:40:01.162Z] ✓ 4 unread message(s)
[2026-06-07T09:40:03.164Z] ✓ 4 unread message(s)
[2026-06-07T09:40:05.164Z] ✓ 4 unread message(s)
[2026-06-07T09:40:07.166Z] ✓ 4 unread message(s)
[2026-06-07T09:40:09.168Z] ✓ 4 unread message(s)
[2026-06-07T09:40:11.169Z] ✓ 4 unread message(s)
[2026-06-07T09:40:13.170Z] ✓ 4 unread message(s)
[2026-06-07T09:40:15.171Z] ✓ 4 unread message(s)
[2026-06-07T09:40:17.173Z] ✓ 4 unread message(s)
[2026-06-07T09:40:19.174Z] ✓ 4 unread message(s)
[2026-06-07T09:40:21.175Z] ✓ 4 unread message(s)
[2026-06-07T09:40:23.177Z] ✓ 4 unread message(s)
[2026-06-07T09:40:25.179Z] ✓ 4 unread message(s)
[2026-06-07T09:40:27.179Z] ✓ 4 unread message(s)
[2026-06-07T09:40:29.181Z] ✓ 4 unread message(s)
[2026-06-07T09:40:31.182Z] ✓ 4 unread message(s)
[2026-06-07T09:40:33.184Z] ✓ 4 unread message(s)
[2026-06-07T09:40:35.184Z] ✓ 4 unread message(s)
[2026-06-07T09:40:37.187Z] ✓ 4 unread message(s)
[2026-06-07T09:40:39.187Z] ✓ 4 unread message(s)
[2026-06-07T09:40:41.189Z] ✓ 4 unread message(s)
[2026-06-07T09:40:43.191Z] ✓ 4 unread message(s)
[2026-06-07T09:40:45.192Z] ✓ 4 unread message(s)
[2026-06-07T09:40:47.195Z] ✓ 4 unread message(s)
[2026-06-07T09:40:49.196Z] ✓ 4 unread message(s)
[2026-06-07T09:40:51.196Z] ✓ 4 unread message(s)
[2026-06-07T09:40:53.199Z] ✓ 4 unread message(s)
[2026-06-07T09:40:55.200Z] ✓ 4 unread message(s)
[2026-06-07T09:40:57.202Z] ✓ 4 unread message(s)
[2026-06-07T09:40:59.203Z] ✓ 4 unread message(s)
[2026-06-07T09:41:01.205Z] ✓ 5 unread message(s)
[2026-06-07T09:41:01.205Z] ✓ Mirrored message to Gemini TTY (/dev/pts/0)
[2026-06-07T09:41:03.207Z] ✓ 5 unread message(s)
[2026-06-07T09:41:04.833Z] ⚡ WOKEN by wake file: Polling bridge immediately
[2026-06-07T09:41:04.834Z] ✓ 5 unread message(s)
[2026-06-07T09:41:05.208Z] ✓ 5 unread message(s)
[2026-06-07T09:41:07.211Z] ✓ 5 unread message(s)
[2026-06-07T09:41:09.212Z] ✓ 5 unread message(s)
[2026-06-07T09:41:11.213Z] ✓ 5 unread message(s)
[2026-06-07T09:41:13.215Z] ✓ 5 unread message(s)
[2026-06-07T09:41:15.216Z] ✓ 5 unread message(s)
[2026-06-07T09:41:17.217Z] ✓ 5 unread message(s)
[2026-06-07T09:41:19.219Z] ✓ 5 unread message(s)
[2026-06-07T09:41:21.219Z] ✓ 5 unread message(s)
[2026-06-07T09:41:23.222Z] ✓ 5 unread message(s)
[2026-06-07T09:41:25.223Z] ✓ 5 unread message(s)
[2026-06-07T09:41:27.225Z] ✓ 5 unread message(s)
[2026-06-07T09:41:29.226Z] ✓ 5 unread message(s)
[2026-06-07T09:41:31.227Z] ✓ 5 unread message(s)
[2026-06-07T09:41:33.227Z] ✓ 5 unread message(s)
[2026-06-07T09:41:35.228Z] ✓ 5 unread message(s)
[2026-06-07T09:41:37.228Z] ✓ 5 unread message(s)
[2026-06-07T09:41:39.230Z] ✓ 5 unread message(s)
[2026-06-07T09:41:41.231Z] ✓ 5 unread message(s)
[2026-06-07T09:41:43.232Z] ✓ 5 unread message(s)
[2026-06-07T09:41:45.233Z] ✓ 5 unread message(s)
[2026-06-07T09:41:47.236Z] ✓ 5 unread message(s)
[2026-06-07T09:41:49.237Z] ✓ 5 unread message(s)
[2026-06-07T09:41:51.239Z] ✓ 5 unread message(s)
[2026-06-07T09:41:53.239Z] ✓ 5 unread message(s)
[2026-06-07T09:41:55.240Z] ✓ 5 unread message(s)
[2026-06-07T09:41:57.241Z] ✓ 5 unread message(s)
[2026-06-07T09:41:59.244Z] ✓ 5 unread message(s)
[2026-06-07T09:42:01.243Z] ✓ 5 unread message(s)
[2026-06-07T09:42:03.246Z] ✓ 5 unread message(s)
[2026-06-07T09:42:05.247Z] ✓ 5 unread message(s)
[2026-06-07T09:42:07.249Z] ✓ 5 unread message(s)
[2026-06-07T09:42:09.249Z] ✓ 5 unread message(s)
[2026-06-07T09:42:11.250Z] ✓ 5 unread message(s)
[2026-06-07T09:42:13.252Z] ✓ 5 unread message(s)
[2026-06-07T09:42:15.253Z] ✓ 5 unread message(s)
[2026-06-07T09:42:17.253Z] ✓ 5 unread message(s)
[2026-06-07T09:42:19.257Z] ✓ 5 unread message(s)
[2026-06-07T09:42:21.257Z] ✓ 5 unread message(s)
[2026-06-07T09:42:23.260Z] ✓ 5 unread message(s)
[2026-06-07T09:42:25.260Z] ✓ 5 unread message(s)
[2026-06-07T09:42:27.262Z] ✓ 5 unread message(s)
[2026-06-07T09:42:29.264Z] ✓ 5 unread message(s)
[2026-06-07T09:42:31.264Z] ✓ 5 unread message(s)
[2026-06-07T09:42:33.265Z] ✓ 5 unread message(s)
[2026-06-07T09:42:35.265Z] ✓ 5 unread message(s)
[2026-06-07T09:42:37.268Z] ✓ 5 unread message(s)
[2026-06-07T09:42:39.269Z] ✓ 5 unread message(s)
[2026-06-07T09:42:41.270Z] ✓ 5 unread message(s)
[2026-06-07T09:42:43.273Z] ✓ 5 unread message(s)
[2026-06-07T09:42:45.274Z] ✓ 5 unread message(s)
[2026-06-07T09:42:47.275Z] ✓ 5 unread message(s)
[2026-06-07T09:42:49.277Z] ✓ 5 unread message(s)
[2026-06-07T09:42:51.278Z] ✓ 5 unread message(s)
[2026-06-07T09:42:53.280Z] ✓ 5 unread message(s)
[2026-06-07T09:42:55.281Z] ✓ 5 unread message(s)
[2026-06-07T09:42:57.282Z] ✓ 5 unread message(s)
[2026-06-07T09:42:59.284Z] ✓ 5 unread message(s)
[2026-06-07T09:43:01.285Z] ✓ 5 unread message(s)
[2026-06-07T09:43:03.286Z] ✓ 5 unread message(s)
[2026-06-07T09:43:05.286Z] ✓ 5 unread message(s)
[2026-06-07T09:43:07.288Z] ✓ 5 unread message(s)
[2026-06-07T09:43:09.288Z] ✓ 5 unread message(s)
[2026-06-07T09:43:11.290Z] ✓ 5 unread message(s)
[2026-06-07T09:43:13.291Z] ✓ 5 unread message(s)
[2026-06-07T09:43:15.293Z] ✓ 5 unread message(s)
[2026-06-07T09:43:17.294Z] ✓ 5 unread message(s)
[2026-06-07T09:43:19.296Z] ✓ 5 unread message(s)
[2026-06-07T09:43:21.297Z] ✓ 5 unread message(s)
[2026-06-07T09:43:23.298Z] ✓ 5 unread message(s)
[2026-06-07T09:43:25.299Z] ✓ 5 unread message(s)
[2026-06-07T09:43:27.300Z] ✓ 5 unread message(s)
[2026-06-07T09:43:29.303Z] ✓ 5 unread message(s)
[2026-06-07T09:43:31.304Z] ✓ 5 unread message(s)
[2026-06-07T09:43:33.306Z] ✓ 5 unread message(s)
[2026-06-07T09:43:35.307Z] ✓ 5 unread message(s)
[2026-06-07T09:43:37.309Z] ✓ 5 unread message(s)
[2026-06-07T09:43:39.311Z] ✓ 5 unread message(s)
[2026-06-07T09:43:41.311Z] ✓ 5 unread message(s)
[2026-06-07T09:43:43.313Z] ✓ 5 unread message(s)
[2026-06-07T09:43:44.877Z] ⚡ WOKEN by wake file: Polling bridge immediately
[2026-06-07T09:43:44.878Z] ✓ 6 unread message(s)
[2026-06-07T09:43:44.878Z] ✓ Mirrored message to Gemini TTY (/dev/pts/0)
[2026-06-07T09:43:45.314Z] ✓ 6 unread message(s)
[2026-06-07T09:43:47.317Z] ✓ 6 unread message(s)
[2026-06-07T09:43:49.319Z] ✓ 6 unread message(s)
[2026-06-07T09:43:51.320Z] ✓ 6 unread message(s)
[2026-06-07T09:43:53.322Z] ✓ 6 unread message(s)
[2026-06-07T09:43:55.323Z] ✓ 6 unread message(s)
[2026-06-07T09:43:57.324Z] ✓ 6 unread message(s)
[2026-06-07T09:43:59.326Z] ✓ 6 unread message(s)
[2026-06-07T09:44:01.327Z] ✓ 6 unread message(s)
[2026-06-07T09:44:03.328Z] ✓ 6 unread message(s)
[2026-06-07T09:44:05.330Z] ✓ 6 unread message(s)
[2026-06-07T09:44:07.331Z] ✓ 6 unread message(s)
[2026-06-07T09:44:09.332Z] ✓ 6 unread message(s)
[2026-06-07T09:44:11.333Z] ✓ 6 unread message(s)
[2026-06-07T09:44:13.335Z] ✓ 6 unread message(s)
[2026-06-07T09:44:15.336Z] ✓ 6 unread message(s)
[2026-06-07T09:44:17.338Z] ✓ 6 unread message(s)
[2026-06-07T09:44:19.339Z] ✓ 6 unread message(s)
[2026-06-07T09:44:21.340Z] ✓ 6 unread message(s)
[2026-06-07T09:44:23.342Z] ✓ 6 unread message(s)
[2026-06-07T09:44:25.343Z] ✓ 6 unread message(s)
[2026-06-07T09:44:27.344Z] ✓ 6 unread message(s)
[2026-06-07T09:44:29.345Z] ✓ 6 unread message(s)
[2026-06-07T09:44:31.347Z] ✓ 6 unread message(s)
[2026-06-07T09:44:33.348Z] ✓ 6 unread message(s)
[2026-06-07T09:44:35.348Z] ✓ 6 unread message(s)
[2026-06-07T09:44:37.351Z] ✓ 6 unread message(s)
[2026-06-07T09:44:39.352Z] ✓ 6 unread message(s)
[2026-06-07T09:44:41.353Z] ✓ 6 unread message(s)
[2026-06-07T09:44:43.354Z] ✓ 6 unread message(s)
[2026-06-07T09:44:45.355Z] ✓ 6 unread message(s)
[2026-06-07T09:44:47.357Z] ✓ 6 unread message(s)
[2026-06-07T09:44:49.358Z] ✓ 6 unread message(s)
[2026-06-07T09:44:51.359Z] ✓ 6 unread message(s)
[2026-06-07T09:44:53.362Z] ✓ 6 unread message(s)
[2026-06-07T09:44:55.361Z] ✓ 6 unread message(s)
[2026-06-07T09:44:57.362Z] ✓ 6 unread message(s)
[2026-06-07T09:44:59.362Z] ✓ 6 unread message(s)
[2026-06-07T09:45:01.363Z] ✓ 6 unread message(s)
[2026-06-07T09:45:03.365Z] ✓ 6 unread message(s)
[2026-06-07T09:45:05.365Z] ✓ 6 unread message(s)
[2026-06-07T09:45:07.365Z] ✓ 6 unread message(s)
[2026-06-07T09:45:09.366Z] ✓ 6 unread message(s)
[2026-06-07T09:45:11.368Z] ✓ 6 unread message(s)
[2026-06-07T09:45:13.369Z] ✓ 6 unread message(s)
[2026-06-07T09:45:15.371Z] ✓ 6 unread message(s)
[2026-06-07T09:45:17.372Z] ✓ 6 unread message(s)
[2026-06-07T09:45:19.374Z] ✓ 6 unread message(s)
[2026-06-07T09:45:21.374Z] ✓ 6 unread message(s)
[2026-06-07T09:45:23.376Z] ✓ 6 unread message(s)
[2026-06-07T09:45:25.377Z] ✓ 6 unread message(s)
[2026-06-07T09:45:27.379Z] ✓ 6 unread message(s)
[2026-06-07T09:45:29.380Z] ✓ 6 unread message(s)
[2026-06-07T09:45:31.381Z] ✓ 6 unread message(s)
[2026-06-07T09:45:33.382Z] ✓ 6 unread message(s)
[2026-06-07T09:45:35.383Z] ✓ 6 unread message(s)
[2026-06-07T09:45:37.385Z] ✓ 6 unread message(s)
[2026-06-07T09:45:39.385Z] ✓ 6 unread message(s)
[2026-06-07T09:45:41.388Z] ✓ 6 unread message(s)
[2026-06-07T09:45:43.389Z] ✓ 6 unread message(s)
[2026-06-07T09:45:45.391Z] ✓ 6 unread message(s)
[2026-06-07T09:45:47.392Z] ✓ 6 unread message(s)
[2026-06-07T09:45:49.393Z] ✓ 6 unread message(s)
[2026-06-07T09:45:51.394Z] ✓ 6 unread message(s)
[2026-06-07T09:45:53.396Z] ✓ 6 unread message(s)
[2026-06-07T09:45:55.398Z] ✓ 6 unread message(s)
[2026-06-07T09:45:57.400Z] ✓ 6 unread message(s)
[2026-06-07T09:45:59.401Z] ✓ 6 unread message(s)
[2026-06-07T09:46:01.403Z] ✓ 6 unread message(s)
[2026-06-07T09:46:03.405Z] ✓ 6 unread message(s)
[2026-06-07T09:46:05.406Z] ✓ 6 unread message(s)
[2026-06-07T09:46:07.407Z] ✓ 6 unread message(s)
[2026-06-07T09:46:09.408Z] ✓ 6 unread message(s)
[2026-06-07T09:46:11.410Z] ✓ 6 unread message(s)
[2026-06-07T09:46:13.410Z] ✓ 6 unread message(s)
[2026-06-07T09:46:15.412Z] ✓ 6 unread message(s)
[2026-06-07T09:46:17.414Z] ✓ 6 unread message(s)
[2026-06-07T09:46:19.416Z] ✓ 7 unread message(s)
[2026-06-07T09:46:19.939Z] ✓ Mirrored message to Gemini TTY (/dev/pts/0)
[2026-06-07T09:46:19.939Z] ⚡ WOKEN by wake file: Polling bridge immediately
[2026-06-07T09:46:19.940Z] ✓ 7 unread message(s)
[2026-06-07T09:46:21.941Z] ✓ 7 unread message(s)
[2026-06-07T09:46:23.943Z] ✓ 7 unread message(s)
[2026-06-07T09:46:25.944Z] ✓ 7 unread message(s)
[2026-06-07T09:46:27.945Z] ✓ 7 unread message(s)
[2026-06-07T09:46:29.946Z] ✓ 7 unread message(s)
[2026-06-07T09:46:31.949Z] ✓ 7 unread message(s)
[2026-06-07T09:46:33.950Z] ✓ 7 unread message(s)
[2026-06-07T09:46:35.951Z] ✓ 7 unread message(s)
[2026-06-07T09:46:37.953Z] ✓ 7 unread message(s)
[2026-06-07T09:46:39.952Z] ✓ 7 unread message(s)
[2026-06-07T09:46:41.956Z] ✓ 7 unread message(s)
[2026-06-07T09:46:43.957Z] ✓ 7 unread message(s)
[2026-06-07T09:46:45.959Z] ✓ 7 unread message(s)
[2026-06-07T09:46:47.960Z] ✓ 7 unread message(s)
[2026-06-07T09:46:49.962Z] ✓ 7 unread message(s)
[2026-06-07T09:46:51.963Z] ✓ 7 unread message(s)
[2026-06-07T09:46:53.964Z] ✓ 7 unread message(s)
[2026-06-07T09:46:55.965Z] ✓ 7 unread message(s)
[2026-06-07T09:46:57.967Z] ✓ 7 unread message(s)
[2026-06-07T09:46:59.968Z] ✓ 7 unread message(s)
[2026-06-07T09:47:01.969Z] ✓ 7 unread message(s)
[2026-06-07T09:47:03.970Z] ✓ 7 unread message(s)
[2026-06-07T09:47:05.971Z] ✓ 7 unread message(s)
[2026-06-07T09:47:07.973Z] ✓ 7 unread message(s)
[2026-06-07T09:47:09.974Z] ✓ 7 unread message(s)
[2026-06-07T09:47:11.977Z] ✓ 7 unread message(s)
[2026-06-07T09:47:13.979Z] ✓ 7 unread message(s)
[2026-06-07T09:47:15.980Z] ✓ 7 unread message(s)
[2026-06-07T09:47:17.981Z] ✓ 7 unread message(s)
[2026-06-07T09:47:19.959Z] ⚡ WOKEN by wake file: Polling bridge immediately
[2026-06-07T09:47:19.960Z] ✓ 8 unread message(s)
[2026-06-07T09:47:19.960Z] ✓ Mirrored message to Gemini TTY (/dev/pts/0)
[2026-06-07T09:47:19.982Z] ✓ 8 unread message(s)
[2026-06-07T09:47:21.984Z] ✓ 8 unread message(s)
[2026-06-07T09:47:23.985Z] ✓ 8 unread message(s)
[2026-06-07T09:47:25.987Z] ✓ 8 unread message(s)
[2026-06-07T09:47:27.988Z] ✓ 8 unread message(s)
[2026-06-07T09:47:29.989Z] ✓ 8 unread message(s)
[2026-06-07T09:47:31.992Z] ✓ 8 unread message(s)
[2026-06-07T09:47:33.993Z] ✓ 8 unread message(s)
[2026-06-07T09:47:35.995Z] ✓ 8 unread message(s)
[2026-06-07T09:47:37.997Z] ✓ 8 unread message(s)
[2026-06-07T09:47:39.998Z] ✓ 8 unread message(s)
[2026-06-07T09:47:42.000Z] ✓ 9 unread message(s)
[2026-06-07T09:47:42.000Z] ✓ Mirrored message to Gemini TTY (/dev/pts/0)
[2026-06-07T09:47:44.001Z] ✓ 9 unread message(s)
[2026-06-07T09:47:44.968Z] ⚡ WOKEN by wake file: Polling bridge immediately
[2026-06-07T09:47:44.969Z] ✓ 9 unread message(s)
[2026-06-07T09:47:46.002Z] ✓ 9 unread message(s)
[2026-06-07T09:47:48.006Z] ✓ 9 unread message(s)
[2026-06-07T09:47:50.008Z] ✓ 9 unread message(s)
[2026-06-07T09:47:52.008Z] ✓ 9 unread message(s)
[2026-06-07T09:47:54.011Z] ✓ 9 unread message(s)
[2026-06-07T09:47:56.011Z] ✓ 9 unread message(s)
[2026-06-07T09:47:58.012Z] ✓ 9 unread message(s)
[2026-06-07T09:48:00.013Z] ✓ 9 unread message(s)
[2026-06-07T09:48:02.015Z] ✓ 9 unread message(s)
[2026-06-07T09:48:04.016Z] ✓ 9 unread message(s)
[2026-06-07T09:48:06.017Z] ✓ 9 unread message(s)
[2026-06-07T09:48:08.019Z] ✓ 10 unread message(s)
[2026-06-07T09:48:08.755Z] ✓ Mirrored message to Gemini TTY (/dev/pts/0)
[2026-06-07T09:48:09.974Z] ⚡ WOKEN by wake file: Polling bridge immediately
[2026-06-07T09:48:09.975Z] ✓ 10 unread message(s)
[2026-06-07T09:48:10.757Z] ✓ 10 unread message(s)
[2026-06-07T09:48:12.761Z] ✓ 10 unread message(s)
[2026-06-07T09:48:14.762Z] ✓ 10 unread message(s)
[2026-06-07T09:48:16.763Z] ✓ 10 unread message(s)
[2026-06-07T09:48:18.764Z] ✓ 10 unread message(s)
[2026-06-07T09:48:20.766Z] ✓ 10 unread message(s)
[2026-06-07T09:48:22.766Z] ✓ 10 unread message(s)
[2026-06-07T09:48:24.768Z] ✓ 10 unread message(s)
[2026-06-07T09:48:26.769Z] ✓ 10 unread message(s)
[2026-06-07T09:48:28.769Z] ✓ 10 unread message(s)
[2026-06-07T09:48:30.771Z] ✓ 10 unread message(s)
[2026-06-07T09:48:32.772Z] ✓ 10 unread message(s)
[2026-06-07T09:48:34.773Z] ✓ 10 unread message(s)
[2026-06-07T09:48:36.774Z] ✓ 10 unread message(s)
[2026-06-07T09:48:38.775Z] ✓ 10 unread message(s)
[2026-06-07T09:48:40.776Z] ✓ 10 unread message(s)
[2026-06-07T09:48:42.779Z] ✓ 10 unread message(s)
[2026-06-07T09:48:44.779Z] ✓ 10 unread message(s)
[2026-06-07T09:48:46.781Z] ✓ 10 unread message(s)
[2026-06-07T09:48:48.782Z] ✓ 10 unread message(s)
[2026-06-07T09:48:50.784Z] ✓ 10 unread message(s)
[2026-06-07T09:48:52.784Z] ✓ 10 unread message(s)
[2026-06-07T09:48:54.785Z] ✓ 10 unread message(s)
[2026-06-07T09:48:56.786Z] ✓ 10 unread message(s)
[2026-06-07T09:48:58.787Z] ✓ 10 unread message(s)
[2026-06-07T09:49:00.789Z] ✓ 10 unread message(s)
[2026-06-07T09:49:02.790Z] ✓ 10 unread message(s)
[2026-06-07T09:49:04.791Z] ✓ 10 unread message(s)
[2026-06-07T09:49:06.793Z] ✓ 10 unread message(s)
[2026-06-07T09:49:08.795Z] ✓ 10 unread message(s)
[2026-06-07T09:49:10.795Z] ✓ 10 unread message(s)
[2026-06-07T09:49:12.798Z] ✓ 10 unread message(s)
[2026-06-07T09:49:14.798Z] ✓ 10 unread message(s)
[2026-06-07T09:49:16.799Z] ✓ 10 unread message(s)
[2026-06-07T09:49:18.801Z] ✓ 10 unread message(s)
[2026-06-07T09:49:20.801Z] ✓ 10 unread message(s)
[2026-06-07T09:49:22.803Z] ✓ 11 unread message(s)
[2026-06-07T09:49:22.803Z] ✓ Mirrored message to Gemini TTY (/dev/pts/0)
[2026-06-07T09:49:24.805Z] ✓ 11 unread message(s)
[2026-06-07T09:49:24.985Z] ⚡ WOKEN by wake file: Polling bridge immediately
[2026-06-07T09:49:24.987Z] ✓ 11 unread message(s)
[2026-06-07T09:49:26.807Z] ✓ 11 unread message(s)
[2026-06-07T09:49:28.809Z] ✓ 11 unread message(s)
[2026-06-07T09:49:30.810Z] ✓ 11 unread message(s)
[2026-06-07T09:49:32.813Z] ✓ 11 unread message(s)
[2026-06-07T09:49:34.814Z] ✓ 11 unread message(s)
[2026-06-07T09:49:36.816Z] ✓ 11 unread message(s)
[2026-06-07T09:49:38.818Z] ✓ 11 unread message(s)
[2026-06-07T09:49:40.818Z] ✓ 11 unread message(s)
[2026-06-07T09:49:42.820Z] ✓ 11 unread message(s)
[2026-06-07T09:49:44.821Z] ✓ 11 unread message(s)
[2026-06-07T09:49:46.822Z] ✓ 11 unread message(s)
[2026-06-07T09:49:48.824Z] ✓ 11 unread message(s)
[2026-06-07T09:49:50.825Z] ✓ 11 unread message(s)
[2026-06-07T09:49:52.825Z] ✓ 11 unread message(s)
[2026-06-07T09:49:54.828Z] ✓ 11 unread message(s)
[2026-06-07T09:49:56.829Z] ✓ 11 unread message(s)
[2026-06-07T09:49:58.830Z] ✓ 11 unread message(s)
[2026-06-07T09:50:00.832Z] ✓ 11 unread message(s)
[2026-06-07T09:50:02.833Z] ✓ 11 unread message(s)
[2026-06-07T09:50:04.834Z] ✓ 11 unread message(s)
[2026-06-07T09:50:06.837Z] ✓ 11 unread message(s)
[2026-06-07T09:50:08.837Z] ✓ 11 unread message(s)
[2026-06-07T09:50:10.839Z] ✓ 11 unread message(s)
[2026-06-07T09:50:12.841Z] ✓ 11 unread message(s)
[2026-06-07T09:50:14.841Z] ✓ 11 unread message(s)
[2026-06-07T09:50:16.842Z] ✓ 11 unread message(s)
[2026-06-07T09:50:18.845Z] ✓ 11 unread message(s)
[2026-06-07T09:50:20.845Z] ✓ 11 unread message(s)
[2026-06-07T09:50:22.845Z] ✓ 11 unread message(s)
[2026-06-07T09:50:24.848Z] ✓ 11 unread message(s)
[2026-06-07T09:50:26.848Z] ✓ 11 unread message(s)
[2026-06-07T09:50:28.850Z] ✓ 11 unread message(s)
[2026-06-07T09:50:30.850Z] ✓ 11 unread message(s)
[2026-06-07T09:50:32.852Z] ✓ 11 unread message(s)
[2026-06-07T09:50:34.853Z] ✓ 11 unread message(s)
[2026-06-07T09:50:36.855Z] ✓ 11 unread message(s)
[2026-06-07T09:50:38.857Z] ✓ 11 unread message(s)
[2026-06-07T09:50:40.858Z] ✓ 11 unread message(s)
[2026-06-07T09:50:42.860Z] ✓ 11 unread message(s)
[2026-06-07T09:50:44.861Z] ✓ 11 unread message(s)
[2026-06-07T09:50:46.863Z] ✓ 11 unread message(s)
[2026-06-07T09:50:48.864Z] ✓ 11 unread message(s)
[2026-06-07T09:50:50.865Z] ✓ 11 unread message(s)
[2026-06-07T09:50:52.865Z] ✓ 11 unread message(s)
[2026-06-07T09:50:54.869Z] ✓ 12 unread message(s)
[2026-06-07T09:50:54.869Z] ✓ Mirrored message to Gemini TTY (/dev/pts/0)
[2026-06-07T09:50:56.869Z] ✓ 12 unread message(s)
[2026-06-07T09:50:58.871Z] ✓ 12 unread message(s)
[2026-06-07T09:51:00.872Z] ✓ 12 unread message(s)
[2026-06-07T09:51:02.873Z] ✓ 12 unread message(s)
[2026-06-07T09:51:04.874Z] ✓ 12 unread message(s)
[2026-06-07T09:51:06.877Z] ✓ 12 unread message(s)
[2026-06-07T09:51:08.877Z] ✓ 12 unread message(s)
[2026-06-07T09:51:10.879Z] ✓ 12 unread message(s)
[2026-06-07T09:51:12.880Z] ✓ 13 unread message(s)
[2026-06-07T09:51:13.052Z] ✓ Mirrored message to Gemini TTY (/dev/pts/0)
[2026-06-07T09:51:14.996Z] ⚡ WOKEN by wake file: Polling bridge immediately
[2026-06-07T09:51:14.997Z] ✓ 13 unread message(s)
[2026-06-07T09:51:15.052Z] ✓ 13 unread message(s)
[2026-06-07T09:51:17.054Z] ✓ 13 unread message(s)
[2026-06-07T09:51:19.055Z] ✓ 13 unread message(s)
[2026-06-07T09:51:21.057Z] ✓ 13 unread message(s)
[2026-06-07T09:51:23.058Z] ✓ 13 unread message(s)
[2026-06-07T09:51:25.059Z] ✓ 13 unread message(s)
[2026-06-07T09:51:27.062Z] ✓ 13 unread message(s)
[2026-06-07T09:51:29.061Z] ✓ 13 unread message(s)
[2026-06-07T09:51:31.064Z] ✓ 13 unread message(s)
[2026-06-07T09:51:33.064Z] ✓ 13 unread message(s)
[2026-06-07T09:51:35.064Z] ✓ 13 unread message(s)
[2026-06-07T09:51:37.065Z] ✓ 13 unread message(s)
[2026-06-07T09:51:39.067Z] ✓ 13 unread message(s)
[2026-06-07T09:51:41.068Z] ✓ 13 unread message(s)
[2026-06-07T09:51:43.070Z] ✓ 13 unread message(s)
[2026-06-07T09:51:45.071Z] ✓ 13 unread message(s)
[2026-06-07T09:51:47.072Z] ✓ 13 unread message(s)
[2026-06-07T09:51:49.075Z] ✓ 13 unread message(s)
[2026-06-07T09:51:51.076Z] ✓ 13 unread message(s)
[2026-06-07T09:51:53.077Z] ✓ 13 unread message(s)
[2026-06-07T09:51:55.077Z] ✓ 13 unread message(s)
[2026-06-07T09:51:57.081Z] ✓ 13 unread message(s)
[2026-06-07T09:51:59.081Z] ✓ 13 unread message(s)
[2026-06-07T09:52:01.082Z] ✓ 13 unread message(s)
[2026-06-07T09:52:03.085Z] ✓ 13 unread message(s)
[2026-06-07T09:52:05.087Z] ✓ 13 unread message(s)
[2026-06-07T09:52:07.087Z] ✓ 13 unread message(s)
[2026-06-07T09:52:09.089Z] ✓ 13 unread message(s)
[2026-06-07T09:52:11.089Z] ✓ 13 unread message(s)
[2026-06-07T09:52:13.092Z] ✓ 13 unread message(s)
[2026-06-07T09:52:15.092Z] ✓ 13 unread message(s)
[2026-06-07T09:52:17.094Z] ✓ 13 unread message(s)
[2026-06-07T09:52:19.095Z] ✓ 13 unread message(s)
[2026-06-07T09:52:21.096Z] ✓ 13 unread message(s)
[2026-06-07T09:52:23.098Z] ✓ 13 unread message(s)
[2026-06-07T09:52:25.098Z] ✓ 13 unread message(s)
[2026-06-07T09:52:27.101Z] ✓ 13 unread message(s)
[2026-06-07T09:52:29.101Z] ✓ 13 unread message(s)
[2026-06-07T09:52:31.102Z] ✓ 13 unread message(s)
[2026-06-07T09:52:33.103Z] ✓ 13 unread message(s)
[2026-06-07T09:52:35.104Z] ✓ 13 unread message(s)
[2026-06-07T09:52:37.107Z] ✓ 13 unread message(s)
[2026-06-07T09:52:39.108Z] ✓ 13 unread message(s)
[2026-06-07T09:52:41.110Z] ✓ 13 unread message(s)
[2026-06-07T09:52:43.111Z] ✓ 13 unread message(s)
[2026-06-07T09:52:45.112Z] ✓ 13 unread message(s)
[2026-06-07T09:52:47.114Z] ✓ 13 unread message(s)
[2026-06-07T09:52:49.116Z] ✓ 14 unread message(s)
[2026-06-07T09:52:49.116Z] ✓ Mirrored message to Gemini TTY (/dev/pts/0)
[2026-06-07T09:52:50.015Z] ⚡ WOKEN by wake file: Polling bridge immediately
[2026-06-07T09:52:50.016Z] ✓ 14 unread message(s)
[2026-06-07T09:52:51.116Z] ✓ 14 unread message(s)
[2026-06-07T09:52:53.118Z] ✓ 14 unread message(s)
[2026-06-07T09:52:55.119Z] ✓ 14 unread message(s)
[2026-06-07T09:52:57.121Z] ✓ 14 unread message(s)
[2026-06-07T09:52:59.123Z] ✓ 14 unread message(s)
[2026-06-07T09:53:01.124Z] ✓ 14 unread message(s)
[2026-06-07T09:53:03.125Z] ✓ 14 unread message(s)
[2026-06-07T09:53:05.127Z] ✓ 14 unread message(s)
[2026-06-07T09:53:07.128Z] ✓ 14 unread message(s)
[2026-06-07T09:53:09.130Z] ✓ 14 unread message(s)
[2026-06-07T09:53:11.131Z] ✓ 14 unread message(s)
[2026-06-07T09:53:13.133Z] ✓ 14 unread message(s)
[2026-06-07T09:53:15.134Z] ✓ 14 unread message(s)
[2026-06-07T09:53:17.135Z] ✓ 14 unread message(s)
[2026-06-07T09:53:19.137Z] ✓ 14 unread message(s)
[2026-06-07T09:53:21.137Z] ✓ 14 unread message(s)
[2026-06-07T09:53:23.138Z] ✓ 14 unread message(s)
[2026-06-07T09:53:25.139Z] ✓ 14 unread message(s)
[2026-06-07T09:53:27.142Z] ✓ 14 unread message(s)
[2026-06-07T09:53:29.144Z] ✓ 14 unread message(s)
[2026-06-07T09:53:31.145Z] ✓ 14 unread message(s)
[2026-06-07T09:53:33.147Z] ✓ 14 unread message(s)
[2026-06-07T09:53:35.148Z] ✓ 15 unread message(s)
[2026-06-07T09:53:35.327Z] ✓ Mirrored message to Gemini TTY (/dev/pts/0)
[2026-06-07T09:53:37.328Z] ✓ 16 unread message(s)
[2026-06-07T09:53:37.625Z] ✓ Mirrored message to Gemini TTY (/dev/pts/0)
[2026-06-07T09:53:39.627Z] ✓ 16 unread message(s)
[2026-06-07T09:53:40.027Z] ⚡ WOKEN by wake file: Polling bridge immediately
[2026-06-07T09:53:40.028Z] ✓ 16 unread message(s)
[2026-06-07T09:53:41.629Z] ✓ 16 unread message(s)
[2026-06-07T09:53:43.632Z] ✓ 16 unread message(s)
[2026-06-07T09:53:45.634Z] ✓ 16 unread message(s)
[2026-06-07T09:53:47.636Z] ✓ 16 unread message(s)
[2026-06-07T09:53:49.638Z] ✓ 16 unread message(s)
[2026-06-07T09:53:51.640Z] ✓ 16 unread message(s)
[2026-06-07T09:53:53.641Z] ✓ 16 unread message(s)
[2026-06-07T09:53:55.642Z] ✓ 16 unread message(s)
[2026-06-07T09:53:57.644Z] ✓ 16 unread message(s)
[2026-06-07T09:53:59.645Z] ✓ 16 unread message(s)
[2026-06-07T09:54:01.646Z] ✓ 16 unread message(s)
[2026-06-07T09:54:03.647Z] ✓ 16 unread message(s)
[2026-06-07T09:54:05.647Z] ✓ 16 unread message(s)
[2026-06-07T09:54:07.651Z] ✓ 16 unread message(s)
[2026-06-07T09:54:09.652Z] ✓ 16 unread message(s)
[2026-06-07T09:54:11.653Z] ✓ 16 unread message(s)
[2026-06-07T09:54:13.655Z] ✓ 17 unread message(s)
[2026-06-07T09:54:13.656Z] ✓ Mirrored message to Gemini TTY (/dev/pts/0)
[2026-06-07T09:54:15.657Z] ✓ 17 unread message(s)
[2026-06-07T09:54:17.657Z] ✓ 17 unread message(s)
[2026-06-07T09:54:19.659Z] ✓ 17 unread message(s)
[2026-06-07T09:54:21.660Z] ✓ 17 unread message(s)
[2026-06-07T09:54:23.660Z] ✓ 17 unread message(s)
[2026-06-07T09:54:25.662Z] ✓ 17 unread message(s)
[2026-06-07T09:54:27.663Z] ✓ 17 unread message(s)
[2026-06-07T09:54:29.664Z] ✓ 17 unread message(s)
[2026-06-07T09:54:31.665Z] ✓ 17 unread message(s)
[2026-06-07T09:54:33.667Z] ✓ 17 unread message(s)
[2026-06-07T09:54:35.669Z] ✓ 17 unread message(s)
[2026-06-07T09:54:37.671Z] ✓ 17 unread message(s)
[2026-06-07T09:54:39.671Z] ✓ 17 unread message(s)
[2026-06-07T09:54:41.673Z] ✓ 17 unread message(s)
[2026-06-07T09:54:43.673Z] ✓ 17 unread message(s)
[2026-06-07T09:54:45.674Z] ✓ 18 unread message(s)
[2026-06-07T09:54:45.674Z] ✓ Mirrored message to Gemini TTY (/dev/pts/0)
[2026-06-07T09:54:47.675Z] ✓ 18 unread message(s)
[2026-06-07T09:54:49.676Z] ✓ 18 unread message(s)
[2026-06-07T09:54:50.040Z] ⚡ WOKEN by wake file: Polling bridge immediately
[2026-06-07T09:54:50.041Z] ✓ 18 unread message(s)
[2026-06-07T09:54:51.678Z] ✓ 18 unread message(s)
[2026-06-07T09:54:53.681Z] ✓ 18 unread message(s)
[2026-06-07T09:54:55.683Z] ✓ 18 unread message(s)
[2026-06-07T09:54:57.684Z] ✓ 18 unread message(s)
[2026-06-07T09:54:59.685Z] ✓ 18 unread message(s)
[2026-06-07T09:55:01.687Z] ✓ 18 unread message(s)
[2026-06-07T09:55:03.688Z] ✓ 18 unread message(s)
[2026-06-07T09:55:05.689Z] ✓ 18 unread message(s)
[2026-06-07T09:55:07.690Z] ✓ 18 unread message(s)
[2026-06-07T09:55:09.692Z] ✓ 18 unread message(s)
[2026-06-07T09:55:11.694Z] ✓ 18 unread message(s)
[2026-06-07T09:55:13.695Z] ✓ 18 unread message(s)
[2026-06-07T09:55:15.696Z] ✓ 18 unread message(s)
[2026-06-07T09:55:17.698Z] ✓ 18 unread message(s)
[2026-06-07T09:55:19.699Z] ✓ 18 unread message(s)
[2026-06-07T09:55:21.700Z] ✓ 18 unread message(s)
[2026-06-07T09:55:23.701Z] ✓ 19 unread message(s)
[2026-06-07T09:55:23.702Z] ✓ Mirrored message to Gemini TTY (/dev/pts/0)
[2026-06-07T09:55:25.702Z] ✓ 19 unread message(s)
[2026-06-07T09:55:27.705Z] ✓ 19 unread message(s)
[2026-06-07T09:55:29.707Z] ✓ 19 unread message(s)
[2026-06-07T09:55:31.709Z] ✓ 19 unread message(s)
[2026-06-07T09:55:33.710Z] ✓ 19 unread message(s)
[2026-06-07T09:55:35.712Z] ✓ 19 unread message(s)
[2026-06-07T09:55:37.713Z] ✓ 19 unread message(s)
[2026-06-07T09:55:39.715Z] ✓ 19 unread message(s)
[2026-06-07T09:55:41.716Z] ✓ 19 unread message(s)
[2026-06-07T09:55:43.718Z] ✓ 19 unread message(s)
[2026-06-07T09:55:45.720Z] ✓ 19 unread message(s)
[2026-06-07T09:55:47.721Z] ✓ 19 unread message(s)
[2026-06-07T09:55:49.723Z] ✓ 19 unread message(s)
[2026-06-07T09:55:51.726Z] ✓ 19 unread message(s)
[2026-06-07T09:55:53.728Z] ✓ 19 unread message(s)
[2026-06-07T09:55:55.730Z] ✓ 19 unread message(s)
[2026-06-07T09:55:57.730Z] ✓ 19 unread message(s)
[2026-06-07T09:55:59.733Z] ✓ 19 unread message(s)
[2026-06-07T09:56:01.734Z] ✓ 19 unread message(s)
[2026-06-07T09:56:03.736Z] ✓ 19 unread message(s)
[2026-06-07T09:56:05.737Z] ✓ 19 unread message(s)
[2026-06-07T09:56:07.739Z] ✓ 19 unread message(s)
[2026-06-07T09:56:09.741Z] ✓ 19 unread message(s)
[2026-06-07T09:56:11.743Z] ✓ 19 unread message(s)
[2026-06-07T09:56:13.744Z] ✓ 19 unread message(s)
[2026-06-07T09:56:15.745Z] ✓ 19 unread message(s)
[2026-06-07T09:56:17.746Z] ✓ 19 unread message(s)
[2026-06-07T09:56:19.746Z] ✓ 19 unread message(s)
[2026-06-07T09:56:21.749Z] ✓ 19 unread message(s)
[2026-06-07T09:56:23.748Z] ✓ 19 unread message(s)
[2026-06-07T09:56:25.751Z] ✓ 19 unread message(s)
[2026-06-07T09:56:27.753Z] ✓ 19 unread message(s)
[2026-06-07T09:56:29.753Z] ✓ 19 unread message(s)
[2026-06-07T09:56:31.755Z] ✓ 19 unread message(s)
[2026-06-07T09:56:33.756Z] ✓ 19 unread message(s)
[2026-06-07T09:56:35.757Z] ✓ 19 unread message(s)
[2026-06-07T09:56:37.760Z] ✓ 19 unread message(s)
[2026-06-07T09:56:39.761Z] ✓ 19 unread message(s)
[2026-06-07T09:56:41.761Z] ✓ 19 unread message(s)
[2026-06-07T09:56:43.764Z] ✓ 19 unread message(s)
[2026-06-07T09:56:45.764Z] ✓ 19 unread message(s)
[2026-06-07T09:56:47.765Z] ✓ 19 unread message(s)
[2026-06-07T09:56:49.767Z] ✓ 19 unread message(s)
[2026-06-07T09:56:51.767Z] ✓ 19 unread message(s)
[2026-06-07T09:56:53.768Z] ✓ 19 unread message(s)
[2026-06-07T09:56:55.768Z] ✓ 19 unread message(s)
[2026-06-07T09:56:57.770Z] ✓ 19 unread message(s)
[2026-06-07T09:56:59.772Z] ✓ 19 unread message(s)
[2026-06-07T09:57:01.772Z] ✓ 19 unread message(s)
[2026-06-07T09:57:03.775Z] ✓ 19 unread message(s)
[2026-06-07T09:57:05.776Z] ✓ 19 unread message(s)
[2026-06-07T09:57:07.779Z] ✓ 19 unread message(s)
[2026-06-07T09:57:09.780Z] ✓ 19 unread message(s)
[2026-06-07T09:57:11.782Z] ✓ 19 unread message(s)
[2026-06-07T09:57:13.783Z] ✓ 19 unread message(s)
[2026-06-07T09:57:15.784Z] ✓ 19 unread message(s)
[2026-06-07T09:57:17.785Z] ✓ 19 unread message(s)
[2026-06-07T09:57:19.787Z] ✓ 19 unread message(s)
[2026-06-07T09:57:21.789Z] ✓ 19 unread message(s)
[2026-06-07T09:57:23.791Z] ✓ 19 unread message(s)
[2026-06-07T09:57:25.793Z] ✓ 20 unread message(s)
[2026-06-07T09:57:25.793Z] ✓ Mirrored message to Gemini TTY (/dev/pts/0)
[2026-06-07T09:57:27.796Z] ✓ 20 unread message(s)
[2026-06-07T09:57:29.798Z] ✓ 20 unread message(s)
[2026-06-07T09:57:31.799Z] ✓ 20 unread message(s)
[2026-06-07T09:57:33.801Z] ✓ 20 unread message(s)
[2026-06-07T09:57:35.802Z] ✓ 20 unread message(s)
[2026-06-07T09:57:37.804Z] ✓ 20 unread message(s)
[2026-06-07T09:57:39.805Z] ✓ 20 unread message(s)
[2026-06-07T09:57:41.808Z] ✓ 20 unread message(s)
[2026-06-07T09:57:43.810Z] ✓ 20 unread message(s)
[2026-06-07T09:57:45.810Z] ✓ 20 unread message(s)
[2026-06-07T09:57:47.811Z] ✓ 20 unread message(s)
[2026-06-07T09:57:49.811Z] ✓ 20 unread message(s)
[2026-06-07T09:57:51.814Z] ✓ 20 unread message(s)
[2026-06-07T09:57:53.815Z] ✓ 20 unread message(s)
[2026-06-07T09:57:55.817Z] ✓ 20 unread message(s)
[2026-06-07T09:57:57.819Z] ✓ 20 unread message(s)
[2026-06-07T09:57:59.819Z] ✓ 20 unread message(s)
[2026-06-07T09:58:01.821Z] ✓ 20 unread message(s)
[2026-06-07T09:58:03.822Z] ✓ 20 unread message(s)
[2026-06-07T09:58:05.823Z] ✓ 20 unread message(s)
[2026-06-07T09:58:07.825Z] ✓ 20 unread message(s)
[2026-06-07T09:58:09.827Z] ✓ 20 unread message(s)
[2026-06-07T09:58:11.828Z] ✓ 20 unread message(s)
[2026-06-07T09:58:13.829Z] ✓ 20 unread message(s)
[2026-06-07T09:58:15.830Z] ✓ 20 unread message(s)
[2026-06-07T09:58:17.831Z] ✓ 20 unread message(s)
[2026-06-07T09:58:19.834Z] ✓ 20 unread message(s)
[2026-06-07T09:58:21.836Z] ✓ 20 unread message(s)
[2026-06-07T09:58:23.838Z] ✓ 20 unread message(s)
[2026-06-07T09:58:25.840Z] ✓ 20 unread message(s)
[2026-06-07T09:58:27.843Z] ✓ 20 unread message(s)
[2026-06-07T09:58:29.843Z] ✓ 20 unread message(s)
[2026-06-07T09:58:31.844Z] ✓ 20 unread message(s)
[2026-06-07T09:58:33.846Z] ✓ 20 unread message(s)
[2026-06-07T09:58:35.848Z] ✓ 20 unread message(s)
[2026-06-07T09:58:37.850Z] ✓ 20 unread message(s)
[2026-06-07T09:58:39.853Z] ✓ 20 unread message(s)
[2026-06-07T09:58:41.855Z] ✓ 20 unread message(s)
[2026-06-07T09:58:43.858Z] ✓ 20 unread message(s)
[2026-06-07T09:58:45.859Z] ✓ 20 unread message(s)
[2026-06-07T09:58:47.861Z] ✓ 20 unread message(s)
[2026-06-07T09:58:49.863Z] ✓ 20 unread message(s)
[2026-06-07T09:58:51.864Z] ✓ 20 unread message(s)
[2026-06-07T09:58:53.865Z] ✓ 20 unread message(s)
[2026-06-07T09:58:55.867Z] ✓ 20 unread message(s)
[2026-06-07T09:58:57.869Z] ✓ 20 unread message(s)
[2026-06-07T09:58:59.870Z] ✓ 20 unread message(s)
[2026-06-07T09:59:01.871Z] ✓ 20 unread message(s)
[2026-06-07T09:59:03.873Z] ✓ 20 unread message(s)
[2026-06-07T09:59:05.874Z] ✓ 20 unread message(s)
[2026-06-07T09:59:07.877Z] ✓ 20 unread message(s)
[2026-06-07T09:59:09.876Z] ✓ 20 unread message(s)
[2026-06-07T09:59:11.877Z] ✓ 20 unread message(s)
[2026-06-07T09:59:13.880Z] ✓ 20 unread message(s)
[2026-06-07T09:59:15.880Z] ✓ 20 unread message(s)
[2026-06-07T09:59:17.882Z] ✓ 20 unread message(s)
[2026-06-07T09:59:19.884Z] ✓ 20 unread message(s)
[2026-06-07T09:59:21.886Z] ✓ 20 unread message(s)
[2026-06-07T09:59:23.887Z] ✓ 20 unread message(s)
[2026-06-07T09:59:25.889Z] ✓ 20 unread message(s)
[2026-06-07T09:59:27.891Z] ✓ 20 unread message(s)
[2026-06-07T09:59:29.891Z] ✓ 20 unread message(s)
[2026-06-07T09:59:31.893Z] ✓ 20 unread message(s)
[2026-06-07T09:59:33.896Z] ✓ 20 unread message(s)
[2026-06-07T09:59:35.898Z] ✓ 20 unread message(s)
[2026-06-07T09:59:37.900Z] ✓ 20 unread message(s)
[2026-06-07T09:59:39.902Z] ✓ 20 unread message(s)
[2026-06-07T09:59:41.904Z] ✓ 20 unread message(s)
[2026-06-07T09:59:43.904Z] ✓ 20 unread message(s)
[2026-06-07T09:59:45.907Z] ✓ 20 unread message(s)
[2026-06-07T09:59:47.908Z] ✓ 20 unread message(s)
[2026-06-07T09:59:49.909Z] ✓ 20 unread message(s)
[2026-06-07T09:59:51.912Z] ✓ 20 unread message(s)
[2026-06-07T09:59:53.913Z] ✓ 20 unread message(s)
[2026-06-07T09:59:55.915Z] ✓ 20 unread message(s)
[2026-06-07T09:59:57.917Z] ✓ 20 unread message(s)
[2026-06-07T09:59:59.919Z] ✓ 20 unread message(s)
[2026-06-07T10:00:01.920Z] ✓ 20 unread message(s)
[2026-06-07T10:00:03.923Z] ✓ 20 unread message(s)
[2026-06-07T10:00:05.925Z] ✓ 20 unread message(s)
[2026-06-07T10:00:07.926Z] ✓ 20 unread message(s)
[2026-06-07T10:00:09.928Z] ✓ 20 unread message(s)
[2026-06-07T10:00:11.928Z] ✓ 20 unread message(s)
[2026-06-07T10:00:13.931Z] ✓ 20 unread message(s)
[2026-06-07T10:00:15.931Z] ✓ 20 unread message(s)
[2026-06-07T10:00:17.932Z] ✓ 20 unread message(s)
[2026-06-07T10:00:19.935Z] ✓ 20 unread message(s)
[2026-06-07T10:00:21.936Z] ✓ 20 unread message(s)
[2026-06-07T10:00:23.938Z] ✓ 20 unread message(s)
[2026-06-07T10:00:25.940Z] ✓ 20 unread message(s)
[2026-06-07T10:00:27.942Z] ✓ 20 unread message(s)
[2026-06-07T10:00:29.943Z] ✓ 20 unread message(s)
[2026-06-07T10:00:31.945Z] ✓ 20 unread message(s)
[2026-06-07T10:00:33.947Z] ✓ 20 unread message(s)
[2026-06-07T10:00:35.949Z] ✓ 20 unread message(s)
[2026-06-07T10:00:37.951Z] ✓ 20 unread message(s)
[2026-06-07T10:00:39.951Z] ✓ 20 unread message(s)
[2026-06-07T10:00:41.953Z] ✓ 20 unread message(s)
[2026-06-07T10:00:43.955Z] ✓ 20 unread message(s)
[2026-06-07T10:00:45.955Z] ✓ 20 unread message(s)
[2026-06-07T10:00:47.957Z] ✓ 20 unread message(s)
[2026-06-07T10:00:49.958Z] ✓ 20 unread message(s)
[2026-06-07T10:00:51.961Z] ✓ 20 unread message(s)
[2026-06-07T10:00:53.962Z] ✓ 20 unread message(s)
[2026-06-07T10:00:55.964Z] ✓ 20 unread message(s)
[2026-06-07T10:00:57.969Z] ✓ 20 unread message(s)
[2026-06-07T10:00:59.970Z] ✓ 20 unread message(s)
[2026-06-07T10:01:01.972Z] ✓ 20 unread message(s)
[2026-06-07T10:01:03.973Z] ✓ 20 unread message(s)
[2026-06-07T10:01:05.975Z] ✓ 20 unread message(s)
[2026-06-07T10:01:07.977Z] ✓ 20 unread message(s)
[2026-06-07T10:01:09.979Z] ✓ 20 unread message(s)
[2026-06-07T10:01:11.982Z] ✓ 20 unread message(s)
[2026-06-07T10:01:13.983Z] ✓ 20 unread message(s)
[2026-06-07T10:01:15.985Z] ✓ 20 unread message(s)
[2026-06-07T10:01:17.987Z] ✓ 20 unread message(s)
[2026-06-07T10:01:19.988Z] ✓ 20 unread message(s)
[2026-06-07T10:01:21.990Z] ✓ 20 unread message(s)
[2026-06-07T10:01:23.992Z] ✓ 20 unread message(s)
[2026-06-07T10:01:25.994Z] ✓ 20 unread message(s)
[2026-06-07T10:01:27.996Z] ✓ 20 unread message(s)
[2026-06-07T10:01:29.996Z] ✓ 20 unread message(s)
[2026-06-07T10:01:31.999Z] ✓ 20 unread message(s)
[2026-06-07T10:01:34.000Z] ✓ 20 unread message(s)
[2026-06-07T10:01:36.001Z] ✓ 20 unread message(s)
[2026-06-07T10:01:38.004Z] ✓ 20 unread message(s)
[2026-06-07T10:01:40.006Z] ✓ 20 unread message(s)
[2026-06-07T10:01:42.006Z] ✓ 20 unread message(s)
[2026-06-07T10:01:44.008Z] ✓ 20 unread message(s)
[2026-06-07T10:01:46.008Z] ✓ 20 unread message(s)
[2026-06-07T10:01:48.010Z] ✓ 20 unread message(s)
[2026-06-07T10:01:50.012Z] ✓ 20 unread message(s)
[2026-06-07T10:01:52.013Z] ✓ 20 unread message(s)
[2026-06-07T10:01:54.014Z] ✓ 20 unread message(s)
[2026-06-07T10:01:56.016Z] ✓ 20 unread message(s)
[2026-06-07T10:01:58.018Z] ✓ 20 unread message(s)
[2026-06-07T10:02:00.020Z] ✓ 20 unread message(s)
[2026-06-07T10:02:02.021Z] ✓ 20 unread message(s)
[2026-06-07T10:02:04.023Z] ✓ 21 unread message(s)
[2026-06-07T10:02:04.023Z] ✓ Mirrored message to Gemini TTY (/dev/pts/0)
[2026-06-07T10:02:06.025Z] ✓ 21 unread message(s)
[2026-06-07T10:02:08.027Z] ✓ 21 unread message(s)
[2026-06-07T10:02:10.029Z] ✓ 21 unread message(s)
[2026-06-07T10:02:12.031Z] ✓ 21 unread message(s)
[2026-06-07T10:02:14.032Z] ✓ 21 unread message(s)
[2026-06-07T10:02:16.034Z] ✓ 21 unread message(s)
[2026-06-07T10:02:18.036Z] ✓ 21 unread message(s)
[2026-06-07T10:02:20.037Z] ✓ 21 unread message(s)
[2026-06-07T10:02:22.039Z] ✓ 21 unread message(s)
[2026-06-07T10:02:24.040Z] ✓ 21 unread message(s)
[2026-06-07T10:02:26.041Z] ✓ 21 unread message(s)
[2026-06-07T10:02:28.044Z] ✓ 21 unread message(s)
[2026-06-07T10:02:30.046Z] ✓ 21 unread message(s)
[2026-06-07T10:02:32.046Z] ✓ 21 unread message(s)
[2026-06-07T10:02:34.048Z] ✓ 21 unread message(s)
[2026-06-07T10:02:36.050Z] ✓ 21 unread message(s)
[2026-06-07T10:02:38.051Z] ✓ 21 unread message(s)
[2026-06-07T10:02:40.052Z] ✓ 21 unread message(s)
[2026-06-07T10:02:42.054Z] ✓ 21 unread message(s)
[2026-06-07T10:02:44.056Z] ✓ 21 unread message(s)
[2026-06-07T10:02:46.058Z] ✓ 21 unread message(s)
[2026-06-07T10:02:48.060Z] ✓ 21 unread message(s)
[2026-06-07T10:02:50.061Z] ✓ 21 unread message(s)
[2026-06-07T10:02:52.063Z] ✓ 21 unread message(s)
[2026-06-07T10:02:54.065Z] ✓ 21 unread message(s)
[2026-06-07T10:02:56.066Z] ✓ 21 unread message(s)
[2026-06-07T10:02:58.068Z] ✓ 21 unread message(s)
[2026-06-07T10:03:00.070Z] ✓ 21 unread message(s)
[2026-06-07T10:03:02.072Z] ✓ 21 unread message(s)
[2026-06-07T10:03:04.072Z] ✓ 21 unread message(s)
[2026-06-07T10:03:06.074Z] ✓ 21 unread message(s)
[2026-06-07T10:03:08.076Z] ✓ 21 unread message(s)
[2026-06-07T10:03:10.077Z] ✓ 21 unread message(s)
[2026-06-07T10:03:12.079Z] ✓ 21 unread message(s)
[2026-06-07T10:03:14.081Z] ✓ 21 unread message(s)
[2026-06-07T10:03:16.083Z] ✓ 21 unread message(s)
[2026-06-07T10:03:18.085Z] ✓ 21 unread message(s)
[2026-06-07T10:03:20.087Z] ✓ 21 unread message(s)
[2026-06-07T10:03:22.088Z] ✓ 21 unread message(s)
[2026-06-07T10:03:24.089Z] ✓ 21 unread message(s)
[2026-06-07T10:03:26.091Z] ✓ 21 unread message(s)
[2026-06-07T10:03:28.093Z] ✓ 21 unread message(s)
[2026-06-07T10:03:30.093Z] Connection error: 
[2026-06-07T10:03:32.097Z] ✓ 21 unread message(s)
[2026-06-07T10:03:34.102Z] ✓ 21 unread message(s)
[2026-06-07T10:03:36.103Z] ✓ 21 unread message(s)
[2026-06-07T10:03:38.104Z] ✓ 21 unread message(s)
[2026-06-07T10:03:40.105Z] ✓ 21 unread message(s)
[2026-06-07T10:03:42.107Z] ✓ 21 unread message(s)
[2026-06-07T10:03:44.109Z] ✓ 21 unread message(s)
[2026-06-07T10:03:46.110Z] ✓ 21 unread message(s)
[2026-06-07T10:03:48.111Z] ✓ 21 unread message(s)
[2026-06-07T10:03:50.113Z] ✓ 22 unread message(s)
[2026-06-07T10:03:50.113Z] ✓ Mirrored message to Gemini TTY (/dev/pts/0)
[2026-06-07T10:03:52.115Z] ✓ 22 unread message(s)
[2026-06-07T10:03:54.117Z] ✓ 22 unread message(s)
[2026-06-07T10:03:56.118Z] ✓ 22 unread message(s)
[2026-06-07T10:03:58.120Z] ✓ 22 unread message(s)
[2026-06-07T10:04:00.121Z] ✓ 22 unread message(s)
[2026-06-07T10:04:02.123Z] ✓ 22 unread message(s)
[2026-06-07T10:04:04.124Z] ✓ 22 unread message(s)
[2026-06-07T10:04:06.126Z] ✓ 22 unread message(s)
[2026-06-07T10:04:08.128Z] ✓ 22 unread message(s)
[2026-06-07T10:04:10.130Z] ✓ 22 unread message(s)
[2026-06-07T10:04:12.132Z] ✓ 22 unread message(s)
[2026-06-07T10:04:14.133Z] ✓ 22 unread message(s)
[2026-06-07T10:04:16.134Z] ✓ 22 unread message(s)
[2026-06-07T10:04:18.136Z] ✓ 22 unread message(s)
[2026-06-07T10:04:20.138Z] ✓ 23 unread message(s)
[2026-06-07T10:04:20.138Z] ✓ Mirrored message to Gemini TTY (/dev/pts/0)
[2026-06-07T10:04:22.139Z] ✓ 23 unread message(s)
[2026-06-07T10:04:24.141Z] ✓ 23 unread message(s)
[2026-06-07T10:04:26.142Z] ✓ 23 unread message(s)
[2026-06-07T10:04:28.145Z] ✓ 23 unread message(s)
[2026-06-07T10:04:30.147Z] ✓ 23 unread message(s)
[2026-06-07T10:04:32.149Z] ✓ 23 unread message(s)
[2026-06-07T10:04:34.151Z] ✓ 23 unread message(s)
[2026-06-07T10:04:36.153Z] ✓ 23 unread message(s)
[2026-06-07T10:04:38.153Z] ✓ 23 unread message(s)
[2026-06-07T10:04:40.155Z] ✓ 23 unread message(s)
[2026-06-07T10:04:42.157Z] ✓ 23 unread message(s)
[2026-06-07T10:04:44.158Z] ✓ 23 unread message(s)
[2026-06-07T10:04:46.160Z] ✓ 23 unread message(s)
[2026-06-07T10:04:48.162Z] ✓ 23 unread message(s)
[2026-06-07T10:04:50.164Z] ✓ 23 unread message(s)
[2026-06-07T10:04:52.166Z] ✓ 23 unread message(s)
[2026-06-07T10:04:54.167Z] ✓ 23 unread message(s)
[2026-06-07T10:04:56.168Z] ✓ 23 unread message(s)
[2026-06-07T10:04:58.169Z] ✓ 23 unread message(s)
[2026-06-07T10:05:00.171Z] ✓ 23 unread message(s)
[2026-06-07T10:05:02.173Z] ✓ 23 unread message(s)
[2026-06-07T10:05:04.174Z] ✓ 23 unread message(s)
[2026-06-07T10:05:06.176Z] ✓ 23 unread message(s)
[2026-06-07T10:05:08.177Z] ✓ 23 unread message(s)
[2026-06-07T10:05:10.179Z] ✓ 23 unread message(s)
[2026-06-07T10:05:12.180Z] ✓ 23 unread message(s)
[2026-06-07T10:05:14.181Z] ✓ 23 unread message(s)
[2026-06-07T10:05:16.182Z] ✓ 23 unread message(s)
[2026-06-07T10:05:18.183Z] ✓ 23 unread message(s)
[2026-06-07T10:05:20.185Z] ✓ 23 unread message(s)
[2026-06-07T10:05:22.186Z] ✓ 23 unread message(s)
[2026-06-07T10:05:24.187Z] ✓ 23 unread message(s)
[2026-06-07T10:05:26.189Z] ✓ 23 unread message(s)
[2026-06-07T10:05:28.191Z] ✓ 23 unread message(s)
[2026-06-07T10:05:30.191Z] ✓ 23 unread message(s)
[2026-06-07T10:05:32.193Z] ✓ 23 unread message(s)
[2026-06-07T10:05:34.194Z] ✓ 23 unread message(s)
[2026-06-07T10:05:36.196Z] ✓ 23 unread message(s)
[2026-06-07T10:05:38.198Z] ✓ 23 unread message(s)
[2026-06-07T10:05:40.200Z] ✓ 23 unread message(s)
[2026-06-07T10:05:42.200Z] ✓ 23 unread message(s)
[2026-06-07T10:05:44.202Z] ✓ 23 unread message(s)
[2026-06-07T10:05:46.204Z] ✓ 23 unread message(s)
[2026-06-07T10:05:48.206Z] ✓ 23 unread message(s)
[2026-06-07T10:05:50.208Z] ✓ 23 unread message(s)
[2026-06-07T10:05:52.209Z] ✓ 23 unread message(s)
[2026-06-07T10:05:54.210Z] ✓ 23 unread message(s)
[2026-06-07T10:05:56.212Z] ✓ 23 unread message(s)
[2026-06-07T10:05:58.213Z] ✓ 23 unread message(s)
[2026-06-07T10:06:00.214Z] ✓ 23 unread message(s)
[2026-06-07T10:06:02.216Z] ✓ 23 unread message(s)
[2026-06-07T10:06:04.218Z] ✓ 23 unread message(s)
[2026-06-07T10:06:06.220Z] ✓ 23 unread message(s)
[2026-06-07T10:06:08.221Z] ✓ 23 unread message(s)
[2026-06-07T10:06:10.223Z] ✓ 23 unread message(s)
[2026-06-07T10:06:12.224Z] ✓ 23 unread message(s)
[2026-06-07T10:06:14.227Z] ✓ 23 unread message(s)
[2026-06-07T10:06:16.228Z] ✓ 23 unread message(s)
[2026-06-07T10:06:18.230Z] ✓ 23 unread message(s)
[2026-06-07T10:06:20.232Z] ✓ 23 unread message(s)
[2026-06-07T10:06:22.233Z] ✓ 23 unread message(s)
[2026-06-07T10:06:24.234Z] ✓ 23 unread message(s)
[2026-06-07T10:06:26.236Z] ✓ 23 unread message(s)
[2026-06-07T10:06:28.238Z] ✓ 23 unread message(s)
[2026-06-07T10:06:30.240Z] ✓ 23 unread message(s)
[2026-06-07T10:06:32.242Z] ✓ 23 unread message(s)
[2026-06-07T10:06:34.243Z] ✓ 23 unread message(s)
[2026-06-07T10:06:36.245Z] ✓ 23 unread message(s)
[2026-06-07T10:06:38.247Z] ✓ 23 unread message(s)
[2026-06-07T10:06:40.247Z] ✓ 23 unread message(s)
[2026-06-07T10:06:42.249Z] ✓ 23 unread message(s)
[2026-06-07T10:06:44.251Z] ✓ 23 unread message(s)
[2026-06-07T10:06:46.251Z] ✓ 23 unread message(s)
[2026-06-07T10:06:48.253Z] ✓ 23 unread message(s)
[2026-06-07T10:06:50.255Z] ✓ 23 unread message(s)
[2026-06-07T10:06:52.257Z] ✓ 23 unread message(s)
[2026-06-07T10:06:54.258Z] ✓ 23 unread message(s)
[2026-06-07T10:06:56.259Z] ✓ 23 unread message(s)
[2026-06-07T10:06:58.261Z] ✓ 23 unread message(s)
[2026-06-07T10:07:00.263Z] ✓ 23 unread message(s)
[2026-06-07T10:07:02.265Z] ✓ 23 unread message(s)
[2026-06-07T10:07:04.267Z] ✓ 23 unread message(s)
[2026-06-07T10:07:06.269Z] ✓ 23 unread message(s)
[2026-06-07T10:07:08.271Z] ✓ 23 unread message(s)
[2026-06-07T10:07:10.271Z] ✓ 23 unread message(s)
[2026-06-07T10:07:12.274Z] ✓ 23 unread message(s)
[2026-06-07T10:07:14.276Z] ✓ 23 unread message(s)
[2026-06-07T10:07:16.278Z] ✓ 23 unread message(s)
[2026-06-07T10:07:18.280Z] ✓ 23 unread message(s)
[2026-06-07T10:07:20.281Z] ✓ 23 unread message(s)
[2026-06-07T10:07:22.283Z] ✓ 23 unread message(s)
[2026-06-07T10:07:24.285Z] ✓ 23 unread message(s)
[2026-06-07T10:07:26.287Z] ✓ 23 unread message(s)
[2026-06-07T10:07:28.288Z] ✓ 23 unread message(s)
[2026-06-07T10:07:30.289Z] ✓ 23 unread message(s)
[2026-06-07T10:07:32.291Z] ✓ 23 unread message(s)
[2026-06-07T10:07:34.293Z] ✓ 23 unread message(s)
[2026-06-07T10:07:36.295Z] ✓ 24 unread message(s)
[2026-06-07T10:07:36.295Z] ✓ Mirrored message to Gemini TTY (/dev/pts/0)
[2026-06-07T10:07:38.297Z] ✓ 24 unread message(s)
[2026-06-07T10:07:40.299Z] ✓ 24 unread message(s)
[2026-06-07T10:07:42.300Z] ✓ 24 unread message(s)
[2026-06-07T10:07:44.302Z] ✓ 24 unread message(s)
[2026-06-07T10:07:46.304Z] ✓ 24 unread message(s)
[2026-06-07T10:07:48.305Z] ✓ 24 unread message(s)
[2026-06-07T10:07:50.306Z] ✓ 24 unread message(s)
[2026-06-07T10:07:52.309Z] ✓ 24 unread message(s)
[2026-06-07T10:07:54.311Z] ✓ 24 unread message(s)
[2026-06-07T10:07:56.313Z] ✓ 24 unread message(s)
[2026-06-07T10:07:58.314Z] ✓ 24 unread message(s)
[2026-06-07T10:08:00.315Z] ✓ 24 unread message(s)
[2026-06-07T10:08:02.317Z] ✓ 24 unread message(s)
[2026-06-07T10:08:04.319Z] ✓ 24 unread message(s)
[2026-06-07T10:08:06.321Z] ✓ 24 unread message(s)
[2026-06-07T10:08:08.323Z] ✓ 24 unread message(s)
[2026-06-07T10:08:10.325Z] ✓ 24 unread message(s)
[2026-06-07T10:08:12.325Z] ✓ 24 unread message(s)
[2026-06-07T10:08:14.327Z] ✓ 24 unread message(s)
[2026-06-07T10:08:16.329Z] ✓ 24 unread message(s)
[2026-06-07T10:08:18.331Z] ✓ 24 unread message(s)
[2026-06-07T10:08:20.333Z] ✓ 24 unread message(s)
[2026-06-07T10:08:22.335Z] ✓ 24 unread message(s)
[2026-06-07T10:08:24.337Z] ✓ 24 unread message(s)
[2026-06-07T10:08:26.338Z] ✓ 24 unread message(s)
[2026-06-07T10:08:28.340Z] ✓ 24 unread message(s)
[2026-06-07T10:08:30.342Z] ✓ 24 unread message(s)
[2026-06-07T10:08:32.344Z] ✓ 24 unread message(s)
[2026-06-07T10:08:34.346Z] ✓ 24 unread message(s)
[2026-06-07T10:08:36.348Z] ✓ 24 unread message(s)
[2026-06-07T10:08:38.350Z] ✓ 24 unread message(s)
[2026-06-07T10:08:40.352Z] ✓ 24 unread message(s)
[2026-06-07T10:08:42.354Z] ✓ 24 unread message(s)
[2026-06-07T10:08:44.355Z] ✓ 24 unread message(s)
[2026-06-07T10:08:46.357Z] ✓ 24 unread message(s)
[2026-06-07T10:08:48.357Z] ✓ 24 unread message(s)
[2026-06-07T10:08:50.359Z] ✓ 24 unread message(s)
[2026-06-07T10:08:52.360Z] ✓ 24 unread message(s)
[2026-06-07T10:08:54.362Z] ✓ 24 unread message(s)
[2026-06-07T10:08:56.364Z] ✓ 24 unread message(s)
[2026-06-07T10:08:58.365Z] ✓ 24 unread message(s)
[2026-06-07T10:09:00.367Z] ✓ 24 unread message(s)
[2026-06-07T10:09:02.369Z] ✓ 24 unread message(s)
[2026-06-07T10:09:04.370Z] ✓ 24 unread message(s)
[2026-06-07T10:09:06.371Z] ✓ 24 unread message(s)
[2026-06-07T10:09:08.374Z] ✓ 24 unread message(s)
[2026-06-07T10:09:10.376Z] ✓ 24 unread message(s)
[2026-06-07T10:09:12.377Z] ✓ 24 unread message(s)
[2026-06-07T10:09:14.379Z] ✓ 24 unread message(s)
[2026-06-07T10:09:16.381Z] ✓ 24 unread message(s)
[2026-06-07T10:09:18.383Z] ✓ 24 unread message(s)
[2026-06-07T10:09:20.383Z] ✓ 24 unread message(s)
[2026-06-07T10:09:22.386Z] ✓ 24 unread message(s)
[2026-06-07T10:09:24.388Z] ✓ 24 unread message(s)
[2026-06-07T10:09:26.390Z] ✓ 24 unread message(s)
[2026-06-07T10:09:28.391Z] ✓ 24 unread message(s)
[2026-06-07T10:09:30.393Z] ✓ 24 unread message(s)
[2026-06-07T10:09:32.395Z] ✓ 24 unread message(s)
[2026-06-07T10:09:34.397Z] ✓ 24 unread message(s)
[2026-06-07T10:09:36.399Z] ✓ 24 unread message(s)
[2026-06-07T10:09:38.401Z] ✓ 24 unread message(s)
[2026-06-07T10:09:40.402Z] ✓ 24 unread message(s)
[2026-06-07T10:09:42.402Z] ✓ 24 unread message(s)
[2026-06-07T10:09:44.405Z] ✓ 24 unread message(s)
[2026-06-07T10:09:46.407Z] ✓ 24 unread message(s)
[2026-06-07T10:09:48.409Z] ✓ 24 unread message(s)
[2026-06-07T10:09:50.409Z] Connection error: 
[2026-06-07T10:09:52.415Z] ✓ 24 unread message(s)
[2026-06-07T10:09:54.418Z] ✓ 24 unread message(s)
[2026-06-07T10:09:56.420Z] ✓ 24 unread message(s)
[2026-06-07T10:09:58.421Z] ✓ 24 unread message(s)
[2026-06-07T10:10:00.422Z] ✓ 24 unread message(s)
[2026-06-07T10:10:02.425Z] ✓ 24 unread message(s)
[2026-06-07T10:10:04.427Z] ✓ 24 unread message(s)
[2026-06-07T10:10:06.428Z] ✓ 24 unread message(s)
[2026-06-07T10:10:08.430Z] ✓ 24 unread message(s)
[2026-06-07T10:10:10.432Z] ✓ 24 unread message(s)
[2026-06-07T10:10:12.434Z] ✓ 24 unread message(s)
[2026-06-07T10:10:14.435Z] ✓ 24 unread message(s)
[2026-06-07T10:10:16.437Z] ✓ 25 unread message(s)
[2026-06-07T10:10:16.438Z] ✓ Mirrored message to Gemini TTY (/dev/pts/0)
[2026-06-07T10:10:18.439Z] ✓ 25 unread message(s)
[2026-06-07T10:10:20.441Z] ✓ 25 unread message(s)
[2026-06-07T10:10:22.443Z] ✓ 25 unread message(s)
[2026-06-07T10:10:24.443Z] ✓ 25 unread message(s)
[2026-06-07T10:10:26.445Z] ✓ 25 unread message(s)
[2026-06-07T10:10:28.447Z] ✓ 25 unread message(s)
[2026-06-07T10:10:30.449Z] ✓ 25 unread message(s)
[2026-06-07T10:10:32.449Z] ✓ 25 unread message(s)
[2026-06-07T10:10:34.452Z] ✓ 25 unread message(s)
[2026-06-07T10:10:36.454Z] ✓ 25 unread message(s)
[2026-06-07T10:10:38.455Z] ✓ 25 unread message(s)
[2026-06-07T10:10:40.457Z] ✓ 25 unread message(s)
[2026-06-07T10:10:42.459Z] ✓ 25 unread message(s)
[2026-06-07T10:10:44.461Z] ✓ 25 unread message(s)
[2026-06-07T10:10:46.463Z] ✓ 25 unread message(s)
[2026-06-07T10:10:48.463Z] ✓ 25 unread message(s)
[2026-06-07T10:10:50.465Z] ✓ 25 unread message(s)
[2026-06-07T10:10:52.466Z] ✓ 25 unread message(s)
[2026-06-07T10:10:54.468Z] ✓ 25 unread message(s)
[2026-06-07T10:10:56.469Z] ✓ 25 unread message(s)
[2026-06-07T10:10:58.472Z] ✓ 25 unread message(s)
[2026-06-07T10:11:00.473Z] ✓ 25 unread message(s)
[2026-06-07T10:11:02.476Z] ✓ 25 unread message(s)
[2026-06-07T10:11:04.477Z] ✓ 25 unread message(s)
[2026-06-07T10:11:06.478Z] ✓ 25 unread message(s)
[2026-06-07T10:11:08.481Z] ✓ 25 unread message(s)
[2026-06-07T10:11:10.483Z] ✓ 25 unread message(s)
[2026-06-07T10:11:12.484Z] ✓ 25 unread message(s)
[2026-06-07T10:11:14.486Z] ✓ 25 unread message(s)
[2026-06-07T10:11:16.487Z] ✓ 25 unread message(s)
[2026-06-07T10:11:18.489Z] ✓ 25 unread message(s)
[2026-06-07T10:11:20.491Z] ✓ 25 unread message(s)
[2026-06-07T10:11:22.492Z] ✓ 25 unread message(s)
[2026-06-07T10:11:24.494Z] ✓ 25 unread message(s)
[2026-06-07T10:11:26.496Z] ✓ 25 unread message(s)
[2026-06-07T10:11:28.498Z] ✓ 25 unread message(s)
[2026-06-07T10:11:30.500Z] ✓ 25 unread message(s)
[2026-06-07T10:11:32.502Z] ✓ 25 unread message(s)
[2026-06-07T10:11:34.503Z] ✓ 25 unread message(s)
[2026-06-07T10:11:36.504Z] ✓ 25 unread message(s)
[2026-06-07T10:11:38.507Z] ✓ 25 unread message(s)
[2026-06-07T10:11:40.509Z] ✓ 25 unread message(s)
[2026-06-07T10:11:42.510Z] ✓ 25 unread message(s)
[2026-06-07T10:11:44.511Z] ✓ 25 unread message(s)
[2026-06-07T10:11:46.513Z] ✓ 25 unread message(s)
[2026-06-07T10:11:48.514Z] ✓ 25 unread message(s)
[2026-06-07T10:11:50.516Z] ✓ 25 unread message(s)
[2026-06-07T10:11:52.518Z] ✓ 25 unread message(s)
[2026-06-07T10:11:54.519Z] ✓ 25 unread message(s)
[2026-06-07T10:11:56.520Z] ✓ 25 unread message(s)
[2026-06-07T10:11:58.522Z] ✓ 25 unread message(s)
[2026-06-07T10:12:00.524Z] ✓ 25 unread message(s)
[2026-06-07T10:12:02.525Z] ✓ 25 unread message(s)
[2026-06-07T10:12:04.526Z] ✓ 25 unread message(s)
[2026-06-07T10:12:06.528Z] ✓ 25 unread message(s)
[2026-06-07T10:12:08.530Z] ✓ 25 unread message(s)
[2026-06-07T10:12:10.532Z] ✓ 25 unread message(s)
[2026-06-07T10:12:12.533Z] ✓ 25 unread message(s)
[2026-06-07T10:12:14.535Z] ✓ 25 unread message(s)
[2026-06-07T10:12:16.537Z] ✓ 25 unread message(s)
[2026-06-07T10:12:18.539Z] ✓ 25 unread message(s)
[2026-06-07T10:12:20.540Z] ✓ 25 unread message(s)
[2026-06-07T10:12:22.541Z] ✓ 25 unread message(s)
[2026-06-07T10:12:24.542Z] ✓ 26 unread message(s)
[2026-06-07T10:12:24.543Z] ✓ Mirrored message to Gemini TTY (/dev/pts/0)
[2026-06-07T10:12:26.544Z] ✓ 26 unread message(s)
[2026-06-07T10:12:28.546Z] ✓ 26 unread message(s)
[2026-06-07T10:12:30.548Z] ✓ 26 unread message(s)
[2026-06-07T10:12:32.550Z] ✓ 26 unread message(s)
[2026-06-07T10:12:34.552Z] ✓ 26 unread message(s)
[2026-06-07T10:12:36.553Z] ✓ 27 unread message(s)
[2026-06-07T10:12:36.553Z] ✓ Mirrored message to Gemini TTY (/dev/pts/0)
[2026-06-07T10:12:38.555Z] ✓ 27 unread message(s)
[2026-06-07T10:12:40.557Z] ✓ 27 unread message(s)
[2026-06-07T10:12:42.559Z] ✓ 27 unread message(s)
[2026-06-07T10:12:44.561Z] ✓ 27 unread message(s)
[2026-06-07T10:12:46.563Z] ✓ 27 unread message(s)
[2026-06-07T10:12:48.564Z] ✓ 27 unread message(s)
[2026-06-07T10:12:50.564Z] ✓ 27 unread message(s)
[2026-06-07T10:12:52.567Z] ✓ 27 unread message(s)
[2026-06-07T10:12:54.569Z] ✓ 27 unread message(s)
[2026-06-07T10:12:56.571Z] ✓ 27 unread message(s)
[2026-06-07T10:12:58.573Z] ✓ 27 unread message(s)
[2026-06-07T10:13:00.574Z] ✓ 27 unread message(s)
[2026-06-07T10:13:02.576Z] ✓ 27 unread message(s)
[2026-06-07T10:13:04.578Z] ✓ 27 unread message(s)
[2026-06-07T10:13:06.580Z] ✓ 27 unread message(s)
[2026-06-07T10:13:08.582Z] ✓ 27 unread message(s)
[2026-06-07T10:13:10.584Z] ✓ 27 unread message(s)
[2026-06-07T10:13:12.586Z] ✓ 27 unread message(s)
[2026-06-07T10:13:14.586Z] ✓ 27 unread message(s)
[2026-06-07T10:13:16.588Z] ✓ 27 unread message(s)
[2026-06-07T10:13:18.590Z] ✓ 27 unread message(s)
[2026-06-07T10:13:20.591Z] ✓ 27 unread message(s)
[2026-06-07T10:13:22.592Z] ✓ 27 unread message(s)
[2026-06-07T10:13:24.593Z] ✓ 27 unread message(s)
[2026-06-07T10:13:26.595Z] ✓ 27 unread message(s)
[2026-06-07T10:13:28.597Z] ✓ 27 unread message(s)
[2026-06-07T10:13:30.598Z] ✓ 27 unread message(s)
[2026-06-07T10:13:32.599Z] ✓ 27 unread message(s)
[2026-06-07T10:13:34.601Z] ✓ 27 unread message(s)
[2026-06-07T10:13:36.603Z] ✓ 27 unread message(s)
[2026-06-07T10:13:38.605Z] ✓ 27 unread message(s)
[2026-06-07T10:13:40.606Z] ✓ 27 unread message(s)
[2026-06-07T10:13:42.608Z] ✓ 27 unread message(s)
[2026-06-07T10:13:44.610Z] ✓ 27 unread message(s)
[2026-06-07T10:13:46.612Z] ✓ 27 unread message(s)
[2026-06-07T10:13:48.612Z] ✓ 27 unread message(s)
[2026-06-07T10:13:50.614Z] ✓ 27 unread message(s)
[2026-06-07T10:13:52.616Z] ✓ 27 unread message(s)
[2026-06-07T10:13:54.618Z] ✓ 27 unread message(s)
[2026-06-07T10:13:56.620Z] ✓ 27 unread message(s)
[2026-06-07T10:13:58.621Z] ✓ 27 unread message(s)
[2026-06-07T10:14:00.623Z] ✓ 27 unread message(s)
[2026-06-07T10:14:02.624Z] ✓ 27 unread message(s)
[2026-06-07T10:14:04.626Z] ✓ 27 unread message(s)
[2026-06-07T10:14:06.628Z] ✓ 27 unread message(s)
[2026-06-07T10:14:08.630Z] ✓ 27 unread message(s)
[2026-06-07T10:14:10.630Z] ✓ 27 unread message(s)
[2026-06-07T10:14:12.632Z] ✓ 27 unread message(s)
[2026-06-07T10:14:14.634Z] ✓ 27 unread message(s)
[2026-06-07T10:14:16.635Z] ✓ 27 unread message(s)
[2026-06-07T10:14:18.636Z] ✓ 27 unread message(s)
[2026-06-07T10:14:20.638Z] ✓ 27 unread message(s)
[2026-06-07T10:14:22.639Z] ✓ 27 unread message(s)
[2026-06-07T10:14:24.641Z] ✓ 27 unread message(s)
[2026-06-07T10:14:26.643Z] ✓ 27 unread message(s)
[2026-06-07T10:14:28.644Z] ✓ 27 unread message(s)
[2026-06-07T10:14:30.646Z] ✓ 27 unread message(s)
[2026-06-07T10:14:32.648Z] ✓ 27 unread message(s)
[2026-06-07T10:14:34.649Z] ✓ 27 unread message(s)
[2026-06-07T10:14:36.651Z] ✓ 27 unread message(s)
[2026-06-07T10:14:38.652Z] ✓ 27 unread message(s)
[2026-06-07T10:14:40.654Z] ✓ 27 unread message(s)
[2026-06-07T10:14:42.656Z] ✓ 27 unread message(s)
[2026-06-07T10:14:44.658Z] ✓ 27 unread message(s)
[2026-06-07T10:14:46.659Z] Connection error: 
[2026-06-07T10:14:48.662Z] ✓ 27 unread message(s)
[2026-06-07T10:14:50.664Z] ✓ 27 unread message(s)
[2026-06-07T10:14:52.666Z] ✓ 27 unread message(s)
[2026-06-07T10:14:54.668Z] ✓ 27 unread message(s)
[2026-06-07T10:14:56.670Z] ✓ 27 unread message(s)
[2026-06-07T10:14:58.672Z] ✓ 27 unread message(s)
[2026-06-07T10:15:00.674Z] ✓ 27 unread message(s)
[2026-06-07T10:15:02.676Z] ✓ 27 unread message(s)
[2026-06-07T10:15:04.677Z] ✓ 27 unread message(s)
[2026-06-07T10:15:06.678Z] ✓ 27 unread message(s)
[2026-06-07T10:15:08.681Z] ✓ 27 unread message(s)
[2026-06-07T10:15:10.683Z] ✓ 27 unread message(s)
[2026-06-07T10:15:12.685Z] ✓ 27 unread message(s)
[2026-06-07T10:15:14.685Z] ✓ 27 unread message(s)
[2026-06-07T10:15:16.687Z] ✓ 27 unread message(s)
[2026-06-07T10:15:18.689Z] ✓ 27 unread message(s)
[2026-06-07T10:15:20.691Z] ✓ 27 unread message(s)
[2026-06-07T10:15:22.693Z] ✓ 27 unread message(s)
[2026-06-07T10:15:24.695Z] ✓ 27 unread message(s)
[2026-06-07T10:15:26.697Z] ✓ 27 unread message(s)
[2026-06-07T10:15:28.699Z] ✓ 28 unread message(s)
[2026-06-07T10:15:29.110Z] ✓ Mirrored message to Gemini TTY (/dev/pts/0)
[2026-06-07T10:15:30.260Z] ⚡ WOKEN by wake file: Polling bridge immediately
[2026-06-07T10:15:30.261Z] ✓ 28 unread message(s)
[2026-06-07T10:15:31.112Z] ✓ 28 unread message(s)
[2026-06-07T10:15:33.115Z] ✓ 28 unread message(s)
[2026-06-07T10:15:35.118Z] ✓ 28 unread message(s)
[2026-06-07T10:15:37.120Z] ✓ 28 unread message(s)
[2026-06-07T10:15:39.122Z] ✓ 28 unread message(s)
[2026-06-07T10:15:41.124Z] ✓ 28 unread message(s)
[2026-06-07T10:15:43.124Z] ✓ 28 unread message(s)
[2026-06-07T10:15:45.127Z] ✓ 28 unread message(s)
[2026-06-07T10:15:47.128Z] ✓ 28 unread message(s)
[2026-06-07T10:15:49.130Z] ✓ 28 unread message(s)
[2026-06-07T10:15:51.132Z] ✓ 28 unread message(s)
[2026-06-07T10:15:53.134Z] ✓ 28 unread message(s)
[2026-06-07T10:15:55.134Z] ✓ 28 unread message(s)
[2026-06-07T10:15:57.137Z] ✓ 29 unread message(s)
[2026-06-07T10:15:57.221Z] ✓ Mirrored message to Gemini TTY (/dev/pts/0)
[2026-06-07T10:15:59.222Z] ✓ 29 unread message(s)
[2026-06-07T10:16:01.223Z] ✓ 29 unread message(s)
[2026-06-07T10:16:03.225Z] ✓ 29 unread message(s)
[2026-06-07T10:16:05.227Z] ✓ 29 unread message(s)
[2026-06-07T10:16:07.228Z] ✓ 29 unread message(s)
[2026-06-07T10:16:09.229Z] ✓ 29 unread message(s)
[2026-06-07T10:16:11.231Z] ✓ 29 unread message(s)
[2026-06-07T10:16:13.233Z] ✓ 30 unread message(s)
[2026-06-07T10:16:13.755Z] ✓ Mirrored message to Gemini TTY (/dev/pts/0)
[2026-06-07T10:16:15.757Z] ✓ 30 unread message(s)
[2026-06-07T10:16:17.759Z] ✓ 30 unread message(s)
[2026-06-07T10:16:19.760Z] ✓ 30 unread message(s)
[2026-06-07T10:16:21.762Z] ✓ 30 unread message(s)
[2026-06-07T10:16:23.763Z] ✓ 30 unread message(s)
[2026-06-07T10:16:25.765Z] ✓ 30 unread message(s)
[2026-06-07T10:16:27.766Z] ✓ 30 unread message(s)
[2026-06-07T10:16:29.768Z] ✓ 30 unread message(s)
[2026-06-07T10:16:31.769Z] ✓ 30 unread message(s)
[2026-06-07T10:16:33.772Z] ✓ 30 unread message(s)
[2026-06-07T10:16:35.772Z] ✓ 30 unread message(s)
[2026-06-07T10:16:37.774Z] ✓ 30 unread message(s)
[2026-06-07T10:16:39.776Z] ✓ 30 unread message(s)
[2026-06-07T10:16:41.777Z] ✓ 30 unread message(s)
[2026-06-07T10:16:43.779Z] ✓ 30 unread message(s)
[2026-06-07T10:16:45.781Z] ✓ 30 unread message(s)
[2026-06-07T10:16:47.782Z] ✓ 30 unread message(s)
[2026-06-07T10:16:49.783Z] ✓ 30 unread message(s)
[2026-06-07T10:16:51.785Z] ✓ 30 unread message(s)
[2026-06-07T10:16:53.787Z] ✓ 30 unread message(s)
[2026-06-07T10:16:55.787Z] ✓ 30 unread message(s)
[2026-06-07T10:16:57.790Z] ✓ 30 unread message(s)
[2026-06-07T10:16:59.792Z] ✓ 30 unread message(s)
[2026-06-07T10:17:01.792Z] ✓ 30 unread message(s)
[2026-06-07T10:17:03.795Z] ✓ 30 unread message(s)
[2026-06-07T10:17:05.797Z] ✓ 30 unread message(s)
[2026-06-07T10:17:07.799Z] ✓ 30 unread message(s)
[2026-06-07T10:17:09.801Z] ✓ 30 unread message(s)
[2026-06-07T10:17:11.801Z] ✓ 30 unread message(s)
[2026-06-07T10:17:13.803Z] ✓ 30 unread message(s)
[2026-06-07T10:17:15.803Z] ✓ 30 unread message(s)
[2026-06-07T10:17:17.806Z] ✓ 30 unread message(s)
[2026-06-07T10:17:19.807Z] ✓ 30 unread message(s)
[2026-06-07T10:17:21.809Z] ✓ 30 unread message(s)
[2026-06-07T10:17:23.810Z] ✓ 30 unread message(s)
[2026-06-07T10:17:25.810Z] ✓ 30 unread message(s)
[2026-06-07T10:17:27.813Z] ✓ 30 unread message(s)
[2026-06-07T10:17:29.815Z] ✓ 30 unread message(s)
[2026-06-07T10:17:31.816Z] ✓ 30 unread message(s)
[2026-06-07T10:17:33.818Z] ✓ 30 unread message(s)
[2026-06-07T10:17:35.820Z] ✓ 30 unread message(s)
[2026-06-07T10:17:37.821Z] ✓ 30 unread message(s)
[2026-06-07T10:17:39.823Z] ✓ 30 unread message(s)
[2026-06-07T10:17:41.825Z] ✓ 30 unread message(s)
[2026-06-07T10:17:43.826Z] ✓ 30 unread message(s)
[2026-06-07T10:17:45.828Z] ✓ 30 unread message(s)
[2026-06-07T10:17:47.830Z] ✓ 30 unread message(s)
[2026-06-07T10:17:49.831Z] ✓ 30 unread message(s)
[2026-06-07T10:17:51.832Z] ✓ 30 unread message(s)
[2026-06-07T10:17:53.835Z] ✓ 30 unread message(s)
[2026-06-07T10:17:55.836Z] ✓ 30 unread message(s)
[2026-06-07T10:17:57.838Z] ✓ 30 unread message(s)
[2026-06-07T10:17:59.840Z] ✓ 30 unread message(s)
[2026-06-07T10:18:01.840Z] ✓ 30 unread message(s)
[2026-06-07T10:18:03.843Z] ✓ 30 unread message(s)
[2026-06-07T10:18:05.844Z] ✓ 30 unread message(s)
[2026-06-07T10:18:07.844Z] ✓ 30 unread message(s)
[2026-06-07T10:18:09.847Z] ✓ 30 unread message(s)
[2026-06-07T10:18:11.849Z] ✓ 30 unread message(s)
[2026-06-07T10:18:13.850Z] ✓ 30 unread message(s)
[2026-06-07T10:18:15.850Z] ✓ 30 unread message(s)
[2026-06-07T10:18:17.853Z] ✓ 30 unread message(s)
[2026-06-07T10:18:19.854Z] ✓ 30 unread message(s)
[2026-06-07T10:18:34.275Z] Starting listener on localhost:9099
[2026-06-07T10:18:34.276Z] Gemini terminal detected: /dev/pts/0
[2026-06-07T10:18:34.303Z] ✓ Ready — polling every 2000ms
[2026-06-07T10:18:34.306Z] ✓ 30 unread message(s)
[2026-06-07T10:18:36.310Z] ✓ 30 unread message(s)
[2026-06-07T10:18:38.312Z] ✓ 30 unread message(s)
[2026-06-07T10:18:40.315Z] ✓ 30 unread message(s)
[2026-06-07T10:18:42.317Z] ✓ 30 unread message(s)
[2026-06-07T10:18:44.319Z] ✓ 31 unread message(s)
[2026-06-07T10:18:44.319Z] ✓ Mirrored message to Gemini TTY (/dev/pts/0)
[2026-06-07T10:18:46.321Z] ✓ 31 unread message(s)
[2026-06-07T10:18:48.323Z] ✓ 31 unread message(s)
[2026-06-07T10:18:50.325Z] ✓ 31 unread message(s)
[2026-06-07T10:18:52.327Z] ✓ 31 unread message(s)
[2026-06-07T10:18:54.328Z] ✓ 31 unread message(s)
[2026-06-07T10:18:56.330Z] ✓ 31 unread message(s)
[2026-06-07T10:18:58.332Z] ✓ 31 unread message(s)
[2026-06-07T10:19:00.334Z] ✓ 31 unread message(s)
[2026-06-07T10:19:02.336Z] ✓ 31 unread message(s)
[2026-06-07T10:19:04.337Z] ✓ 31 unread message(s)
[2026-06-07T10:19:06.339Z] ✓ 31 unread message(s)
[2026-06-07T10:19:08.340Z] ✓ 31 unread message(s)
[2026-06-07T10:19:10.341Z] ✓ 31 unread message(s)
[2026-06-07T10:19:12.343Z] ✓ 31 unread message(s)
[2026-06-07T10:19:14.345Z] ✓ 31 unread message(s)
[2026-06-07T10:19:16.347Z] ✓ 31 unread message(s)
[2026-06-07T10:19:18.349Z] ✓ 31 unread message(s)
[2026-06-07T10:19:20.349Z] ✓ 31 unread message(s)
[2026-06-07T10:19:22.352Z] ✓ 31 unread message(s)
[2026-06-07T10:19:24.353Z] ✓ 31 unread message(s)
[2026-06-07T10:19:26.354Z] ✓ 31 unread message(s)
[2026-06-07T10:19:28.356Z] ✓ 31 unread message(s)
[2026-06-07T10:19:30.357Z] ✓ 31 unread message(s)
[2026-06-07T10:19:32.359Z] ✓ 31 unread message(s)
[2026-06-07T10:19:34.361Z] ✓ 31 unread message(s)
[2026-06-07T10:19:36.363Z] ✓ 31 unread message(s)
[2026-06-07T10:19:38.365Z] ✓ 31 unread message(s)
[2026-06-07T10:19:40.368Z] ✓ 31 unread message(s)
[2026-06-07T10:19:42.370Z] ✓ 31 unread message(s)
[2026-06-07T10:19:44.372Z] ✓ 31 unread message(s)
[2026-06-07T10:19:46.373Z] ✓ 31 unread message(s)
[2026-06-07T10:19:48.375Z] ✓ 31 unread message(s)
[2026-06-07T10:19:50.376Z] ✓ 31 unread message(s)
[2026-06-07T10:19:52.378Z] ✓ 31 unread message(s)
[2026-06-07T10:19:54.380Z] ✓ 31 unread message(s)
[2026-06-07T10:19:56.382Z] ✓ 31 unread message(s)
[2026-06-07T10:19:58.382Z] ✓ 31 unread message(s)
[2026-06-07T10:20:00.384Z] ✓ 31 unread message(s)
[2026-06-07T10:20:02.386Z] ✓ 31 unread message(s)
[2026-06-07T10:20:04.388Z] ✓ 31 unread message(s)
[2026-06-07T10:20:06.389Z] ✓ 31 unread message(s)
[2026-06-07T10:20:08.392Z] ✓ 31 unread message(s)
[2026-06-07T10:20:10.394Z] ✓ 31 unread message(s)
[2026-06-07T10:20:12.396Z] ✓ 31 unread message(s)
[2026-06-07T10:20:14.399Z] ✓ 31 unread message(s)
[2026-06-07T10:20:16.400Z] ✓ 31 unread message(s)
[2026-06-07T10:20:18.402Z] ✓ 31 unread message(s)
[2026-06-07T10:20:20.404Z] ✓ 31 unread message(s)
[2026-06-07T10:20:22.406Z] Connection error: 
[2026-06-07T10:20:24.411Z] ✓ 31 unread message(s)
[2026-06-07T10:20:26.414Z] ✓ 31 unread message(s)
[2026-06-07T10:20:28.416Z] ✓ 31 unread message(s)
[2026-06-07T10:20:30.418Z] ✓ 31 unread message(s)
[2026-06-07T10:20:32.420Z] ✓ 31 unread message(s)
[2026-06-07T10:20:34.423Z] ✓ 31 unread message(s)
[2026-06-07T10:20:36.424Z] ✓ 31 unread message(s)
[2026-06-07T10:20:38.427Z] ✓ 31 unread message(s)
[2026-06-07T10:20:40.427Z] Connection error: 
[2026-06-07T10:20:42.430Z] Connection error: 
[2026-06-07T10:20:44.432Z] Connection error: 
[2026-06-07T10:20:46.435Z] Connection error: 
[2026-06-07T10:20:48.437Z] Connection error: 
[2026-06-07T10:20:50.444Z] ✓ 31 unread message(s)
[2026-06-07T10:20:52.447Z] ✓ 31 unread message(s)
[2026-06-07T10:20:54.448Z] ✓ 31 unread message(s)
[2026-06-07T10:20:56.450Z] ✓ 31 unread message(s)
[2026-06-07T10:20:58.452Z] ✓ 31 unread message(s)
[2026-06-07T10:21:00.454Z] ✓ 31 unread message(s)
[2026-06-07T10:21:02.456Z] ✓ 31 unread message(s)
[2026-06-07T10:21:04.458Z] ✓ 31 unread message(s)
[2026-06-07T10:21:06.460Z] ✓ 31 unread message(s)
[2026-06-07T10:21:08.461Z] ✓ 31 unread message(s)
[2026-06-07T10:21:10.463Z] ✓ 31 unread message(s)
[2026-06-07T10:21:12.465Z] ✓ 31 unread message(s)
[2026-06-07T10:21:14.467Z] ✓ 31 unread message(s)
[2026-06-07T10:21:16.469Z] ✓ 31 unread message(s)
[2026-06-07T10:21:18.471Z] ✓ 31 unread message(s)
[2026-06-07T10:21:20.473Z] ✓ 31 unread message(s)
[2026-06-07T10:21:22.475Z] ✓ 31 unread message(s)
[2026-06-07T10:21:24.477Z] ✓ 31 unread message(s)
[2026-06-07T10:21:26.479Z] ✓ 31 unread message(s)
[2026-06-07T10:21:28.480Z] ✓ 31 unread message(s)
[2026-06-07T10:21:30.482Z] ✓ 31 unread message(s)
[2026-06-07T10:21:32.483Z] ✓ 31 unread message(s)
[2026-06-07T10:21:34.484Z] ✓ 31 unread message(s)
[2026-06-07T10:21:36.487Z] ✓ 31 unread message(s)
[2026-06-07T10:21:38.489Z] ✓ 31 unread message(s)
[2026-06-07T10:21:40.491Z] ✓ 31 unread message(s)
[2026-06-07T10:21:42.493Z] ✓ 31 unread message(s)
[2026-06-07T10:21:44.495Z] ✓ 31 unread message(s)
[2026-06-07T10:21:46.497Z] ✓ 31 unread message(s)
[2026-06-07T10:21:48.499Z] ✓ 31 unread message(s)
[2026-06-07T10:21:50.501Z] ✓ 31 unread message(s)
[2026-06-07T10:21:52.503Z] ✓ 31 unread message(s)
[2026-06-07T10:21:54.505Z] ✓ 31 unread message(s)
[2026-06-07T10:21:56.507Z] ✓ 31 unread message(s)
[2026-06-07T10:21:58.509Z] ✓ 31 unread message(s)
[2026-06-07T10:22:00.511Z] ✓ 31 unread message(s)
[2026-06-07T10:22:02.512Z] ✓ 31 unread message(s)
[2026-06-07T10:22:04.513Z] ✓ 31 unread message(s)
[2026-06-07T10:22:06.515Z] ✓ 31 unread message(s)
[2026-06-07T10:22:08.516Z] ✓ 31 unread message(s)
[2026-06-07T10:22:10.518Z] ✓ 31 unread message(s)
[2026-06-07T10:22:12.520Z] ✓ 31 unread message(s)
[2026-06-07T10:22:14.522Z] ✓ 31 unread message(s)
[2026-06-07T10:22:16.524Z] ✓ 31 unread message(s)
[2026-06-07T10:22:18.525Z] ✓ 31 unread message(s)
[2026-06-07T10:22:20.526Z] ✓ 31 unread message(s)
[2026-06-07T10:22:22.528Z] ✓ 31 unread message(s)
[2026-06-07T10:22:24.530Z] ✓ 31 unread message(s)
[2026-06-07T10:22:26.532Z] ✓ 31 unread message(s)
[2026-06-07T10:22:28.534Z] ✓ 31 unread message(s)
[2026-06-07T10:22:30.536Z] ✓ 31 unread message(s)
[2026-06-07T10:22:32.538Z] ✓ 31 unread message(s)
[2026-06-07T10:22:34.540Z] ✓ 32 unread message(s)
[2026-06-07T10:22:34.541Z] ✓ Mirrored message to Gemini TTY (/dev/pts/0)
[2026-06-07T10:22:36.542Z] ✓ 32 unread message(s)
[2026-06-07T10:22:38.544Z] ✓ 32 unread message(s)
[2026-06-07T10:22:40.546Z] ✓ 32 unread message(s)
[2026-06-07T10:22:42.548Z] ✓ 32 unread message(s)
[2026-06-07T10:22:44.550Z] ✓ 32 unread message(s)
[2026-06-07T10:22:46.552Z] ✓ 32 unread message(s)
[2026-06-07T10:22:48.554Z] ✓ 32 unread message(s)
[2026-06-07T10:22:50.556Z] ✓ 32 unread message(s)
[2026-06-07T10:22:52.558Z] ✓ 32 unread message(s)
[2026-06-07T10:22:54.560Z] ✓ 32 unread message(s)
[2026-06-07T10:22:56.562Z] ✓ 32 unread message(s)
[2026-06-07T10:22:58.564Z] ✓ 32 unread message(s)
[2026-06-07T10:23:00.565Z] ✓ 32 unread message(s)
[2026-06-07T10:23:02.566Z] ✓ 32 unread message(s)
[2026-06-07T10:23:04.568Z] ✓ 32 unread message(s)
[2026-06-07T10:23:06.570Z] ✓ 32 unread message(s)
[2026-06-07T10:23:08.572Z] ✓ 32 unread message(s)
[2026-06-07T10:23:10.574Z] ✓ 32 unread message(s)
[2026-06-07T10:23:12.575Z] ✓ 32 unread message(s)
[2026-06-07T10:23:14.577Z] ✓ 32 unread message(s)
[2026-06-07T10:23:16.579Z] ✓ 32 unread message(s)
[2026-06-07T10:23:18.581Z] ✓ 32 unread message(s)
[2026-06-07T10:23:20.581Z] ✓ 32 unread message(s)
[2026-06-07T10:23:22.582Z] ✓ 32 unread message(s)
[2026-06-07T10:23:24.584Z] ✓ 32 unread message(s)
[2026-06-07T10:23:26.585Z] ✓ 32 unread message(s)
[2026-06-07T10:23:28.587Z] ✓ 32 unread message(s)
[2026-06-07T10:23:30.589Z] ✓ 32 unread message(s)
[2026-06-07T10:23:32.591Z] ✓ 32 unread message(s)
[2026-06-07T10:23:34.593Z] ✓ 32 unread message(s)
[2026-06-07T10:23:36.594Z] ✓ 32 unread message(s)
[2026-06-07T10:23:38.597Z] ✓ 32 unread message(s)
[2026-06-07T10:23:40.599Z] ✓ 32 unread message(s)
[2026-06-07T10:23:42.599Z] ✓ 32 unread message(s)
[2026-06-07T10:23:44.601Z] ✓ 32 unread message(s)
[2026-06-07T10:23:46.603Z] ✓ 32 unread message(s)
[2026-06-07T10:23:48.604Z] ✓ 32 unread message(s)
[2026-06-07T10:23:50.606Z] ✓ 32 unread message(s)
[2026-06-07T10:23:52.609Z] ✓ 32 unread message(s)
[2026-06-07T10:23:54.610Z] ✓ 32 unread message(s)
[2026-06-07T10:23:56.612Z] ✓ 32 unread message(s)
[2026-06-07T10:23:58.614Z] ✓ 32 unread message(s)
[2026-06-07T10:24:00.615Z] ✓ 32 unread message(s)
[2026-06-07T10:24:02.618Z] ✓ 32 unread message(s)
[2026-06-07T10:24:04.619Z] ✓ 32 unread message(s)
[2026-06-07T10:24:06.621Z] ✓ 32 unread message(s)
[2026-06-07T10:24:08.622Z] ✓ 32 unread message(s)
[2026-06-07T10:24:10.623Z] ✓ 32 unread message(s)
[2026-06-07T10:24:12.626Z] ✓ 32 unread message(s)
[2026-06-07T10:24:14.628Z] ✓ 32 unread message(s)
[2026-06-07T10:24:16.629Z] ✓ 32 unread message(s)
[2026-06-07T10:24:18.631Z] ✓ 32 unread message(s)
[2026-06-07T10:24:20.633Z] ✓ 32 unread message(s)
[2026-06-07T10:24:22.635Z] ✓ 32 unread message(s)
[2026-06-07T10:24:24.637Z] ✓ 32 unread message(s)
[2026-06-07T10:24:26.639Z] ✓ 32 unread message(s)
[2026-06-07T10:24:28.641Z] ✓ 32 unread message(s)
[2026-06-07T10:24:30.643Z] ✓ 32 unread message(s)
[2026-06-07T10:24:32.644Z] ✓ 33 unread message(s)
[2026-06-07T10:24:32.645Z] ✓ Mirrored message to Gemini TTY (/dev/pts/0)
[2026-06-07T10:24:34.645Z] ✓ 33 unread message(s)
[2026-06-07T10:24:36.648Z] ✓ 33 unread message(s)
[2026-06-07T10:24:38.650Z] ✓ 33 unread message(s)
[2026-06-07T10:24:40.650Z] ✓ 33 unread message(s)
[2026-06-07T10:24:42.652Z] ✓ 33 unread message(s)
[2026-06-07T10:24:44.653Z] ✓ 33 unread message(s)
[2026-06-07T10:24:46.655Z] ✓ 33 unread message(s)
[2026-06-07T10:24:48.657Z] ✓ 33 unread message(s)
[2026-06-07T10:24:50.659Z] ✓ 33 unread message(s)
[2026-06-07T10:24:52.661Z] ✓ 33 unread message(s)
[2026-06-07T10:24:54.663Z] ✓ 33 unread message(s)
[2026-06-07T10:24:56.663Z] ✓ 33 unread message(s)
[2026-06-07T10:24:58.665Z] ✓ 33 unread message(s)
[2026-06-07T10:25:00.667Z] ✓ 33 unread message(s)
[2026-06-07T10:25:02.669Z] ✓ 33 unread message(s)
[2026-06-07T10:25:04.671Z] ✓ 33 unread message(s)
[2026-06-07T10:25:06.672Z] ✓ 33 unread message(s)
[2026-06-07T10:25:08.674Z] ✓ 33 unread message(s)
[2026-06-07T10:25:10.676Z] ✓ 33 unread message(s)
[2026-06-07T10:25:12.677Z] ✓ 33 unread message(s)
[2026-06-07T10:25:14.679Z] ✓ 33 unread message(s)
[2026-06-07T10:25:16.681Z] ✓ 33 unread message(s)
[2026-06-07T10:25:18.683Z] ✓ 33 unread message(s)
[2026-06-07T10:25:20.685Z] ✓ 33 unread message(s)
[2026-06-07T10:25:22.687Z] ✓ 33 unread message(s)
[2026-06-07T10:25:24.688Z] ✓ 33 unread message(s)
[2026-06-07T10:25:26.689Z] ✓ 33 unread message(s)
[2026-06-07T10:25:28.691Z] ✓ 33 unread message(s)
[2026-06-07T10:25:30.693Z] ✓ 33 unread message(s)
[2026-06-07T10:25:32.695Z] ✓ 33 unread message(s)
[2026-06-07T10:25:34.697Z] ✓ 33 unread message(s)
[2026-06-07T10:25:36.699Z] ✓ 33 unread message(s)
[2026-06-07T10:25:38.701Z] ✓ 33 unread message(s)
[2026-06-07T10:25:40.703Z] ✓ 33 unread message(s)
[2026-06-07T10:25:42.705Z] ✓ 33 unread message(s)
[2026-06-07T10:25:44.707Z] ✓ 33 unread message(s)
[2026-06-07T10:25:46.709Z] ✓ 33 unread message(s)
[2026-06-07T10:25:48.711Z] ✓ 33 unread message(s)
[2026-06-07T10:25:50.713Z] ✓ 33 unread message(s)
[2026-06-07T10:25:52.715Z] ✓ 33 unread message(s)
[2026-06-07T10:25:54.717Z] ✓ 33 unread message(s)
[2026-06-07T10:25:56.719Z] ✓ 33 unread message(s)
[2026-06-07T10:25:58.721Z] ✓ 33 unread message(s)
[2026-06-07T10:26:00.723Z] ✓ 33 unread message(s)
[2026-06-07T10:26:02.725Z] ✓ 33 unread message(s)
[2026-06-07T10:26:04.727Z] ✓ 33 unread message(s)
[2026-06-07T10:26:06.729Z] ✓ 33 unread message(s)
[2026-06-07T10:26:08.731Z] ✓ 33 unread message(s)
[2026-06-07T10:26:10.732Z] ✓ 33 unread message(s)
[2026-06-07T10:26:12.734Z] ✓ 33 unread message(s)
[2026-06-07T10:26:14.736Z] ✓ 33 unread message(s)
[2026-06-07T10:26:19.286Z] Starting listener on localhost:9099
[2026-06-07T10:26:19.287Z] Gemini terminal detected: /dev/pts/0
[2026-06-07T10:26:19.322Z] ✓ Ready — polling every 2000ms
[2026-06-07T10:26:19.326Z] ✓ 33 unread message(s)
[2026-06-07T10:26:21.331Z] ✓ 33 unread message(s)
[2026-06-07T10:26:23.334Z] ✓ 34 unread message(s)
[2026-06-07T10:26:23.334Z] ✓ Mirrored message to Gemini TTY (/dev/pts/0)
[2026-06-07T10:26:25.337Z] ✓ 34 unread message(s)
[2026-06-07T10:26:27.339Z] ✓ 34 unread message(s)
[2026-06-07T10:26:29.342Z] ✓ 34 unread message(s)
[2026-06-07T10:26:31.343Z] ✓ 34 unread message(s)
[2026-06-07T10:26:33.345Z] ✓ 34 unread message(s)
[2026-06-07T10:26:35.348Z] ✓ 34 unread message(s)
[2026-06-07T10:26:37.354Z] ✓ 34 unread message(s)
[2026-06-07T10:26:39.356Z] ✓ 34 unread message(s)
[2026-06-07T10:26:41.358Z] ✓ 34 unread message(s)
[2026-06-07T10:26:43.359Z] ✓ 34 unread message(s)
[2026-06-07T10:26:45.362Z] ✓ 34 unread message(s)
[2026-06-07T10:26:47.363Z] ✓ 34 unread message(s)
[2026-06-07T10:26:49.365Z] ✓ 34 unread message(s)
[2026-06-07T10:26:51.367Z] ✓ 34 unread message(s)
[2026-06-07T10:26:53.367Z] ✓ 34 unread message(s)
[2026-06-07T10:26:55.368Z] ✓ 34 unread message(s)
[2026-06-07T10:26:57.371Z] ✓ 34 unread message(s)
[2026-06-07T10:26:59.373Z] ✓ 34 unread message(s)
[2026-06-07T10:27:01.374Z] ✓ 34 unread message(s)
[2026-06-07T10:27:03.377Z] ✓ 34 unread message(s)
[2026-06-07T10:27:05.378Z] ✓ 34 unread message(s)
[2026-06-07T10:27:07.380Z] ✓ 34 unread message(s)
[2026-06-07T10:27:09.382Z] ✓ 34 unread message(s)
[2026-06-07T10:27:11.384Z] ✓ 34 unread message(s)
[2026-06-07T10:27:13.386Z] ✓ 34 unread message(s)
[2026-06-07T10:27:15.388Z] ✓ 34 unread message(s)
[2026-06-07T10:27:17.390Z] ✓ 34 unread message(s)
[2026-06-07T10:27:19.391Z] ✓ 34 unread message(s)
[2026-06-07T10:27:21.393Z] ✓ 34 unread message(s)
[2026-06-07T10:27:23.394Z] ✓ 34 unread message(s)
[2026-06-07T10:27:25.396Z] ✓ 34 unread message(s)
[2026-06-07T10:27:27.398Z] ✓ 34 unread message(s)
[2026-06-07T10:27:29.400Z] ✓ 34 unread message(s)
[2026-06-07T10:27:31.401Z] ✓ 34 unread message(s)
[2026-06-07T10:27:33.402Z] ✓ 35 unread message(s)
[2026-06-07T10:27:33.402Z] ✓ Mirrored message to Gemini TTY (/dev/pts/0)
[2026-06-07T10:27:35.404Z] ✓ 35 unread message(s)
[2026-06-07T10:27:37.406Z] ✓ 35 unread message(s)
[2026-06-07T10:27:39.408Z] ✓ 35 unread message(s)
[2026-06-07T10:27:41.410Z] ✓ 35 unread message(s)
[2026-06-07T10:27:43.412Z] ✓ 35 unread message(s)
[2026-06-07T10:27:45.413Z] ✓ 35 unread message(s)
[2026-06-07T10:27:47.416Z] ✓ 35 unread message(s)
[2026-06-07T10:27:49.419Z] ✓ 35 unread message(s)
[2026-06-07T10:27:51.420Z] ✓ 35 unread message(s)
[2026-06-07T10:27:53.422Z] ✓ 35 unread message(s)
[2026-06-07T10:27:55.424Z] ✓ 35 unread message(s)
[2026-06-07T10:27:57.426Z] ✓ 35 unread message(s)
[2026-06-07T10:27:59.428Z] ✓ 35 unread message(s)
[2026-06-07T10:28:01.430Z] ✓ 35 unread message(s)
[2026-06-07T10:28:03.432Z] ✓ 35 unread message(s)
[2026-06-07T10:28:05.434Z] ✓ 35 unread message(s)
[2026-06-07T10:28:07.435Z] ✓ 35 unread message(s)
[2026-06-07T10:28:09.437Z] ✓ 35 unread message(s)
[2026-06-07T10:28:11.439Z] ✓ 35 unread message(s)
[2026-06-07T10:28:13.440Z] ✓ 35 unread message(s)
[2026-06-07T10:28:15.442Z] ✓ 35 unread message(s)
[2026-06-07T10:28:17.444Z] ✓ 35 unread message(s)
[2026-06-07T10:28:19.446Z] ✓ 35 unread message(s)
[2026-06-07T10:28:21.448Z] ✓ 35 unread message(s)
[2026-06-07T10:28:23.450Z] ✓ 35 unread message(s)
[2026-06-07T10:28:25.452Z] ✓ 35 unread message(s)
[2026-06-07T10:28:27.454Z] ✓ 35 unread message(s)
[2026-06-07T10:28:29.456Z] ✓ 35 unread message(s)
[2026-06-07T10:28:31.458Z] ✓ 35 unread message(s)
[2026-06-07T10:28:33.460Z] ✓ 35 unread message(s)
[2026-06-07T10:28:35.462Z] ✓ 35 unread message(s)
[2026-06-07T10:28:37.464Z] ✓ 35 unread message(s)
[2026-06-07T10:28:39.466Z] ✓ 35 unread message(s)
[2026-06-07T10:28:41.467Z] ✓ 35 unread message(s)
[2026-06-07T10:28:43.469Z] ✓ 35 unread message(s)
[2026-06-07T10:28:45.471Z] ✓ 35 unread message(s)
[2026-06-07T10:28:47.473Z] ✓ 35 unread message(s)
[2026-06-07T10:28:49.475Z] ✓ 35 unread message(s)
[2026-06-07T10:28:51.477Z] ✓ 35 unread message(s)
[2026-06-07T10:28:53.477Z] ✓ 35 unread message(s)
[2026-06-07T10:28:55.479Z] ✓ 35 unread message(s)
[2026-06-07T10:28:57.481Z] ✓ 35 unread message(s)
[2026-06-07T10:28:59.483Z] ✓ 35 unread message(s)
[2026-06-07T10:29:01.485Z] ✓ 35 unread message(s)
[2026-06-07T10:29:03.487Z] ✓ 35 unread message(s)
[2026-06-07T10:29:05.489Z] ✓ 35 unread message(s)
[2026-06-07T10:29:07.491Z] ✓ 35 unread message(s)
[2026-06-07T10:29:09.493Z] ✓ 35 unread message(s)
[2026-06-07T10:29:11.495Z] ✓ 35 unread message(s)
[2026-06-07T10:29:13.497Z] ✓ 35 unread message(s)
[2026-06-07T10:29:15.497Z] ✓ 35 unread message(s)
[2026-06-07T10:29:17.500Z] ✓ 35 unread message(s)
[2026-06-07T10:29:19.502Z] ✓ 35 unread message(s)
[2026-06-07T10:29:21.504Z] ✓ 35 unread message(s)
[2026-06-07T10:29:23.505Z] ✓ 35 unread message(s)
[2026-06-07T10:29:25.508Z] ✓ 35 unread message(s)
[2026-06-07T10:29:27.510Z] ✓ 35 unread message(s)
[2026-06-07T10:29:29.512Z] ✓ 35 unread message(s)
[2026-06-07T10:29:31.512Z] ✓ 35 unread message(s)
[2026-06-07T10:29:33.515Z] ✓ 35 unread message(s)
[2026-06-07T10:29:35.517Z] ✓ 35 unread message(s)
[2026-06-07T10:29:37.519Z] ✓ 35 unread message(s)
[2026-06-07T10:29:39.521Z] ✓ 35 unread message(s)
[2026-06-07T10:29:41.523Z] ✓ 35 unread message(s)
[2026-06-07T10:29:43.524Z] ✓ 35 unread message(s)
[2026-06-07T10:29:45.526Z] ✓ 35 unread message(s)
[2026-06-07T10:29:47.527Z] ✓ 35 unread message(s)
[2026-06-07T10:29:49.529Z] ✓ 35 unread message(s)
[2026-06-07T10:29:51.531Z] ✓ 35 unread message(s)
[2026-06-07T10:29:53.533Z] ✓ 35 unread message(s)
[2026-06-07T10:29:55.534Z] ✓ 35 unread message(s)
[2026-06-07T10:29:57.537Z] ✓ 35 unread message(s)
[2026-06-07T10:29:59.538Z] ✓ 35 unread message(s)
[2026-06-07T10:30:01.538Z] ✓ 35 unread message(s)
[2026-06-07T10:30:03.541Z] ✓ 35 unread message(s)
[2026-06-07T10:30:05.543Z] ✓ 35 unread message(s)
[2026-06-07T10:30:07.545Z] ✓ 35 unread message(s)
[2026-06-07T10:30:09.547Z] ✓ 35 unread message(s)
[2026-06-07T10:30:11.548Z] ✓ 35 unread message(s)
[2026-06-07T10:30:13.550Z] ✓ 35 unread message(s)
[2026-06-07T10:30:15.552Z] ✓ 35 unread message(s)
[2026-06-07T10:30:17.553Z] ✓ 35 unread message(s)
[2026-06-07T10:30:19.555Z] ✓ 35 unread message(s)
[2026-06-07T10:30:21.557Z] ✓ 35 unread message(s)
[2026-06-07T10:30:23.559Z] ✓ 35 unread message(s)
[2026-06-07T10:30:25.561Z] ✓ 35 unread message(s)
[2026-06-07T10:30:27.562Z] ✓ 35 unread message(s)
[2026-06-07T10:30:29.564Z] ✓ 35 unread message(s)
[2026-06-07T10:30:31.566Z] ✓ 35 unread message(s)
[2026-06-07T10:30:33.568Z] ✓ 35 unread message(s)
[2026-06-07T10:30:35.570Z] ✓ 35 unread message(s)
[2026-06-07T10:30:37.572Z] ✓ 35 unread message(s)
[2026-06-07T10:30:39.573Z] ✓ 35 unread message(s)
[2026-06-07T10:30:41.575Z] ✓ 35 unread message(s)
[2026-06-07T10:30:43.576Z] ✓ 35 unread message(s)
[2026-06-07T10:30:45.577Z] ✓ 35 unread message(s)
[2026-06-07T10:30:47.579Z] ✓ 35 unread message(s)
[2026-06-07T10:30:49.581Z] ✓ 35 unread message(s)
[2026-06-07T10:30:51.583Z] ✓ 35 unread message(s)
[2026-06-07T10:30:53.585Z] ✓ 35 unread message(s)
[2026-06-07T10:30:55.587Z] ✓ 35 unread message(s)
[2026-06-07T10:30:57.589Z] ✓ 35 unread message(s)
[2026-06-07T10:30:59.591Z] ✓ 35 unread message(s)
[2026-06-07T10:31:01.593Z] ✓ 35 unread message(s)
[2026-06-07T10:31:03.593Z] ✓ 35 unread message(s)
[2026-06-07T10:31:05.595Z] ✓ 35 unread message(s)
[2026-06-07T10:31:07.597Z] ✓ 35 unread message(s)
[2026-06-07T10:31:09.599Z] ✓ 35 unread message(s)
[2026-06-07T10:31:11.601Z] ✓ 35 unread message(s)
[2026-06-07T10:31:13.603Z] ✓ 35 unread message(s)
[2026-06-07T10:31:15.605Z] ✓ 35 unread message(s)
[2026-06-07T10:31:17.607Z] ✓ 35 unread message(s)
[2026-06-07T10:31:19.609Z] ✓ 35 unread message(s)
[2026-06-07T10:31:21.611Z] ✓ 35 unread message(s)
[2026-06-07T10:31:23.612Z] ✓ 35 unread message(s)
[2026-06-07T10:31:25.614Z] ✓ 35 unread message(s)
[2026-06-07T10:31:27.614Z] ✓ 35 unread message(s)
[2026-06-07T10:31:29.616Z] ✓ 35 unread message(s)
[2026-06-07T10:31:31.618Z] ✓ 35 unread message(s)
[2026-06-07T10:31:33.620Z] ✓ 35 unread message(s)
[2026-06-07T10:31:35.622Z] ✓ 35 unread message(s)
[2026-06-07T10:31:37.624Z] ✓ 35 unread message(s)
[2026-06-07T10:31:39.626Z] ✓ 35 unread message(s)
[2026-06-07T10:31:41.628Z] ✓ 35 unread message(s)
[2026-06-07T10:31:43.630Z] ✓ 35 unread message(s)
[2026-06-07T10:31:45.632Z] ✓ 35 unread message(s)
[2026-06-07T10:31:47.633Z] ✓ 35 unread message(s)
[2026-06-07T10:31:49.635Z] ✓ 35 unread message(s)
[2026-06-07T10:31:51.637Z] ✓ 35 unread message(s)
[2026-06-07T10:31:53.639Z] ✓ 35 unread message(s)
[2026-06-07T10:31:55.641Z] ✓ 35 unread message(s)
[2026-06-07T10:31:57.643Z] ✓ 35 unread message(s)
[2026-06-07T10:31:59.645Z] ✓ 35 unread message(s)
[2026-06-07T10:32:01.647Z] ✓ 35 unread message(s)
[2026-06-07T10:32:03.648Z] ✓ 35 unread message(s)
[2026-06-07T10:32:05.650Z] ✓ 35 unread message(s)
[2026-06-07T10:32:07.652Z] ✓ 35 unread message(s)
[2026-06-07T10:32:09.654Z] ✓ 35 unread message(s)
[2026-06-07T10:32:11.656Z] ✓ 35 unread message(s)
[2026-06-07T10:32:13.658Z] ✓ 35 unread message(s)
[2026-06-07T10:32:15.658Z] ✓ 35 unread message(s)
[2026-06-07T10:32:17.661Z] ✓ 35 unread message(s)
[2026-06-07T10:32:19.663Z] ✓ 35 unread message(s)
[2026-06-07T10:32:21.664Z] ✓ 35 unread message(s)
[2026-06-07T10:32:23.666Z] ✓ 35 unread message(s)
[2026-06-07T10:32:25.668Z] ✓ 35 unread message(s)
[2026-06-07T10:32:27.670Z] ✓ 35 unread message(s)
[2026-06-07T10:32:29.672Z] ✓ 35 unread message(s)
[2026-06-07T10:32:31.673Z] ✓ 35 unread message(s)
[2026-06-07T10:32:33.674Z] ✓ 35 unread message(s)
[2026-06-07T10:32:35.676Z] ✓ 35 unread message(s)
[2026-06-07T10:32:37.678Z] ✓ 35 unread message(s)
[2026-06-07T10:32:39.679Z] ✓ 35 unread message(s)
[2026-06-07T10:32:41.680Z] ✓ 35 unread message(s)
[2026-06-07T10:32:43.682Z] ✓ 35 unread message(s)
[2026-06-07T10:32:45.684Z] ✓ 35 unread message(s)
[2026-06-07T10:32:47.686Z] ✓ 35 unread message(s)
[2026-06-07T10:32:49.686Z] ✓ 35 unread message(s)
[2026-06-07T10:32:51.689Z] ✓ 35 unread message(s)
[2026-06-07T10:32:53.691Z] ✓ 35 unread message(s)
[2026-06-07T10:32:55.693Z] ✓ 35 unread message(s)
[2026-06-07T10:32:57.695Z] ✓ 35 unread message(s)
[2026-06-07T10:32:59.697Z] ✓ 35 unread message(s)
[2026-06-07T10:33:01.697Z] ✓ 35 unread message(s)
[2026-06-07T10:33:03.700Z] ✓ 35 unread message(s)
[2026-06-07T10:33:05.702Z] ✓ 35 unread message(s)
[2026-06-07T10:33:07.704Z] ✓ 35 unread message(s)
[2026-06-07T10:33:09.706Z] ✓ 35 unread message(s)
[2026-06-07T10:33:11.707Z] ✓ 35 unread message(s)
[2026-06-07T10:33:13.709Z] ✓ 35 unread message(s)
[2026-06-07T10:33:15.711Z] ✓ 35 unread message(s)
[2026-06-07T10:33:17.713Z] ✓ 35 unread message(s)
[2026-06-07T10:33:19.715Z] ✓ 35 unread message(s)
[2026-06-07T10:33:21.715Z] ✓ 35 unread message(s)
[2026-06-07T10:33:23.718Z] ✓ 35 unread message(s)
[2026-06-07T10:33:25.720Z] ✓ 35 unread message(s)
[2026-06-07T10:33:27.722Z] ✓ 35 unread message(s)
[2026-06-07T10:33:29.722Z] ✓ 35 unread message(s)
[2026-06-07T10:33:31.724Z] ✓ 35 unread message(s)
[2026-06-07T10:33:33.726Z] ✓ 35 unread message(s)
[2026-06-07T10:33:35.727Z] ✓ 35 unread message(s)
[2026-06-07T10:33:37.729Z] ✓ 35 unread message(s)
[2026-06-07T10:33:39.729Z] ✓ 35 unread message(s)
[2026-06-07T10:33:41.732Z] ✓ 35 unread message(s)
[2026-06-07T10:33:43.734Z] ✓ 35 unread message(s)
[2026-06-07T10:33:45.734Z] ✓ 35 unread message(s)
[2026-06-07T10:33:47.737Z] ✓ 35 unread message(s)
[2026-06-07T10:33:49.739Z] ✓ 35 unread message(s)
[2026-06-07T10:33:51.741Z] ✓ 35 unread message(s)
[2026-06-07T10:33:53.741Z] ✓ 35 unread message(s)
[2026-06-07T10:33:55.743Z] ✓ 35 unread message(s)
[2026-06-07T10:33:57.745Z] ✓ 35 unread message(s)
[2026-06-07T10:33:59.747Z] ✓ 35 unread message(s)
[2026-06-07T10:34:01.747Z] ✓ 35 unread message(s)
[2026-06-07T10:34:03.750Z] ✓ 35 unread message(s)
[2026-06-07T10:34:05.752Z] ✓ 35 unread message(s)
[2026-06-07T10:34:07.754Z] ✓ 35 unread message(s)
[2026-06-07T10:34:09.756Z] ✓ 35 unread message(s)
[2026-06-07T10:34:11.758Z] ✓ 35 unread message(s)
[2026-06-07T10:34:13.759Z] ✓ 35 unread message(s)
[2026-06-07T10:34:15.761Z] ✓ 35 unread message(s)
[2026-06-07T10:34:17.763Z] ✓ 35 unread message(s)
[2026-06-07T10:34:19.763Z] ✓ 35 unread message(s)
[2026-06-07T10:34:21.766Z] ✓ 35 unread message(s)
[2026-06-07T10:34:23.768Z] ✓ 35 unread message(s)
[2026-06-07T10:34:25.769Z] ✓ 35 unread message(s)
[2026-06-07T10:34:27.771Z] ✓ 35 unread message(s)
[2026-06-07T10:34:29.773Z] ✓ 35 unread message(s)
[2026-06-07T10:34:31.775Z] ✓ 35 unread message(s)
[2026-06-07T10:34:33.777Z] ✓ 35 unread message(s)
[2026-06-07T10:34:35.779Z] ✓ 35 unread message(s)
[2026-06-07T10:34:37.781Z] ✓ 35 unread message(s)
[2026-06-07T10:34:39.783Z] ✓ 35 unread message(s)
[2026-06-07T10:34:41.785Z] ✓ 35 unread message(s)
[2026-06-07T10:34:43.787Z] ✓ 35 unread message(s)
[2026-06-07T10:34:45.789Z] ✓ 35 unread message(s)
[2026-06-07T10:34:47.790Z] ✓ 35 unread message(s)
[2026-06-07T10:34:49.792Z] ✓ 35 unread message(s)
[2026-06-07T10:34:51.794Z] ✓ 35 unread message(s)
[2026-06-07T10:34:53.796Z] ✓ 35 unread message(s)
[2026-06-07T10:34:55.797Z] ✓ 35 unread message(s)
[2026-06-07T10:34:57.797Z] ✓ 35 unread message(s)
[2026-06-07T10:34:59.799Z] ✓ 35 unread message(s)
[2026-06-07T10:35:01.801Z] ✓ 35 unread message(s)
[2026-06-07T10:35:03.803Z] ✓ 35 unread message(s)
[2026-06-07T10:35:05.805Z] ✓ 35 unread message(s)
[2026-06-07T10:35:07.805Z] ✓ 35 unread message(s)
[2026-06-07T10:35:09.807Z] ✓ 35 unread message(s)
[2026-06-07T10:35:11.808Z] ✓ 35 unread message(s)
[2026-06-07T10:35:13.810Z] ✓ 35 unread message(s)
[2026-06-07T10:35:15.812Z] ✓ 35 unread message(s)
[2026-06-07T10:35:17.814Z] ✓ 35 unread message(s)
[2026-06-07T10:35:19.816Z] ✓ 35 unread message(s)
[2026-06-07T10:35:21.817Z] ✓ 35 unread message(s)
[2026-06-07T10:35:23.819Z] ✓ 35 unread message(s)
[2026-06-07T10:35:25.820Z] ✓ 35 unread message(s)
[2026-06-07T10:35:27.822Z] ✓ 35 unread message(s)
[2026-06-07T10:35:29.824Z] ✓ 35 unread message(s)
[2026-06-07T10:35:31.824Z] ✓ 35 unread message(s)
[2026-06-07T10:35:33.827Z] ✓ 35 unread message(s)
[2026-06-07T10:35:35.829Z] ✓ 35 unread message(s)
[2026-06-07T10:35:37.829Z] ✓ 35 unread message(s)
[2026-06-07T10:35:39.831Z] ✓ 35 unread message(s)
[2026-06-07T10:35:41.833Z] ✓ 35 unread message(s)
[2026-06-07T10:35:43.835Z] ✓ 35 unread message(s)
[2026-06-07T10:35:45.835Z] ✓ 35 unread message(s)
[2026-06-07T10:35:47.837Z] ✓ 35 unread message(s)
[2026-06-07T10:35:49.839Z] ✓ 35 unread message(s)
[2026-06-07T10:35:51.840Z] ✓ 35 unread message(s)
[2026-06-07T10:35:53.843Z] ✓ 35 unread message(s)
[2026-06-07T10:35:55.845Z] ✓ 35 unread message(s)
[2026-06-07T10:35:57.847Z] ✓ 35 unread message(s)
[2026-06-07T10:35:59.847Z] ✓ 35 unread message(s)
[2026-06-07T10:36:01.849Z] ✓ 35 unread message(s)
[2026-06-07T10:36:03.850Z] ✓ 35 unread message(s)
[2026-06-07T10:36:05.852Z] ✓ 35 unread message(s)
[2026-06-07T10:36:07.854Z] ✓ 35 unread message(s)
[2026-06-07T10:36:09.855Z] ✓ 35 unread message(s)
[2026-06-07T10:36:11.857Z] ✓ 35 unread message(s)
[2026-06-07T10:36:13.859Z] ✓ 35 unread message(s)
[2026-06-07T10:36:15.860Z] ✓ 35 unread message(s)
[2026-06-07T10:36:17.861Z] ✓ 35 unread message(s)
[2026-06-07T10:36:19.863Z] ✓ 35 unread message(s)
[2026-06-07T10:36:21.865Z] ✓ 35 unread message(s)
[2026-06-07T10:36:23.867Z] ✓ 35 unread message(s)
[2026-06-07T10:36:25.868Z] ✓ 35 unread message(s)
[2026-06-07T10:36:27.869Z] ✓ 35 unread message(s)
[2026-06-07T10:36:29.871Z] ✓ 35 unread message(s)
[2026-06-07T10:36:31.872Z] ✓ 35 unread message(s)
[2026-06-07T10:36:33.874Z] ✓ 35 unread message(s)
[2026-06-07T10:36:35.876Z] ✓ 35 unread message(s)
[2026-06-07T10:36:37.878Z] ✓ 35 unread message(s)
[2026-06-07T10:36:39.880Z] ✓ 35 unread message(s)
[2026-06-07T10:36:41.882Z] ✓ 35 unread message(s)
[2026-06-07T10:36:43.882Z] ✓ 35 unread message(s)
[2026-06-07T10:36:45.883Z] ✓ 35 unread message(s)
[2026-06-07T10:36:47.886Z] ✓ 35 unread message(s)
[2026-06-07T10:36:49.887Z] ✓ 35 unread message(s)
[2026-06-07T10:37:04.310Z] Starting listener on localhost:9099
[2026-06-07T10:37:04.310Z] Gemini terminal detected: /dev/pts/0
[2026-06-07T10:37:04.337Z] ✓ Ready — polling every 2000ms
[2026-06-07T10:37:04.340Z] ✓ 35 unread message(s)
[2026-06-07T10:37:06.345Z] ✓ 35 unread message(s)
[2026-06-07T10:37:08.347Z] ✓ 35 unread message(s)
[2026-06-07T10:37:10.349Z] ✓ 36 unread message(s)
[2026-06-07T10:37:10.350Z] ✓ Mirrored message to Gemini TTY (/dev/pts/0)
[2026-06-07T10:37:12.351Z] ✓ 36 unread message(s)
[2026-06-07T10:37:14.353Z] ✓ 36 unread message(s)
[2026-06-07T10:37:16.356Z] ✓ 36 unread message(s)
[2026-06-07T10:37:18.358Z] ✓ 36 unread message(s)
[2026-06-07T10:37:20.361Z] ✓ 36 unread message(s)
[2026-06-07T10:37:22.362Z] ✓ 36 unread message(s)
[2026-06-07T10:37:24.364Z] ✓ 36 unread message(s)
[2026-06-07T10:37:26.366Z] ✓ 36 unread message(s)
[2026-06-07T10:37:28.368Z] ✓ 36 unread message(s)
[2026-06-07T10:37:30.370Z] ✓ 36 unread message(s)
[2026-06-07T10:37:32.372Z] ✓ 36 unread message(s)
[2026-06-07T10:37:34.374Z] ✓ 36 unread message(s)
[2026-06-07T10:37:36.375Z] ✓ 36 unread message(s)
[2026-06-07T10:37:38.377Z] ✓ 36 unread message(s)
[2026-06-07T10:37:40.378Z] ✓ 36 unread message(s)
[2026-06-07T10:37:42.381Z] ✓ 36 unread message(s)
[2026-06-07T10:37:44.383Z] ✓ 36 unread message(s)
[2026-06-07T10:37:46.386Z] ✓ 36 unread message(s)
[2026-06-07T10:37:48.387Z] ✓ 36 unread message(s)
[2026-06-07T10:37:50.389Z] ✓ 36 unread message(s)
[2026-06-07T10:37:52.391Z] ✓ 36 unread message(s)
[2026-06-07T10:37:54.393Z] ✓ 36 unread message(s)
[2026-06-07T10:37:56.395Z] ✓ 36 unread message(s)
[2026-06-07T10:37:58.397Z] ✓ 36 unread message(s)
[2026-06-07T10:38:00.398Z] ✓ 36 unread message(s)
[2026-06-07T10:38:02.400Z] ✓ 36 unread message(s)
[2026-06-07T10:38:04.402Z] ✓ 36 unread message(s)
[2026-06-07T10:38:06.403Z] ✓ 36 unread message(s)
[2026-06-07T10:38:08.406Z] ✓ 36 unread message(s)
[2026-06-07T10:38:10.408Z] ✓ 36 unread message(s)
[2026-06-07T10:38:12.410Z] ✓ 36 unread message(s)
[2026-06-07T10:38:14.412Z] ✓ 36 unread message(s)
