nohup: ignoring input
[TICKER 2026-06-03T05:36:01.121Z] Starting (PID 57258) — ticking every 60s
[TICKER 2026-06-03T05:36:01.121Z] Starting (PID 57258) — ticking every 60s
[TICKER 2026-06-03T05:36:01.174Z] Heartbeat OK (200)
[TICKER 2026-06-03T05:36:01.174Z] Heartbeat OK (200)
[TICKER 2026-06-03T05:36:37.563Z] Starting (PID 58295) — ticking every 60s
[TICKER 2026-06-03T05:36:37.563Z] Starting (PID 58295) — ticking every 60s
[TICKER 2026-06-03T05:36:37.621Z] Heartbeat OK (200)
[TICKER 2026-06-03T05:36:37.621Z] Heartbeat OK (200)
[TICKER 2026-06-03T05:37:37.613Z] Heartbeat OK (200)
[TICKER 2026-06-03T05:37:37.613Z] Heartbeat OK (200)
[TICKER 2026-06-03T05:38:37.622Z] Heartbeat OK (200)
[TICKER 2026-06-03T05:38:37.622Z] Heartbeat OK (200)
[TICKER 2026-06-03T05:39:16.301Z] SIGTERM received — shutting down
[TICKER 2026-06-03T05:39:16.301Z] SIGTERM received — shutting down
[TICKER 2026-06-03T05:41:02.635Z] Starting (PID 70044) — ticking every 60s
[TICKER 2026-06-03T05:41:02.685Z] Heartbeat OK (200)
[TICKER 2026-06-03T05:42:02.682Z] Heartbeat OK (200)
[TICKER 2026-06-03T05:43:02.683Z] Heartbeat OK (200)
[TICKER 2026-06-03T05:44:02.685Z] Heartbeat OK (200)
[TICKER 2026-06-03T05:45:02.691Z] Heartbeat OK (200)
[TICKER 2026-06-03T05:46:02.690Z] Heartbeat OK (200)
[TICKER 2026-06-03T05:47:02.692Z] Heartbeat OK (200)
[TICKER 2026-06-03T05:48:02.698Z] Heartbeat OK (200)
[TICKER 2026-06-03T05:49:02.700Z] Heartbeat OK (200)
[TICKER 2026-06-03T05:50:02.705Z] Heartbeat OK (200)
[TICKER 2026-06-03T05:51:02.705Z] Heartbeat OK (200)
[TICKER 2026-06-03T05:52:02.710Z] Heartbeat OK (200)
[TICKER 2026-06-03T05:53:02.715Z] Heartbeat OK (200)
[TICKER 2026-06-03T05:54:02.716Z] Heartbeat OK (200)
[TICKER 2026-06-03T05:55:02.726Z] Heartbeat OK (200)
[TICKER 2026-06-03T05:56:02.723Z] Heartbeat OK (200)
[TICKER 2026-06-03T05:57:02.726Z] Heartbeat OK (200)
[TICKER 2026-06-03T05:58:02.737Z] Heartbeat OK (200)
[TICKER 2026-06-03T05:59:02.734Z] Heartbeat OK (200)
[TICKER 2026-06-03T06:00:02.739Z] Heartbeat OK (200)
[TICKER 2026-06-03T06:01:02.740Z] Heartbeat OK (200)
[TICKER 2026-06-03T06:02:02.742Z] Heartbeat OK (200)
[TICKER 2026-06-03T06:03:02.752Z] Heartbeat OK (200)
[TICKER 2026-06-03T06:04:02.752Z] Heartbeat OK (200)
[TICKER 2026-06-03T06:05:02.754Z] Heartbeat OK (200)
[TICKER 2026-06-03T06:06:02.753Z] Heartbeat OK (200)
[TICKER 2026-06-03T06:07:02.757Z] Heartbeat OK (200)
[TICKER 2026-06-03T06:08:02.764Z] Heartbeat OK (200)
[TICKER 2026-06-03T06:09:02.768Z] Heartbeat OK (200)
[TICKER 2026-06-03T06:10:02.770Z] Heartbeat OK (200)
[TICKER 2026-06-03T06:11:02.771Z] Heartbeat OK (200)
[TICKER 2026-06-03T06:12:02.776Z] Heartbeat OK (200)
[TICKER 2026-06-03T06:13:02.783Z] Heartbeat OK (200)
[TICKER 2026-06-03T06:14:02.783Z] Heartbeat OK (200)
[TICKER 2026-06-03T06:15:02.791Z] Heartbeat OK (200)
[TICKER 2026-06-03T06:16:02.791Z] Heartbeat OK (200)
[TICKER 2026-06-03T06:17:02.791Z] Heartbeat OK (200)
[TICKER 2026-06-03T06:18:02.797Z] Heartbeat OK (200)
[TICKER 2026-06-03T06:19:02.800Z] Heartbeat OK (200)
[TICKER 2026-06-03T06:20:02.805Z] Heartbeat OK (200)
[TICKER 2026-06-03T06:21:02.806Z] Heartbeat OK (200)
[TICKER 2026-06-03T06:22:02.810Z] Heartbeat OK (200)
[TICKER 2026-06-03T06:23:02.817Z] Heartbeat OK (200)
[TICKER 2026-06-03T06:24:02.822Z] Heartbeat OK (200)
[TICKER 2026-06-03T06:25:02.828Z] Heartbeat OK (200)
[TICKER 2026-06-03T06:26:02.828Z] Heartbeat OK (200)
[TICKER 2026-06-03T06:27:02.833Z] Heartbeat OK (200)
[TICKER 2026-06-03T06:28:02.836Z] Heartbeat OK (200)
[TICKER 2026-06-03T06:29:02.838Z] Heartbeat OK (200)
[TICKER 2026-06-03T06:30:02.844Z] Heartbeat OK (200)
[TICKER 2026-06-03T06:31:02.845Z] Heartbeat OK (200)
[TICKER 2026-06-03T06:32:02.848Z] Heartbeat OK (200)
[TICKER 2026-06-03T06:33:02.855Z] Heartbeat OK (200)
[TICKER 2026-06-03T06:34:02.859Z] Heartbeat OK (200)
[TICKER 2026-06-03T06:35:02.864Z] Heartbeat OK (200)
[TICKER 2026-06-03T06:36:02.865Z] Heartbeat OK (200)
[TICKER 2026-06-03T06:37:02.868Z] Heartbeat OK (200)
[TICKER 2026-06-03T06:38:02.876Z] Heartbeat OK (200)
[TICKER 2026-06-03T06:39:02.879Z] Heartbeat OK (200)
[TICKER 2026-06-03T06:40:02.885Z] Heartbeat OK (200)
[TICKER 2026-06-03T06:41:02.886Z] Heartbeat OK (200)
[TICKER 2026-06-03T06:42:02.890Z] Heartbeat OK (200)
[TICKER 2026-06-03T06:43:02.898Z] Heartbeat OK (200)
[TICKER 2026-06-03T06:44:02.903Z] Heartbeat OK (200)
[TICKER 2026-06-03T06:45:02.913Z] Heartbeat OK (200)
[TICKER 2026-06-03T06:46:02.909Z] Heartbeat OK (200)
[TICKER 2026-06-03T06:47:02.912Z] Heartbeat OK (200)
[TICKER 2026-06-03T06:48:02.920Z] Heartbeat OK (200)
[TICKER 2026-06-03T06:49:02.923Z] Heartbeat OK (200)
[TICKER 2026-06-03T06:50:02.930Z] Heartbeat OK (200)
[TICKER 2026-06-03T06:51:02.932Z] Heartbeat OK (200)
[TICKER 2026-06-03T06:52:02.935Z] Heartbeat OK (200)
[TICKER 2026-06-03T06:53:02.940Z] Heartbeat OK (200)
[TICKER 2026-06-03T06:54:02.945Z] Heartbeat OK (200)
[TICKER 2026-06-03T06:55:02.951Z] Heartbeat OK (200)
[TICKER 2026-06-03T06:56:02.952Z] Heartbeat OK (200)
[TICKER 2026-06-03T06:57:02.956Z] Heartbeat OK (200)
[TICKER 2026-06-03T06:58:02.958Z] Heartbeat OK (200)
[TICKER 2026-06-03T06:59:02.961Z] Heartbeat OK (200)
[TICKER 2026-06-03T07:00:02.967Z] Heartbeat OK (200)
[TICKER 2026-06-03T07:01:02.969Z] Heartbeat OK (200)
[TICKER 2026-06-03T07:02:02.978Z] Heartbeat OK (200)
[TICKER 2026-06-03T07:03:02.980Z] Heartbeat OK (200)
[TICKER 2026-06-03T07:04:02.984Z] Heartbeat OK (200)
[TICKER 2026-06-03T07:05:02.990Z] Heartbeat OK (200)
[TICKER 2026-06-03T07:06:02.994Z] Heartbeat OK (200)
[TICKER 2026-06-03T07:07:02.997Z] Heartbeat OK (200)
[TICKER 2026-06-03T07:08:03.002Z] Heartbeat OK (200)
[TICKER 2026-06-03T07:09:03.007Z] Heartbeat OK (200)
[TICKER 2026-06-03T07:10:03.015Z] Heartbeat OK (200)
[TICKER 2026-06-03T07:11:03.015Z] Heartbeat OK (200)
[TICKER 2026-06-03T07:12:03.020Z] Heartbeat OK (200)
[TICKER 2026-06-03T07:13:03.020Z] Heartbeat OK (200)
[TICKER 2026-06-03T07:14:03.024Z] Heartbeat OK (200)
[TICKER 2026-06-03T07:15:03.032Z] Heartbeat OK (200)
[TICKER 2026-06-03T07:16:03.034Z] Heartbeat OK (200)
[TICKER 2026-06-03T07:17:03.035Z] Heartbeat OK (200)
[TICKER 2026-06-03T07:18:03.037Z] Heartbeat OK (200)
[TICKER 2026-06-03T07:19:03.042Z] Heartbeat OK (200)
[TICKER 2026-06-03T07:20:03.049Z] Heartbeat OK (200)
[TICKER 2026-06-03T07:21:03.049Z] Heartbeat OK (200)
[TICKER 2026-06-03T07:22:03.055Z] Heartbeat OK (200)
[TICKER 2026-06-03T07:23:03.055Z] Heartbeat OK (200)
[TICKER 2026-06-03T07:24:03.058Z] Heartbeat OK (200)
[TICKER 2026-06-03T07:25:03.059Z] Heartbeat OK (200)
[TICKER 2026-06-03T07:26:03.065Z] Heartbeat OK (200)
[TICKER 2026-06-03T07:27:03.068Z] Heartbeat OK (200)
[TICKER 2026-06-03T07:28:03.066Z] Heartbeat OK (200)
[TICKER 2026-06-03T07:29:03.070Z] Heartbeat OK (200)
[TICKER 2026-06-03T07:30:03.076Z] Heartbeat OK (200)
[TICKER 2026-06-03T07:31:03.078Z] Heartbeat OK (200)
[TICKER 2026-06-03T07:32:03.083Z] Heartbeat OK (200)
[TICKER 2026-06-03T07:33:03.084Z] Heartbeat OK (200)
[TICKER 2026-06-03T07:34:03.086Z] Heartbeat OK (200)
[TICKER 2026-06-03T07:35:03.093Z] Heartbeat OK (200)
[TICKER 2026-06-03T07:36:03.096Z] Heartbeat OK (200)
[TICKER 2026-06-03T07:37:03.099Z] Heartbeat OK (200)
[TICKER 2026-06-03T07:38:03.098Z] Heartbeat OK (200)
[TICKER 2026-06-03T07:39:03.102Z] Heartbeat OK (200)
[TICKER 2026-06-03T07:40:03.109Z] Heartbeat OK (200)
[TICKER 2026-06-03T07:41:03.112Z] Heartbeat OK (200)
[TICKER 2026-06-03T07:42:03.117Z] Heartbeat OK (200)
[TICKER 2026-06-03T07:43:03.123Z] Heartbeat OK (200)
[TICKER 2026-06-03T07:44:03.126Z] Heartbeat OK (200)
[TICKER 2026-06-03T07:45:03.129Z] Heartbeat OK (200)
[TICKER 2026-06-03T07:46:03.132Z] Heartbeat OK (200)
[TICKER 2026-06-03T07:47:03.139Z] Heartbeat OK (200)
[TICKER 2026-06-03T07:48:03.138Z] Heartbeat OK (200)
[TICKER 2026-06-03T07:49:03.141Z] Heartbeat OK (200)
[TICKER 2026-06-03T07:50:03.149Z] Heartbeat OK (200)
[TICKER 2026-06-03T07:51:03.149Z] Heartbeat OK (200)
[TICKER 2026-06-03T07:52:03.154Z] Heartbeat OK (200)
[TICKER 2026-06-03T07:53:03.156Z] Heartbeat OK (200)
[TICKER 2026-06-03T07:54:03.158Z] Heartbeat OK (200)
[TICKER 2026-06-03T07:55:03.166Z] Heartbeat OK (200)
[TICKER 2026-06-03T07:56:03.167Z] Heartbeat OK (200)
[TICKER 2026-06-03T07:57:03.174Z] Heartbeat OK (200)
[TICKER 2026-06-03T07:58:03.175Z] Heartbeat OK (200)
[TICKER 2026-06-03T07:59:03.179Z] Heartbeat OK (200)
[TICKER 2026-06-03T08:00:03.185Z] Heartbeat OK (200)
[TICKER 2026-06-03T08:01:03.188Z] Heartbeat OK (200)
[TICKER 2026-06-03T08:02:03.193Z] Heartbeat OK (200)
[TICKER 2026-06-03T08:03:03.195Z] Heartbeat OK (200)
[TICKER 2026-06-03T08:04:03.200Z] Heartbeat OK (200)
[TICKER 2026-06-03T08:05:03.208Z] Heartbeat OK (200)
[TICKER 2026-06-03T08:06:03.209Z] Heartbeat OK (200)
[TICKER 2026-06-03T08:07:03.215Z] Heartbeat OK (200)
[TICKER 2026-06-03T08:08:03.218Z] Heartbeat OK (200)
[TICKER 2026-06-03T08:09:03.218Z] Heartbeat OK (200)
[TICKER 2026-06-03T08:10:03.224Z] Heartbeat OK (200)
[TICKER 2026-06-03T08:11:03.228Z] Heartbeat OK (200)
[TICKER 2026-06-03T08:12:03.235Z] Heartbeat OK (200)
[TICKER 2026-06-03T08:13:03.236Z] Heartbeat OK (200)
[TICKER 2026-06-03T08:14:03.240Z] Heartbeat OK (200)
[TICKER 2026-06-03T08:15:03.245Z] Heartbeat OK (200)
[TICKER 2026-06-03T08:16:03.248Z] Heartbeat OK (200)
[TICKER 2026-06-03T08:17:03.254Z] Heartbeat OK (200)
[TICKER 2026-06-03T08:18:03.255Z] Heartbeat OK (200)
[TICKER 2026-06-03T08:19:03.259Z] Heartbeat OK (200)
[TICKER 2026-06-03T08:20:03.267Z] Heartbeat OK (200)
[TICKER 2026-06-03T08:21:03.268Z] Heartbeat OK (200)
[TICKER 2026-06-03T08:22:03.276Z] Heartbeat OK (200)
[TICKER 2026-06-03T08:23:03.277Z] Heartbeat OK (200)
[TICKER 2026-06-03T08:24:03.282Z] Heartbeat OK (200)
[TICKER 2026-06-03T08:25:03.288Z] Heartbeat OK (200)
[TICKER 2026-06-03T08:26:03.293Z] Heartbeat OK (200)
[TICKER 2026-06-03T08:27:03.295Z] Heartbeat OK (200)
[TICKER 2026-06-03T08:28:03.297Z] Heartbeat OK (200)
[TICKER 2026-06-03T08:29:03.302Z] Heartbeat OK (200)
[TICKER 2026-06-03T08:30:03.306Z] Heartbeat OK (200)
[TICKER 2026-06-03T08:31:03.309Z] Heartbeat OK (200)
[TICKER 2026-06-03T08:32:03.317Z] Heartbeat OK (200)
[TICKER 2026-06-03T08:33:03.319Z] Heartbeat OK (200)
[TICKER 2026-06-03T08:34:03.322Z] Heartbeat OK (200)
[TICKER 2026-06-03T08:35:03.331Z] Heartbeat OK (200)
[TICKER 2026-06-03T08:36:18.327Z] Heartbeat timed out (15s) — Next.js busy or not ready
[TICKER 2026-06-03T08:37:18.332Z] Heartbeat timed out (15s) — Next.js busy or not ready
[TICKER 2026-06-03T08:38:18.334Z] Heartbeat timed out (15s) — Next.js busy or not ready
[TICKER 2026-06-03T08:39:18.339Z] Heartbeat timed out (15s) — Next.js busy or not ready
[TICKER 2026-06-03T08:40:18.339Z] Heartbeat timed out (15s) — Next.js busy or not ready
[TICKER 2026-06-03T08:41:18.342Z] Heartbeat timed out (15s) — Next.js busy or not ready
[TICKER 2026-06-03T08:42:18.349Z] Heartbeat timed out (15s) — Next.js busy or not ready
[TICKER 2026-06-03T08:43:18.350Z] Heartbeat timed out (15s) — Next.js busy or not ready
[TICKER 2026-06-03T08:44:18.351Z] Heartbeat timed out (15s) — Next.js busy or not ready
[TICKER 2026-06-03T08:45:18.351Z] Heartbeat timed out (15s) — Next.js busy or not ready
[TICKER 2026-06-03T08:46:18.354Z] Heartbeat timed out (15s) — Next.js busy or not ready
[TICKER 2026-06-03T08:47:18.359Z] Heartbeat timed out (15s) — Next.js busy or not ready
[TICKER 2026-06-03T08:48:18.362Z] Heartbeat timed out (15s) — Next.js busy or not ready
[TICKER 2026-06-03T08:49:18.367Z] Heartbeat timed out (15s) — Next.js busy or not ready
[TICKER 2026-06-03T08:50:18.366Z] Heartbeat timed out (15s) — Next.js busy or not ready
[TICKER 2026-06-03T08:51:18.371Z] Heartbeat timed out (15s) — Next.js busy or not ready
[TICKER 2026-06-03T08:52:18.378Z] Heartbeat timed out (15s) — Next.js busy or not ready
[TICKER 2026-06-03T08:53:18.379Z] Heartbeat timed out (15s) — Next.js busy or not ready
[TICKER 2026-06-03T08:54:18.385Z] Heartbeat timed out (15s) — Next.js busy or not ready
[TICKER 2026-06-03T08:55:18.384Z] Heartbeat timed out (15s) — Next.js busy or not ready
[TICKER 2026-06-03T08:56:13.881Z] Heartbeat unreachable: fetch failed
[TICKER 2026-06-03T08:57:13.887Z] Heartbeat unreachable: fetch failed
[TICKER 2026-06-03T08:58:13.888Z] Heartbeat unreachable: fetch failed
[TICKER 2026-06-03T08:59:13.892Z] Heartbeat unreachable: fetch failed
[TICKER 2026-06-03T09:00:13.912Z] Heartbeat unreachable: fetch failed
[TICKER 2026-06-03T09:01:13.949Z] Heartbeat unreachable: fetch failed
[TICKER 2026-06-03T09:02:13.993Z] Heartbeat unreachable: fetch failed
[TICKER 2026-06-03T09:03:13.997Z] Heartbeat unreachable: fetch failed
[TICKER 2026-06-03T09:04:14.033Z] Heartbeat unreachable: fetch failed
[TICKER 2026-06-03T09:05:14.046Z] Heartbeat unreachable: fetch failed
[TICKER 2026-06-03T09:06:14.061Z] Heartbeat unreachable: fetch failed
[TICKER 2026-06-03T09:07:14.090Z] Heartbeat unreachable: fetch failed
[TICKER 2026-06-03T09:08:14.095Z] Heartbeat unreachable: fetch failed
[TICKER 2026-06-03T09:09:14.140Z] Heartbeat unreachable: fetch failed
[TICKER 2026-06-03T09:10:14.158Z] Heartbeat unreachable: fetch failed
[TICKER 2026-06-03T09:11:14.191Z] Heartbeat unreachable: fetch failed
[TICKER 2026-06-03T09:12:14.222Z] Heartbeat unreachable: fetch failed
[TICKER 2026-06-03T09:13:14.267Z] Heartbeat unreachable: fetch failed
[TICKER 2026-06-03T09:14:14.289Z] Heartbeat unreachable: fetch failed
[TICKER 2026-06-03T09:15:14.322Z] Heartbeat unreachable: fetch failed
[TICKER 2026-06-03T09:16:14.350Z] Heartbeat unreachable: fetch failed
[TICKER 2026-06-03T09:17:14.394Z] Heartbeat unreachable: fetch failed
[TICKER 2026-06-03T09:18:14.429Z] Heartbeat unreachable: fetch failed
[TICKER 2026-06-03T09:19:14.451Z] Heartbeat unreachable: fetch failed
[TICKER 2026-06-03T09:20:14.479Z] Heartbeat unreachable: fetch failed
[TICKER 2026-06-03T09:21:14.510Z] Heartbeat unreachable: fetch failed
[TICKER 2026-06-03T09:22:14.552Z] Heartbeat unreachable: fetch failed
[TICKER 2026-06-03T09:23:14.598Z] Heartbeat unreachable: fetch failed
[TICKER 2026-06-03T09:24:14.606Z] Heartbeat unreachable: fetch failed
[TICKER 2026-06-03T09:25:14.650Z] Heartbeat unreachable: fetch failed
[TICKER 2026-06-03T09:26:14.693Z] Heartbeat unreachable: fetch failed
[TICKER 2026-06-03T09:27:14.703Z] Heartbeat unreachable: fetch failed
[TICKER 2026-06-03T09:28:14.740Z] Heartbeat unreachable: fetch failed
[TICKER 2026-06-03T09:29:14.776Z] Heartbeat unreachable: fetch failed
[TICKER 2026-06-03T09:30:14.817Z] Heartbeat unreachable: fetch failed
[TICKER 2026-06-03T09:31:14.840Z] Heartbeat unreachable: fetch failed
[TICKER 2026-06-03T09:32:14.884Z] Heartbeat unreachable: fetch failed
[TICKER 2026-06-03T09:33:14.927Z] Heartbeat unreachable: fetch failed
[TICKER 2026-06-03T09:34:14.956Z] Heartbeat unreachable: fetch failed
[TICKER 2026-06-03T09:35:14.959Z] Heartbeat unreachable: fetch failed
[TICKER 2026-06-03T09:36:14.990Z] Heartbeat unreachable: fetch failed
[TICKER 2026-06-03T09:37:15.023Z] Heartbeat unreachable: fetch failed
[TICKER 2026-06-03T09:38:15.064Z] Heartbeat unreachable: fetch failed
[TICKER 2026-06-03T09:39:15.087Z] Heartbeat unreachable: fetch failed
[TICKER 2026-06-03T09:40:15.118Z] Heartbeat unreachable: fetch failed
[TICKER 2026-06-03T09:41:15.161Z] Heartbeat unreachable: fetch failed
[TICKER 2026-06-03T09:42:15.195Z] Heartbeat unreachable: fetch failed
[TICKER 2026-06-03T09:43:15.222Z] Heartbeat unreachable: fetch failed
[TICKER 2026-06-03T09:44:15.266Z] Heartbeat unreachable: fetch failed
[TICKER 2026-06-03T09:45:15.293Z] Heartbeat unreachable: fetch failed
[TICKER 2026-06-03T09:46:15.338Z] Heartbeat unreachable: fetch failed
[TICKER 2026-06-03T09:47:15.384Z] Heartbeat unreachable: fetch failed
[TICKER 2026-06-03T09:48:15.411Z] Heartbeat unreachable: fetch failed
[TICKER 2026-06-03T09:49:15.456Z] Heartbeat unreachable: fetch failed
[TICKER 2026-06-03T09:50:15.459Z] Heartbeat unreachable: fetch failed
[TICKER 2026-06-03T09:51:15.497Z] Heartbeat unreachable: fetch failed
[TICKER 2026-06-03T09:52:15.539Z] Heartbeat unreachable: fetch failed
[TICKER 2026-06-03T09:53:15.557Z] Heartbeat unreachable: fetch failed
[TICKER 2026-06-03T09:54:15.603Z] Heartbeat unreachable: fetch failed
[TICKER 2026-06-03T09:55:15.613Z] Heartbeat unreachable: fetch failed
[TICKER 2026-06-03T09:56:15.647Z] Heartbeat unreachable: fetch failed
[TICKER 2026-06-03T09:57:15.692Z] Heartbeat unreachable: fetch failed
[TICKER 2026-06-03T09:58:15.737Z] Heartbeat unreachable: fetch failed
[TICKER 2026-06-03T09:59:15.758Z] Heartbeat unreachable: fetch failed
[TICKER 2026-06-03T10:00:15.776Z] Heartbeat unreachable: fetch failed
[TICKER 2026-06-03T10:01:15.800Z] Heartbeat unreachable: fetch failed
[TICKER 2026-06-03T10:02:15.822Z] Heartbeat unreachable: fetch failed
[TICKER 2026-06-03T10:03:15.867Z] Heartbeat unreachable: fetch failed
[TICKER 2026-06-03T10:04:15.901Z] Heartbeat unreachable: fetch failed
[TICKER 2026-06-03T10:05:15.941Z] Heartbeat unreachable: fetch failed
[TICKER 2026-06-03T10:06:15.972Z] Heartbeat unreachable: fetch failed
[TICKER 2026-06-03T10:07:15.989Z] Heartbeat unreachable: fetch failed
[TICKER 2026-06-03T10:08:16.033Z] Heartbeat unreachable: fetch failed
[TICKER 2026-06-03T10:09:16.049Z] Heartbeat unreachable: fetch failed
[TICKER 2026-06-03T10:10:16.078Z] Heartbeat unreachable: fetch failed
[TICKER 2026-06-03T10:11:16.123Z] Heartbeat unreachable: fetch failed
[TICKER 2026-06-03T10:12:16.153Z] Heartbeat unreachable: fetch failed
[TICKER 2026-06-03T10:13:16.173Z] Heartbeat unreachable: fetch failed
[TICKER 2026-06-03T10:14:16.219Z] Heartbeat unreachable: fetch failed
[TICKER 2026-06-03T10:15:16.263Z] Heartbeat unreachable: fetch failed
[TICKER 2026-06-03T10:16:16.306Z] Heartbeat unreachable: fetch failed
[TICKER 2026-06-03T10:17:16.353Z] Heartbeat unreachable: fetch failed
[TICKER 2026-06-03T10:18:16.391Z] Heartbeat unreachable: fetch failed
[TICKER 2026-06-03T10:19:16.436Z] Heartbeat unreachable: fetch failed
[TICKER 2026-06-03T10:20:16.482Z] Heartbeat unreachable: fetch failed
[TICKER 2026-06-03T10:21:16.517Z] Heartbeat unreachable: fetch failed
[TICKER 2026-06-03T10:22:16.527Z] Heartbeat unreachable: fetch failed
[TICKER 2026-06-03T10:23:16.565Z] Heartbeat unreachable: fetch failed
[TICKER 2026-06-03T10:24:16.589Z] Heartbeat unreachable: fetch failed
[TICKER 2026-06-03T10:25:16.631Z] Heartbeat unreachable: fetch failed
[TICKER 2026-06-03T10:26:16.654Z] Heartbeat unreachable: fetch failed
[TICKER 2026-06-03T10:27:16.690Z] Heartbeat unreachable: fetch failed
[TICKER 2026-06-03T10:28:16.718Z] Heartbeat unreachable: fetch failed
[TICKER 2026-06-03T10:29:16.747Z] Heartbeat unreachable: fetch failed
[TICKER 2026-06-03T10:30:16.781Z] Heartbeat unreachable: fetch failed
[TICKER 2026-06-03T10:31:16.807Z] Heartbeat unreachable: fetch failed
[TICKER 2026-06-03T10:32:16.852Z] Heartbeat unreachable: fetch failed
[TICKER 2026-06-03T10:33:16.896Z] Heartbeat unreachable: fetch failed
[TICKER 2026-06-03T10:34:16.911Z] Heartbeat unreachable: fetch failed
[TICKER 2026-06-03T10:35:16.942Z] Heartbeat unreachable: fetch failed
[TICKER 2026-06-03T10:36:16.987Z] Heartbeat unreachable: fetch failed
[TICKER 2026-06-03T10:37:17.018Z] Heartbeat unreachable: fetch failed
[TICKER 2026-06-03T10:38:17.038Z] Heartbeat unreachable: fetch failed
[TICKER 2026-06-03T10:39:17.078Z] Heartbeat unreachable: fetch failed
[TICKER 2026-06-03T10:40:17.114Z] Heartbeat unreachable: fetch failed
[TICKER 2026-06-03T10:41:17.134Z] Heartbeat unreachable: fetch failed
[TICKER 2026-06-03T10:42:17.165Z] Heartbeat unreachable: fetch failed
[TICKER 2026-06-03T10:43:17.208Z] Heartbeat unreachable: fetch failed
[TICKER 2026-06-03T10:44:17.243Z] Heartbeat unreachable: fetch failed
[TICKER 2026-06-03T10:45:17.287Z] Heartbeat unreachable: fetch failed
[TICKER 2026-06-03T10:46:17.294Z] Heartbeat unreachable: fetch failed
[TICKER 2026-06-03T10:47:17.339Z] Heartbeat unreachable: fetch failed
[TICKER 2026-06-03T10:48:17.349Z] Heartbeat unreachable: fetch failed
[TICKER 2026-06-03T10:49:17.390Z] Heartbeat unreachable: fetch failed
[TICKER 2026-06-03T10:50:17.435Z] Heartbeat unreachable: fetch failed
[TICKER 2026-06-03T10:51:17.454Z] Heartbeat unreachable: fetch failed
[TICKER 2026-06-03T10:52:17.497Z] Heartbeat unreachable: fetch failed
[TICKER 2026-06-03T10:53:17.517Z] Heartbeat unreachable: fetch failed
[TICKER 2026-06-03T10:54:17.550Z] Heartbeat unreachable: fetch failed
[TICKER 2026-06-03T10:55:17.595Z] Heartbeat unreachable: fetch failed
[TICKER 2026-06-03T10:56:17.639Z] Heartbeat unreachable: fetch failed
[TICKER 2026-06-03T10:57:17.684Z] Heartbeat unreachable: fetch failed
[TICKER 2026-06-03T10:58:17.721Z] Heartbeat unreachable: fetch failed
[TICKER 2026-06-03T10:59:17.765Z] Heartbeat unreachable: fetch failed
[TICKER 2026-06-03T11:00:17.787Z] Heartbeat unreachable: fetch failed
[TICKER 2026-06-03T11:01:17.793Z] Heartbeat unreachable: fetch failed
[TICKER 2026-06-03T11:02:17.806Z] Heartbeat unreachable: fetch failed
[TICKER 2026-06-03T11:03:17.849Z] Heartbeat unreachable: fetch failed
[TICKER 2026-06-03T11:04:17.870Z] Heartbeat unreachable: fetch failed
[TICKER 2026-06-03T11:05:17.902Z] Heartbeat unreachable: fetch failed
[TICKER 2026-06-03T11:06:17.947Z] Heartbeat unreachable: fetch failed
[TICKER 2026-06-03T11:07:17.966Z] Heartbeat unreachable: fetch failed
[TICKER 2026-06-03T11:08:18.010Z] Heartbeat unreachable: fetch failed
[TICKER 2026-06-03T11:09:18.049Z] Heartbeat unreachable: fetch failed
[TICKER 2026-06-03T11:10:18.083Z] Heartbeat unreachable: fetch failed
[TICKER 2026-06-03T11:11:18.094Z] Heartbeat unreachable: fetch failed
[TICKER 2026-06-03T11:12:18.127Z] Heartbeat unreachable: fetch failed
[TICKER 2026-06-03T11:13:18.158Z] Heartbeat unreachable: fetch failed
[TICKER 2026-06-03T11:14:18.194Z] Heartbeat unreachable: fetch failed
[TICKER 2026-06-03T11:15:18.236Z] Heartbeat unreachable: fetch failed
[TICKER 2026-06-03T11:16:18.276Z] Heartbeat unreachable: fetch failed
[TICKER 2026-06-03T11:17:18.287Z] Heartbeat unreachable: fetch failed
[TICKER 2026-06-03T11:18:18.319Z] Heartbeat unreachable: fetch failed
[TICKER 2026-06-03T11:19:18.350Z] Heartbeat unreachable: fetch failed
[TICKER 2026-06-03T11:20:18.390Z] Heartbeat unreachable: fetch failed
[TICKER 2026-06-03T11:21:18.414Z] Heartbeat unreachable: fetch failed
[TICKER 2026-06-03T11:22:18.447Z] Heartbeat unreachable: fetch failed
[TICKER 2026-06-03T11:23:18.491Z] Heartbeat unreachable: fetch failed
[TICKER 2026-06-03T11:24:18.536Z] Heartbeat unreachable: fetch failed
[TICKER 2026-06-03T11:25:18.561Z] Heartbeat unreachable: fetch failed
[TICKER 2026-06-03T11:26:18.575Z] Heartbeat unreachable: fetch failed
[TICKER 2026-06-03T11:27:18.605Z] Heartbeat unreachable: fetch failed
[TICKER 2026-06-03T11:28:18.647Z] Heartbeat unreachable: fetch failed
[TICKER 2026-06-03T11:29:18.687Z] Heartbeat unreachable: fetch failed
[TICKER 2026-06-03T11:30:08.232Z] Heartbeat OK (200)
[TICKER 2026-06-03T11:31:08.252Z] Heartbeat OK (200)
[TICKER 2026-06-03T11:32:08.276Z] Heartbeat OK (200)
[TICKER 2026-06-03T11:33:08.305Z] Heartbeat OK (200)
[TICKER 2026-06-03T11:34:08.340Z] Heartbeat OK (200)
[TICKER 2026-06-03T11:35:08.371Z] Heartbeat OK (200)
[TICKER 2026-06-03T11:36:08.387Z] Heartbeat OK (200)
[TICKER 2026-06-03T11:37:08.421Z] Heartbeat OK (200)
[TICKER 2026-06-03T11:38:08.441Z] Heartbeat OK (200)
[TICKER 2026-06-03T11:39:08.469Z] Heartbeat OK (200)
[TICKER 2026-06-03T11:40:08.502Z] Heartbeat OK (200)
[TICKER 2026-06-03T11:41:08.535Z] Heartbeat OK (200)
[TICKER 2026-06-03T11:42:08.565Z] Heartbeat OK (200)
[TICKER 2026-06-03T11:43:08.567Z] Heartbeat OK (200)
[TICKER 2026-06-03T11:44:08.597Z] Heartbeat OK (200)
[TICKER 2026-06-03T11:45:08.629Z] Heartbeat OK (200)
[TICKER 2026-06-03T11:46:08.663Z] Heartbeat OK (200)
[TICKER 2026-06-03T11:47:08.693Z] Heartbeat OK (200)
[TICKER 2026-06-03T11:48:08.721Z] Heartbeat OK (200)
[TICKER 2026-06-03T11:49:08.755Z] Heartbeat OK (200)
[TICKER 2026-06-03T11:50:08.771Z] Heartbeat OK (200)
[TICKER 2026-06-03T11:51:08.779Z] Heartbeat OK (200)
[TICKER 2026-06-03T11:52:08.801Z] Heartbeat OK (200)
[TICKER 2026-06-03T11:53:08.829Z] Heartbeat OK (200)
[TICKER 2026-06-03T11:54:08.846Z] Heartbeat OK (200)
[TICKER 2026-06-03T11:55:08.874Z] Heartbeat OK (200)
[TICKER 2026-06-03T11:56:08.906Z] Heartbeat OK (200)
[TICKER 2026-06-03T11:57:08.915Z] Heartbeat OK (200)
[TICKER 2026-06-03T11:58:08.946Z] Heartbeat OK (200)
[TICKER 2026-06-03T11:59:08.961Z] Heartbeat OK (200)
[TICKER 2026-06-03T12:00:08.978Z] Heartbeat OK (200)
[TICKER 2026-06-03T12:01:09.010Z] Heartbeat OK (200)
[TICKER 2026-06-03T12:02:09.027Z] Heartbeat OK (200)
[TICKER 2026-06-03T12:03:09.054Z] Heartbeat OK (200)
[TICKER 2026-06-03T12:04:09.079Z] Heartbeat OK (200)
[TICKER 2026-06-03T12:05:09.100Z] Heartbeat OK (200)
[TICKER 2026-06-03T12:06:09.126Z] Heartbeat OK (200)
[TICKER 2026-06-03T12:07:09.143Z] Heartbeat OK (200)
[TICKER 2026-06-03T12:08:09.151Z] Heartbeat OK (200)
[TICKER 2026-06-03T12:09:09.183Z] Heartbeat OK (200)
[TICKER 2026-06-03T12:10:09.214Z] Heartbeat OK (200)
[TICKER 2026-06-03T12:11:24.239Z] Heartbeat timed out (15s) — Next.js busy or not ready
[TICKER 2026-06-03T12:12:24.269Z] Heartbeat timed out (15s) — Next.js busy or not ready
[TICKER 2026-06-03T12:13:24.300Z] Heartbeat timed out (15s) — Next.js busy or not ready
[TICKER 2026-06-03T12:14:24.345Z] Heartbeat timed out (15s) — Next.js busy or not ready
[TICKER 2026-06-03T12:15:24.371Z] Heartbeat timed out (15s) — Next.js busy or not ready
[TICKER 2026-06-03T12:16:24.381Z] Heartbeat timed out (15s) — Next.js busy or not ready
[TICKER 2026-06-03T12:17:24.419Z] Heartbeat timed out (15s) — Next.js busy or not ready
[TICKER 2026-06-03T12:18:24.464Z] Heartbeat timed out (15s) — Next.js busy or not ready
[TICKER 2026-06-03T12:19:24.497Z] Heartbeat timed out (15s) — Next.js busy or not ready
[TICKER 2026-06-03T12:20:24.531Z] Heartbeat timed out (15s) — Next.js busy or not ready
[TICKER 2026-06-03T12:21:24.565Z] Heartbeat timed out (15s) — Next.js busy or not ready
[TICKER 2026-06-03T12:22:24.606Z] Heartbeat timed out (15s) — Next.js busy or not ready
[TICKER 2026-06-03T12:23:24.650Z] Heartbeat timed out (15s) — Next.js busy or not ready
[TICKER 2026-06-03T12:24:24.666Z] Heartbeat timed out (15s) — Next.js busy or not ready
[TICKER 2026-06-03T12:25:24.711Z] Heartbeat timed out (15s) — Next.js busy or not ready
[TICKER 2026-06-03T12:26:24.756Z] Heartbeat timed out (15s) — Next.js busy or not ready
[TICKER 2026-06-03T12:27:24.773Z] Heartbeat timed out (15s) — Next.js busy or not ready
[TICKER 2026-06-03T12:28:24.811Z] Heartbeat timed out (15s) — Next.js busy or not ready
[TICKER 2026-06-03T12:29:24.853Z] Heartbeat timed out (15s) — Next.js busy or not ready
[TICKER 2026-06-03T12:30:24.862Z] Heartbeat timed out (15s) — Next.js busy or not ready
[TICKER 2026-06-03T12:31:24.906Z] Heartbeat timed out (15s) — Next.js busy or not ready
[TICKER 2026-06-03T12:32:24.950Z] Heartbeat timed out (15s) — Next.js busy or not ready
[TICKER 2026-06-03T12:33:10.009Z] Heartbeat OK (200)
[TICKER 2026-06-03T12:34:10.039Z] Heartbeat OK (200)
[TICKER 2026-06-03T12:35:10.068Z] Heartbeat OK (200)
[TICKER 2026-06-03T12:36:10.093Z] Heartbeat OK (200)
[TICKER 2026-06-03T12:37:10.102Z] Heartbeat OK (200)
[TICKER 2026-06-03T12:38:10.134Z] Heartbeat OK (200)
[TICKER 2026-06-03T12:39:10.165Z] Heartbeat OK (200)
[TICKER 2026-06-03T12:40:10.195Z] Heartbeat OK (200)
[TICKER 2026-06-03T12:41:10.209Z] Heartbeat OK (200)
[TICKER 2026-06-03T12:42:10.238Z] Heartbeat OK (200)
[TICKER 2026-06-03T12:43:10.258Z] Heartbeat OK (200)
[TICKER 2026-06-03T12:44:10.280Z] Heartbeat OK (200)
[TICKER 2026-06-03T12:45:10.295Z] Heartbeat OK (200)
[TICKER 2026-06-03T12:46:10.323Z] Heartbeat OK (200)
[TICKER 2026-06-03T12:47:10.351Z] Heartbeat OK (200)
[TICKER 2026-06-03T12:48:10.378Z] Heartbeat OK (200)
[TICKER 2026-06-03T12:49:10.394Z] Heartbeat OK (200)
[TICKER 2026-06-03T12:50:10.427Z] Heartbeat OK (200)
[TICKER 2026-06-03T12:51:10.454Z] Heartbeat OK (200)
[TICKER 2026-06-03T12:52:10.477Z] Heartbeat OK (200)
[TICKER 2026-06-03T12:53:10.509Z] Heartbeat OK (200)
[TICKER 2026-06-03T12:54:10.535Z] Heartbeat OK (200)
[TICKER 2026-06-03T12:55:10.559Z] Heartbeat OK (200)
[TICKER 2026-06-03T12:56:10.590Z] Heartbeat OK (200)
[TICKER 2026-06-03T12:57:10.596Z] Heartbeat OK (200)
[TICKER 2026-06-03T12:58:10.627Z] Heartbeat OK (200)
[TICKER 2026-06-03T12:59:10.655Z] Heartbeat OK (200)
[TICKER 2026-06-03T13:00:10.677Z] Heartbeat OK (200)
[TICKER 2026-06-03T13:01:10.703Z] Heartbeat OK (200)
[TICKER 2026-06-03T13:02:10.728Z] Heartbeat OK (200)
[TICKER 2026-06-03T13:03:10.753Z] Heartbeat OK (200)
[TICKER 2026-06-03T13:04:10.766Z] Heartbeat OK (200)
[TICKER 2026-06-03T13:05:10.798Z] Heartbeat OK (200)
[TICKER 2026-06-03T13:06:10.830Z] Heartbeat OK (200)
[TICKER 2026-06-03T13:07:10.863Z] Heartbeat OK (200)
[TICKER 2026-06-03T13:08:10.869Z] Heartbeat OK (200)
[TICKER 2026-06-03T13:09:10.885Z] Heartbeat OK (200)
[TICKER 2026-06-03T13:10:10.909Z] Heartbeat OK (200)
[TICKER 2026-06-03T13:11:10.939Z] Heartbeat OK (200)
[TICKER 2026-06-03T13:12:10.972Z] Heartbeat OK (200)
[TICKER 2026-06-03T13:13:11.005Z] Heartbeat OK (200)
[TICKER 2026-06-03T13:14:11.038Z] Heartbeat OK (200)
[TICKER 2026-06-03T13:15:11.068Z] Heartbeat OK (200)
[TICKER 2026-06-03T13:16:11.102Z] Heartbeat OK (200)
[TICKER 2026-06-03T13:17:11.131Z] Heartbeat OK (200)
[TICKER 2026-06-03T13:18:11.164Z] Heartbeat OK (200)
[TICKER 2026-06-03T13:19:11.196Z] Heartbeat OK (200)
[TICKER 2026-06-03T13:20:11.226Z] Heartbeat OK (200)
[TICKER 2026-06-03T13:21:11.237Z] Heartbeat OK (200)
[TICKER 2026-06-03T13:22:11.263Z] Heartbeat OK (200)
[TICKER 2026-06-03T13:23:11.295Z] Heartbeat OK (200)
[TICKER 2026-06-03T13:24:11.326Z] Heartbeat OK (200)
[TICKER 2026-06-03T13:25:11.359Z] Heartbeat OK (200)
[TICKER 2026-06-03T13:26:11.372Z] Heartbeat OK (200)
[TICKER 2026-06-03T13:27:11.376Z] Heartbeat OK (200)
[TICKER 2026-06-03T13:28:11.379Z] Heartbeat OK (200)
[TICKER 2026-06-03T13:29:11.409Z] Heartbeat OK (200)
[TICKER 2026-06-03T13:30:11.435Z] Heartbeat OK (200)
[TICKER 2026-06-03T13:31:11.468Z] Heartbeat OK (200)
[TICKER 2026-06-03T13:32:11.493Z] Heartbeat OK (200)
[TICKER 2026-06-03T13:33:11.498Z] Heartbeat OK (200)
[TICKER 2026-06-03T13:34:11.520Z] Heartbeat OK (200)
[TICKER 2026-06-03T13:35:11.536Z] Heartbeat OK (200)
[TICKER 2026-06-03T13:36:11.569Z] Heartbeat OK (200)
[TICKER 2026-06-03T13:37:11.606Z] Heartbeat OK (200)
[TICKER 2026-06-03T13:38:11.810Z] Heartbeat OK (200)
[TICKER 2026-06-03T13:39:11.765Z] Heartbeat OK (200)
[TICKER 2026-06-03T13:40:11.794Z] Heartbeat OK (200)
[TICKER 2026-06-03T13:41:13.924Z] Heartbeat OK (200)
[TICKER 2026-06-03T13:42:11.723Z] Heartbeat OK (200)
[TICKER 2026-06-03T13:43:11.728Z] Heartbeat OK (200)
[TICKER 2026-06-03T13:44:11.761Z] Heartbeat OK (200)
[TICKER 2026-06-03T13:45:11.790Z] Heartbeat OK (200)
[TICKER 2026-06-03T13:46:11.808Z] Heartbeat OK (200)
[TICKER 2026-06-03T13:47:11.828Z] Heartbeat OK (200)
[TICKER 2026-06-03T13:48:11.858Z] Heartbeat OK (200)
[TICKER 2026-06-03T13:49:11.890Z] Heartbeat OK (200)
[TICKER 2026-06-03T13:50:11.925Z] Heartbeat OK (200)
[TICKER 2026-06-03T13:51:11.941Z] Heartbeat OK (200)
[TICKER 2026-06-03T13:52:11.966Z] Heartbeat OK (200)
[TICKER 2026-06-03T13:53:11.980Z] Heartbeat OK (200)
[TICKER 2026-06-03T13:54:12.013Z] Heartbeat OK (200)
[TICKER 2026-06-03T13:55:12.026Z] Heartbeat OK (200)
[TICKER 2026-06-03T13:56:12.032Z] Heartbeat OK (200)
[TICKER 2026-06-03T13:57:12.053Z] Heartbeat OK (200)
[TICKER 2026-06-03T13:58:12.060Z] Heartbeat OK (200)
[TICKER 2026-06-03T13:59:12.094Z] Heartbeat OK (200)
[TICKER 2026-06-03T14:00:12.124Z] Heartbeat OK (200)
[TICKER 2026-06-03T14:01:12.155Z] Heartbeat OK (200)
[TICKER 2026-06-03T14:02:12.188Z] Heartbeat OK (200)
[TICKER 2026-06-03T14:03:12.222Z] Heartbeat OK (200)
[TICKER 2026-06-03T14:04:12.253Z] Heartbeat OK (200)
[TICKER 2026-06-03T14:05:12.284Z] Heartbeat OK (200)
[TICKER 2026-06-03T14:06:12.306Z] Heartbeat OK (200)
[TICKER 2026-06-03T14:07:12.342Z] Heartbeat OK (200)
[TICKER 2026-06-03T14:08:12.368Z] Heartbeat OK (200)
[TICKER 2026-06-03T14:09:12.400Z] Heartbeat OK (200)
[TICKER 2026-06-03T14:10:12.433Z] Heartbeat OK (200)
[TICKER 2026-06-03T14:11:12.450Z] Heartbeat OK (200)
[TICKER 2026-06-03T14:12:12.480Z] Heartbeat OK (200)
[TICKER 2026-06-03T14:13:12.512Z] Heartbeat OK (200)
[TICKER 2026-06-03T14:14:12.544Z] Heartbeat OK (200)
[TICKER 2026-06-03T14:15:12.556Z] Heartbeat unreachable: fetch failed
[TICKER 2026-06-03T14:16:12.597Z] Heartbeat unreachable: fetch failed
[TICKER 2026-06-03T14:17:12.629Z] Heartbeat unreachable: fetch failed
[TICKER 2026-06-03T14:18:12.661Z] Heartbeat unreachable: fetch failed
[TICKER 2026-06-03T14:19:12.707Z] Heartbeat unreachable: fetch failed
[TICKER 2026-06-03T14:20:12.724Z] Heartbeat unreachable: fetch failed
[TICKER 2026-06-03T14:21:12.762Z] Heartbeat unreachable: fetch failed
[TICKER 2026-06-03T14:22:12.786Z] Heartbeat unreachable: fetch failed
[TICKER 2026-06-03T14:23:12.808Z] Heartbeat unreachable: fetch failed
[TICKER 2026-06-03T14:24:12.830Z] Heartbeat unreachable: fetch failed
[TICKER 2026-06-03T14:25:12.854Z] Heartbeat unreachable: fetch failed
[TICKER 2026-06-03T14:26:12.874Z] Heartbeat unreachable: fetch failed
[TICKER 2026-06-03T14:27:12.900Z] Heartbeat unreachable: fetch failed
[TICKER 2026-06-03T14:28:12.920Z] Heartbeat unreachable: fetch failed
[TICKER 2026-06-03T14:29:12.942Z] Heartbeat unreachable: fetch failed
[TICKER 2026-06-03T14:30:12.965Z] Heartbeat unreachable: fetch failed
[TICKER 2026-06-03T14:31:12.992Z] Heartbeat unreachable: fetch failed
[TICKER 2026-06-03T14:32:13.023Z] Heartbeat unreachable: fetch failed
[TICKER 2026-06-03T14:33:13.042Z] Heartbeat unreachable: fetch failed
[TICKER 2026-06-03T14:34:13.087Z] Heartbeat unreachable: fetch failed
[TICKER 2026-06-03T14:35:13.108Z] Heartbeat unreachable: fetch failed
[TICKER 2026-06-03T14:36:13.143Z] Heartbeat unreachable: fetch failed
[TICKER 2026-06-03T14:37:13.188Z] Heartbeat unreachable: fetch failed
[TICKER 2026-06-03T14:38:13.217Z] Heartbeat unreachable: fetch failed
[TICKER 2026-06-03T14:39:13.260Z] Heartbeat unreachable: fetch failed
[TICKER 2026-06-03T14:40:13.276Z] Heartbeat unreachable: fetch failed
[TICKER 2026-06-03T14:41:13.321Z] Heartbeat unreachable: fetch failed
[TICKER 2026-06-03T14:42:13.364Z] Heartbeat unreachable: fetch failed
[TICKER 2026-06-03T14:43:13.409Z] Heartbeat unreachable: fetch failed
[TICKER 2026-06-03T14:44:13.438Z] Heartbeat unreachable: fetch failed
[TICKER 2026-06-03T14:45:13.471Z] Heartbeat unreachable: fetch failed
[TICKER 2026-06-03T14:46:13.508Z] Heartbeat unreachable: fetch failed
[TICKER 2026-06-03T14:47:13.525Z] Heartbeat unreachable: fetch failed
[TICKER 2026-06-03T14:48:13.561Z] Heartbeat unreachable: fetch failed
[TICKER 2026-06-03T14:49:13.592Z] Heartbeat unreachable: fetch failed
[TICKER 2026-06-03T14:50:13.636Z] Heartbeat unreachable: fetch failed
[TICKER 2026-06-03T14:51:13.652Z] Heartbeat unreachable: fetch failed
[TICKER 2026-06-03T14:52:13.654Z] Heartbeat unreachable: fetch failed
[TICKER 2026-06-03T14:53:13.666Z] Heartbeat unreachable: fetch failed
[TICKER 2026-06-03T14:54:13.704Z] Heartbeat unreachable: fetch failed
[TICKER 2026-06-03T14:55:13.749Z] Heartbeat unreachable: fetch failed
[TICKER 2026-06-03T14:56:13.780Z] Heartbeat unreachable: fetch failed
[TICKER 2026-06-03T14:57:13.818Z] Heartbeat unreachable: fetch failed
[TICKER 2026-06-03T14:58:13.872Z] Heartbeat OK (200)
[TICKER 2026-06-03T14:59:13.890Z] Heartbeat OK (200)
[TICKER 2026-06-03T15:00:13.913Z] Heartbeat OK (200)
[TICKER 2026-06-03T15:01:13.944Z] Heartbeat OK (200)
[TICKER 2026-06-03T15:02:13.976Z] Heartbeat OK (200)
[TICKER 2026-06-03T15:03:18.214Z] Heartbeat OK (200)
[TICKER 2026-06-03T15:04:14.012Z] Heartbeat OK (200)
[TICKER 2026-06-03T15:05:14.021Z] Heartbeat OK (200)
[TICKER 2026-06-03T15:06:14.052Z] Heartbeat OK (200)
[TICKER 2026-06-03T15:07:14.075Z] Heartbeat OK (200)
[TICKER 2026-06-03T15:08:14.076Z] Heartbeat OK (200)
[TICKER 2026-06-03T15:09:14.108Z] Heartbeat OK (200)
[TICKER 2026-06-03T15:10:14.137Z] Heartbeat OK (200)
[TICKER 2026-06-03T15:11:14.154Z] Heartbeat OK (200)
[TICKER 2026-06-03T15:12:14.172Z] Heartbeat OK (200)
[TICKER 2026-06-03T15:13:14.203Z] Heartbeat OK (200)
[TICKER 2026-06-03T15:14:14.218Z] Heartbeat OK (200)
[TICKER 2026-06-03T15:15:14.238Z] Heartbeat OK (200)
[TICKER 2026-06-03T15:16:14.260Z] Heartbeat OK (200)
[TICKER 2026-06-03T15:17:14.267Z] Heartbeat OK (200)
[TICKER 2026-06-03T15:18:14.272Z] Heartbeat OK (200)
[TICKER 2026-06-03T15:19:14.293Z] Heartbeat OK (200)
[TICKER 2026-06-03T15:20:14.323Z] Heartbeat OK (200)
[TICKER 2026-06-03T15:21:14.355Z] Heartbeat OK (200)
[TICKER 2026-06-03T15:22:14.380Z] Heartbeat OK (200)
[TICKER 2026-06-03T15:23:14.414Z] Heartbeat OK (200)
[TICKER 2026-06-03T15:24:14.443Z] Heartbeat OK (200)
[TICKER 2026-06-03T15:25:14.459Z] Heartbeat OK (200)
[TICKER 2026-06-03T15:26:14.486Z] Heartbeat OK (200)
[TICKER 2026-06-03T15:27:14.513Z] Heartbeat OK (200)
[TICKER 2026-06-03T15:28:14.532Z] Heartbeat OK (200)
[TICKER 2026-06-03T15:29:14.559Z] Heartbeat OK (200)
[TICKER 2026-06-03T15:30:14.593Z] Heartbeat OK (200)
[TICKER 2026-06-03T15:31:14.602Z] Heartbeat OK (200)
[TICKER 2026-06-03T15:32:14.627Z] Heartbeat OK (200)
[TICKER 2026-06-03T15:33:14.642Z] Heartbeat OK (200)
[TICKER 2026-06-03T15:34:14.662Z] Heartbeat OK (200)
[TICKER 2026-06-03T15:35:14.695Z] Heartbeat OK (200)
[TICKER 2026-06-03T15:36:14.710Z] Heartbeat OK (200)
[TICKER 2026-06-03T15:37:14.738Z] Heartbeat OK (200)
[TICKER 2026-06-03T15:38:14.761Z] Heartbeat OK (200)
[TICKER 2026-06-03T15:39:14.787Z] Heartbeat OK (200)
[TICKER 2026-06-03T15:40:14.820Z] Heartbeat OK (200)
[TICKER 2026-06-03T15:41:14.851Z] Heartbeat OK (200)
[TICKER 2026-06-03T15:42:14.882Z] Heartbeat OK (200)
[TICKER 2026-06-03T15:43:14.889Z] Heartbeat OK (200)
[TICKER 2026-06-03T15:44:14.919Z] Heartbeat OK (200)
[TICKER 2026-06-03T15:45:14.936Z] Heartbeat OK (200)
[TICKER 2026-06-03T15:46:14.945Z] Heartbeat OK (200)
[TICKER 2026-06-03T15:47:14.947Z] Heartbeat OK (200)
[TICKER 2026-06-03T15:48:14.966Z] Heartbeat OK (200)
[TICKER 2026-06-03T15:49:14.998Z] Heartbeat OK (200)
[TICKER 2026-06-03T15:50:15.011Z] Heartbeat OK (200)
[TICKER 2026-06-03T15:51:15.042Z] Heartbeat OK (200)
[TICKER 2026-06-03T15:52:15.072Z] Heartbeat OK (200)
[TICKER 2026-06-03T15:53:15.097Z] Heartbeat OK (200)
[TICKER 2026-06-03T15:54:15.117Z] Heartbeat OK (200)
[TICKER 2026-06-03T15:55:15.121Z] Heartbeat OK (200)
[TICKER 2026-06-03T15:56:15.146Z] Heartbeat OK (200)
[TICKER 2026-06-03T15:57:15.181Z] Heartbeat OK (200)
[TICKER 2026-06-03T15:58:15.198Z] Heartbeat OK (200)
[TICKER 2026-06-03T15:59:15.230Z] Heartbeat OK (200)
[TICKER 2026-06-03T16:00:15.255Z] Heartbeat OK (200)
[TICKER 2026-06-03T16:01:15.284Z] Heartbeat OK (200)
[TICKER 2026-06-03T16:02:15.293Z] Heartbeat OK (200)
[TICKER 2026-06-03T16:03:15.312Z] Heartbeat OK (200)
[TICKER 2026-06-03T16:04:15.339Z] Heartbeat OK (200)
[TICKER 2026-06-03T16:05:15.354Z] Heartbeat OK (200)
[TICKER 2026-06-03T16:06:15.382Z] Heartbeat OK (200)
[TICKER 2026-06-03T16:07:15.413Z] Heartbeat OK (200)
[TICKER 2026-06-03T16:08:15.417Z] Heartbeat OK (200)
[TICKER 2026-06-03T16:09:15.419Z] Heartbeat OK (200)
[TICKER 2026-06-03T16:10:15.450Z] Heartbeat OK (200)
[TICKER 2026-06-03T16:11:15.468Z] Heartbeat OK (200)
[TICKER 2026-06-03T16:12:15.498Z] Heartbeat OK (200)
[TICKER 2026-06-03T16:13:15.530Z] Heartbeat OK (200)
[TICKER 2026-06-03T16:14:15.563Z] Heartbeat OK (200)
[TICKER 2026-06-03T16:15:15.591Z] Heartbeat OK (200)
[TICKER 2026-06-03T16:16:15.620Z] Heartbeat OK (200)
[TICKER 2026-06-03T16:17:15.642Z] Heartbeat OK (200)
[TICKER 2026-06-03T16:18:15.673Z] Heartbeat OK (200)
[TICKER 2026-06-03T16:19:15.704Z] Heartbeat OK (200)
[TICKER 2026-06-03T16:20:15.735Z] Heartbeat OK (200)
[TICKER 2026-06-03T16:21:15.769Z] Heartbeat OK (200)
[TICKER 2026-06-03T16:22:15.772Z] Heartbeat OK (200)
[TICKER 2026-06-03T16:23:15.797Z] Heartbeat OK (200)
[TICKER 2026-06-03T16:24:15.823Z] Heartbeat OK (200)
[TICKER 2026-06-03T16:25:15.852Z] Heartbeat OK (200)
[TICKER 2026-06-03T16:26:15.860Z] Heartbeat OK (200)
[TICKER 2026-06-03T16:27:15.886Z] Heartbeat OK (200)
[TICKER 2026-06-03T16:28:15.918Z] Heartbeat OK (200)
[TICKER 2026-06-03T16:29:15.947Z] Heartbeat OK (200)
[TICKER 2026-06-03T16:30:15.947Z] Heartbeat OK (200)
[TICKER 2026-06-03T16:31:15.966Z] Heartbeat OK (200)
[TICKER 2026-06-03T16:32:15.966Z] Heartbeat OK (200)
[TICKER 2026-06-03T16:33:15.995Z] Heartbeat OK (200)
[TICKER 2026-06-03T16:34:16.011Z] Heartbeat OK (200)
[TICKER 2026-06-03T16:35:16.036Z] Heartbeat OK (200)
[TICKER 2026-06-03T16:36:16.069Z] Heartbeat OK (200)
[TICKER 2026-06-03T16:37:16.098Z] Heartbeat OK (200)
[TICKER 2026-06-03T16:38:16.131Z] Heartbeat OK (200)
[TICKER 2026-06-03T16:39:16.132Z] Heartbeat OK (200)
[TICKER 2026-06-03T16:40:16.162Z] Heartbeat OK (200)
[TICKER 2026-06-03T16:41:16.176Z] Heartbeat OK (200)
[TICKER 2026-06-03T16:42:16.203Z] Heartbeat OK (200)
[TICKER 2026-06-03T16:43:16.234Z] Heartbeat OK (200)
[TICKER 2026-06-03T16:44:16.269Z] Heartbeat OK (200)
[TICKER 2026-06-03T16:45:16.294Z] Heartbeat OK (200)
[TICKER 2026-06-03T16:46:16.313Z] Heartbeat OK (200)
[TICKER 2026-06-03T16:47:16.334Z] Heartbeat OK (200)
[TICKER 2026-06-03T16:48:16.346Z] Heartbeat OK (200)
[TICKER 2026-06-03T16:49:16.379Z] Heartbeat OK (200)
[TICKER 2026-06-03T16:50:16.400Z] Heartbeat OK (200)
[TICKER 2026-06-03T16:51:16.432Z] Heartbeat OK (200)
[TICKER 2026-06-03T16:52:16.458Z] Heartbeat OK (200)
[TICKER 2026-06-03T16:53:16.487Z] Heartbeat OK (200)
[TICKER 2026-06-03T16:54:16.518Z] Heartbeat OK (200)
[TICKER 2026-06-03T16:55:16.550Z] Heartbeat OK (200)
[TICKER 2026-06-03T16:56:16.570Z] Heartbeat OK (200)
[TICKER 2026-06-03T16:57:16.603Z] Heartbeat OK (200)
[TICKER 2026-06-03T16:58:16.633Z] Heartbeat OK (200)
[TICKER 2026-06-03T16:59:16.663Z] Heartbeat OK (200)
[TICKER 2026-06-03T17:00:16.694Z] Heartbeat OK (200)
[TICKER 2026-06-03T17:01:16.719Z] Heartbeat OK (200)
[TICKER 2026-06-03T17:02:16.748Z] Heartbeat OK (200)
[TICKER 2026-06-03T17:03:16.771Z] Heartbeat OK (200)
[TICKER 2026-06-04T17:09:21.074Z] Starting (PID 651495) — ticking every 240s
[TICKER 2026-06-04T17:09:21.127Z] Heartbeat unreachable: fetch failed
[TICKER 2026-06-04T17:10:33.597Z] SIGTERM received — shutting down
[TICKER 2026-06-04T17:10:36.225Z] Starting (PID 652964) — ticking every 120s
[TICKER 2026-06-04T17:10:36.278Z] Heartbeat unreachable: fetch failed
[TICKER 2026-06-04T17:12:36.283Z] Heartbeat unreachable: fetch failed
[TICKER 2026-06-04T17:14:36.288Z] Heartbeat unreachable: fetch failed
[TICKER 2026-06-04T17:16:36.291Z] Heartbeat unreachable: fetch failed
[TICKER 2026-06-04T17:18:36.293Z] Heartbeat unreachable: fetch failed
[TICKER 2026-06-04T17:20:36.293Z] Heartbeat unreachable: fetch failed
[TICKER 2026-06-04T17:22:36.295Z] Heartbeat unreachable: fetch failed
[TICKER 2026-06-04T17:24:36.300Z] Heartbeat unreachable: fetch failed
[TICKER 2026-06-04T17:26:36.304Z] Heartbeat unreachable: fetch failed
[TICKER 2026-06-04T17:28:36.306Z] Heartbeat unreachable: fetch failed
[TICKER 2026-06-04T17:30:36.306Z] Heartbeat unreachable: fetch failed
[TICKER 2026-06-04T17:32:36.314Z] Heartbeat unreachable: fetch failed
[TICKER 2026-06-04T17:34:36.319Z] Heartbeat unreachable: fetch failed
[TICKER 2026-06-04T17:36:36.322Z] Heartbeat unreachable: fetch failed
[TICKER 2026-06-04T17:38:36.325Z] Heartbeat unreachable: fetch failed
[TICKER 2026-06-04T17:40:36.325Z] Heartbeat unreachable: fetch failed
[TICKER 2026-06-04T17:42:36.332Z] Heartbeat unreachable: fetch failed
[TICKER 2026-06-04T17:44:36.338Z] Heartbeat unreachable: fetch failed
[TICKER 2026-06-04T17:46:36.341Z] Heartbeat unreachable: fetch failed
[TICKER 2026-06-04T17:48:36.343Z] Heartbeat unreachable: fetch failed
[TICKER 2026-06-05T21:13:18.133Z] Starting (PID 44710) — ticking every 120s
[TICKER 2026-06-05T21:13:18.179Z] Heartbeat unreachable: fetch failed
[TICKER 2026-06-05T21:15:18.184Z] Heartbeat unreachable: fetch failed
[TICKER 2026-06-05T21:17:33.190Z] Heartbeat timed out (15s) — Next.js busy or not ready
[TICKER 2026-06-05T21:19:18.207Z] Heartbeat OK (200)
[TICKER 2026-06-05T21:21:18.200Z] Heartbeat OK (200)
[TICKER 2026-06-05T21:23:18.203Z] Heartbeat OK (200)
[TICKER 2026-06-05T21:25:18.209Z] Heartbeat OK (200)
[TICKER 2026-06-05T21:27:18.212Z] Heartbeat OK (200)
[TICKER 2026-06-05T21:29:18.213Z] Heartbeat OK (200)
[TICKER 2026-06-05T21:31:18.215Z] Heartbeat OK (200)
[TICKER 2026-06-05T21:33:18.216Z] Heartbeat OK (200)
[TICKER 2026-06-05T21:35:18.222Z] Heartbeat OK (200)
[TICKER 2026-06-05T21:37:18.228Z] Heartbeat OK (200)
[TICKER 2026-06-05T21:39:18.229Z] Heartbeat OK (200)
[TICKER 2026-06-05T21:41:18.231Z] Heartbeat OK (200)
[TICKER 2026-06-05T21:43:18.230Z] Heartbeat OK (200)
[TICKER 2026-06-05T21:45:18.239Z] Heartbeat OK (200)
[TICKER 2026-06-05T21:47:18.242Z] Heartbeat OK (200)
[TICKER 2026-06-05T21:49:18.248Z] Heartbeat OK (200)
[TICKER 2026-06-05T21:51:18.247Z] Heartbeat OK (200)
[TICKER 2026-06-05T21:53:18.250Z] Heartbeat OK (200)
[TICKER 2026-06-05T21:55:18.254Z] Heartbeat OK (200)
[TICKER 2026-06-05T21:57:18.260Z] Heartbeat OK (200)
[TICKER 2026-06-05T21:59:18.264Z] Heartbeat OK (200)
[TICKER 2026-06-05T22:01:18.265Z] Heartbeat OK (200)
[TICKER 2026-06-05T22:03:18.266Z] Heartbeat OK (200)
[TICKER 2026-06-05T22:05:18.273Z] Heartbeat OK (200)
[TICKER 2026-06-05T22:07:18.280Z] Heartbeat OK (200)
[TICKER 2026-06-05T22:09:18.284Z] Heartbeat OK (200)
[TICKER 2026-06-05T22:11:18.284Z] Heartbeat OK (200)
[TICKER 2026-06-05T22:13:18.286Z] Heartbeat OK (200)
[TICKER 2026-06-05T22:15:18.294Z] Heartbeat OK (200)
[TICKER 2026-06-05T22:17:18.294Z] Heartbeat OK (200)
[TICKER 2026-06-05T22:19:18.298Z] Heartbeat OK (200)
[TICKER 2026-06-05T22:21:18.299Z] Heartbeat OK (200)
[TICKER 2026-06-05T22:23:18.300Z] Heartbeat OK (200)
[TICKER 2026-06-05T22:25:18.311Z] Heartbeat OK (200)
[TICKER 2026-06-05T22:27:18.314Z] Heartbeat OK (200)
[TICKER 2026-06-05T22:29:18.317Z] Heartbeat OK (200)
[TICKER 2026-06-05T22:31:18.334Z] Heartbeat OK (200)
[TICKER 2026-06-05T22:33:18.329Z] Heartbeat returned 500 — Next.js may be warming up
[TICKER 2026-06-05T22:35:18.332Z] Heartbeat returned 500 — Next.js may be warming up
[TICKER 2026-06-05T22:37:18.337Z] Heartbeat returned 500 — Next.js may be warming up
[TICKER 2026-06-05T22:39:18.340Z] Heartbeat returned 500 — Next.js may be warming up
[TICKER 2026-06-05T22:41:18.347Z] Heartbeat returned 500 — Next.js may be warming up
[TICKER 2026-06-05T22:43:18.344Z] Heartbeat returned 500 — Next.js may be warming up
[TICKER 2026-06-05T22:45:18.350Z] Heartbeat returned 500 — Next.js may be warming up
[TICKER 2026-06-05T22:47:18.356Z] Heartbeat returned 500 — Next.js may be warming up
[TICKER 2026-06-05T22:49:18.363Z] Heartbeat returned 500 — Next.js may be warming up
[TICKER 2026-06-05T22:51:18.365Z] Heartbeat returned 500 — Next.js may be warming up
[TICKER 2026-06-05T22:53:18.366Z] Heartbeat returned 500 — Next.js may be warming up
[TICKER 2026-06-05T22:55:18.371Z] Heartbeat returned 500 — Next.js may be warming up
[TICKER 2026-06-05T22:57:18.374Z] Heartbeat returned 500 — Next.js may be warming up
[TICKER 2026-06-05T22:59:18.378Z] Heartbeat returned 500 — Next.js may be warming up
[TICKER 2026-06-05T23:01:18.381Z] Heartbeat returned 500 — Next.js may be warming up
[TICKER 2026-06-05T23:03:18.381Z] Heartbeat returned 500 — Next.js may be warming up
[TICKER 2026-06-05T23:05:18.390Z] Heartbeat returned 500 — Next.js may be warming up
[TICKER 2026-06-05T23:07:18.397Z] Heartbeat returned 500 — Next.js may be warming up
[TICKER 2026-06-05T23:09:18.400Z] Heartbeat returned 500 — Next.js may be warming up
[TICKER 2026-06-05T23:11:18.421Z] Heartbeat returned 500 — Next.js may be warming up
[TICKER 2026-06-05T23:13:18.406Z] Heartbeat returned 500 — Next.js may be warming up
[TICKER 2026-06-05T23:15:18.412Z] Heartbeat returned 500 — Next.js may be warming up
[TICKER 2026-06-05T23:17:18.418Z] Heartbeat returned 500 — Next.js may be warming up
[TICKER 2026-06-05T23:19:18.424Z] Heartbeat returned 500 — Next.js may be warming up
[TICKER 2026-06-05T23:21:18.427Z] Heartbeat returned 500 — Next.js may be warming up
[TICKER 2026-06-05T23:23:18.426Z] Heartbeat returned 500 — Next.js may be warming up
[TICKER 2026-06-05T23:25:18.435Z] Heartbeat returned 500 — Next.js may be warming up
[TICKER 2026-06-05T23:27:18.441Z] Heartbeat returned 500 — Next.js may be warming up
[TICKER 2026-06-05T23:29:18.447Z] Heartbeat returned 500 — Next.js may be warming up
[TICKER 2026-06-05T23:31:18.450Z] Heartbeat returned 500 — Next.js may be warming up
[TICKER 2026-06-05T23:33:18.451Z] Heartbeat returned 500 — Next.js may be warming up
[TICKER 2026-06-05T23:35:18.459Z] Heartbeat returned 500 — Next.js may be warming up
[TICKER 2026-06-05T23:37:18.465Z] Heartbeat returned 500 — Next.js may be warming up
[TICKER 2026-06-05T23:39:18.468Z] Heartbeat returned 500 — Next.js may be warming up
[TICKER 2026-06-05T23:41:18.471Z] Heartbeat returned 500 — Next.js may be warming up
[TICKER 2026-06-05T23:43:18.514Z] Heartbeat returned 500 — Next.js may be warming up
[TICKER 2026-06-05T23:45:18.510Z] Heartbeat returned 500 — Next.js may be warming up
[TICKER 2026-06-05T23:47:18.487Z] Heartbeat returned 500 — Next.js may be warming up
[TICKER 2026-06-05T23:49:33.478Z] Heartbeat timed out (15s) — Next.js busy or not ready
[TICKER 2026-06-05T23:51:18.546Z] Heartbeat returned 500 — Next.js may be warming up
[TICKER 2026-06-05T23:53:18.565Z] Heartbeat returned 500 — Next.js may be warming up
[TICKER 2026-06-05T23:55:18.557Z] Heartbeat returned 500 — Next.js may be warming up
[TICKER 2026-06-05T23:57:33.497Z] Heartbeat timed out (15s) — Next.js busy or not ready
[TICKER 2026-06-05T23:59:33.502Z] Heartbeat timed out (15s) — Next.js busy or not ready
[TICKER 2026-06-06T00:01:33.506Z] Heartbeat timed out (15s) — Next.js busy or not ready
[TICKER 2026-06-06T00:03:33.508Z] Heartbeat timed out (15s) — Next.js busy or not ready
[TICKER 2026-06-06T00:05:33.509Z] Heartbeat timed out (15s) — Next.js busy or not ready
[TICKER 2026-06-06T00:07:28.157Z] Heartbeat returned 500 — Next.js may be warming up
[TICKER 2026-06-06T00:09:18.587Z] Heartbeat returned 500 — Next.js may be warming up
[TICKER 2026-06-06T00:11:18.590Z] Heartbeat returned 500 — Next.js may be warming up
[TICKER 2026-06-06T00:13:18.626Z] Heartbeat returned 500 — Next.js may be warming up
[TICKER 2026-06-06T00:15:18.592Z] Heartbeat returned 500 — Next.js may be warming up
[TICKER 2026-06-06T00:17:18.597Z] Heartbeat returned 500 — Next.js may be warming up
[TICKER 2026-06-06T00:19:18.604Z] Heartbeat returned 500 — Next.js may be warming up
[TICKER 2026-06-06T00:21:18.637Z] Heartbeat returned 500 — Next.js may be warming up
[TICKER 2026-06-06T00:23:18.613Z] Heartbeat returned 500 — Next.js may be warming up
[TICKER 2026-06-06T00:25:18.610Z] Heartbeat returned 500 — Next.js may be warming up
[TICKER 2026-06-06T00:27:18.618Z] Heartbeat returned 500 — Next.js may be warming up
[TICKER 2026-06-06T00:29:18.648Z] Heartbeat returned 500 — Next.js may be warming up
[TICKER 2026-06-06T00:31:18.626Z] Heartbeat returned 500 — Next.js may be warming up
[TICKER 2026-06-06T00:33:18.628Z] Heartbeat returned 500 — Next.js may be warming up
[TICKER 2026-06-06T00:35:18.680Z] Heartbeat returned 500 — Next.js may be warming up
[TICKER 2026-06-06T00:37:18.708Z] Heartbeat returned 500 — Next.js may be warming up
[TICKER 2026-06-06T00:39:18.690Z] Heartbeat returned 500 — Next.js may be warming up
[TICKER 2026-06-06T00:41:18.687Z] Heartbeat returned 500 — Next.js may be warming up
[TICKER 2026-06-06T00:43:18.689Z] Heartbeat returned 500 — Next.js may be warming up
[TICKER 2026-06-06T00:45:18.721Z] Heartbeat returned 500 — Next.js may be warming up
[TICKER 2026-06-06T00:47:18.700Z] Heartbeat returned 500 — Next.js may be warming up
[TICKER 2026-06-06T00:49:18.705Z] Heartbeat returned 500 — Next.js may be warming up
[TICKER 2026-06-06T00:51:18.714Z] Heartbeat returned 500 — Next.js may be warming up
[TICKER 2026-06-06T00:53:18.740Z] Heartbeat returned 500 — Next.js may be warming up
[TICKER 2026-06-06T00:55:18.710Z] Heartbeat returned 500 — Next.js may be warming up
[TICKER 2026-06-06T00:57:18.720Z] Heartbeat returned 500 — Next.js may be warming up
[TICKER 2026-06-06T00:59:18.724Z] Heartbeat returned 500 — Next.js may be warming up
[TICKER 2026-06-06T01:01:18.766Z] Heartbeat returned 500 — Next.js may be warming up
[TICKER 2026-06-06T01:03:18.730Z] Heartbeat returned 500 — Next.js may be warming up
[TICKER 2026-06-06T01:05:18.731Z] Heartbeat returned 500 — Next.js may be warming up
[TICKER 2026-06-06T01:07:18.738Z] Heartbeat returned 500 — Next.js may be warming up
[TICKER 2026-06-06T01:09:18.770Z] Heartbeat returned 500 — Next.js may be warming up
[TICKER 2026-06-06T01:11:18.746Z] Heartbeat returned 500 — Next.js may be warming up
[TICKER 2026-06-06T01:13:18.748Z] Heartbeat returned 500 — Next.js may be warming up
[TICKER 2026-06-06T01:15:18.754Z] Heartbeat returned 500 — Next.js may be warming up
[TICKER 2026-06-06T01:17:18.792Z] Heartbeat returned 500 — Next.js may be warming up
[TICKER 2026-06-06T01:19:18.759Z] Heartbeat returned 500 — Next.js may be warming up
[TICKER 2026-06-06T01:21:18.762Z] Heartbeat returned 500 — Next.js may be warming up
[TICKER 2026-06-06T01:23:18.762Z] Heartbeat returned 500 — Next.js may be warming up
[TICKER 2026-06-06T01:25:18.790Z] Heartbeat returned 500 — Next.js may be warming up
[TICKER 2026-06-06T01:27:18.771Z] Heartbeat returned 500 — Next.js may be warming up
[TICKER 2026-06-06T01:29:18.773Z] Heartbeat returned 500 — Next.js may be warming up
[TICKER 2026-06-06T01:31:18.776Z] Heartbeat returned 500 — Next.js may be warming up
[TICKER 2026-06-06T01:33:18.804Z] Heartbeat returned 500 — Next.js may be warming up
[TICKER 2026-06-06T01:35:18.779Z] Heartbeat returned 500 — Next.js may be warming up
[TICKER 2026-06-06T01:37:18.851Z] Heartbeat returned 500 — Next.js may be warming up
[TICKER 2026-06-06T01:39:18.921Z] Heartbeat returned 500 — Next.js may be warming up
[TICKER 2026-06-06T01:41:18.990Z] Heartbeat returned 500 — Next.js may be warming up
[TICKER 2026-06-06T01:43:19.036Z] Heartbeat returned 500 — Next.js may be warming up
[TICKER 2026-06-06T01:45:19.081Z] Heartbeat returned 500 — Next.js may be warming up
[TICKER 2026-06-06T01:47:19.173Z] Heartbeat returned 500 — Next.js may be warming up
[TICKER 2026-06-06T01:49:19.214Z] Heartbeat returned 500 — Next.js may be warming up
[TICKER 2026-06-06T01:51:19.250Z] Heartbeat returned 500 — Next.js may be warming up
[TICKER 2026-06-06T01:53:19.341Z] Heartbeat returned 500 — Next.js may be warming up
[TICKER 2026-06-06T01:55:19.440Z] Heartbeat returned 500 — Next.js may be warming up
[TICKER 2026-06-06T01:57:19.557Z] Heartbeat returned 500 — Next.js may be warming up
[TICKER 2026-06-06T01:59:19.613Z] Heartbeat returned 500 — Next.js may be warming up
[TICKER 2026-06-06T02:01:19.693Z] Heartbeat returned 500 — Next.js may be warming up
[TICKER 2026-06-06T02:03:19.755Z] Heartbeat returned 500 — Next.js may be warming up
[TICKER 2026-06-06T02:05:19.798Z] Heartbeat returned 500 — Next.js may be warming up
[TICKER 2026-06-06T02:07:19.817Z] Heartbeat returned 500 — Next.js may be warming up
[TICKER 2026-06-06T02:09:19.900Z] Heartbeat returned 500 — Next.js may be warming up
[TICKER 2026-06-06T02:11:19.993Z] Heartbeat returned 500 — Next.js may be warming up
[TICKER 2026-06-06T02:13:20.073Z] Heartbeat returned 500 — Next.js may be warming up
[TICKER 2026-06-06T02:15:20.048Z] Heartbeat returned 500 — Next.js may be warming up
[TICKER 2026-06-06T02:17:20.141Z] Heartbeat returned 500 — Next.js may be warming up
[TICKER 2026-06-06T02:19:20.230Z] Heartbeat returned 500 — Next.js may be warming up
[TICKER 2026-06-06T02:21:20.273Z] Heartbeat returned 500 — Next.js may be warming up
[TICKER 2026-06-06T02:23:20.289Z] Heartbeat returned 500 — Next.js may be warming up
[TICKER 2026-06-06T02:25:20.380Z] Heartbeat returned 500 — Next.js may be warming up
[TICKER 2026-06-06T02:27:20.473Z] Heartbeat returned 500 — Next.js may be warming up
[TICKER 2026-06-06T02:29:20.592Z] Heartbeat returned 500 — Next.js may be warming up
[TICKER 2026-06-06T02:31:20.600Z] Heartbeat returned 500 — Next.js may be warming up
[TICKER 2026-06-06T02:33:20.692Z] Heartbeat returned 500 — Next.js may be warming up
[TICKER 2026-06-06T02:35:20.711Z] Heartbeat returned 500 — Next.js may be warming up
[TICKER 2026-06-06T02:37:20.899Z] Heartbeat returned 500 — Next.js may be warming up
[TICKER 2026-06-06T02:39:20.965Z] Heartbeat returned 500 — Next.js may be warming up
[TICKER 2026-06-06T02:41:20.974Z] Heartbeat returned 500 — Next.js may be warming up
[TICKER 2026-06-06T02:43:20.989Z] Heartbeat returned 500 — Next.js may be warming up
[TICKER 2026-06-06T02:45:21.056Z] Heartbeat returned 500 — Next.js may be warming up
[TICKER 2026-06-06T02:47:21.159Z] Heartbeat returned 500 — Next.js may be warming up
[TICKER 2026-06-06T02:49:21.125Z] Heartbeat returned 500 — Next.js may be warming up
[TICKER 2026-06-06T02:51:21.196Z] Heartbeat returned 500 — Next.js may be warming up
[TICKER 2026-06-06T02:53:21.311Z] Heartbeat returned 500 — Next.js may be warming up
[TICKER 2026-06-06T02:55:21.306Z] Heartbeat returned 500 — Next.js may be warming up
[TICKER 2026-06-06T02:57:21.309Z] Heartbeat returned 500 — Next.js may be warming up
[TICKER 2026-06-06T02:59:21.381Z] Heartbeat returned 500 — Next.js may be warming up
[TICKER 2026-06-06T03:01:21.361Z] Heartbeat returned 500 — Next.js may be warming up
[TICKER 2026-06-06T03:03:21.437Z] Heartbeat returned 500 — Next.js may be warming up
[TICKER 2026-06-06T03:05:21.528Z] Heartbeat returned 500 — Next.js may be warming up
[TICKER 2026-06-06T03:07:21.559Z] Heartbeat returned 500 — Next.js may be warming up
[TICKER 2026-06-06T03:09:21.648Z] Heartbeat returned 500 — Next.js may be warming up
[TICKER 2026-06-06T03:11:21.737Z] Heartbeat returned 500 — Next.js may be warming up
[TICKER 2026-06-06T03:13:21.758Z] Heartbeat returned 500 — Next.js may be warming up
[TICKER 2026-06-06T03:15:21.855Z] Heartbeat returned 500 — Next.js may be warming up
[TICKER 2026-06-06T03:17:21.936Z] Heartbeat returned 500 — Next.js may be warming up
[TICKER 2026-06-06T03:19:22.047Z] Heartbeat returned 500 — Next.js may be warming up
[TICKER 2026-06-06T03:21:22.066Z] Heartbeat returned 500 — Next.js may be warming up
[TICKER 2026-06-06T03:23:22.167Z] Heartbeat returned 500 — Next.js may be warming up
[TICKER 2026-06-06T03:25:22.205Z] Heartbeat returned 500 — Next.js may be warming up
[TICKER 2026-06-06T03:27:22.297Z] Heartbeat returned 500 — Next.js may be warming up
[TICKER 2026-06-06T03:29:22.389Z] Heartbeat returned 500 — Next.js may be warming up
[TICKER 2026-06-06T03:31:22.489Z] Heartbeat returned 500 — Next.js may be warming up
[TICKER 2026-06-06T03:33:22.616Z] Heartbeat returned 500 — Next.js may be warming up
[TICKER 2026-06-06T03:35:22.633Z] Heartbeat returned 500 — Next.js may be warming up
[TICKER 2026-06-06T03:37:22.701Z] Heartbeat returned 500 — Next.js may be warming up
[TICKER 2026-06-06T03:39:22.768Z] Heartbeat returned 500 — Next.js may be warming up
[TICKER 2026-06-06T03:41:22.826Z] Heartbeat returned 500 — Next.js may be warming up
[TICKER 2026-06-06T03:43:22.888Z] Heartbeat returned 500 — Next.js may be warming up
[TICKER 2026-06-06T03:45:22.966Z] Heartbeat returned 500 — Next.js may be warming up
[TICKER 2026-06-06T03:47:23.025Z] Heartbeat returned 500 — Next.js may be warming up
[TICKER 2026-06-06T03:49:23.109Z] Heartbeat returned 500 — Next.js may be warming up
[TICKER 2026-06-06T03:51:23.202Z] Heartbeat returned 500 — Next.js may be warming up
[TICKER 2026-06-06T03:53:23.296Z] Heartbeat returned 500 — Next.js may be warming up
[TICKER 2026-06-06T03:55:23.391Z] Heartbeat returned 500 — Next.js may be warming up
[TICKER 2026-06-06T03:57:23.477Z] Heartbeat returned 500 — Next.js may be warming up
[TICKER 2026-06-06T03:59:23.575Z] Heartbeat returned 500 — Next.js may be warming up
[TICKER 2026-06-06T04:01:23.668Z] Heartbeat returned 500 — Next.js may be warming up
[TICKER 2026-06-06T04:03:23.780Z] Heartbeat returned 500 — Next.js may be warming up
[TICKER 2026-06-06T04:05:23.844Z] Heartbeat returned 500 — Next.js may be warming up
[TICKER 2026-06-06T04:07:23.938Z] Heartbeat returned 500 — Next.js may be warming up
[TICKER 2026-06-06T04:09:24.036Z] Heartbeat returned 500 — Next.js may be warming up
[TICKER 2026-06-06T04:11:24.061Z] Heartbeat returned 500 — Next.js may be warming up
[TICKER 2026-06-06T04:13:24.088Z] Heartbeat returned 500 — Next.js may be warming up
[TICKER 2026-06-06T04:15:24.144Z] Heartbeat returned 500 — Next.js may be warming up
[TICKER 2026-06-06T04:17:24.239Z] Heartbeat returned 500 — Next.js may be warming up
[TICKER 2026-06-06T04:19:24.334Z] Heartbeat returned 500 — Next.js may be warming up
[TICKER 2026-06-06T04:21:24.373Z] Heartbeat returned 500 — Next.js may be warming up
[TICKER 2026-06-06T04:23:24.475Z] Heartbeat returned 500 — Next.js may be warming up
[TICKER 2026-06-06T04:25:24.565Z] Heartbeat returned 500 — Next.js may be warming up
[TICKER 2026-06-06T04:27:24.690Z] Heartbeat returned 500 — Next.js may be warming up
[TICKER 2026-06-06T04:29:24.741Z] Heartbeat returned 500 — Next.js may be warming up
[TICKER 2026-06-06T04:31:24.834Z] Heartbeat returned 500 — Next.js may be warming up
[TICKER 2026-06-06T04:33:24.941Z] Heartbeat returned 500 — Next.js may be warming up
[TICKER 2026-06-06T04:35:25.055Z] Heartbeat returned 500 — Next.js may be warming up
[TICKER 2026-06-06T04:37:25.036Z] Heartbeat returned 500 — Next.js may be warming up
[TICKER 2026-06-06T04:39:25.034Z] Heartbeat returned 500 — Next.js may be warming up
[TICKER 2026-06-06T04:41:25.041Z] Heartbeat returned 500 — Next.js may be warming up
[TICKER 2026-06-06T04:43:25.125Z] Heartbeat returned 500 — Next.js may be warming up
[TICKER 2026-06-06T04:45:25.189Z] Heartbeat returned 500 — Next.js may be warming up
[TICKER 2026-06-06T04:47:25.237Z] Heartbeat returned 500 — Next.js may be warming up
[TICKER 2026-06-06T04:49:25.327Z] Heartbeat returned 500 — Next.js may be warming up
[TICKER 2026-06-06T04:51:25.391Z] Heartbeat returned 500 — Next.js may be warming up
[TICKER 2026-06-06T04:53:25.431Z] Heartbeat returned 500 — Next.js may be warming up
[TICKER 2026-06-06T04:55:25.469Z] Heartbeat returned 500 — Next.js may be warming up
[TICKER 2026-06-06T04:57:25.569Z] Heartbeat returned 500 — Next.js may be warming up
[TICKER 2026-06-06T04:59:25.691Z] Heartbeat returned 500 — Next.js may be warming up
[TICKER 2026-06-06T05:01:25.745Z] Heartbeat returned 500 — Next.js may be warming up
[TICKER 2026-06-06T05:03:25.839Z] Heartbeat returned 500 — Next.js may be warming up
[TICKER 2026-06-06T05:05:25.923Z] Heartbeat returned 500 — Next.js may be warming up
[TICKER 2026-06-06T05:07:26.036Z] Heartbeat returned 500 — Next.js may be warming up
[TICKER 2026-06-06T05:09:26.053Z] Heartbeat returned 500 — Next.js may be warming up
[TICKER 2026-06-06T05:11:26.088Z] Heartbeat returned 500 — Next.js may be warming up
[TICKER 2026-06-06T05:13:26.163Z] Heartbeat returned 500 — Next.js may be warming up
[TICKER 2026-06-06T05:15:26.271Z] Heartbeat returned 500 — Next.js may be warming up
[TICKER 2026-06-06T05:17:26.306Z] Heartbeat returned 500 — Next.js may be warming up
[TICKER 2026-06-06T05:19:26.373Z] Heartbeat returned 500 — Next.js may be warming up
[TICKER 2026-06-06T05:21:26.492Z] Heartbeat returned 500 — Next.js may be warming up
[TICKER 2026-06-06T05:23:26.559Z] Heartbeat returned 500 — Next.js may be warming up
[TICKER 2026-06-06T05:25:26.649Z] Heartbeat returned 500 — Next.js may be warming up
[TICKER 2026-06-06T05:27:26.729Z] Heartbeat returned 500 — Next.js may be warming up
[TICKER 2026-06-06T05:29:26.840Z] Heartbeat returned 500 — Next.js may be warming up
[TICKER 2026-06-06T05:31:26.837Z] Heartbeat returned 500 — Next.js may be warming up
[TICKER 2026-06-06T05:33:26.931Z] Heartbeat returned 500 — Next.js may be warming up
[TICKER 2026-06-06T05:35:27.028Z] Heartbeat returned 500 — Next.js may be warming up
[TICKER 2026-06-06T05:37:27.115Z] Heartbeat returned 500 — Next.js may be warming up
[TICKER 2026-06-06T05:39:27.205Z] Heartbeat returned 500 — Next.js may be warming up
[TICKER 2026-06-06T05:41:27.298Z] Heartbeat returned 500 — Next.js may be warming up
[TICKER 2026-06-06T05:43:27.398Z] Heartbeat returned 500 — Next.js may be warming up
[TICKER 2026-06-06T05:45:27.467Z] Heartbeat returned 500 — Next.js may be warming up
[TICKER 2026-06-06T05:47:27.520Z] Heartbeat returned 500 — Next.js may be warming up
[TICKER 2026-06-06T05:49:27.628Z] Heartbeat returned 500 — Next.js may be warming up
[TICKER 2026-06-06T05:51:27.697Z] Heartbeat returned 500 — Next.js may be warming up
[TICKER 2026-06-06T05:53:27.780Z] Heartbeat returned 500 — Next.js may be warming up
[TICKER 2026-06-06T05:55:27.866Z] Heartbeat returned 500 — Next.js may be warming up
[TICKER 2026-06-06T05:57:27.958Z] Heartbeat returned 500 — Next.js may be warming up
[TICKER 2026-06-06T05:59:28.060Z] Heartbeat returned 500 — Next.js may be warming up
[TICKER 2026-06-06T06:01:28.143Z] Heartbeat returned 500 — Next.js may be warming up
[TICKER 2026-06-06T06:03:28.212Z] Heartbeat returned 500 — Next.js may be warming up
[TICKER 2026-06-06T06:05:28.223Z] Heartbeat returned 500 — Next.js may be warming up
[TICKER 2026-06-06T06:07:28.272Z] Heartbeat returned 500 — Next.js may be warming up
[TICKER 2026-06-06T06:09:28.340Z] Heartbeat returned 500 — Next.js may be warming up
[TICKER 2026-06-06T06:11:28.444Z] Heartbeat returned 500 — Next.js may be warming up
[TICKER 2026-06-06T06:13:28.444Z] Heartbeat returned 500 — Next.js may be warming up
[TICKER 2026-06-06T06:15:28.450Z] Heartbeat returned 500 — Next.js may be warming up
[TICKER 2026-06-06T06:17:28.519Z] Heartbeat returned 500 — Next.js may be warming up
[TICKER 2026-06-06T06:19:28.548Z] Heartbeat returned 500 — Next.js may be warming up
[TICKER 2026-06-06T06:21:28.571Z] Heartbeat returned 500 — Next.js may be warming up
[TICKER 2026-06-06T06:23:28.612Z] Heartbeat returned 500 — Next.js may be warming up
[TICKER 2026-06-06T06:25:28.621Z] Heartbeat returned 500 — Next.js may be warming up
[TICKER 2026-06-06T06:27:28.669Z] Heartbeat returned 500 — Next.js may be warming up
[TICKER 2026-06-06T06:29:28.764Z] Heartbeat returned 500 — Next.js may be warming up
[TICKER 2026-06-06T06:31:28.790Z] Heartbeat returned 500 — Next.js may be warming up
[TICKER 2026-06-06T06:33:28.818Z] Heartbeat returned 500 — Next.js may be warming up
[TICKER 2026-06-06T06:35:28.882Z] Heartbeat returned 500 — Next.js may be warming up
[TICKER 2026-06-06T06:37:28.986Z] Heartbeat returned 500 — Next.js may be warming up
[TICKER 2026-06-06T06:39:29.098Z] Heartbeat returned 500 — Next.js may be warming up
[TICKER 2026-06-06T06:41:29.064Z] Heartbeat returned 500 — Next.js may be warming up
[TICKER 2026-06-06T06:43:29.064Z] Heartbeat returned 500 — Next.js may be warming up
[TICKER 2026-06-06T06:45:29.094Z] Heartbeat returned 500 — Next.js may be warming up
[TICKER 2026-06-06T06:47:29.174Z] Heartbeat returned 500 — Next.js may be warming up
[TICKER 2026-06-06T06:49:29.181Z] Heartbeat returned 500 — Next.js may be warming up
[TICKER 2026-06-06T06:51:29.272Z] Heartbeat returned 500 — Next.js may be warming up
[TICKER 2026-06-06T06:53:29.357Z] Heartbeat returned 500 — Next.js may be warming up
[TICKER 2026-06-06T06:55:29.471Z] Heartbeat returned 500 — Next.js may be warming up
[TICKER 2026-06-06T06:57:29.537Z] Heartbeat returned 500 — Next.js may be warming up
[TICKER 2026-06-06T06:59:29.630Z] Heartbeat returned 500 — Next.js may be warming up
[TICKER 2026-06-06T07:01:29.730Z] Heartbeat returned 500 — Next.js may be warming up
[TICKER 2026-06-06T07:03:29.842Z] Heartbeat returned 500 — Next.js may be warming up
[TICKER 2026-06-06T07:05:29.907Z] Heartbeat returned 500 — Next.js may be warming up
[TICKER 2026-06-06T07:07:29.990Z] Heartbeat returned 500 — Next.js may be warming up
[TICKER 2026-06-06T07:09:30.128Z] Heartbeat returned 500 — Next.js may be warming up
[TICKER 2026-06-06T07:11:30.169Z] Heartbeat returned 500 — Next.js may be warming up
[TICKER 2026-06-06T07:13:30.227Z] Heartbeat returned 500 — Next.js may be warming up
[TICKER 2026-06-06T07:15:30.311Z] Heartbeat returned 500 — Next.js may be warming up
[TICKER 2026-06-06T07:17:30.384Z] Heartbeat returned 500 — Next.js may be warming up
[TICKER 2026-06-06T07:19:30.487Z] Heartbeat returned 500 — Next.js may be warming up
[TICKER 2026-06-06T07:21:30.555Z] Heartbeat returned 500 — Next.js may be warming up
[TICKER 2026-06-06T07:23:30.647Z] Heartbeat returned 500 — Next.js may be warming up
[TICKER 2026-06-06T07:25:30.658Z] Heartbeat returned 500 — Next.js may be warming up
[TICKER 2026-06-06T07:27:30.767Z] Heartbeat returned 500 — Next.js may be warming up
[TICKER 2026-06-06T07:29:30.825Z] Heartbeat returned 500 — Next.js may be warming up
[TICKER 2026-06-06T07:31:30.891Z] Heartbeat returned 500 — Next.js may be warming up
[TICKER 2026-06-06T07:33:30.990Z] Heartbeat returned 500 — Next.js may be warming up
[TICKER 2026-06-06T07:35:31.068Z] Heartbeat returned 500 — Next.js may be warming up
[TICKER 2026-06-06T07:37:31.127Z] Heartbeat returned 500 — Next.js may be warming up
[TICKER 2026-06-06T07:39:31.180Z] Heartbeat returned 500 — Next.js may be warming up
[TICKER 2026-06-06T07:41:31.259Z] Heartbeat returned 500 — Next.js may be warming up
[TICKER 2026-06-06T07:43:31.341Z] Heartbeat returned 500 — Next.js may be warming up
[TICKER 2026-06-06T07:45:31.377Z] Heartbeat returned 500 — Next.js may be warming up
[TICKER 2026-06-06T07:47:31.433Z] Heartbeat returned 500 — Next.js may be warming up
[TICKER 2026-06-06T07:49:31.533Z] Heartbeat returned 500 — Next.js may be warming up
[TICKER 2026-06-06T07:51:31.588Z] Heartbeat returned 500 — Next.js may be warming up
[TICKER 2026-06-06T23:14:17.136Z] Starting (PID 139378) — ticking every 120s
[TICKER 2026-06-06T23:14:17.275Z] Heartbeat OK (200)
[TICKER 2026-06-06T23:16:17.196Z] Heartbeat OK (200)
[TICKER 2026-06-06T23:18:17.201Z] Heartbeat OK (200)
[TICKER 2026-06-06T23:20:17.206Z] Heartbeat OK (200)
[TICKER 2026-06-06T23:22:17.209Z] Heartbeat OK (200)
[TICKER 2026-06-06T23:24:17.212Z] Heartbeat OK (200)
[TICKER 2026-06-06T23:26:17.217Z] Heartbeat OK (200)
[TICKER 2026-06-06T23:28:17.220Z] Heartbeat OK (200)
[TICKER 2026-06-06T23:30:17.224Z] Heartbeat OK (200)
[TICKER 2026-06-06T23:32:17.224Z] Heartbeat OK (200)
[TICKER 2026-06-06T23:34:17.226Z] Heartbeat OK (200)
[TICKER 2026-06-06T23:36:17.229Z] Heartbeat OK (200)
[TICKER 2026-06-06T23:38:17.233Z] Heartbeat OK (200)
[TICKER 2026-06-06T23:40:17.237Z] Heartbeat OK (200)
[TICKER 2026-06-06T23:42:17.240Z] Heartbeat OK (200)
[TICKER 2026-06-06T23:44:17.241Z] Heartbeat OK (200)
[TICKER 2026-06-06T23:46:17.245Z] Heartbeat OK (200)
[TICKER 2026-06-06T23:48:17.251Z] Heartbeat OK (200)
[TICKER 2026-06-06T23:50:17.252Z] Heartbeat OK (200)
[TICKER 2026-06-06T23:52:17.254Z] Heartbeat OK (200)
[TICKER 2026-06-06T23:54:17.255Z] Heartbeat OK (200)
[TICKER 2026-06-06T23:56:17.261Z] Heartbeat OK (200)
[TICKER 2026-06-06T23:58:17.266Z] Heartbeat OK (200)
[TICKER 2026-06-07T00:00:17.271Z] Heartbeat OK (200)
[TICKER 2026-06-07T00:02:17.271Z] Heartbeat OK (200)
[TICKER 2026-06-07T00:04:17.270Z] Heartbeat OK (200)
[TICKER 2026-06-07T00:06:17.278Z] Heartbeat OK (200)
[TICKER 2026-06-07T00:08:17.284Z] Heartbeat OK (200)
[TICKER 2026-06-07T00:10:17.284Z] Heartbeat OK (200)
[TICKER 2026-06-07T00:12:17.287Z] Heartbeat OK (200)
[TICKER 2026-06-07T00:14:17.287Z] Heartbeat OK (200)
[TICKER 2026-06-07T00:16:17.298Z] Heartbeat OK (200)
[TICKER 2026-06-07T00:18:17.299Z] Heartbeat OK (200)
[TICKER 2026-06-07T00:20:17.301Z] Heartbeat OK (200)
[TICKER 2026-06-07T00:22:17.303Z] Heartbeat OK (200)
[TICKER 2026-06-07T00:24:17.304Z] Heartbeat OK (200)
[TICKER 2026-06-07T00:26:17.311Z] Heartbeat OK (200)
[TICKER 2026-06-07T00:28:17.315Z] Heartbeat OK (200)
[TICKER 2026-06-07T00:30:17.318Z] Heartbeat OK (200)
[TICKER 2026-06-07T00:32:17.323Z] Heartbeat OK (200)
[TICKER 2026-06-07T00:34:17.322Z] Heartbeat OK (200)
[TICKER 2026-06-07T00:36:17.331Z] Heartbeat OK (200)
[TICKER 2026-06-07T00:38:17.335Z] Heartbeat OK (200)
[TICKER 2026-06-07T00:40:17.339Z] Heartbeat OK (200)
[TICKER 2026-06-07T00:42:17.340Z] Heartbeat OK (200)
[TICKER 2026-06-07T00:44:17.342Z] Heartbeat OK (200)
[TICKER 2026-06-07T00:46:17.349Z] Heartbeat OK (200)
[TICKER 2026-06-07T00:48:17.350Z] Heartbeat OK (200)
[TICKER 2026-06-07T00:50:17.353Z] Heartbeat OK (200)
[TICKER 2026-06-07T00:52:17.356Z] Heartbeat OK (200)
[TICKER 2026-06-07T00:54:17.357Z] Heartbeat OK (200)
[TICKER 2026-06-07T00:56:17.364Z] Heartbeat OK (200)
[TICKER 2026-06-07T00:58:17.364Z] Heartbeat unreachable: fetch failed
[TICKER 2026-06-07T01:00:17.366Z] Heartbeat unreachable: fetch failed
[TICKER 2026-06-07T01:02:17.376Z] Heartbeat OK (200)
[TICKER 2026-06-07T01:04:17.377Z] Heartbeat OK (200)
[TICKER 2026-06-07T01:06:17.379Z] Heartbeat OK (200)
[TICKER 2026-06-07T01:08:17.380Z] Heartbeat OK (200)
[TICKER 2026-06-07T01:10:17.386Z] Heartbeat OK (200)
[TICKER 2026-06-07T01:12:17.387Z] Heartbeat OK (200)
[TICKER 2026-06-07T01:14:17.388Z] Heartbeat OK (200)
[TICKER 2026-06-07T01:16:17.394Z] Heartbeat OK (200)
[TICKER 2026-06-07T01:18:17.402Z] Heartbeat OK (200)
[TICKER 2026-06-07T01:20:17.406Z] Heartbeat OK (200)
[TICKER 2026-06-07T01:22:17.411Z] Heartbeat OK (200)
[TICKER 2026-06-07T01:24:17.412Z] Heartbeat OK (200)
[TICKER 2026-06-07T01:26:17.418Z] Heartbeat OK (200)
[TICKER 2026-06-07T01:28:17.425Z] Heartbeat OK (200)
[TICKER 2026-06-07T01:30:17.430Z] Heartbeat OK (200)
[TICKER 2026-06-07T01:32:17.433Z] Heartbeat OK (200)
[TICKER 2026-06-07T01:34:17.435Z] Heartbeat OK (200)
[TICKER 2026-06-07T01:36:17.444Z] Heartbeat OK (200)
[TICKER 2026-06-07T01:38:17.450Z] Heartbeat OK (200)
[TICKER 2026-06-07T01:40:17.455Z] Heartbeat OK (200)
[TICKER 2026-06-07T01:42:17.458Z] Heartbeat OK (200)
[TICKER 2026-06-07T01:44:17.460Z] Heartbeat OK (200)
[TICKER 2026-06-07T01:46:17.469Z] Heartbeat OK (200)
[TICKER 2026-06-07T01:48:17.473Z] Heartbeat OK (200)
[TICKER 2026-06-07T01:50:17.476Z] Heartbeat OK (200)
[TICKER 2026-06-07T01:52:17.480Z] Heartbeat OK (200)
[TICKER 2026-06-07T01:54:17.482Z] Heartbeat OK (200)
[TICKER 2026-06-07T01:56:17.489Z] Heartbeat OK (200)
[TICKER 2026-06-07T01:58:17.496Z] Heartbeat OK (200)
[TICKER 2026-06-07T02:00:17.502Z] Heartbeat OK (200)
[TICKER 2026-06-07T02:02:17.505Z] Heartbeat OK (200)
[TICKER 2026-06-07T02:04:17.506Z] Heartbeat OK (200)
[TICKER 2026-06-07T02:06:17.514Z] Heartbeat OK (200)
[TICKER 2026-06-07T02:08:17.522Z] Heartbeat OK (200)
[TICKER 2026-06-07T02:10:17.526Z] Heartbeat OK (200)
[TICKER 2026-06-07T02:12:17.528Z] Heartbeat OK (200)
[TICKER 2026-06-07T02:14:17.529Z] Heartbeat OK (200)
[TICKER 2026-06-07T02:16:17.529Z] Heartbeat OK (200)
[TICKER 2026-06-07T02:18:17.535Z] Heartbeat OK (200)
[TICKER 2026-06-07T02:20:17.541Z] Heartbeat OK (200)
[TICKER 2026-06-07T02:22:17.545Z] Heartbeat OK (200)
[TICKER 2026-06-07T02:24:17.547Z] Heartbeat OK (200)
[TICKER 2026-06-07T02:26:17.548Z] Heartbeat OK (200)
[TICKER 2026-06-07T02:28:17.554Z] Heartbeat OK (200)
[TICKER 2026-06-07T02:30:17.558Z] Heartbeat OK (200)
[TICKER 2026-06-07T02:32:17.561Z] Heartbeat OK (200)
[TICKER 2026-06-07T02:34:17.563Z] Heartbeat OK (200)
[TICKER 2026-06-07T02:36:17.565Z] Heartbeat OK (200)
[TICKER 2026-06-07T02:38:17.571Z] Heartbeat OK (200)
[TICKER 2026-06-07T02:40:17.575Z] Heartbeat OK (200)
[TICKER 2026-06-07T02:42:17.581Z] Heartbeat OK (200)
[TICKER 2026-06-07T02:44:17.583Z] Heartbeat OK (200)
[TICKER 2026-06-07T02:46:17.585Z] Heartbeat OK (200)
[TICKER 2026-06-07T02:48:17.590Z] Heartbeat OK (200)
[TICKER 2026-06-07T02:50:17.595Z] Heartbeat OK (200)
[TICKER 2026-06-07T02:52:17.599Z] Heartbeat OK (200)
[TICKER 2026-06-07T02:54:17.600Z] Heartbeat OK (200)
[TICKER 2026-06-07T02:56:17.600Z] Heartbeat OK (200)
[TICKER 2026-06-07T02:58:17.607Z] Heartbeat OK (200)
[TICKER 2026-06-07T03:00:17.614Z] Heartbeat OK (200)
[TICKER 2026-06-07T03:02:17.616Z] Heartbeat OK (200)
[TICKER 2026-06-07T03:04:17.618Z] Heartbeat OK (200)
[TICKER 2026-06-07T03:06:17.618Z] Heartbeat OK (200)
[TICKER 2026-06-07T03:08:17.627Z] Heartbeat OK (200)
[TICKER 2026-06-07T03:10:17.633Z] Heartbeat OK (200)
[TICKER 2026-06-07T03:12:17.634Z] Heartbeat OK (200)
[TICKER 2026-06-07T03:14:17.635Z] Heartbeat OK (200)
[TICKER 2026-06-07T03:16:17.636Z] Heartbeat OK (200)
[TICKER 2026-06-07T03:18:17.643Z] Heartbeat OK (200)
[TICKER 2026-06-07T03:20:17.647Z] Heartbeat OK (200)
[TICKER 2026-06-07T03:22:17.651Z] Heartbeat OK (200)
[TICKER 2026-06-07T03:24:17.655Z] Heartbeat OK (200)
[TICKER 2026-06-07T03:26:17.655Z] Heartbeat OK (200)
[TICKER 2026-06-07T03:28:17.661Z] Heartbeat OK (200)
[TICKER 2026-06-07T03:30:17.667Z] Heartbeat OK (200)
[TICKER 2026-06-07T03:32:17.672Z] Heartbeat OK (200)
[TICKER 2026-06-07T03:34:17.674Z] Heartbeat OK (200)
[TICKER 2026-06-07T03:36:17.674Z] Heartbeat OK (200)
[TICKER 2026-06-07T03:38:17.674Z] Heartbeat OK (200)
[TICKER 2026-06-07T03:40:17.682Z] Heartbeat OK (200)
[TICKER 2026-06-07T03:42:17.685Z] Heartbeat OK (200)
[TICKER 2026-06-07T03:44:17.687Z] Heartbeat OK (200)
[TICKER 2026-06-07T03:46:17.689Z] Heartbeat OK (200)
[TICKER 2026-06-07T03:48:17.695Z] Heartbeat OK (200)
[TICKER 2026-06-07T03:50:17.702Z] Heartbeat OK (200)
[TICKER 2026-06-07T03:52:17.707Z] Heartbeat OK (200)
[TICKER 2026-06-07T03:54:17.710Z] Heartbeat OK (200)
[TICKER 2026-06-07T03:56:17.712Z] Heartbeat OK (200)
[TICKER 2026-06-07T03:58:17.718Z] Heartbeat OK (200)
[TICKER 2026-06-07T04:00:17.724Z] Heartbeat OK (200)
[TICKER 2026-06-07T04:02:17.729Z] Heartbeat OK (200)
[TICKER 2026-06-07T04:04:17.732Z] Heartbeat OK (200)
[TICKER 2026-06-07T04:06:17.735Z] Heartbeat OK (200)
[TICKER 2026-06-07T04:08:17.741Z] Heartbeat OK (200)
[TICKER 2026-06-07T04:10:17.748Z] Heartbeat OK (200)
[TICKER 2026-06-07T04:12:17.754Z] Heartbeat OK (200)
[TICKER 2026-06-07T04:14:17.756Z] Heartbeat OK (200)
[TICKER 2026-06-07T04:16:17.756Z] Heartbeat OK (200)
[TICKER 2026-06-07T04:18:17.764Z] Heartbeat OK (200)
[TICKER 2026-06-08T00:10:22.158Z] Starting (PID 221830) — ticking every 120s
[TICKER 2026-06-08T00:10:22.370Z] Heartbeat OK (200)
[TICKER 2026-06-08T00:11:37.237Z] Heartbeat OK (200)
[TICKER 2026-06-08T00:12:22.218Z] Heartbeat OK (200)
[TICKER 2026-06-08T00:13:37.239Z] Heartbeat OK (200)
[TICKER 2026-06-08T00:14:22.222Z] Heartbeat OK (200)
[TICKER 2026-06-08T00:15:37.242Z] Heartbeat OK (200)
[TICKER 2026-06-08T00:16:22.226Z] Heartbeat OK (200)
[TICKER 2026-06-08T00:17:37.243Z] Heartbeat OK (200)
[TICKER 2026-06-08T00:18:22.228Z] Heartbeat OK (200)
[TICKER 2026-06-08T00:19:37.251Z] Heartbeat OK (200)
[TICKER 2026-06-08T00:20:22.227Z] Heartbeat OK (200)
[TICKER 2026-06-08T00:21:37.256Z] Heartbeat OK (200)
[TICKER 2026-06-08T00:22:22.234Z] Heartbeat OK (200)
[TICKER 2026-06-08T00:23:37.260Z] Heartbeat OK (200)
[TICKER 2026-06-08T00:24:22.237Z] Heartbeat OK (200)
[TICKER 2026-06-08T00:25:37.262Z] Heartbeat OK (200)
[TICKER 2026-06-08T00:26:22.238Z] Heartbeat OK (200)
[TICKER 2026-06-08T00:27:37.263Z] Heartbeat OK (200)
[TICKER 2026-06-08T00:28:22.241Z] Heartbeat OK (200)
[TICKER 2026-06-08T00:29:37.271Z] Heartbeat OK (200)
[TICKER 2026-06-08T00:30:22.239Z] Heartbeat OK (200)
[TICKER 2026-06-08T00:31:37.277Z] Heartbeat OK (200)
[TICKER 2026-06-08T00:32:22.245Z] Heartbeat OK (200)
[TICKER 2026-06-08T00:33:37.280Z] Heartbeat OK (200)
[TICKER 2026-06-08T00:34:22.252Z] Heartbeat OK (200)
[TICKER 2026-06-08T00:35:37.285Z] Heartbeat OK (200)
[TICKER 2026-06-08T00:36:22.259Z] Heartbeat OK (200)
[TICKER 2026-06-08T00:37:37.282Z] Heartbeat OK (200)
[TICKER 2026-06-08T00:38:22.264Z] Heartbeat OK (200)
[TICKER 2026-06-08T00:39:37.290Z] Heartbeat OK (200)
[TICKER 2026-06-08T00:40:22.504Z] Heartbeat OK (200)
[TICKER 2026-06-08T00:41:37.298Z] Heartbeat OK (200)
[TICKER 2026-06-08T00:42:22.269Z] Heartbeat OK (200)
[TICKER 2026-06-08T00:43:37.300Z] Heartbeat OK (200)
[TICKER 2026-06-08T00:44:22.268Z] Heartbeat OK (200)
[TICKER 2026-06-08T00:45:37.544Z] Heartbeat returned 500 — Next.js may be warming up
[TICKER 2026-06-08T00:46:22.265Z] Heartbeat unreachable: fetch failed
[TICKER 2026-06-08T00:47:37.304Z] Heartbeat OK (200)
[TICKER 2026-06-08T00:48:22.273Z] Heartbeat OK (200)
[TICKER 2026-06-08T00:49:37.312Z] Heartbeat OK (200)
[TICKER 2026-06-08T00:50:22.273Z] Heartbeat OK (200)
[TICKER 2026-06-08T00:51:37.316Z] Heartbeat OK (200)
[TICKER 2026-06-08T00:52:22.279Z] Heartbeat OK (200)
[TICKER 2026-06-08T00:53:37.327Z] Heartbeat OK (200)
[TICKER 2026-06-08T00:54:22.284Z] Heartbeat OK (200)
[TICKER 2026-06-08T00:55:37.333Z] Heartbeat OK (200)
[TICKER 2026-06-08T00:56:22.287Z] Heartbeat OK (200)
[TICKER 2026-06-08T00:57:37.329Z] Heartbeat OK (200)
[TICKER 2026-06-08T00:58:22.290Z] Heartbeat OK (200)
[TICKER 2026-06-08T00:59:37.335Z] Heartbeat OK (200)
[TICKER 2026-06-08T01:00:22.291Z] Heartbeat OK (200)
[TICKER 2026-06-08T01:01:37.337Z] Heartbeat OK (200)
[TICKER 2026-06-08T01:02:22.298Z] Heartbeat OK (200)
[TICKER 2026-06-08T01:03:37.340Z] Heartbeat OK (200)
[TICKER 2026-06-08T01:04:22.303Z] Heartbeat OK (200)
[TICKER 2026-06-08T01:05:37.344Z] Heartbeat OK (200)
[TICKER 2026-06-08T01:06:22.306Z] Heartbeat OK (200)
[TICKER 2026-06-08T01:07:37.344Z] Heartbeat OK (200)
[TICKER 2026-06-08T01:08:22.310Z] Heartbeat OK (200)
[TICKER 2026-06-08T01:09:37.351Z] Heartbeat OK (200)
[TICKER 2026-06-08T01:10:22.309Z] Heartbeat OK (200)
[TICKER 2026-06-08T01:11:37.359Z] Heartbeat OK (200)
[TICKER 2026-06-08T01:12:22.316Z] Heartbeat OK (200)
[TICKER 2026-06-08T01:13:37.364Z] Heartbeat OK (200)
[TICKER 2026-06-08T01:14:22.320Z] Heartbeat OK (200)
[TICKER 2026-06-08T01:15:37.367Z] Heartbeat OK (200)
[TICKER 2026-06-08T01:16:22.324Z] Heartbeat OK (200)
[TICKER 2026-06-08T01:17:37.368Z] Heartbeat OK (200)
[TICKER 2026-06-08T01:18:22.324Z] Heartbeat OK (200)
[TICKER 2026-06-08T01:19:37.376Z] Heartbeat OK (200)
[TICKER 2026-06-08T01:20:22.325Z] Heartbeat OK (200)
[TICKER 2026-06-08T01:21:37.383Z] Heartbeat OK (200)
[TICKER 2026-06-08T01:22:22.333Z] Heartbeat OK (200)
[TICKER 2026-06-08T01:23:37.388Z] Heartbeat OK (200)
[TICKER 2026-06-08T01:24:22.338Z] Heartbeat OK (200)
[TICKER 2026-06-08T01:25:37.394Z] Heartbeat OK (200)
[TICKER 2026-06-08T01:26:22.343Z] Heartbeat OK (200)
[TICKER 2026-06-08T01:27:37.395Z] Heartbeat OK (200)
[TICKER 2026-06-08T01:28:22.344Z] Heartbeat OK (200)
[TICKER 2026-06-08T01:29:37.398Z] Heartbeat OK (200)
[TICKER 2026-06-08T01:30:22.345Z] Heartbeat OK (200)
[TICKER 2026-06-08T01:31:37.403Z] Heartbeat OK (200)
[TICKER 2026-06-08T01:32:22.353Z] Heartbeat OK (200)
[TICKER 2026-06-08T01:33:37.407Z] Heartbeat OK (200)
[TICKER 2026-06-08T01:34:22.359Z] Heartbeat OK (200)
[TICKER 2026-06-08T01:35:37.411Z] Heartbeat OK (200)
[TICKER 2026-06-08T01:36:22.363Z] Heartbeat OK (200)
[TICKER 2026-06-08T01:37:37.415Z] Heartbeat OK (200)
[TICKER 2026-06-08T01:38:22.367Z] Heartbeat OK (200)
[TICKER 2026-06-08T01:39:37.414Z] Heartbeat OK (200)
[TICKER 2026-06-08T01:40:22.367Z] Heartbeat OK (200)
[TICKER 2026-06-08T01:41:37.421Z] Heartbeat OK (200)
[TICKER 2026-06-08T01:42:22.374Z] Heartbeat OK (200)
[TICKER 2026-06-08T01:43:37.426Z] Heartbeat OK (200)
[TICKER 2026-06-08T01:44:22.380Z] Heartbeat OK (200)
[TICKER 2026-06-08T01:45:37.429Z] Heartbeat OK (200)
[TICKER 2026-06-08T01:46:22.384Z] Heartbeat OK (200)
[TICKER 2026-06-08T01:47:37.431Z] Heartbeat OK (200)
[TICKER 2026-06-08T01:48:22.386Z] Heartbeat OK (200)
[TICKER 2026-06-08T01:49:37.432Z] Heartbeat OK (200)
[TICKER 2026-06-08T01:50:22.387Z] Heartbeat OK (200)
[TICKER 2026-06-08T01:51:37.438Z] Heartbeat OK (200)
[TICKER 2026-06-08T01:52:22.395Z] Heartbeat OK (200)
[TICKER 2026-06-08T01:53:37.443Z] Heartbeat OK (200)
[TICKER 2026-06-08T01:54:22.399Z] Heartbeat OK (200)
[TICKER 2026-06-08T01:55:37.446Z] Heartbeat OK (200)
[TICKER 2026-06-08T01:56:22.406Z] Heartbeat OK (200)
[TICKER 2026-06-08T01:57:37.444Z] Heartbeat OK (200)
[TICKER 2026-06-08T01:58:22.404Z] Heartbeat OK (200)
[TICKER 2026-06-08T01:59:37.448Z] Heartbeat OK (200)
[TICKER 2026-06-08T02:00:22.406Z] Heartbeat OK (200)
[TICKER 2026-06-08T02:01:37.452Z] Heartbeat OK (200)
[TICKER 2026-06-08T02:02:22.414Z] Heartbeat OK (200)
[TICKER 2026-06-08T02:03:37.458Z] Heartbeat OK (200)
[TICKER 2026-06-08T02:04:22.418Z] Heartbeat OK (200)
[TICKER 2026-06-08T02:05:37.460Z] Heartbeat OK (200)
[TICKER 2026-06-08T02:06:22.423Z] Heartbeat OK (200)
[TICKER 2026-06-08T02:07:37.462Z] Heartbeat OK (200)
[TICKER 2026-06-08T02:08:22.427Z] Heartbeat OK (200)
[TICKER 2026-06-08T02:09:37.463Z] Heartbeat OK (200)
[TICKER 2026-06-08T02:10:22.428Z] Heartbeat OK (200)
[TICKER 2026-06-08T02:11:37.469Z] Heartbeat OK (200)
[TICKER 2026-06-08T02:12:22.437Z] Heartbeat OK (200)
[TICKER 2026-06-08T02:13:37.473Z] Heartbeat OK (200)
[TICKER 2026-06-08T02:14:22.441Z] Heartbeat OK (200)
[TICKER 2026-06-08T02:15:37.475Z] Heartbeat OK (200)
[TICKER 2026-06-08T02:16:22.445Z] Heartbeat OK (200)
[TICKER 2026-06-08T02:17:37.477Z] Heartbeat OK (200)
[TICKER 2026-06-08T02:18:22.448Z] Heartbeat OK (200)
[TICKER 2026-06-08T02:19:37.477Z] Heartbeat OK (200)
[TICKER 2026-06-08T02:20:22.450Z] Heartbeat OK (200)
[TICKER 2026-06-08T02:21:37.484Z] Heartbeat OK (200)
[TICKER 2026-06-08T02:22:22.457Z] Heartbeat OK (200)
[TICKER 2026-06-08T02:23:37.488Z] Heartbeat OK (200)
[TICKER 2026-06-08T02:24:22.464Z] Heartbeat OK (200)
[TICKER 2026-06-08T02:25:37.491Z] Heartbeat OK (200)
[TICKER 2026-06-08T02:26:22.468Z] Heartbeat OK (200)
[TICKER 2026-06-08T02:27:37.494Z] Heartbeat OK (200)
[TICKER 2026-06-08T02:28:22.470Z] Heartbeat OK (200)
[TICKER 2026-06-08T02:29:37.493Z] Heartbeat OK (200)
[TICKER 2026-06-08T02:30:22.473Z] Heartbeat OK (200)
[TICKER 2026-06-08T02:31:37.499Z] Heartbeat OK (200)
[TICKER 2026-06-08T02:32:22.478Z] Heartbeat OK (200)
[TICKER 2026-06-08T02:33:37.501Z] Heartbeat OK (200)
[TICKER 2026-06-08T02:34:22.486Z] Heartbeat OK (200)
[TICKER 2026-06-08T02:35:37.503Z] Heartbeat OK (200)
[TICKER 2026-06-08T02:36:22.490Z] Heartbeat OK (200)
[TICKER 2026-06-08T02:37:37.508Z] Heartbeat OK (200)
[TICKER 2026-06-08T02:38:22.493Z] Heartbeat OK (200)
[TICKER 2026-06-08T02:39:37.506Z] Heartbeat OK (200)
[TICKER 2026-06-08T02:40:22.495Z] Heartbeat OK (200)
[TICKER 2026-06-08T02:41:37.513Z] Heartbeat OK (200)
[TICKER 2026-06-08T02:42:22.503Z] Heartbeat OK (200)
[TICKER 2026-06-08T02:43:37.519Z] Heartbeat OK (200)
[TICKER 2026-06-08T02:44:22.512Z] Heartbeat OK (200)
[TICKER 2026-06-08T02:45:37.521Z] Heartbeat OK (200)
[TICKER 2026-06-08T02:46:22.514Z] Heartbeat OK (200)
[TICKER 2026-06-08T02:47:37.523Z] Heartbeat OK (200)
[TICKER 2026-06-08T02:48:22.517Z] Heartbeat OK (200)
[TICKER 2026-06-08T02:49:37.524Z] Heartbeat OK (200)
[TICKER 2026-06-08T02:50:22.519Z] Heartbeat OK (200)
[TICKER 2026-06-08T02:51:37.530Z] Heartbeat OK (200)
[TICKER 2026-06-08T02:52:22.528Z] Heartbeat OK (200)
[TICKER 2026-06-08T02:53:37.537Z] Heartbeat OK (200)
[TICKER 2026-06-08T02:54:22.537Z] Heartbeat OK (200)
[TICKER 2026-06-08T02:55:37.539Z] Heartbeat OK (200)
[TICKER 2026-06-08T02:56:22.543Z] Heartbeat OK (200)
[TICKER 2026-06-08T02:57:37.541Z] Heartbeat OK (200)
[TICKER 2026-06-08T02:58:22.541Z] Heartbeat OK (200)
[TICKER 2026-06-08T02:59:37.545Z] Heartbeat OK (200)
[TICKER 2026-06-08T03:00:22.541Z] Heartbeat OK (200)
[TICKER 2026-06-08T03:01:37.552Z] Heartbeat OK (200)
[TICKER 2026-06-08T03:02:22.541Z] Heartbeat OK (200)
[TICKER 2026-06-08T03:03:37.556Z] Heartbeat OK (200)
[TICKER 2026-06-08T03:04:22.547Z] Heartbeat OK (200)
[TICKER 2026-06-08T03:05:37.558Z] Heartbeat OK (200)
[TICKER 2026-06-08T03:06:22.555Z] Heartbeat OK (200)
[TICKER 2026-06-08T03:07:37.561Z] Heartbeat OK (200)
[TICKER 2026-06-08T03:08:22.557Z] Heartbeat OK (200)
[TICKER 2026-06-08T03:09:37.561Z] Heartbeat OK (200)
[TICKER 2026-06-08T03:10:22.558Z] Heartbeat OK (200)
[TICKER 2026-06-08T03:11:37.568Z] Heartbeat OK (200)
[TICKER 2026-06-08T03:12:22.559Z] Heartbeat OK (200)
[TICKER 2026-06-08T03:13:37.570Z] Heartbeat OK (200)
[TICKER 2026-06-08T03:14:22.566Z] Heartbeat OK (200)
[TICKER 2026-06-08T03:15:37.572Z] Heartbeat OK (200)
[TICKER 2026-06-08T03:16:22.571Z] Heartbeat OK (200)
[TICKER 2026-06-08T03:17:37.578Z] Heartbeat OK (200)
[TICKER 2026-06-08T03:18:22.576Z] Heartbeat OK (200)
[TICKER 2026-06-08T03:19:37.577Z] Heartbeat OK (200)
[TICKER 2026-06-08T03:20:22.578Z] Heartbeat OK (200)
[TICKER 2026-06-08T03:21:37.585Z] Heartbeat OK (200)
[TICKER 2026-06-08T03:22:22.577Z] Heartbeat OK (200)
[TICKER 2026-06-08T03:23:37.590Z] Heartbeat OK (200)
[TICKER 2026-06-08T03:24:22.589Z] Heartbeat OK (200)
[TICKER 2026-06-08T03:25:37.595Z] Heartbeat OK (200)
[TICKER 2026-06-08T03:26:22.590Z] Heartbeat OK (200)
[TICKER 2026-06-08T03:27:37.596Z] Heartbeat OK (200)
[TICKER 2026-06-08T03:28:22.595Z] Heartbeat OK (200)
[TICKER 2026-06-08T03:29:37.599Z] Heartbeat OK (200)
[TICKER 2026-06-08T03:30:22.596Z] Heartbeat OK (200)
[TICKER 2026-06-08T03:31:37.605Z] Heartbeat OK (200)
[TICKER 2026-06-08T03:32:22.597Z] Heartbeat OK (200)
[TICKER 2026-06-08T03:33:37.610Z] Heartbeat OK (200)
[TICKER 2026-06-08T03:34:22.603Z] Heartbeat OK (200)
[TICKER 2026-06-08T03:35:37.615Z] Heartbeat OK (200)
[TICKER 2026-06-08T03:36:22.609Z] Heartbeat OK (200)
[TICKER 2026-06-08T03:37:37.618Z] Heartbeat OK (200)
[TICKER 2026-06-08T03:38:22.612Z] Heartbeat OK (200)
[TICKER 2026-06-08T03:39:37.619Z] Heartbeat OK (200)
[TICKER 2026-06-08T03:40:22.613Z] Heartbeat OK (200)
[TICKER 2026-06-08T03:41:37.626Z] Heartbeat OK (200)
[TICKER 2026-06-08T03:42:22.614Z] Heartbeat OK (200)
[TICKER 2026-06-08T03:43:37.633Z] Heartbeat OK (200)
[TICKER 2026-06-08T03:44:22.621Z] Heartbeat OK (200)
[TICKER 2026-06-08T03:45:37.637Z] Heartbeat OK (200)
[TICKER 2026-06-08T03:46:22.626Z] Heartbeat OK (200)
[TICKER 2026-06-08T03:47:37.641Z] Heartbeat OK (200)
[TICKER 2026-06-08T03:48:22.630Z] Heartbeat OK (200)
[TICKER 2026-06-08T03:49:37.641Z] Heartbeat OK (200)
[TICKER 2026-06-08T03:50:22.633Z] Heartbeat OK (200)
[TICKER 2026-06-08T03:51:37.650Z] Heartbeat OK (200)
[TICKER 2026-06-08T03:52:22.634Z] Heartbeat OK (200)
[TICKER 2026-06-08T03:53:37.656Z] Heartbeat OK (200)
[TICKER 2026-06-08T03:54:22.640Z] Heartbeat OK (200)
[TICKER 2026-06-08T03:55:37.660Z] Heartbeat OK (200)
[TICKER 2026-06-08T03:56:22.647Z] Heartbeat OK (200)
[TICKER 2026-06-08T03:57:37.661Z] Heartbeat OK (200)
[TICKER 2026-06-08T03:58:22.652Z] Heartbeat OK (200)
[TICKER 2026-06-08T03:59:37.663Z] Heartbeat OK (200)
[TICKER 2026-06-08T04:00:22.654Z] Heartbeat OK (200)
[TICKER 2026-06-08T04:01:37.670Z] Heartbeat OK (200)
[TICKER 2026-06-08T04:02:22.653Z] Heartbeat OK (200)
[TICKER 2026-06-08T04:03:37.677Z] Heartbeat OK (200)
[TICKER 2026-06-08T04:04:22.662Z] Heartbeat OK (200)
[TICKER 2026-06-08T04:05:37.684Z] Heartbeat OK (200)
[TICKER 2026-06-08T04:06:22.668Z] Heartbeat OK (200)
[TICKER 2026-06-08T04:07:37.686Z] Heartbeat OK (200)
[TICKER 2026-06-08T04:08:22.671Z] Heartbeat OK (200)
[TICKER 2026-06-08T04:09:37.686Z] Heartbeat OK (200)
[TICKER 2026-06-08T04:10:22.673Z] Heartbeat OK (200)
[TICKER 2026-06-08T04:11:37.694Z] Heartbeat OK (200)
[TICKER 2026-06-08T04:12:22.675Z] Heartbeat OK (200)
[TICKER 2026-06-08T04:13:37.700Z] Heartbeat OK (200)
[TICKER 2026-06-08T04:14:22.682Z] Heartbeat OK (200)
[TICKER 2026-06-08T04:15:37.705Z] Heartbeat OK (200)
[TICKER 2026-06-08T04:16:22.685Z] Heartbeat OK (200)
[TICKER 2026-06-08T04:17:37.707Z] Heartbeat OK (200)
[TICKER 2026-06-08T04:18:22.690Z] Heartbeat OK (200)
[TICKER 2026-06-08T04:19:37.710Z] Heartbeat OK (200)
[TICKER 2026-06-08T04:20:22.692Z] Heartbeat OK (200)
[TICKER 2026-06-08T04:21:37.717Z] Heartbeat OK (200)
[TICKER 2026-06-08T04:22:22.692Z] Heartbeat OK (200)
[TICKER 2026-06-08T04:23:37.725Z] Heartbeat OK (200)
[TICKER 2026-06-08T04:24:22.693Z] Heartbeat OK (200)
[TICKER 2026-06-08T04:25:37.724Z] Heartbeat OK (200)
[TICKER 2026-06-08T04:26:22.699Z] Heartbeat OK (200)
[TICKER 2026-06-08T04:27:37.729Z] Heartbeat OK (200)
[TICKER 2026-06-08T04:28:22.703Z] Heartbeat OK (200)
[TICKER 2026-06-08T04:29:37.730Z] Heartbeat OK (200)
[TICKER 2026-06-08T04:30:22.706Z] Heartbeat OK (200)
[TICKER 2026-06-08T04:31:37.729Z] Heartbeat OK (200)
[TICKER 2026-06-08T04:32:22.706Z] Heartbeat OK (200)
[TICKER 2026-06-08T04:33:37.729Z] Heartbeat OK (200)
[TICKER 2026-06-08T04:34:22.716Z] Heartbeat OK (200)
[TICKER 2026-06-08T04:35:37.735Z] Heartbeat OK (200)
[TICKER 2026-06-08T04:36:22.720Z] Heartbeat OK (200)
[TICKER 2026-06-08T04:37:37.739Z] Heartbeat OK (200)
[TICKER 2026-06-08T04:38:22.725Z] Heartbeat OK (200)
[TICKER 2026-06-08T04:39:37.739Z] Heartbeat OK (200)
[TICKER 2026-06-08T04:40:22.727Z] Heartbeat OK (200)
[TICKER 2026-06-08T04:41:37.739Z] Heartbeat OK (200)
[TICKER 2026-06-08T04:42:22.729Z] Heartbeat OK (200)
[TICKER 2026-06-08T04:43:37.746Z] Heartbeat OK (200)
[TICKER 2026-06-08T04:44:22.738Z] Heartbeat OK (200)
[TICKER 2026-06-08T04:45:37.750Z] Heartbeat OK (200)
[TICKER 2026-06-08T04:46:22.743Z] Heartbeat OK (200)
[TICKER 2026-06-08T04:47:37.753Z] Heartbeat OK (200)
[TICKER 2026-06-08T04:48:22.745Z] Heartbeat OK (200)
[TICKER 2026-06-08T04:49:37.757Z] Heartbeat OK (200)
[TICKER 2026-06-08T04:50:22.749Z] Heartbeat OK (200)
[TICKER 2026-06-08T04:51:37.756Z] Heartbeat OK (200)
[TICKER 2026-06-08T04:52:22.751Z] Heartbeat OK (200)
[TICKER 2026-06-08T04:53:37.763Z] Heartbeat OK (200)
[TICKER 2026-06-08T04:54:22.756Z] Heartbeat OK (200)
[TICKER 2026-06-08T04:55:37.768Z] Heartbeat OK (200)
[TICKER 2026-06-08T04:56:22.764Z] Heartbeat OK (200)
[TICKER 2026-06-08T04:57:37.772Z] Heartbeat OK (200)
[TICKER 2026-06-08T04:58:22.767Z] Heartbeat OK (200)
[TICKER 2026-06-08T04:59:37.774Z] Heartbeat OK (200)
[TICKER 2026-06-08T05:00:22.771Z] Heartbeat OK (200)
[TICKER 2026-06-08T05:01:37.774Z] Heartbeat OK (200)
[TICKER 2026-06-08T05:02:22.772Z] Heartbeat OK (200)
[TICKER 2026-06-08T05:03:37.780Z] Heartbeat OK (200)
[TICKER 2026-06-08T05:04:22.779Z] Heartbeat OK (200)
[TICKER 2026-06-08T05:05:37.786Z] Heartbeat OK (200)
[TICKER 2026-06-08T05:06:22.786Z] Heartbeat OK (200)
[TICKER 2026-06-08T05:07:37.790Z] Heartbeat OK (200)
[TICKER 2026-06-08T05:08:22.790Z] Heartbeat OK (200)
[TICKER 2026-06-08T05:09:37.792Z] Heartbeat OK (200)
[TICKER 2026-06-08T05:10:22.795Z] Heartbeat OK (200)
[TICKER 2026-06-08T05:11:37.793Z] Heartbeat OK (200)
[TICKER 2026-06-08T05:12:22.795Z] Heartbeat OK (200)
[TICKER 2026-06-08T05:13:37.798Z] Heartbeat OK (200)
[TICKER 2026-06-08T05:14:22.804Z] Heartbeat OK (200)
[TICKER 2026-06-08T05:15:37.805Z] Heartbeat OK (200)
[TICKER 2026-06-08T05:16:22.811Z] Heartbeat OK (200)
[TICKER 2026-06-08T05:17:37.809Z] Heartbeat OK (200)
[TICKER 2026-06-08T05:18:22.816Z] Heartbeat OK (200)
[TICKER 2026-06-08T05:19:37.836Z] Heartbeat OK (200)
[TICKER 2026-06-08T05:20:22.818Z] Heartbeat OK (200)
[TICKER 2026-06-08T05:21:37.929Z] Heartbeat OK (200)
[TICKER 2026-06-08T05:22:22.819Z] Heartbeat OK (200)
[TICKER 2026-06-08T05:23:38.022Z] Heartbeat OK (200)
[TICKER 2026-06-08T05:24:22.827Z] Heartbeat OK (200)
[TICKER 2026-06-08T05:25:38.021Z] Heartbeat OK (200)
[TICKER 2026-06-08T05:26:22.834Z] Heartbeat OK (200)
[TICKER 2026-06-08T05:27:38.022Z] Heartbeat OK (200)
[TICKER 2026-06-08T05:28:22.837Z] Heartbeat OK (200)
[TICKER 2026-06-08T05:29:38.114Z] Heartbeat OK (200)
[TICKER 2026-06-08T05:30:22.840Z] Heartbeat OK (200)
[TICKER 2026-06-08T05:31:38.206Z] Heartbeat OK (200)
[TICKER 2026-06-08T05:32:22.842Z] Heartbeat OK (200)
[TICKER 2026-06-08T05:33:38.292Z] Heartbeat OK (200)
[TICKER 2026-06-08T05:34:22.850Z] Heartbeat OK (200)
[TICKER 2026-06-08T05:35:38.321Z] Heartbeat OK (200)
[TICKER 2026-06-08T05:36:22.857Z] Heartbeat OK (200)
[TICKER 2026-06-08T05:37:38.398Z] Heartbeat OK (200)
[TICKER 2026-06-08T05:38:22.862Z] Heartbeat OK (200)
[TICKER 2026-06-08T05:39:38.481Z] Heartbeat OK (200)
[TICKER 2026-06-08T05:40:22.865Z] Heartbeat OK (200)
[TICKER 2026-06-08T05:41:38.552Z] Heartbeat OK (200)
[TICKER 2026-06-08T05:42:22.867Z] Heartbeat OK (200)
[TICKER 2026-06-08T05:43:38.644Z] Heartbeat OK (200)
[TICKER 2026-06-08T05:44:22.876Z] Heartbeat OK (200)
[TICKER 2026-06-08T05:45:38.691Z] Heartbeat OK (200)
[TICKER 2026-06-08T05:46:22.882Z] Heartbeat OK (200)
[TICKER 2026-06-08T05:47:38.733Z] Heartbeat OK (200)
[TICKER 2026-06-08T05:48:22.887Z] Heartbeat OK (200)
[TICKER 2026-06-08T05:49:38.819Z] Heartbeat OK (200)
[TICKER 2026-06-08T05:50:22.889Z] Heartbeat OK (200)
[TICKER 2026-06-08T05:51:38.904Z] Heartbeat OK (200)
[TICKER 2026-06-08T05:52:22.890Z] Heartbeat OK (200)
[TICKER 2026-06-08T05:53:38.949Z] Heartbeat OK (200)
[TICKER 2026-06-08T05:54:22.890Z] Heartbeat OK (200)
[TICKER 2026-06-08T05:55:38.990Z] Heartbeat OK (200)
[TICKER 2026-06-08T05:56:22.898Z] Heartbeat OK (200)
[TICKER 2026-06-08T05:57:39.081Z] Heartbeat OK (200)
[TICKER 2026-06-08T05:58:22.902Z] Heartbeat OK (200)
[TICKER 2026-06-08T05:59:39.089Z] Heartbeat OK (200)
[TICKER 2026-06-08T06:00:22.906Z] Heartbeat OK (200)
[TICKER 2026-06-08T06:01:39.131Z] Heartbeat OK (200)
[TICKER 2026-06-08T06:02:22.908Z] Heartbeat OK (200)
[TICKER 2026-06-08T06:03:39.223Z] Heartbeat OK (200)
[TICKER 2026-06-08T06:04:22.908Z] Heartbeat OK (200)
[TICKER 2026-06-08T06:05:39.262Z] Heartbeat OK (200)
[TICKER 2026-06-08T06:06:22.915Z] Heartbeat OK (200)
[TICKER 2026-06-08T06:07:39.333Z] Heartbeat OK (200)
[TICKER 2026-06-08T06:08:22.919Z] Heartbeat OK (200)
[TICKER 2026-06-08T06:09:39.364Z] Heartbeat OK (200)
[TICKER 2026-06-08T06:10:22.923Z] Heartbeat OK (200)
[TICKER 2026-06-08T06:11:39.457Z] Heartbeat OK (200)
[TICKER 2026-06-08T06:12:22.924Z] Heartbeat OK (200)
[TICKER 2026-06-08T06:13:39.460Z] Heartbeat OK (200)
[TICKER 2026-06-08T06:14:22.923Z] Heartbeat OK (200)
[TICKER 2026-06-08T06:15:39.491Z] Heartbeat OK (200)
[TICKER 2026-06-08T06:16:22.931Z] Heartbeat OK (200)
[TICKER 2026-06-08T06:17:39.581Z] Heartbeat OK (200)
[TICKER 2026-06-08T06:18:22.931Z] Heartbeat OK (200)
[TICKER 2026-06-08T06:19:39.604Z] Heartbeat OK (200)
[TICKER 2026-06-08T06:20:22.937Z] Heartbeat OK (200)
[TICKER 2026-06-08T06:21:39.613Z] Heartbeat OK (200)
[TICKER 2026-06-08T06:22:22.937Z] Heartbeat OK (200)
[TICKER 2026-06-08T06:23:39.629Z] Heartbeat OK (200)
[TICKER 2026-06-08T06:24:22.938Z] Heartbeat OK (200)
[TICKER 2026-06-08T06:25:39.655Z] Heartbeat OK (200)
[TICKER 2026-06-08T06:26:22.943Z] Heartbeat OK (200)
[TICKER 2026-06-08T06:27:39.700Z] Heartbeat OK (200)
[TICKER 2026-06-08T06:28:22.949Z] Heartbeat OK (200)
[TICKER 2026-06-08T06:29:39.752Z] Heartbeat OK (200)
[TICKER 2026-06-08T06:30:22.953Z] Heartbeat OK (200)
[TICKER 2026-06-08T06:31:39.781Z] Heartbeat OK (200)
[TICKER 2026-06-08T06:32:22.956Z] Heartbeat OK (200)
[TICKER 2026-06-08T06:33:39.831Z] Heartbeat OK (200)
[TICKER 2026-06-08T06:34:22.957Z] Heartbeat OK (200)
[TICKER 2026-06-08T06:35:39.866Z] Heartbeat OK (200)
[TICKER 2026-06-08T06:36:22.962Z] Heartbeat OK (200)
[TICKER 2026-06-08T06:37:39.917Z] Heartbeat OK (200)
[TICKER 2026-06-08T06:38:22.968Z] Heartbeat OK (200)
[TICKER 2026-06-08T06:39:39.924Z] Heartbeat OK (200)
[TICKER 2026-06-08T06:40:22.971Z] Heartbeat OK (200)
[TICKER 2026-06-08T06:41:40.006Z] Heartbeat OK (200)
[TICKER 2026-06-08T06:42:22.975Z] Heartbeat OK (200)
[TICKER 2026-06-08T06:43:40.069Z] Heartbeat OK (200)
[TICKER 2026-06-08T06:44:22.976Z] Heartbeat OK (200)
[TICKER 2026-06-08T06:45:40.158Z] Heartbeat OK (200)
[TICKER 2026-06-08T06:46:22.983Z] Heartbeat OK (200)
[TICKER 2026-06-08T06:47:40.236Z] Heartbeat OK (200)
[TICKER 2026-06-08T06:48:22.989Z] Heartbeat OK (200)
[TICKER 2026-06-08T06:49:40.329Z] Heartbeat OK (200)
[TICKER 2026-06-08T06:50:22.991Z] Heartbeat OK (200)
[TICKER 2026-06-08T06:51:40.397Z] Heartbeat OK (200)
[TICKER 2026-06-08T06:52:22.995Z] Heartbeat OK (200)
[TICKER 2026-06-08T06:53:40.468Z] Heartbeat OK (200)
[TICKER 2026-06-08T06:54:22.996Z] Heartbeat OK (200)
[TICKER 2026-06-08T06:55:40.476Z] Heartbeat OK (200)
[TICKER 2026-06-08T06:56:23.002Z] Heartbeat OK (200)
[TICKER 2026-06-08T06:57:40.501Z] Heartbeat OK (200)
[TICKER 2026-06-08T06:58:23.031Z] Heartbeat OK (200)
[TICKER 2026-06-08T06:59:40.580Z] Heartbeat OK (200)
[TICKER 2026-06-08T07:00:23.095Z] Heartbeat OK (200)
[TICKER 2026-06-08T07:01:40.580Z] Heartbeat OK (200)
[TICKER 2026-06-08T07:02:23.108Z] Heartbeat OK (200)
[TICKER 2026-06-08T07:03:40.619Z] Heartbeat OK (200)
[TICKER 2026-06-08T07:04:23.200Z] Heartbeat OK (200)
[TICKER 2026-06-08T07:05:40.676Z] Heartbeat OK (200)
[TICKER 2026-06-08T07:06:23.268Z] Heartbeat OK (200)
[TICKER 2026-06-08T07:07:40.749Z] Heartbeat OK (200)
[TICKER 2026-06-08T07:08:23.361Z] Heartbeat OK (200)
[TICKER 2026-06-08T07:09:40.767Z] Heartbeat OK (200)
[TICKER 2026-06-08T07:10:23.444Z] Heartbeat OK (200)
[TICKER 2026-06-08T07:11:40.848Z] Heartbeat OK (200)
[TICKER 2026-06-08T07:12:23.537Z] Heartbeat OK (200)
[TICKER 2026-06-08T07:13:40.942Z] Heartbeat OK (200)
[TICKER 2026-06-08T07:14:23.582Z] Heartbeat OK (200)
[TICKER 2026-06-08T07:15:41.032Z] Heartbeat OK (200)
[TICKER 2026-06-08T07:16:23.672Z] Heartbeat OK (200)
[TICKER 2026-06-08T07:17:41.122Z] Heartbeat OK (200)
[TICKER 2026-06-08T07:18:23.766Z] Heartbeat OK (200)
[TICKER 2026-06-08T07:19:41.157Z] Heartbeat OK (200)
[TICKER 2026-06-08T07:20:23.817Z] Heartbeat OK (200)
[TICKER 2026-06-08T07:21:41.251Z] Heartbeat OK (200)
[TICKER 2026-06-08T07:22:23.877Z] Heartbeat OK (200)
[TICKER 2026-06-08T07:23:41.342Z] Heartbeat OK (200)
[TICKER 2026-06-08T07:24:23.961Z] Heartbeat OK (200)
[TICKER 2026-06-08T07:25:41.435Z] Heartbeat OK (200)
[TICKER 2026-06-08T07:26:24.053Z] Heartbeat OK (200)
[TICKER 2026-06-08T07:27:41.526Z] Heartbeat OK (200)
[TICKER 2026-06-08T07:28:24.145Z] Heartbeat OK (200)
[TICKER 2026-06-08T07:29:41.565Z] Heartbeat OK (200)
[TICKER 2026-06-08T07:30:24.214Z] Heartbeat OK (200)
[TICKER 2026-06-08T07:31:41.608Z] Heartbeat OK (200)
[TICKER 2026-06-08T07:32:24.261Z] Heartbeat OK (200)
[TICKER 2026-06-08T07:33:41.644Z] Heartbeat OK (200)
[TICKER 2026-06-08T07:34:24.353Z] Heartbeat OK (200)
[TICKER 2026-06-08T07:35:41.683Z] Heartbeat OK (200)
[TICKER 2026-06-08T07:36:24.399Z] Heartbeat OK (200)
[TICKER 2026-06-08T07:37:41.775Z] Heartbeat OK (200)
[TICKER 2026-06-08T07:38:24.437Z] Heartbeat OK (200)
[TICKER 2026-06-08T07:39:41.868Z] Heartbeat OK (200)
[TICKER 2026-06-08T07:40:24.500Z] Heartbeat OK (200)
[TICKER 2026-06-08T07:41:41.949Z] Heartbeat OK (200)
[TICKER 2026-06-08T07:42:24.594Z] Heartbeat OK (200)
[TICKER 2026-06-08T07:43:42.020Z] Heartbeat OK (200)
[TICKER 2026-06-08T07:44:24.682Z] Heartbeat OK (200)
[TICKER 2026-06-08T07:45:42.028Z] Heartbeat OK (200)
[TICKER 2026-06-08T07:46:24.765Z] Heartbeat OK (200)
[TICKER 2026-06-08T07:47:42.061Z] Heartbeat OK (200)
[TICKER 2026-06-08T07:48:24.858Z] Heartbeat OK (200)
[TICKER 2026-06-08T07:49:42.076Z] Heartbeat OK (200)
[TICKER 2026-06-08T07:50:24.948Z] Heartbeat OK (200)
[TICKER 2026-06-08T07:51:42.113Z] Heartbeat OK (200)
[TICKER 2026-06-08T07:52:25.028Z] Heartbeat OK (200)
[TICKER 2026-06-08T07:53:42.176Z] Heartbeat OK (200)
[TICKER 2026-06-08T07:54:25.091Z] Heartbeat OK (200)
[TICKER 2026-06-08T07:55:42.237Z] Heartbeat OK (200)
[TICKER 2026-06-08T07:56:25.178Z] Heartbeat OK (200)
[TICKER 2026-06-08T07:57:42.317Z] Heartbeat OK (200)
[TICKER 2026-06-08T07:58:25.225Z] Heartbeat OK (200)
[TICKER 2026-06-08T07:59:42.388Z] Heartbeat OK (200)
[TICKER 2026-06-08T08:00:25.250Z] Heartbeat OK (200)
[TICKER 2026-06-08T08:01:42.461Z] Heartbeat OK (200)
[TICKER 2026-06-08T08:02:25.343Z] Heartbeat OK (200)
[TICKER 2026-06-08T08:03:42.463Z] Heartbeat OK (200)
[TICKER 2026-06-08T08:04:25.390Z] Heartbeat OK (200)
[TICKER 2026-06-08T08:05:42.554Z] Heartbeat OK (200)
[TICKER 2026-06-08T08:06:25.452Z] Heartbeat OK (200)
[TICKER 2026-06-08T08:07:42.645Z] Heartbeat OK (200)
[TICKER 2026-06-08T08:08:25.464Z] Heartbeat OK (200)
[TICKER 2026-06-08T08:09:42.737Z] Heartbeat OK (200)
[TICKER 2026-06-08T08:10:25.508Z] Heartbeat OK (200)
[TICKER 2026-06-08T08:11:42.829Z] Heartbeat OK (200)
[TICKER 2026-06-08T08:12:25.601Z] Heartbeat OK (200)
[TICKER 2026-06-08T08:13:42.921Z] Heartbeat OK (200)
[TICKER 2026-06-08T08:14:25.693Z] Heartbeat OK (200)
[TICKER 2026-06-08T16:59:21.672Z] Starting (PID 43847) — ticking every 120s
[TICKER 2026-06-08T16:59:24.630Z] Heartbeat OK (200)
[TICKER 2026-06-08T17:01:21.741Z] Heartbeat OK (200)
[TICKER 2026-06-08T17:03:21.746Z] Heartbeat OK (200)
[TICKER 2026-06-08T17:05:21.747Z] Heartbeat OK (200)
[TICKER 2026-06-08T17:07:21.748Z] Heartbeat OK (200)
[TICKER 2026-06-08T17:09:21.748Z] Heartbeat OK (200)
[TICKER 2026-06-08T17:11:21.752Z] Heartbeat OK (200)
[TICKER 2026-06-08T17:13:21.754Z] Heartbeat OK (200)
[TICKER 2026-06-08T17:15:21.757Z] Heartbeat OK (200)
[TICKER 2026-06-08T17:17:21.759Z] Heartbeat OK (200)
[TICKER 2026-06-08T17:19:21.759Z] Heartbeat OK (200)
[TICKER 2026-06-08T17:21:21.764Z] Heartbeat OK (200)
[TICKER 2026-06-08T17:23:21.768Z] Heartbeat OK (200)
[TICKER 2026-06-08T17:25:21.777Z] Heartbeat OK (200)
[TICKER 2026-06-08T17:27:21.776Z] Heartbeat OK (200)
[TICKER 2026-06-08T17:29:21.775Z] Heartbeat OK (200)
[TICKER 2026-06-08T17:31:21.782Z] Heartbeat OK (200)
[TICKER 2026-06-08T17:33:21.786Z] Heartbeat OK (200)
[TICKER 2026-06-08T17:35:21.790Z] Heartbeat OK (200)
[TICKER 2026-06-08T17:37:21.794Z] Heartbeat OK (200)
[TICKER 2026-06-08T17:39:21.793Z] Heartbeat OK (200)
[TICKER 2026-06-08T17:41:36.790Z] Heartbeat timed out (15s) — Next.js busy or not ready
[TICKER 2026-06-08T17:43:36.794Z] Heartbeat timed out (15s) — Next.js busy or not ready
[TICKER 2026-06-08T17:45:36.798Z] Heartbeat timed out (15s) — Next.js busy or not ready
[TICKER 2026-06-08T17:47:36.800Z] Heartbeat timed out (15s) — Next.js busy or not ready
[TICKER 2026-06-08T17:49:36.800Z] Heartbeat timed out (15s) — Next.js busy or not ready
[TICKER 2026-06-08T17:51:36.807Z] Heartbeat timed out (15s) — Next.js busy or not ready
[TICKER 2026-06-08T17:53:36.814Z] Heartbeat timed out (15s) — Next.js busy or not ready
[TICKER 2026-06-08T17:55:36.817Z] Heartbeat timed out (15s) — Next.js busy or not ready
[TICKER 2026-06-08T17:57:36.820Z] Heartbeat timed out (15s) — Next.js busy or not ready
[TICKER 2026-06-08T17:59:36.820Z] Heartbeat timed out (15s) — Next.js busy or not ready
[TICKER 2026-06-08T18:01:32.319Z] Heartbeat unreachable: fetch failed
[TICKER 2026-06-08T18:03:32.323Z] Heartbeat unreachable: fetch failed
[TICKER 2026-06-08T18:05:32.326Z] Heartbeat unreachable: fetch failed
[TICKER 2026-06-08T18:07:32.326Z] Heartbeat unreachable: fetch failed
[TICKER 2026-06-08T18:09:32.327Z] Heartbeat unreachable: fetch failed
[TICKER 2026-06-08T18:11:32.332Z] Heartbeat unreachable: fetch failed
[TICKER 2026-06-08T18:13:32.338Z] Heartbeat unreachable: fetch failed
[TICKER 2026-06-08T18:15:32.344Z] Heartbeat unreachable: fetch failed
[TICKER 2026-06-08T18:17:32.345Z] Heartbeat unreachable: fetch failed
[TICKER 2026-06-08T18:19:32.346Z] Heartbeat unreachable: fetch failed
[TICKER 2026-06-08T18:21:32.355Z] Heartbeat unreachable: fetch failed
[TICKER 2026-06-08T18:23:32.358Z] Heartbeat unreachable: fetch failed
[TICKER 2026-06-08T18:25:32.362Z] Heartbeat unreachable: fetch failed
[TICKER 2026-06-08T18:27:32.366Z] Heartbeat unreachable: fetch failed
[TICKER 2026-06-08T18:29:32.366Z] Heartbeat unreachable: fetch failed
[TICKER 2026-06-08T18:31:32.376Z] Heartbeat unreachable: fetch failed
[TICKER 2026-06-08T18:33:32.381Z] Heartbeat unreachable: fetch failed
[TICKER 2026-06-08T18:35:32.385Z] Heartbeat unreachable: fetch failed
[TICKER 2026-06-08T18:37:32.387Z] Heartbeat unreachable: fetch failed
[TICKER 2026-06-08T18:39:32.388Z] Heartbeat unreachable: fetch failed
[TICKER 2026-06-08T18:41:32.396Z] Heartbeat unreachable: fetch failed
[TICKER 2026-06-08T18:43:32.403Z] Heartbeat unreachable: fetch failed
[TICKER 2026-06-08T18:45:32.407Z] Heartbeat unreachable: fetch failed
[TICKER 2026-06-08T18:47:32.412Z] Heartbeat unreachable: fetch failed
[TICKER 2026-06-08T18:49:32.412Z] Heartbeat unreachable: fetch failed
[TICKER 2026-06-08T18:51:32.419Z] Heartbeat unreachable: fetch failed
[TICKER 2026-06-08T18:53:32.424Z] Heartbeat unreachable: fetch failed
[TICKER 2026-06-08T18:55:32.430Z] Heartbeat unreachable: fetch failed
[TICKER 2026-06-08T18:57:22.848Z] Heartbeat OK (200)
[TICKER 2026-06-08T18:59:21.950Z] Heartbeat OK (200)
[TICKER 2026-06-08T19:01:21.957Z] Heartbeat OK (200)
[TICKER 2026-06-08T19:03:21.963Z] Heartbeat OK (200)
[TICKER 2026-06-08T19:05:21.963Z] Heartbeat OK (200)
[TICKER 2026-06-08T19:07:21.966Z] Heartbeat OK (200)
[TICKER 2026-06-08T19:09:21.968Z] Heartbeat OK (200)
[TICKER 2026-06-08T19:11:21.968Z] Heartbeat OK (200)
[TICKER 2026-06-08T19:13:21.974Z] Heartbeat OK (200)
[TICKER 2026-06-08T19:15:21.979Z] Heartbeat OK (200)
[TICKER 2026-06-08T19:17:21.982Z] Heartbeat OK (200)
[TICKER 2026-06-08T19:19:21.983Z] Heartbeat OK (200)
[TICKER 2026-06-08T19:21:21.983Z] Heartbeat OK (200)
[TICKER 2026-06-08T19:23:21.990Z] Heartbeat OK (200)
[TICKER 2026-06-08T19:25:21.996Z] Heartbeat OK (200)
[TICKER 2026-06-08T19:27:21.998Z] Heartbeat OK (200)
[TICKER 2026-06-08T19:29:21.999Z] Heartbeat OK (200)
[TICKER 2026-06-08T19:31:21.999Z] Heartbeat OK (200)
[TICKER 2026-06-08T19:33:22.007Z] Heartbeat OK (200)
[TICKER 2026-06-08T19:35:22.011Z] Heartbeat OK (200)
[TICKER 2026-06-08T19:37:22.015Z] Heartbeat OK (200)
[TICKER 2026-06-08T19:39:22.017Z] Heartbeat OK (200)
[TICKER 2026-06-08T19:41:22.018Z] Heartbeat OK (200)
[TICKER 2026-06-08T19:43:22.025Z] Heartbeat OK (200)
[TICKER 2026-06-08T19:45:22.030Z] Heartbeat OK (200)
[TICKER 2026-06-08T19:47:22.035Z] Heartbeat OK (200)
[TICKER 2026-06-08T19:49:22.035Z] Heartbeat OK (200)
[TICKER 2026-06-08T19:51:22.036Z] Heartbeat OK (200)
[TICKER 2026-06-08T19:53:22.042Z] Heartbeat OK (200)
[TICKER 2026-06-08T19:55:22.048Z] Heartbeat OK (200)
[TICKER 2026-06-08T19:57:22.051Z] Heartbeat OK (200)
[TICKER 2026-06-08T19:59:22.054Z] Heartbeat OK (200)
[TICKER 2026-06-08T20:01:22.055Z] Heartbeat OK (200)
[TICKER 2026-06-08T20:03:22.062Z] Heartbeat OK (200)
[TICKER 2026-06-08T20:05:22.067Z] Heartbeat OK (200)
[TICKER 2026-06-08T20:07:22.069Z] Heartbeat OK (200)
[TICKER 2026-06-08T20:09:22.071Z] Heartbeat OK (200)
[TICKER 2026-06-08T20:11:22.071Z] Heartbeat OK (200)
[TICKER 2026-06-08T20:13:22.078Z] Heartbeat OK (200)
[TICKER 2026-06-08T20:15:22.084Z] Heartbeat OK (200)
[TICKER 2026-06-08T20:17:22.087Z] Heartbeat OK (200)
[TICKER 2026-06-08T20:19:22.089Z] Heartbeat OK (200)
[TICKER 2026-06-08T20:21:22.090Z] Heartbeat OK (200)
[TICKER 2026-06-08T20:23:22.097Z] Heartbeat OK (200)
[TICKER 2026-06-08T20:25:22.100Z] Heartbeat OK (200)
[TICKER 2026-06-08T20:27:22.105Z] Heartbeat OK (200)
[TICKER 2026-06-08T20:29:22.108Z] Heartbeat OK (200)
[TICKER 2026-06-08T20:31:22.109Z] Heartbeat OK (200)
[TICKER 2026-06-08T20:33:22.115Z] Heartbeat OK (200)
[TICKER 2026-06-08T20:35:22.121Z] Heartbeat OK (200)
[TICKER 2026-06-08T20:37:22.125Z] Heartbeat OK (200)
[TICKER 2026-06-08T20:39:22.128Z] Heartbeat OK (200)
[TICKER 2026-06-08T20:41:22.131Z] Heartbeat OK (200)
[TICKER 2026-06-08T20:43:22.135Z] Heartbeat OK (200)
[TICKER 2026-06-08T20:45:22.140Z] Heartbeat OK (200)
[TICKER 2026-06-08T20:47:22.144Z] Heartbeat OK (200)
[TICKER 2026-06-08T20:49:22.147Z] Heartbeat OK (200)
[TICKER 2026-06-08T20:51:22.148Z] Heartbeat OK (200)
[TICKER 2026-06-08T20:53:22.155Z] Heartbeat OK (200)
[TICKER 2026-06-08T20:55:22.158Z] Heartbeat OK (200)
[TICKER 2026-06-08T20:57:22.161Z] Heartbeat OK (200)
[TICKER 2026-06-08T20:59:22.163Z] Heartbeat OK (200)
[TICKER 2026-06-08T21:01:22.163Z] Heartbeat OK (200)
[TICKER 2026-06-08T21:03:22.172Z] Heartbeat OK (200)
[TICKER 2026-06-08T21:05:22.177Z] Heartbeat OK (200)
[TICKER 2026-06-08T21:07:22.182Z] Heartbeat OK (200)
[TICKER 2026-06-08T21:09:22.185Z] Heartbeat OK (200)
[TICKER 2026-06-08T21:11:22.189Z] Heartbeat OK (200)
[TICKER 2026-06-08T21:13:22.194Z] Heartbeat OK (200)
[TICKER 2026-06-08T21:15:22.199Z] Heartbeat OK (200)
[TICKER 2026-06-08T21:17:22.204Z] Heartbeat OK (200)
[TICKER 2026-06-08T21:19:22.210Z] Heartbeat OK (200)
[TICKER 2026-06-08T21:21:22.209Z] Heartbeat OK (200)
[TICKER 2026-06-08T21:23:22.217Z] Heartbeat OK (200)
[TICKER 2026-06-08T21:25:22.223Z] Heartbeat OK (200)
[TICKER 2026-06-08T21:27:22.227Z] Heartbeat OK (200)
[TICKER 2026-06-08T21:29:22.230Z] Heartbeat OK (200)
[TICKER 2026-06-08T21:31:22.232Z] Heartbeat OK (200)
[TICKER 2026-06-08T21:33:22.240Z] Heartbeat OK (200)
[TICKER 2026-06-08T21:35:22.246Z] Heartbeat OK (200)
[TICKER 2026-06-08T21:37:22.249Z] Heartbeat OK (200)
[TICKER 2026-06-08T21:39:22.252Z] Heartbeat OK (200)
[TICKER 2026-06-08T21:41:22.254Z] Heartbeat OK (200)
[TICKER 2026-06-08T21:43:22.262Z] Heartbeat OK (200)
[TICKER 2026-06-08T21:45:22.267Z] Heartbeat OK (200)
[TICKER 2026-06-08T21:47:22.276Z] Heartbeat OK (200)
[TICKER 2026-06-08T21:49:22.277Z] Heartbeat OK (200)
[TICKER 2026-06-08T21:51:22.277Z] Heartbeat OK (200)
[TICKER 2026-06-08T21:53:22.287Z] Heartbeat OK (200)
[TICKER 2026-06-08T21:55:22.292Z] Heartbeat OK (200)
[TICKER 2026-06-08T21:57:37.288Z] Heartbeat timed out (15s) — Next.js busy or not ready
[TICKER 2026-06-08T21:59:37.291Z] Heartbeat timed out (15s) — Next.js busy or not ready
[TICKER 2026-06-08T22:01:37.294Z] Heartbeat timed out (15s) — Next.js busy or not ready
[TICKER 2026-06-08T22:03:22.301Z] Heartbeat OK (200)
[TICKER 2026-06-08T22:05:22.308Z] Heartbeat OK (200)
[TICKER 2026-06-08T22:07:22.314Z] Heartbeat OK (200)
[TICKER 2026-06-08T22:09:37.308Z] Heartbeat timed out (15s) — Next.js busy or not ready
[TICKER 2026-06-08T22:11:22.320Z] Heartbeat OK (200)
[TICKER 2026-06-08T22:13:22.318Z] Heartbeat OK (200)
[TICKER 2026-06-08T22:15:22.325Z] Heartbeat OK (200)
[TICKER 2026-06-08T22:17:22.329Z] Heartbeat OK (200)
[TICKER 2026-06-08T22:19:22.332Z] Heartbeat OK (200)
[TICKER 2026-06-08T22:21:22.335Z] Heartbeat OK (200)
[TICKER 2026-06-08T22:23:22.335Z] Heartbeat OK (200)
[TICKER 2026-06-08T22:25:22.342Z] Heartbeat OK (200)
[TICKER 2026-06-08T22:27:22.346Z] Heartbeat OK (200)
[TICKER 2026-06-08T22:29:22.350Z] Heartbeat OK (200)
[TICKER 2026-06-08T22:31:22.351Z] Heartbeat OK (200)
[TICKER 2026-06-08T22:33:22.352Z] Heartbeat OK (200)
[TICKER 2026-06-08T22:35:22.363Z] Heartbeat OK (200)
[TICKER 2026-06-08T22:37:22.364Z] Heartbeat OK (200)
[TICKER 2026-06-08T22:39:22.367Z] Heartbeat OK (200)
[TICKER 2026-06-08T22:41:22.369Z] Heartbeat OK (200)
[TICKER 2026-06-08T22:43:22.370Z] Heartbeat OK (200)
[TICKER 2026-06-08T22:45:22.376Z] Heartbeat OK (200)
[TICKER 2026-06-08T22:47:22.379Z] Heartbeat OK (200)
[TICKER 2026-06-08T22:49:22.383Z] Heartbeat OK (200)
[TICKER 2026-06-08T22:51:22.385Z] Heartbeat OK (200)
[TICKER 2026-06-08T22:53:22.386Z] Heartbeat OK (200)
[TICKER 2026-06-08T22:55:22.392Z] Heartbeat OK (200)
[TICKER 2026-06-08T22:57:22.399Z] Heartbeat OK (200)
[TICKER 2026-06-08T22:59:22.401Z] Heartbeat OK (200)
[TICKER 2026-06-08T23:01:22.403Z] Heartbeat OK (200)
[TICKER 2026-06-08T23:03:22.404Z] Heartbeat OK (200)
[TICKER 2026-06-08T23:05:22.412Z] Heartbeat OK (200)
[TICKER 2026-06-08T23:07:22.418Z] Heartbeat OK (200)
[TICKER 2026-06-08T23:09:22.421Z] Heartbeat OK (200)
[TICKER 2026-06-08T23:11:22.423Z] Heartbeat OK (200)
[TICKER 2026-06-08T23:13:22.423Z] Heartbeat OK (200)
[TICKER 2026-06-08T23:15:22.430Z] Heartbeat OK (200)
[TICKER 2026-06-08T23:17:22.436Z] Heartbeat OK (200)
[TICKER 2026-06-08T23:19:22.440Z] Heartbeat OK (200)
[TICKER 2026-06-08T23:21:22.442Z] Heartbeat OK (200)
[TICKER 2026-06-08T23:23:22.441Z] Heartbeat OK (200)
[TICKER 2026-06-08T23:25:22.449Z] Heartbeat OK (200)
[TICKER 2026-06-08T23:27:22.454Z] Heartbeat OK (200)
[TICKER 2026-06-08T23:29:22.456Z] Heartbeat OK (200)
[TICKER 2026-06-08T23:31:22.477Z] Heartbeat OK (200)
[TICKER 2026-06-08T23:33:22.524Z] Heartbeat OK (200)
[TICKER 2026-06-08T23:35:22.616Z] Heartbeat OK (200)
[TICKER 2026-06-08T23:37:22.646Z] Heartbeat OK (200)
[TICKER 2026-06-08T23:39:22.709Z] Heartbeat OK (200)
[TICKER 2026-06-08T23:41:22.774Z] Heartbeat OK (200)
[TICKER 2026-06-08T23:43:22.852Z] Heartbeat OK (200)
[TICKER 2026-06-08T23:45:22.936Z] Heartbeat OK (200)
[TICKER 2026-06-08T23:47:22.999Z] Heartbeat OK (200)
[TICKER 2026-06-08T23:49:23.033Z] Heartbeat OK (200)
[TICKER 2026-06-08T23:51:23.103Z] Heartbeat OK (200)
[TICKER 2026-06-08T23:53:23.195Z] Heartbeat OK (200)
[TICKER 2026-06-08T23:55:23.288Z] Heartbeat OK (200)
[TICKER 2026-06-08T23:57:23.371Z] Heartbeat OK (200)
[TICKER 2026-06-08T23:59:23.464Z] Heartbeat OK (200)
[TICKER 2026-06-09T00:01:23.552Z] Heartbeat OK (200)
[TICKER 2026-06-09T00:03:38.598Z] Heartbeat timed out (15s) — Next.js busy or not ready
[TICKER 2026-06-09T00:05:38.647Z] Heartbeat timed out (15s) — Next.js busy or not ready
[TICKER 2026-06-09T00:07:23.700Z] Heartbeat OK (200)
[TICKER 2026-06-09T00:09:23.794Z] Heartbeat OK (200)
[TICKER 2026-06-09T00:11:23.864Z] Heartbeat OK (200)
[TICKER 2026-06-09T00:13:23.956Z] Heartbeat OK (200)
[TICKER 2026-06-09T00:15:23.959Z] Heartbeat OK (200)
[TICKER 2026-06-09T00:17:24.053Z] Heartbeat OK (200)
[TICKER 2026-06-09T00:19:24.053Z] Heartbeat OK (200)
[TICKER 2026-06-09T00:21:24.109Z] Heartbeat OK (200)
[TICKER 2026-06-09T00:23:24.124Z] Heartbeat OK (200)
[TICKER 2026-06-09T00:25:24.175Z] Heartbeat OK (200)
[TICKER 2026-06-09T00:27:24.265Z] Heartbeat OK (200)
[TICKER 2026-06-09T00:29:24.293Z] Heartbeat OK (200)
[TICKER 2026-06-09T00:31:24.320Z] Heartbeat OK (200)
[TICKER 2026-06-09T00:33:24.412Z] Heartbeat OK (200)
[TICKER 2026-06-09T00:35:24.468Z] Heartbeat OK (200)
[TICKER 2026-06-09T00:37:24.529Z] Heartbeat OK (200)
[TICKER 2026-06-09T00:39:24.537Z] Heartbeat OK (200)
[TICKER 2026-06-09T00:41:24.629Z] Heartbeat OK (200)
[TICKER 2026-06-09T00:43:24.672Z] Heartbeat OK (200)
[TICKER 2026-06-09T00:45:24.691Z] Heartbeat OK (200)
[TICKER 2026-06-09T00:47:24.778Z] Heartbeat OK (200)
[TICKER 2026-06-09T00:49:24.860Z] Heartbeat OK (200)
[TICKER 2026-06-09T00:51:24.950Z] Heartbeat OK (200)
[TICKER 2026-06-09T00:53:25.007Z] Heartbeat OK (200)
[TICKER 2026-06-09T00:55:25.086Z] Heartbeat OK (200)
[TICKER 2026-06-09T00:57:25.173Z] Heartbeat OK (200)
[TICKER 2026-06-09T00:59:25.217Z] Heartbeat OK (200)
[TICKER 2026-06-09T01:01:25.257Z] Heartbeat OK (200)
[TICKER 2026-06-09T01:03:25.295Z] Heartbeat OK (200)
[TICKER 2026-06-09T01:05:40.316Z] Heartbeat timed out (15s) — Next.js busy or not ready
[TICKER 2026-06-09T01:07:40.324Z] Heartbeat timed out (15s) — Next.js busy or not ready
[TICKER 2026-06-09T01:09:40.388Z] Heartbeat timed out (15s) — Next.js busy or not ready
[TICKER 2026-06-09T01:11:40.389Z] Heartbeat timed out (15s) — Next.js busy or not ready
[TICKER 2026-06-09T01:13:40.388Z] Heartbeat timed out (15s) — Next.js busy or not ready
[TICKER 2026-06-09T01:15:40.474Z] Heartbeat timed out (15s) — Next.js busy or not ready
[TICKER 2026-06-09T01:17:40.564Z] Heartbeat timed out (15s) — Next.js busy or not ready
[TICKER 2026-06-09T01:19:40.649Z] Heartbeat timed out (15s) — Next.js busy or not ready
[TICKER 2026-06-09T01:21:40.733Z] Heartbeat timed out (15s) — Next.js busy or not ready
[TICKER 2026-06-09T01:23:40.815Z] Heartbeat timed out (15s) — Next.js busy or not ready
[TICKER 2026-06-09T01:25:36.407Z] Heartbeat unreachable: fetch failed
[TICKER 2026-06-09T01:27:36.506Z] Heartbeat unreachable: fetch failed
[TICKER 2026-06-09T01:29:36.585Z] Heartbeat unreachable: fetch failed
[TICKER 2026-06-09T01:31:36.647Z] Heartbeat unreachable: fetch failed
[TICKER 2026-06-09T01:33:36.711Z] Heartbeat unreachable: fetch failed
[TICKER 2026-06-09T01:35:36.788Z] Heartbeat unreachable: fetch failed
[TICKER 2026-06-09T01:37:36.850Z] Heartbeat unreachable: fetch failed
[TICKER 2026-06-09T01:39:36.906Z] Heartbeat unreachable: fetch failed
[TICKER 2026-06-09T01:41:36.968Z] Heartbeat unreachable: fetch failed
[TICKER 2026-06-09T01:43:36.966Z] Heartbeat unreachable: fetch failed
[TICKER 2026-06-09T01:45:37.031Z] Heartbeat unreachable: fetch failed
[TICKER 2026-06-09T01:47:37.034Z] Heartbeat unreachable: fetch failed
[TICKER 2026-06-09T01:49:37.096Z] Heartbeat unreachable: fetch failed
[TICKER 2026-06-09T01:51:37.159Z] Heartbeat unreachable: fetch failed
[TICKER 2026-06-09T01:53:37.161Z] Heartbeat unreachable: fetch failed
[TICKER 2026-06-09T01:55:37.232Z] Heartbeat unreachable: fetch failed
[TICKER 2026-06-09T01:57:37.329Z] Heartbeat unreachable: fetch failed
[TICKER 2026-06-09T01:59:37.417Z] Heartbeat unreachable: fetch failed
[TICKER 2026-06-09T02:01:37.521Z] Heartbeat unreachable: fetch failed
[TICKER 2026-06-09T02:03:37.544Z] Heartbeat unreachable: fetch failed
[TICKER 2026-06-09T02:05:37.564Z] Heartbeat unreachable: fetch failed
[TICKER 2026-06-09T02:07:37.608Z] Heartbeat unreachable: fetch failed
[TICKER 2026-06-09T02:09:37.672Z] Heartbeat unreachable: fetch failed
[TICKER 2026-06-09T02:11:37.774Z] Heartbeat unreachable: fetch failed
[TICKER 2026-06-09T02:13:37.859Z] Heartbeat unreachable: fetch failed
[TICKER 2026-06-09T02:15:37.928Z] Heartbeat unreachable: fetch failed
[TICKER 2026-06-09T02:17:37.994Z] Heartbeat unreachable: fetch failed
[TICKER 2026-06-09T02:19:38.001Z] Heartbeat unreachable: fetch failed
[TICKER 2026-06-09T02:21:38.073Z] Heartbeat unreachable: fetch failed
[TICKER 2026-06-09T02:23:38.170Z] Heartbeat unreachable: fetch failed
[TICKER 2026-06-09T02:25:38.186Z] Heartbeat unreachable: fetch failed
[TICKER 2026-06-09T02:27:38.255Z] Heartbeat unreachable: fetch failed
[TICKER 2026-06-09T02:29:38.313Z] Heartbeat unreachable: fetch failed
[TICKER 2026-06-09T02:31:38.393Z] Heartbeat unreachable: fetch failed
[TICKER 2026-06-09T02:33:38.464Z] Heartbeat unreachable: fetch failed
[TICKER 2026-06-09T02:35:38.505Z] Heartbeat unreachable: fetch failed
[TICKER 2026-06-09T02:37:38.568Z] Heartbeat unreachable: fetch failed
[TICKER 2026-06-09T02:39:38.632Z] Heartbeat unreachable: fetch failed
[TICKER 2026-06-09T02:41:38.696Z] Heartbeat unreachable: fetch failed
[TICKER 2026-06-09T02:43:38.761Z] Heartbeat unreachable: fetch failed
[TICKER 2026-06-09T02:45:38.823Z] Heartbeat unreachable: fetch failed
[TICKER 2026-06-09T02:47:38.889Z] Heartbeat unreachable: fetch failed
[TICKER 2026-06-09T02:49:38.980Z] Heartbeat unreachable: fetch failed
[TICKER 2026-06-09T02:51:39.081Z] Heartbeat unreachable: fetch failed
[TICKER 2026-06-09T02:53:39.144Z] Heartbeat unreachable: fetch failed
[TICKER 2026-06-09T02:55:39.210Z] Heartbeat unreachable: fetch failed
[TICKER 2026-06-09T02:57:39.273Z] Heartbeat unreachable: fetch failed
[TICKER 2026-06-09T02:59:39.335Z] Heartbeat unreachable: fetch failed
[TICKER 2026-06-09T03:01:39.431Z] Heartbeat unreachable: fetch failed
[TICKER 2026-06-09T03:03:39.472Z] Heartbeat unreachable: fetch failed
[TICKER 2026-06-09T03:05:39.527Z] Heartbeat unreachable: fetch failed
[TICKER 2026-06-09T03:07:39.536Z] Heartbeat unreachable: fetch failed
[TICKER 2026-06-09T03:09:39.601Z] Heartbeat unreachable: fetch failed
[TICKER 2026-06-09T03:11:39.685Z] Heartbeat unreachable: fetch failed
[TICKER 2026-06-09T03:13:39.706Z] Heartbeat unreachable: fetch failed
[TICKER 2026-06-09T03:15:39.752Z] Heartbeat unreachable: fetch failed
[TICKER 2026-06-09T03:17:39.772Z] Heartbeat unreachable: fetch failed
[TICKER 2026-06-09T03:19:39.851Z] Heartbeat unreachable: fetch failed
[TICKER 2026-06-09T03:21:39.914Z] Heartbeat unreachable: fetch failed
[TICKER 2026-06-09T03:23:39.977Z] Heartbeat unreachable: fetch failed
[TICKER 2026-06-09T03:25:40.076Z] Heartbeat unreachable: fetch failed
[TICKER 2026-06-09T03:27:40.179Z] Heartbeat unreachable: fetch failed
[TICKER 2026-06-09T03:29:40.181Z] Heartbeat unreachable: fetch failed
[TICKER 2026-06-09T03:31:40.234Z] Heartbeat unreachable: fetch failed
[TICKER 2026-06-09T03:33:40.334Z] Heartbeat unreachable: fetch failed
[TICKER 2026-06-09T03:35:40.364Z] Heartbeat unreachable: fetch failed
[TICKER 2026-06-09T03:37:40.447Z] Heartbeat unreachable: fetch failed
[TICKER 2026-06-09T03:39:40.488Z] Heartbeat unreachable: fetch failed
[TICKER 2026-06-09T03:41:40.551Z] Heartbeat unreachable: fetch failed
[TICKER 2026-06-09T03:43:40.651Z] Heartbeat unreachable: fetch failed
[TICKER 2026-06-09T03:45:40.732Z] Heartbeat unreachable: fetch failed
[TICKER 2026-06-09T03:47:40.736Z] Heartbeat unreachable: fetch failed
[TICKER 2026-06-09T03:49:40.832Z] Heartbeat unreachable: fetch failed
[TICKER 2026-06-09T03:51:40.873Z] Heartbeat unreachable: fetch failed
[TICKER 2026-06-09T03:53:40.938Z] Heartbeat unreachable: fetch failed
[TICKER 2026-06-09T03:55:41.032Z] Heartbeat unreachable: fetch failed
[TICKER 2026-06-09T03:57:41.132Z] Heartbeat unreachable: fetch failed
[TICKER 2026-06-09T03:59:41.161Z] Heartbeat unreachable: fetch failed
[TICKER 2026-06-09T04:01:41.255Z] Heartbeat unreachable: fetch failed
[TICKER 2026-06-09T04:03:41.294Z] Heartbeat unreachable: fetch failed
[TICKER 2026-06-09T04:05:41.394Z] Heartbeat unreachable: fetch failed
[TICKER 2026-06-09T04:07:41.440Z] Heartbeat unreachable: fetch failed
[TICKER 2026-06-09T04:09:41.525Z] Heartbeat unreachable: fetch failed
[TICKER 2026-06-09T04:11:41.576Z] Heartbeat unreachable: fetch failed
[TICKER 2026-06-09T04:13:41.656Z] Heartbeat unreachable: fetch failed
[TICKER 2026-06-09T04:15:41.706Z] Heartbeat unreachable: fetch failed
[TICKER 2026-06-09T04:17:41.769Z] Heartbeat unreachable: fetch failed
[TICKER 2026-06-09T04:19:41.768Z] Heartbeat unreachable: fetch failed
[TICKER 2026-06-09T04:21:41.823Z] Heartbeat unreachable: fetch failed
[TICKER 2026-06-09T04:23:41.921Z] Heartbeat unreachable: fetch failed
[TICKER 2026-06-09T04:25:41.960Z] Heartbeat unreachable: fetch failed
[TICKER 2026-06-09T14:35:36.118Z] Starting (PID 369678) — ticking every 120s
[TICKER 2026-06-09T14:35:36.170Z] Heartbeat unreachable: fetch failed
[TICKER 2026-06-09T14:37:36.188Z] Heartbeat OK (200)
[TICKER 2026-06-09T14:39:36.186Z] Heartbeat OK (200)
[TICKER 2026-06-09T14:41:36.189Z] Heartbeat OK (200)
[TICKER 2026-06-09T14:43:36.191Z] Heartbeat OK (200)
[TICKER 2026-06-09T14:45:36.193Z] Heartbeat OK (200)
[TICKER 2026-06-09T14:47:36.197Z] Heartbeat OK (200)
[TICKER 2026-06-09T14:49:36.201Z] Heartbeat OK (200)
[TICKER 2026-06-09T14:51:36.206Z] Heartbeat OK (200)
[TICKER 2026-06-09T14:53:36.209Z] Heartbeat OK (200)
[TICKER 2026-06-09T14:55:36.207Z] Heartbeat OK (200)
[TICKER 2026-06-09T14:57:36.215Z] Heartbeat OK (200)
[TICKER 2026-06-09T14:59:36.219Z] Heartbeat OK (200)
[TICKER 2026-06-09T15:01:36.223Z] Heartbeat OK (200)
[TICKER 2026-06-09T15:03:36.223Z] Heartbeat OK (200)
[TICKER 2026-06-09T15:05:36.226Z] Heartbeat OK (200)
[TICKER 2026-06-09T15:33:36.496Z] Heartbeat OK (200)
[TICKER 2026-06-09T15:35:36.285Z] Heartbeat OK (200)
[TICKER 2026-06-09T15:37:36.293Z] Heartbeat OK (200)
[TICKER 2026-06-09T15:39:36.296Z] Heartbeat OK (200)
[TICKER 2026-06-09T15:41:36.300Z] Heartbeat OK (200)
[TICKER 2026-06-09T15:43:36.301Z] Heartbeat OK (200)
[TICKER 2026-06-09T15:45:36.304Z] Heartbeat OK (200)
[TICKER 2026-06-09T15:47:36.309Z] Heartbeat OK (200)
[TICKER 2026-06-09T15:49:36.315Z] Heartbeat OK (200)
[TICKER 2026-06-09T15:51:36.318Z] Heartbeat OK (200)
[TICKER 2026-06-09T15:53:36.322Z] Heartbeat OK (200)
[TICKER 2026-06-09T15:55:36.320Z] Heartbeat OK (200)
[TICKER 2026-06-09T15:57:36.328Z] Heartbeat OK (200)
[TICKER 2026-06-09T15:59:36.334Z] Heartbeat OK (200)
[TICKER 2026-06-09T16:01:36.339Z] Heartbeat OK (200)
[TICKER 2026-06-09T16:03:36.341Z] Heartbeat OK (200)
[TICKER 2026-06-09T16:05:36.341Z] Heartbeat OK (200)
[TICKER 2026-06-09T16:07:36.344Z] Heartbeat OK (200)
[TICKER 2026-06-09T16:09:36.351Z] Heartbeat OK (200)
[TICKER 2026-06-09T16:11:36.355Z] Heartbeat OK (200)
[TICKER 2026-06-09T16:13:36.358Z] Heartbeat OK (200)
[TICKER 2026-06-09T16:15:36.358Z] Heartbeat OK (200)
[TICKER 2026-06-09T16:17:36.365Z] Heartbeat OK (200)
[TICKER 2026-06-09T16:19:36.372Z] Heartbeat OK (200)
[TICKER 2026-06-09T16:21:36.378Z] Heartbeat OK (200)
[TICKER 2026-06-09T16:23:36.380Z] Heartbeat OK (200)
[TICKER 2026-06-09T16:25:36.381Z] Heartbeat OK (200)
[TICKER 2026-06-09T16:27:36.384Z] Heartbeat OK (200)
[TICKER 2026-06-09T16:29:36.390Z] Heartbeat OK (200)
[TICKER 2026-06-09T16:31:36.396Z] Heartbeat OK (200)
[TICKER 2026-06-09T16:33:36.396Z] Heartbeat OK (200)
[TICKER 2026-06-09T16:35:36.398Z] Heartbeat OK (200)
[TICKER 2026-06-09T16:37:36.405Z] Heartbeat OK (200)
[TICKER 2026-06-09T16:39:36.412Z] Heartbeat OK (200)
[TICKER 2026-06-09T16:41:36.418Z] Heartbeat OK (200)
[TICKER 2026-06-09T16:43:36.419Z] Heartbeat OK (200)
[TICKER 2026-06-09T16:45:36.420Z] Heartbeat OK (200)
[TICKER 2026-06-09T16:47:36.429Z] Heartbeat OK (200)
[TICKER 2026-06-09T16:49:36.434Z] Heartbeat OK (200)
[TICKER 2026-06-09T16:51:36.441Z] Heartbeat OK (200)
[TICKER 2026-06-09T16:53:36.443Z] Heartbeat OK (200)
[TICKER 2026-06-09T16:55:36.444Z] Heartbeat OK (200)
[TICKER 2026-06-09T16:57:36.451Z] Heartbeat OK (200)
[TICKER 2026-06-09T16:59:36.459Z] Heartbeat OK (200)
[TICKER 2026-06-09T17:01:36.463Z] Heartbeat OK (200)
[TICKER 2026-06-09T17:03:36.463Z] Heartbeat OK (200)
[TICKER 2026-06-09T17:05:36.465Z] Heartbeat OK (200)
[TICKER 2026-06-09T17:07:36.475Z] Heartbeat OK (200)
[TICKER 2026-06-09T17:09:36.479Z] Heartbeat OK (200)
[TICKER 2026-06-09T17:11:36.485Z] Heartbeat OK (200)
[TICKER 2026-06-09T17:13:36.487Z] Heartbeat OK (200)
[TICKER 2026-06-09T17:15:36.489Z] Heartbeat OK (200)
[TICKER 2026-06-09T17:17:36.497Z] Heartbeat OK (200)
[TICKER 2026-06-09T17:19:36.505Z] Heartbeat OK (200)
[TICKER 2026-06-09T17:21:36.508Z] Heartbeat OK (200)
[TICKER 2026-06-09T17:23:36.513Z] Heartbeat OK (200)
[TICKER 2026-06-09T17:25:36.513Z] Heartbeat OK (200)
[TICKER 2026-06-09T17:27:36.523Z] Heartbeat OK (200)
[TICKER 2026-06-09T17:29:36.529Z] Heartbeat OK (200)
[TICKER 2026-06-09T17:31:36.534Z] Heartbeat OK (200)
[TICKER 2026-06-09T17:33:36.538Z] Heartbeat OK (200)
[TICKER 2026-06-09T17:35:36.538Z] Heartbeat OK (200)
[TICKER 2026-06-09T17:37:36.539Z] Heartbeat OK (200)
[TICKER 2026-06-09T17:39:36.547Z] Heartbeat OK (200)
[TICKER 2026-06-09T17:41:36.551Z] Heartbeat OK (200)
[TICKER 2026-06-09T17:43:36.551Z] Heartbeat OK (200)
[TICKER 2026-06-09T17:45:36.553Z] Heartbeat OK (200)
[TICKER 2026-06-09T17:47:36.555Z] Heartbeat OK (200)
[TICKER 2026-06-09T17:49:36.561Z] Heartbeat OK (200)
[TICKER 2026-06-09T17:51:36.567Z] Heartbeat OK (200)
[TICKER 2026-06-09T17:53:36.570Z] Heartbeat OK (200)
[TICKER 2026-06-09T17:55:36.571Z] Heartbeat OK (200)
[TICKER 2026-06-09T17:57:36.573Z] Heartbeat OK (200)
[TICKER 2026-06-09T17:59:36.575Z] Heartbeat OK (200)
[TICKER 2026-06-09T18:01:36.582Z] Heartbeat OK (200)
[TICKER 2026-06-09T18:03:36.586Z] Heartbeat OK (200)
[TICKER 2026-06-09T18:05:36.591Z] Heartbeat OK (200)
[TICKER 2026-06-09T18:07:36.589Z] Heartbeat OK (200)
[TICKER 2026-06-09T18:09:36.594Z] Heartbeat OK (200)
[TICKER 2026-06-09T18:11:36.601Z] Heartbeat OK (200)
[TICKER 2026-06-09T18:13:36.603Z] Heartbeat OK (200)
[TICKER 2026-06-09T18:15:36.604Z] Heartbeat OK (200)
[TICKER 2026-06-09T18:17:36.604Z] Heartbeat OK (200)
[TICKER 2026-06-09T18:19:36.613Z] Heartbeat OK (200)
[TICKER 2026-06-09T18:21:36.616Z] Heartbeat OK (200)
[TICKER 2026-06-09T18:23:36.620Z] Heartbeat OK (200)
[TICKER 2026-06-09T18:25:36.623Z] Heartbeat OK (200)
[TICKER 2026-06-09T18:27:36.622Z] Heartbeat OK (200)
[TICKER 2026-06-09T18:29:36.630Z] Heartbeat OK (200)
[TICKER 2026-06-09T18:31:36.634Z] Heartbeat OK (200)
[TICKER 2026-06-09T18:33:36.639Z] Heartbeat OK (200)
[TICKER 2026-06-09T18:35:36.640Z] Heartbeat OK (200)
[TICKER 2026-06-09T18:37:36.641Z] Heartbeat OK (200)
[TICKER 2026-06-09T18:39:36.652Z] Heartbeat OK (200)
[TICKER 2026-06-09T18:41:36.655Z] Heartbeat OK (200)
[TICKER 2026-06-09T18:43:36.660Z] Heartbeat OK (200)
[TICKER 2026-06-09T18:45:36.663Z] Heartbeat OK (200)
[TICKER 2026-06-09T18:47:36.661Z] Heartbeat OK (200)
[TICKER 2026-06-09T18:49:36.671Z] Heartbeat OK (200)
[TICKER 2026-06-09T18:51:36.676Z] Heartbeat OK (200)
[TICKER 2026-06-09T18:53:36.681Z] Heartbeat OK (200)
[TICKER 2026-06-09T18:55:36.682Z] Heartbeat OK (200)
[TICKER 2026-06-09T18:57:36.687Z] Heartbeat OK (200)
[TICKER 2026-06-09T18:59:36.690Z] Heartbeat OK (200)
[TICKER 2026-06-09T19:01:36.693Z] Heartbeat OK (200)
[TICKER 2026-06-09T19:03:36.696Z] Heartbeat OK (200)
[TICKER 2026-06-09T19:05:36.698Z] Heartbeat OK (200)
[TICKER 2026-06-09T19:07:36.691Z] Heartbeat unreachable: fetch failed
[TICKER 2026-06-09T19:09:42.438Z] Heartbeat OK (200)
[TICKER 2026-06-09T19:11:36.719Z] Heartbeat OK (200)
[TICKER 2026-06-09T19:13:36.742Z] Heartbeat OK (200)
[TICKER 2026-06-09T19:15:36.724Z] Heartbeat OK (200)
[TICKER 2026-06-09T19:17:36.725Z] Heartbeat OK (200)
[TICKER 2026-06-09T19:19:36.735Z] Heartbeat OK (200)
[TICKER 2026-06-09T19:21:36.738Z] Heartbeat OK (200)
[TICKER 2026-06-09T19:23:36.744Z] Heartbeat OK (200)
[TICKER 2026-06-09T19:25:36.767Z] Heartbeat OK (200)
[TICKER 2026-06-09T19:27:36.752Z] Heartbeat OK (200)
[TICKER 2026-06-09T19:29:36.917Z] Heartbeat OK (200)
[TICKER 2026-06-09T19:31:36.764Z] Heartbeat OK (200)
[TICKER 2026-06-09T19:33:36.767Z] Heartbeat OK (200)
[TICKER 2026-06-09T19:35:36.769Z] Heartbeat OK (200)
[TICKER 2026-06-09T19:37:36.779Z] Heartbeat OK (200)
[TICKER 2026-06-09T19:39:36.782Z] Heartbeat OK (200)
[TICKER 2026-06-09T19:41:36.783Z] Heartbeat OK (200)
[TICKER 2026-06-09T19:43:36.788Z] Heartbeat OK (200)
[TICKER 2026-06-09T19:45:36.792Z] Heartbeat OK (200)
[TICKER 2026-06-09T19:47:36.792Z] Heartbeat OK (200)
[TICKER 2026-06-09T19:49:36.801Z] Heartbeat OK (200)
[TICKER 2026-06-09T19:51:36.806Z] Heartbeat OK (200)
[TICKER 2026-06-09T19:53:36.810Z] Heartbeat OK (200)
[TICKER 2026-06-09T19:55:36.813Z] Heartbeat OK (200)
[TICKER 2026-06-09T19:57:36.815Z] Heartbeat OK (200)
[TICKER 2026-06-09T19:59:36.820Z] Heartbeat OK (200)
[TICKER 2026-06-09T20:01:36.825Z] Heartbeat OK (200)
[TICKER 2026-06-09T20:03:36.830Z] Heartbeat OK (200)
[TICKER 2026-06-09T20:05:36.833Z] Heartbeat OK (200)
[TICKER 2026-06-09T20:07:36.836Z] Heartbeat OK (200)
[TICKER 2026-06-09T20:09:36.843Z] Heartbeat OK (200)
[TICKER 2026-06-09T20:11:36.849Z] Heartbeat OK (200)
[TICKER 2026-06-09T20:13:37.048Z] Heartbeat returned 500 — Next.js may be warming up
[TICKER 2026-06-09T20:15:37.006Z] Heartbeat returned 500 — Next.js may be warming up
[TICKER 2026-06-09T20:17:36.967Z] Heartbeat returned 500 — Next.js may be warming up
[TICKER 2026-06-09T20:19:36.969Z] Heartbeat returned 500 — Next.js may be warming up
[TICKER 2026-06-09T20:21:36.972Z] Heartbeat returned 500 — Next.js may be warming up
[TICKER 2026-06-09T20:23:36.985Z] Heartbeat returned 500 — Next.js may be warming up
[TICKER 2026-06-09T20:25:37.056Z] Heartbeat returned 500 — Next.js may be warming up
[TICKER 2026-06-09T20:27:37.001Z] Heartbeat returned 500 — Next.js may be warming up
[TICKER 2026-06-09T20:29:36.982Z] Heartbeat returned 500 — Next.js may be warming up
[TICKER 2026-06-09T20:31:36.986Z] Heartbeat returned 500 — Next.js may be warming up
[TICKER 2026-06-09T20:33:37.034Z] Heartbeat returned 500 — Next.js may be warming up
[TICKER 2026-06-09T20:35:37.082Z] Heartbeat returned 500 — Next.js may be warming up
[TICKER 2026-06-09T20:37:37.036Z] Heartbeat returned 500 — Next.js may be warming up
[TICKER 2026-06-09T20:39:37.042Z] Heartbeat returned 500 — Next.js may be warming up
[TICKER 2026-06-09T20:41:37.043Z] Heartbeat returned 500 — Next.js may be warming up
[TICKER 2026-06-09T20:43:37.050Z] Heartbeat returned 500 — Next.js may be warming up
[TICKER 2026-06-09T20:45:37.056Z] Heartbeat returned 500 — Next.js may be warming up
[TICKER 2026-06-09T20:47:37.067Z] Heartbeat returned 500 — Next.js may be warming up
[TICKER 2026-06-09T20:49:37.058Z] Heartbeat returned 500 — Next.js may be warming up
[TICKER 2026-06-09T20:51:37.065Z] Heartbeat returned 500 — Next.js may be warming up
[TICKER 2026-06-09T20:53:37.070Z] Heartbeat returned 500 — Next.js may be warming up
[TICKER 2026-06-09T20:55:37.077Z] Heartbeat returned 500 — Next.js may be warming up
[TICKER 2026-06-09T20:57:37.079Z] Heartbeat returned 500 — Next.js may be warming up
[TICKER 2026-06-09T20:59:37.078Z] Heartbeat returned 500 — Next.js may be warming up
[TICKER 2026-06-09T21:01:37.083Z] Heartbeat returned 500 — Next.js may be warming up
[TICKER 2026-06-09T21:03:37.084Z] Heartbeat returned 500 — Next.js may be warming up
[TICKER 2026-06-09T21:05:37.087Z] Heartbeat returned 500 — Next.js may be warming up
[TICKER 2026-06-09T21:07:37.099Z] Heartbeat returned 500 — Next.js may be warming up
[TICKER 2026-06-09T21:09:37.089Z] Heartbeat returned 500 — Next.js may be warming up
[TICKER 2026-06-09T21:11:37.097Z] Heartbeat returned 500 — Next.js may be warming up
[TICKER 2026-06-09T21:13:37.098Z] Heartbeat returned 500 — Next.js may be warming up
[TICKER 2026-06-09T21:15:37.104Z] Heartbeat returned 500 — Next.js may be warming up
[TICKER 2026-06-09T21:17:37.110Z] Heartbeat returned 500 — Next.js may be warming up
[TICKER 2026-06-09T21:19:37.122Z] Heartbeat returned 500 — Next.js may be warming up
[TICKER 2026-06-09T21:21:37.155Z] Heartbeat returned 500 — Next.js may be warming up
[TICKER 2026-06-09T21:23:37.160Z] Heartbeat returned 500 — Next.js may be warming up
[TICKER 2026-06-09T21:25:37.212Z] Heartbeat returned 500 — Next.js may be warming up
[TICKER 2026-06-09T21:27:37.272Z] Heartbeat returned 500 — Next.js may be warming up
[TICKER 2026-06-09T21:29:37.328Z] Heartbeat returned 500 — Next.js may be warming up
[TICKER 2026-06-09T21:31:37.404Z] Heartbeat returned 500 — Next.js may be warming up
[TICKER 2026-06-09T21:33:37.487Z] Heartbeat returned 500 — Next.js may be warming up
[TICKER 2026-06-09T21:35:37.525Z] Heartbeat returned 500 — Next.js may be warming up
[TICKER 2026-06-09T21:37:37.614Z] Heartbeat returned 500 — Next.js may be warming up
[TICKER 2026-06-09T21:39:37.705Z] Heartbeat returned 500 — Next.js may be warming up
[TICKER 2026-06-09T21:41:37.801Z] Heartbeat returned 500 — Next.js may be warming up
[TICKER 2026-06-09T21:43:37.851Z] Heartbeat returned 500 — Next.js may be warming up
[TICKER 2026-06-09T21:45:37.893Z] Heartbeat returned 500 — Next.js may be warming up
[TICKER 2026-06-09T21:47:37.970Z] Heartbeat returned 500 — Next.js may be warming up
[TICKER 2026-06-09T21:49:38.058Z] Heartbeat returned 500 — Next.js may be warming up
[TICKER 2026-06-09T21:51:38.097Z] Heartbeat returned 500 — Next.js may be warming up
[TICKER 2026-06-09T21:53:38.123Z] Heartbeat returned 500 — Next.js may be warming up
[TICKER 2026-06-09T21:55:38.166Z] Heartbeat returned 500 — Next.js may be warming up
[TICKER 2026-06-09T21:57:38.200Z] Heartbeat returned 500 — Next.js may be warming up
[TICKER 2026-06-09T21:59:38.331Z] Heartbeat returned 500 — Next.js may be warming up
[TICKER 2026-06-09T22:01:38.479Z] Heartbeat returned 500 — Next.js may be warming up
[TICKER 2026-06-09T22:03:38.582Z] Heartbeat returned 500 — Next.js may be warming up
[TICKER 2026-06-09T22:05:38.551Z] Heartbeat returned 500 — Next.js may be warming up
[TICKER 2026-06-09T22:07:38.645Z] Heartbeat returned 500 — Next.js may be warming up
[TICKER 2026-06-09T22:09:38.616Z] Heartbeat returned 500 — Next.js may be warming up
[TICKER 2026-06-09T22:11:38.638Z] Heartbeat returned 500 — Next.js may be warming up
[TICKER 2026-06-09T22:13:38.648Z] Heartbeat returned 500 — Next.js may be warming up
[TICKER 2026-06-09T22:15:38.642Z] Heartbeat returned 500 — Next.js may be warming up
[TICKER 2026-06-09T22:17:38.700Z] Heartbeat returned 500 — Next.js may be warming up
[TICKER 2026-06-09T22:19:38.704Z] Heartbeat returned 500 — Next.js may be warming up
[TICKER 2026-06-09T22:21:38.748Z] Heartbeat returned 500 — Next.js may be warming up
[TICKER 2026-06-09T22:23:38.793Z] Heartbeat returned 500 — Next.js may be warming up
[TICKER 2026-06-09T22:25:38.868Z] Heartbeat returned 500 — Next.js may be warming up
[TICKER 2026-06-09T22:27:38.838Z] Heartbeat OK (200)
[TICKER 2026-06-09T22:29:38.906Z] Heartbeat OK (200)
[TICKER 2026-06-09T22:31:38.941Z] Heartbeat OK (200)
[TICKER 2026-06-09T22:33:39.024Z] Heartbeat OK (200)
[TICKER 2026-06-09T22:35:39.117Z] Heartbeat OK (200)
[TICKER 2026-06-09T22:37:39.165Z] Heartbeat OK (200)
[TICKER 2026-06-09T22:39:39.206Z] Heartbeat OK (200)
[TICKER 2026-06-09T22:41:39.272Z] Heartbeat OK (200)
[TICKER 2026-06-09T22:43:39.360Z] Heartbeat OK (200)
[TICKER 2026-06-09T22:45:39.445Z] Heartbeat OK (200)
[TICKER 2026-06-09T22:47:39.538Z] Heartbeat OK (200)
[TICKER 2026-06-09T22:49:39.629Z] Heartbeat OK (200)
[TICKER 2026-06-09T22:51:39.722Z] Heartbeat OK (200)
[TICKER 2026-06-09T22:53:39.790Z] Heartbeat OK (200)
[TICKER 2026-06-09T22:55:39.863Z] Heartbeat OK (200)
[TICKER 2026-06-09T22:57:39.924Z] Heartbeat OK (200)
[TICKER 2026-06-09T22:59:40.018Z] Heartbeat OK (200)
[TICKER 2026-06-09T23:01:40.072Z] Heartbeat OK (200)
[TICKER 2026-06-09T23:03:40.092Z] Heartbeat OK (200)
[TICKER 2026-06-09T23:05:40.152Z] Heartbeat OK (200)
[TICKER 2026-06-09T23:07:40.206Z] Heartbeat OK (200)
[TICKER 2026-06-09T23:09:40.229Z] Heartbeat OK (200)
[TICKER 2026-06-09T23:11:40.306Z] Heartbeat OK (200)
[TICKER 2026-06-09T23:13:40.380Z] Heartbeat OK (200)
[TICKER 2026-06-09T23:15:40.455Z] Heartbeat OK (200)
[TICKER 2026-06-09T23:17:40.537Z] Heartbeat OK (200)
[TICKER 2026-06-09T23:19:40.582Z] Heartbeat OK (200)
[TICKER 2026-06-09T23:21:40.618Z] Heartbeat OK (200)
[TICKER 2026-06-09T23:23:40.701Z] Heartbeat OK (200)
[TICKER 2026-06-09T23:25:40.791Z] Heartbeat OK (200)
[TICKER 2026-06-09T23:27:40.868Z] Heartbeat OK (200)
[TICKER 2026-06-09T23:29:40.933Z] Heartbeat OK (200)
