timestamp,mem_used_mb,cpu_used_pct
2026-04-24T06:48:22+00:00,5238,12.2
2026-04-24T06:48:28+00:00,5268,50
2026-04-24T06:48:33+00:00,5243,7.2
2026-04-24T06:48:38+00:00,5232,9.7
2026-04-24T06:48:43+00:00,5167,5
2026-04-24T06:48:48+00:00,5165,22.5
2026-04-24T06:48:54+00:00,5182,4.8
2026-04-24T06:48:59+00:00,5182,19.5
2026-04-24T06:49:04+00:00,5217,22
2026-04-24T06:49:09+00:00,5034,7.2
2026-04-24T06:49:15+00:00,5318,61.9
2026-04-24T06:49:20+00:00,5176,2.4
2026-04-24T06:49:25+00:00,5167,4.8
2026-04-24T06:49:30+00:00,5176,4.8
2026-04-24T06:49:35+00:00,5136,7.3
2026-04-24T06:49:41+00:00,5031,35.9
2026-04-24T06:49:46+00:00,4987,2.4
2026-04-24T06:49:51+00:00,4970,2.5
2026-04-24T06:49:56+00:00,5144,38.4
2026-04-24T06:50:02+00:00,5160,7.3
2026-04-24T06:50:07+00:00,5157,2.5
2026-04-24T06:50:12+00:00,5108,2.5
2026-04-24T06:50:17+00:00,5034,2.5
2026-04-24T06:50:22+00:00,5026,4.8
2026-04-24T06:50:28+00:00,5025,2.4
2026-04-24T06:50:33+00:00,5029,7.3
2026-04-24T06:50:38+00:00,5042,5
2026-04-24T06:50:43+00:00,5033,4.8
2026-04-24T06:50:49+00:00,5045,60
2026-04-24T06:50:54+00:00,5048,32.5
2026-04-24T06:50:59+00:00,5032,7.3
2026-04-24T06:51:04+00:00,5037,21.4
2026-04-24T06:51:09+00:00,5052,7
2026-04-24T06:51:15+00:00,5052,45.2
2026-04-24T06:51:20+00:00,5329,41.5
2026-04-24T06:51:25+00:00,5217,26.8
2026-04-24T06:51:30+00:00,5205,24.4
2026-04-24T06:51:36+00:00,5146,4.6
2026-04-24T06:51:41+00:00,5129,30.2
2026-04-24T06:51:46+00:00,5136,2.4
2026-04-24T06:51:51+00:00,5074,7.2
2026-04-24T06:51:56+00:00,5075,7.2
2026-04-24T06:52:02+00:00,5079,9.6
2026-04-24T06:52:07+00:00,5221,40
2026-04-24T06:52:12+00:00,5161,4.8
2026-04-24T06:52:17+00:00,5146,9.4
2026-04-24T06:52:23+00:00,5152,2.4
2026-04-24T06:52:28+00:00,5093,0
2026-04-24T06:52:33+00:00,5086,2.4
2026-04-24T06:52:38+00:00,5085,7.5
2026-04-24T06:52:43+00:00,5086,7.2
2026-04-24T06:52:49+00:00,5068,7.2
2026-04-24T06:52:54+00:00,5074,9.6
2026-04-24T06:52:59+00:00,5069,5
2026-04-24T06:53:04+00:00,5191,15
2026-04-24T06:53:09+00:00,5212,12.9
2026-04-24T06:53:15+00:00,5210,14.3
2026-04-24T06:53:20+00:00,5174,2.5
2026-04-24T06:53:25+00:00,5118,2.5
2026-04-24T06:53:30+00:00,5098,4.8
2026-04-24T06:53:36+00:00,5106,9.5
2026-04-24T06:53:41+00:00,5097,56.1
2026-04-24T06:53:46+00:00,5105,7.2
2026-04-24T06:53:51+00:00,5216,45
2026-04-24T06:53:56+00:00,5219,42.5
2026-04-24T06:54:02+00:00,5215,24.4
2026-04-24T06:54:07+00:00,5288,53.7
2026-04-24T06:54:12+00:00,5211,93.1
2026-04-24T06:54:17+00:00,5212,15.4
2026-04-24T06:54:23+00:00,5206,4.8
2026-04-24T06:54:28+00:00,5207,9.5
2026-04-24T06:54:33+00:00,5067,86
2026-04-24T06:54:38+00:00,5057,69.1
2026-04-24T06:54:44+00:00,5050,46.3
2026-04-24T06:54:49+00:00,5051,16.7
2026-04-24T06:54:54+00:00,5067,6.8
2026-04-24T06:54:59+00:00,5238,58.9
2026-04-24T06:55:04+00:00,5247,4.8
2026-04-24T06:55:10+00:00,5240,4.8
2026-04-24T06:55:15+00:00,5208,0
2026-04-24T06:55:20+00:00,5126,2.4
2026-04-24T06:55:25+00:00,5119,2.5
2026-04-24T06:55:31+00:00,5116,4.8
2026-04-24T06:55:36+00:00,5160,12.9
2026-04-24T06:55:41+00:00,5249,4.8
2026-04-24T06:55:46+00:00,5122,2.4
2026-04-24T06:55:51+00:00,5095,4.8
2026-04-24T06:55:57+00:00,5106,4.8
2026-04-24T06:56:02+00:00,5124,4.9
2026-04-24T06:56:07+00:00,5114,2.4
2026-04-24T06:56:12+00:00,5133,7.2
2026-04-24T06:56:18+00:00,5129,16.6
2026-04-24T06:56:23+00:00,5115,9.7
2026-04-24T06:56:28+00:00,5250,7.2
2026-04-24T06:56:33+00:00,5288,22
2026-04-24T06:56:38+00:00,5281,15
2026-04-24T06:56:44+00:00,5246,2.4
2026-04-24T06:56:49+00:00,5252,4.8
2026-04-24T06:56:54+00:00,5173,5
2026-04-24T06:56:59+00:00,5292,21
2026-04-24T06:57:04+00:00,5302,2.5
2026-04-24T06:57:10+00:00,5298,2.4
2026-04-24T06:57:15+00:00,5265,4.8
2026-04-24T06:57:20+00:00,5190,4.9
2026-04-24T06:57:25+00:00,5161,9.7
2026-04-24T06:57:31+00:00,5166,19.5
2026-04-24T06:57:36+00:00,5169,60
2026-04-24T06:57:41+00:00,5151,15
2026-04-24T06:57:46+00:00,5207,12.2
2026-04-24T06:57:51+00:00,5161,2.4
2026-04-24T06:57:57+00:00,5157,5
2026-04-24T06:58:02+00:00,5162,19.6
2026-04-24T06:58:07+00:00,5154,4.8
2026-04-24T06:58:12+00:00,5292,2.5
2026-04-24T06:58:18+00:00,5170,4.9
2026-04-24T06:58:23+00:00,5164,31.7
2026-04-24T06:58:28+00:00,5167,5
2026-04-24T06:58:33+00:00,5149,2.4
2026-04-24T06:58:38+00:00,5155,5
2026-04-24T06:58:44+00:00,5153,4.8
2026-04-24T06:58:49+00:00,5156,2.4
2026-04-24T06:58:54+00:00,5161,0
2026-04-24T06:58:59+00:00,5157,2.4
2026-04-24T06:59:05+00:00,5159,7.2
2026-04-24T06:59:10+00:00,5272,69.2
2026-04-24T06:59:15+00:00,5287,11.9
2026-04-24T06:59:20+00:00,5277,4.8
2026-04-24T06:59:25+00:00,5228,10
2026-04-24T06:59:31+00:00,5225,42.5
2026-04-24T06:59:36+00:00,5166,4.8
2026-04-24T06:59:41+00:00,5158,7.3
2026-04-24T06:59:46+00:00,5157,2.4
2026-04-24T06:59:52+00:00,5156,0
2026-04-24T06:59:57+00:00,5159,4.8
2026-04-24T07:00:02+00:00,5149,5
2026-04-24T07:00:07+00:00,5159,7.3
2026-04-24T07:00:12+00:00,5146,26.8
2026-04-24T07:00:18+00:00,5158,21.4
2026-04-24T07:00:23+00:00,5146,30.9
2026-04-24T07:00:28+00:00,5151,52.3
2026-04-24T07:00:33+00:00,5143,32.5
2026-04-24T07:00:39+00:00,5162,2.4
2026-04-24T07:00:44+00:00,5154,40.4
2026-04-24T07:00:49+00:00,5160,4.6
2026-04-24T07:00:54+00:00,5140,15.4
2026-04-24T07:00:59+00:00,5146,2.5
2026-04-24T07:01:05+00:00,5148,2.4
2026-04-24T07:01:10+00:00,5154,2.5
2026-04-24T07:01:15+00:00,5154,2.5
2026-04-24T07:01:20+00:00,5154,4.8
2026-04-24T07:01:25+00:00,5147,7.5
2026-04-24T07:01:31+00:00,5163,40
2026-04-24T07:01:36+00:00,5154,4.8
2026-04-24T07:01:41+00:00,5147,4.6
2026-04-24T07:01:46+00:00,5146,9.7
2026-04-24T07:01:52+00:00,5153,5
2026-04-24T07:01:57+00:00,5167,4.8
2026-04-24T07:02:02+00:00,5163,7.3
2026-04-24T07:02:07+00:00,5167,11.9
2026-04-24T07:02:12+00:00,5166,19.5
2026-04-24T07:02:18+00:00,5168,4.8
2026-04-24T07:02:23+00:00,5168,4.8
2026-04-24T07:02:28+00:00,5173,4.8
2026-04-24T07:02:33+00:00,5171,4.8
2026-04-24T07:02:39+00:00,5163,7.2
2026-04-24T07:02:44+00:00,5144,2.5
2026-04-24T07:02:49+00:00,5175,4.8
2026-04-24T07:02:54+00:00,5170,4.8
2026-04-24T07:02:59+00:00,5288,7.3
2026-04-24T07:03:05+00:00,5302,7.3
2026-04-24T07:03:10+00:00,5310,9.5
2026-04-24T07:03:15+00:00,5272,19.6
2026-04-24T07:03:20+00:00,5278,2.5
2026-04-24T07:03:26+00:00,5284,2.4
2026-04-24T07:03:31+00:00,5309,37.5
2026-04-24T07:03:36+00:00,5298,5
2026-04-24T07:03:41+00:00,5138,2.4
2026-04-24T07:03:46+00:00,5137,2.4
2026-04-24T07:03:52+00:00,5127,42.5
2026-04-24T07:03:57+00:00,5139,42.8
2026-04-24T07:04:02+00:00,5145,4.8
2026-04-24T07:04:07+00:00,5140,4.8
2026-04-24T07:04:13+00:00,5141,4.8
2026-04-24T07:04:18+00:00,5319,2.4
2026-04-24T07:04:23+00:00,5323,7.5
2026-04-24T07:04:28+00:00,5292,2.5
2026-04-24T07:04:33+00:00,5200,4.8
2026-04-24T07:04:39+00:00,5186,4.8
2026-04-24T07:04:44+00:00,5192,4.9
2026-04-24T07:04:49+00:00,5176,2.4
2026-04-24T07:04:54+00:00,5183,4.9
2026-04-24T07:04:59+00:00,5190,7.2
2026-04-24T07:05:05+00:00,5193,4.8
2026-04-24T07:05:10+00:00,5195,11.9
2026-04-24T07:05:15+00:00,5206,7.3
2026-04-24T07:05:20+00:00,5331,7.2
2026-04-24T07:05:26+00:00,5357,29.3
2026-04-24T07:05:31+00:00,5342,19
2026-04-24T07:05:36+00:00,5304,45.3
2026-04-24T07:05:41+00:00,5285,2.4
2026-04-24T07:05:46+00:00,5298,36.6
2026-04-24T07:05:52+00:00,5233,4.8
2026-04-24T07:05:57+00:00,5233,12.2
2026-04-24T07:06:02+00:00,5234,4.8
2026-04-24T07:06:07+00:00,5227,7.3
2026-04-24T07:06:13+00:00,5222,4.8
2026-04-24T07:06:18+00:00,5231,4.8
2026-04-24T07:06:23+00:00,5228,7.5
2026-04-24T07:06:28+00:00,5229,4.8
2026-04-24T07:06:33+00:00,5231,4.8
2026-04-24T07:06:39+00:00,5224,2.5
2026-04-24T07:06:44+00:00,5221,11.9
2026-04-24T07:06:49+00:00,5379,4.8
2026-04-24T07:06:54+00:00,5370,31.7
2026-04-24T07:07:00+00:00,5358,14.3
2026-04-24T07:07:05+00:00,5324,7
2026-04-24T07:07:10+00:00,5255,11.7
2026-04-24T07:07:15+00:00,5256,2.4
2026-04-24T07:07:20+00:00,5240,7.2
2026-04-24T07:07:26+00:00,5242,4.6
2026-04-24T07:07:31+00:00,5237,4.8
2026-04-24T07:07:36+00:00,5245,7.2
2026-04-24T07:07:41+00:00,5237,16.7
2026-04-24T07:07:47+00:00,5236,17.5
2026-04-24T07:07:52+00:00,5240,4.8
2026-04-24T07:07:57+00:00,5244,4.6
2026-04-24T07:08:02+00:00,5238,4.8
2026-04-24T07:08:07+00:00,5250,2.5
2026-04-24T07:08:13+00:00,5237,4.8
2026-04-24T07:08:18+00:00,5249,4.8
2026-04-24T07:08:23+00:00,5241,4.8
2026-04-24T07:08:28+00:00,5260,12.2
2026-04-24T07:08:34+00:00,5257,2.4
2026-04-24T07:08:39+00:00,5244,7.2
2026-04-24T07:08:44+00:00,5382,5
2026-04-24T07:08:49+00:00,5388,22
2026-04-24T07:08:54+00:00,5396,20
2026-04-24T07:09:00+00:00,5345,4.8
2026-04-24T07:09:05+00:00,5339,7.3
2026-04-24T07:09:10+00:00,5336,4.8
2026-04-24T07:09:15+00:00,5277,42.9
2026-04-24T07:09:21+00:00,5272,22.5
2026-04-24T07:09:26+00:00,5269,4.9
2026-04-24T07:09:31+00:00,5264,2.4
2026-04-24T07:09:36+00:00,5258,7.3
2026-04-24T07:09:41+00:00,5247,2.4
2026-04-24T07:09:47+00:00,5273,2.4
2026-04-24T07:09:52+00:00,5273,7
2026-04-24T07:09:57+00:00,5274,17.5
2026-04-24T07:10:02+00:00,5271,39
2026-04-24T07:10:08+00:00,5271,4.8
2026-04-24T07:10:13+00:00,5276,9.6
2026-04-24T07:10:18+00:00,5281,7.2
2026-04-24T07:10:23+00:00,5275,4.8
2026-04-24T07:10:28+00:00,5276,4.9
2026-04-24T07:10:34+00:00,5282,4.8
2026-04-24T07:10:39+00:00,5281,2.4
2026-04-24T07:10:44+00:00,5278,2.6
2026-04-24T07:10:49+00:00,5285,9.7
2026-04-24T07:10:54+00:00,5276,40
2026-04-24T07:11:00+00:00,5270,21.9
2026-04-24T07:11:05+00:00,5258,2.5
2026-04-24T07:11:10+00:00,5246,7.3
2026-04-24T07:11:15+00:00,5240,5
2026-04-24T07:11:21+00:00,5232,33.4
2026-04-24T07:11:26+00:00,5249,19.5
2026-04-24T07:11:31+00:00,5237,15
2026-04-24T07:11:36+00:00,5238,4.8
2026-04-24T07:11:41+00:00,5241,2.4
2026-04-24T07:11:47+00:00,5246,7.3
2026-04-24T07:11:52+00:00,5241,2.5
2026-04-24T07:11:57+00:00,5242,9.7
2026-04-24T07:12:02+00:00,5245,2.5
2026-04-24T07:12:08+00:00,5254,2.4
2026-04-24T07:12:13+00:00,5238,4.8
2026-04-24T07:12:18+00:00,5252,4.8
2026-04-24T07:12:23+00:00,5380,67.5
2026-04-24T07:12:28+00:00,5407,93.5
2026-04-24T07:12:34+00:00,5403,4.8
2026-04-24T07:12:39+00:00,5376,4.8
2026-04-24T07:12:44+00:00,5351,2.6
2026-04-24T07:12:49+00:00,5295,4.8
2026-04-24T07:12:55+00:00,5405,7.3
2026-04-24T07:13:00+00:00,5414,12.5
2026-04-24T07:13:05+00:00,5424,33.3
2026-04-24T07:13:10+00:00,5342,69.1
2026-04-24T07:13:15+00:00,5293,4.8
2026-04-24T07:13:21+00:00,5279,50
2026-04-24T07:13:26+00:00,5253,7
2026-04-24T07:13:31+00:00,5214,2.4
2026-04-24T07:13:36+00:00,5211,4.8
2026-04-24T07:13:42+00:00,5198,5
2026-04-24T07:13:47+00:00,5206,4.8
2026-04-24T07:13:52+00:00,5237,0
2026-04-24T07:13:57+00:00,5216,11.7
2026-04-24T07:14:02+00:00,5208,46.4
2026-04-24T07:14:08+00:00,5204,19.5
2026-04-24T07:14:13+00:00,5203,7
2026-04-24T07:14:18+00:00,5215,11.7
2026-04-24T07:14:23+00:00,5229,7.2
2026-04-24T07:14:29+00:00,5237,2.5
2026-04-24T07:14:34+00:00,5228,4.8
2026-04-24T07:14:39+00:00,5226,5
2026-04-24T07:14:44+00:00,5212,4.8
2026-04-24T07:14:49+00:00,5218,9.4
2026-04-24T07:14:55+00:00,5223,9.8
2026-04-24T07:15:00+00:00,5236,4.8
2026-04-24T07:15:05+00:00,5232,24.4
2026-04-24T07:15:10+00:00,5248,26.2
2026-04-24T07:15:16+00:00,5236,19
2026-04-24T07:15:21+00:00,5225,36.6
2026-04-24T07:15:26+00:00,5225,4.8
2026-04-24T07:15:31+00:00,5231,4.8
2026-04-24T07:15:36+00:00,5231,2.4
2026-04-24T07:15:42+00:00,5217,0
2026-04-24T07:15:47+00:00,5232,2.5
2026-04-24T07:15:52+00:00,5240,4.8
2026-04-24T07:15:57+00:00,5239,7.3
2026-04-24T07:16:03+00:00,5259,2.6
2026-04-24T07:16:08+00:00,5256,40.4
2026-04-24T07:16:13+00:00,5245,2.4
2026-04-24T07:16:18+00:00,5252,7.2
2026-04-24T07:16:23+00:00,5247,7.2
2026-04-24T07:16:29+00:00,5247,0
2026-04-24T07:16:34+00:00,5256,4.8
2026-04-24T07:16:39+00:00,5243,14.6
2026-04-24T07:16:44+00:00,5243,15
2026-04-24T07:16:49+00:00,5250,4.8
2026-04-24T07:16:55+00:00,5254,4.8
2026-04-24T07:17:00+00:00,5265,12.2
2026-04-24T07:17:05+00:00,5264,30
2026-04-24T07:17:10+00:00,5270,14.7
2026-04-24T07:17:16+00:00,5424,4.8
2026-04-24T07:17:21+00:00,5401,27.5
2026-04-24T07:17:26+00:00,5249,7.5
2026-04-24T07:17:31+00:00,5264,4.8
2026-04-24T07:17:36+00:00,5261,4.8
2026-04-24T07:17:42+00:00,5250,4.8
2026-04-24T07:17:47+00:00,5260,4.8
2026-04-24T07:17:52+00:00,5253,57.5
2026-04-24T07:17:57+00:00,5263,35.9
2026-04-24T07:18:03+00:00,5263,4.8
2026-04-24T07:18:08+00:00,5258,5
2026-04-24T07:18:13+00:00,5268,2.4
2026-04-24T07:18:18+00:00,5261,4.8
2026-04-24T07:18:23+00:00,5265,4.8
2026-04-24T07:18:29+00:00,5253,7.2
2026-04-24T07:18:34+00:00,5255,41.4
2026-04-24T07:18:39+00:00,5251,2.5
2026-04-24T07:18:44+00:00,5255,39.4
2026-04-24T07:18:50+00:00,5270,10.2
2026-04-24T07:18:55+00:00,5287,61
2026-04-24T07:19:00+00:00,5268,7.2
2026-04-24T07:19:05+00:00,5265,37.5
2026-04-24T07:19:10+00:00,5266,11.9
2026-04-24T07:19:16+00:00,5277,41.5
2026-04-24T07:19:21+00:00,5278,78.6
2026-04-24T07:19:26+00:00,5316,40
2026-04-24T07:19:31+00:00,5279,2.4
2026-04-24T07:19:37+00:00,5274,37.5
2026-04-24T07:19:42+00:00,5257,4.8
2026-04-24T07:19:47+00:00,5263,40.5
2026-04-24T07:19:52+00:00,5260,7
2026-04-24T07:19:57+00:00,5262,32.6
2026-04-24T07:20:03+00:00,5268,9.3
2026-04-24T07:20:08+00:00,5264,27.9
2026-04-24T07:20:13+00:00,5273,9.6
2026-04-24T07:20:18+00:00,5296,27.5
2026-04-24T07:20:23+00:00,5274,2.4
2026-04-24T07:20:29+00:00,5286,33.3
2026-04-24T07:20:34+00:00,5285,4.8
2026-04-24T07:20:39+00:00,5288,50
2026-04-24T07:20:44+00:00,5279,56.1
2026-04-24T07:20:50+00:00,5280,41.4
2026-04-24T07:20:55+00:00,5280,51.3
2026-04-24T07:21:00+00:00,5278,14.7
2026-04-24T07:21:05+00:00,5289,4.8
2026-04-24T07:21:10+00:00,5284,5
2026-04-24T07:21:16+00:00,5301,4.8
2026-04-24T07:21:21+00:00,5279,2.4
2026-04-24T07:21:26+00:00,5282,14
2026-04-24T07:21:31+00:00,5289,2.6
2026-04-24T07:21:37+00:00,5287,9.4
2026-04-24T07:21:42+00:00,5266,19
2026-04-24T07:21:47+00:00,5279,7.5
2026-04-24T07:21:52+00:00,5275,2.5
2026-04-24T07:21:57+00:00,5284,4.8
2026-04-24T07:22:03+00:00,5290,5
2026-04-24T07:22:08+00:00,5287,4.9
2026-04-24T07:22:13+00:00,5287,4.8
2026-04-24T07:22:18+00:00,5293,2.5
2026-04-24T07:22:24+00:00,5286,20
2026-04-24T07:22:29+00:00,5283,43.9
2026-04-24T07:22:34+00:00,5287,11.9
2026-04-24T07:22:39+00:00,5291,9.5
2026-04-24T07:22:44+00:00,5288,4.8
2026-04-24T07:22:50+00:00,5288,7.3
2026-04-24T07:22:55+00:00,5279,14.3
2026-04-24T07:23:00+00:00,5287,4.8
2026-04-24T07:23:05+00:00,5296,2.5
2026-04-24T07:23:11+00:00,5279,7.2
2026-04-24T07:23:16+00:00,5296,9.8
2026-04-24T07:23:21+00:00,5463,4.8
2026-04-24T07:23:26+00:00,5481,7.3
2026-04-24T07:23:31+00:00,5471,7.3
2026-04-24T07:23:37+00:00,5463,5
2026-04-24T07:23:42+00:00,5412,62.5
2026-04-24T07:23:47+00:00,5403,57.5
2026-04-24T07:23:52+00:00,5407,4.8
2026-04-24T07:23:58+00:00,5413,11.9
2026-04-24T07:24:03+00:00,5415,10
2026-04-24T07:24:08+00:00,5403,4.8
2026-04-24T07:24:13+00:00,5413,11.7
2026-04-24T07:24:18+00:00,5421,2.4
2026-04-24T07:24:24+00:00,5444,26.4
2026-04-24T07:24:29+00:00,5377,4.8
2026-04-24T07:24:34+00:00,5376,2.4
2026-04-24T07:24:39+00:00,5372,2.5
2026-04-24T07:24:45+00:00,5363,2.4
2026-04-24T07:24:50+00:00,5363,84.5
2026-04-24T07:24:55+00:00,5252,36.6
2026-04-24T07:25:00+00:00,5257,9.8
2026-04-24T07:25:05+00:00,5258,43.9
2026-04-24T07:25:11+00:00,5269,9.5
2026-04-24T07:25:16+00:00,5258,14.3
2026-04-24T07:25:21+00:00,5366,7
2026-04-24T07:25:26+00:00,5375,20
2026-04-24T07:25:32+00:00,5407,43.6
2026-04-24T07:25:37+00:00,5468,5
2026-04-24T07:25:42+00:00,5409,2.4
2026-04-24T07:25:47+00:00,5377,2.5
2026-04-24T07:25:52+00:00,5328,4.8
2026-04-24T07:25:58+00:00,5279,4.8
2026-04-24T07:26:03+00:00,5274,2.5
2026-04-24T07:26:08+00:00,5276,7.5
2026-04-24T07:26:13+00:00,5265,24.4
2026-04-24T07:26:18+00:00,5268,14
2026-04-24T07:26:24+00:00,5273,4.8
2026-04-24T07:26:29+00:00,5268,7.3
2026-04-24T07:26:34+00:00,5251,4.8
2026-04-24T07:26:39+00:00,5273,4.8
2026-04-24T07:26:45+00:00,5265,4.9
2026-04-24T07:26:50+00:00,5266,4.8
2026-04-24T07:26:55+00:00,5274,7.2
2026-04-24T07:27:00+00:00,5271,2.4
2026-04-24T07:27:05+00:00,5269,7.2
2026-04-24T07:27:11+00:00,5260,36.6
2026-04-24T07:27:16+00:00,5264,5
2026-04-24T07:27:21+00:00,5276,7.2
2026-04-24T07:27:26+00:00,5266,11.9
2026-04-24T07:27:32+00:00,5276,4.8
2026-04-24T07:27:37+00:00,5280,7.2
2026-04-24T07:27:42+00:00,5262,4.8
2026-04-24T07:27:47+00:00,5279,2.4
2026-04-24T07:27:52+00:00,5272,5
2026-04-24T07:27:58+00:00,5281,4.8
2026-04-24T07:28:03+00:00,5288,4.8
2026-04-24T07:28:08+00:00,5292,4.6
2026-04-24T07:28:13+00:00,5281,5
2026-04-24T07:28:19+00:00,5310,69
2026-04-24T07:28:24+00:00,5429,9.6
2026-04-24T07:28:29+00:00,5422,15
2026-04-24T07:28:34+00:00,5418,7.2
2026-04-24T07:28:39+00:00,5389,7.3
2026-04-24T07:28:45+00:00,5376,26.2
2026-04-24T07:28:50+00:00,5386,7.3
2026-04-24T07:28:55+00:00,5390,5
2026-04-24T07:29:00+00:00,5406,10
2026-04-24T07:29:06+00:00,5400,4.8
2026-04-24T07:29:11+00:00,5428,45
2026-04-24T07:29:16+00:00,5352,11.7
2026-04-24T07:29:21+00:00,5353,9.6
2026-04-24T07:29:26+00:00,5356,4.8
2026-04-24T07:29:32+00:00,5458,4.8
2026-04-24T07:29:37+00:00,5474,4.8
2026-04-24T07:29:42+00:00,5445,4.8
2026-04-24T07:29:47+00:00,5349,52.5
2026-04-24T07:29:53+00:00,5347,2.4
2026-04-24T07:29:58+00:00,5352,15
2026-04-24T07:30:03+00:00,5354,4.8
2026-04-24T07:30:08+00:00,5489,7.2
2026-04-24T07:30:13+00:00,5328,9.5
2026-04-24T07:30:19+00:00,5343,2.4
2026-04-24T07:30:24+00:00,5326,2.4
2026-04-24T07:30:29+00:00,5330,2.4
2026-04-24T07:30:34+00:00,5332,0
2026-04-24T07:30:39+00:00,5337,2.5
2026-04-24T07:30:45+00:00,5330,36.6
2026-04-24T07:30:50+00:00,5330,46.1
2026-04-24T07:30:55+00:00,5332,19.6
2026-04-24T07:31:00+00:00,5325,4.6
2026-04-24T07:31:06+00:00,5327,4.8
2026-04-24T07:31:11+00:00,5312,39
2026-04-24T07:31:16+00:00,5332,7.2
2026-04-24T07:31:21+00:00,5333,17.5
2026-04-24T07:31:26+00:00,5326,9.7
2026-04-24T07:31:32+00:00,5327,2.5
2026-04-24T07:31:37+00:00,5340,7.2
2026-04-24T07:31:42+00:00,5330,12.8
2026-04-24T07:31:47+00:00,5335,25
2026-04-24T07:31:53+00:00,5345,4.8
2026-04-24T07:31:58+00:00,5345,2.4
2026-04-24T07:32:03+00:00,5348,9.6
2026-04-24T07:32:08+00:00,5351,9.4
2026-04-24T07:32:13+00:00,5341,4.8
2026-04-24T07:32:19+00:00,5341,14.3
2026-04-24T07:32:24+00:00,5347,2.5
2026-04-24T07:32:29+00:00,5342,5
2026-04-24T07:32:34+00:00,5333,2.4
2026-04-24T07:32:40+00:00,5340,4.8
2026-04-24T07:32:45+00:00,5355,4.8
2026-04-24T07:32:50+00:00,5346,2.5
2026-04-24T07:32:55+00:00,5343,7.2
2026-04-24T07:33:00+00:00,5350,5
2026-04-24T07:33:06+00:00,5360,4.8
2026-04-24T07:33:11+00:00,5350,30.9
2026-04-24T07:33:16+00:00,5355,21.4
2026-04-24T07:33:21+00:00,5351,2.4
2026-04-24T07:33:27+00:00,5351,4.8
2026-04-24T07:33:32+00:00,5353,4.8
2026-04-24T07:33:37+00:00,5356,7.3
2026-04-24T07:33:42+00:00,5341,17.5
2026-04-24T07:33:47+00:00,5354,22
2026-04-24T07:33:53+00:00,5360,2.5
2026-04-24T07:33:58+00:00,5354,4.6
2026-04-24T07:34:03+00:00,5370,4.8
2026-04-24T07:34:08+00:00,5360,7.3
2026-04-24T07:34:13+00:00,5354,7.3
2026-04-24T07:34:19+00:00,5346,2.5
2026-04-24T07:34:24+00:00,5363,14.2
2026-04-24T07:34:29+00:00,5495,7.2
2026-04-24T07:34:34+00:00,5500,11.3
2026-04-24T07:34:40+00:00,5385,14.7
2026-04-24T07:34:45+00:00,5372,35.7
2026-04-24T07:34:50+00:00,5373,4.8
2026-04-24T07:34:55+00:00,5389,4.8
2026-04-24T07:35:00+00:00,5374,9.8
2026-04-24T07:35:06+00:00,5381,7.2
2026-04-24T07:35:11+00:00,5361,22
2026-04-24T07:35:16+00:00,5509,4.8
2026-04-24T07:35:21+00:00,5496,7.2
2026-04-24T07:35:27+00:00,5522,4.8
2026-04-24T07:35:32+00:00,5481,7.3
2026-04-24T07:35:37+00:00,5492,9.6
2026-04-24T07:35:42+00:00,5466,7.3
2026-04-24T07:35:47+00:00,5488,7.2
2026-04-24T07:35:53+00:00,5484,39
2026-04-24T07:35:58+00:00,5479,26.8
2026-04-24T07:36:03+00:00,5480,4.8
2026-04-24T07:36:08+00:00,5487,9.7
2026-04-24T07:36:14+00:00,5407,4.8
2026-04-24T07:36:19+00:00,5412,2.4
2026-04-24T07:36:24+00:00,5332,4.8
2026-04-24T07:36:29+00:00,5305,7
2026-04-24T07:36:34+00:00,5312,7.3
2026-04-24T07:36:40+00:00,5317,7.5
2026-04-24T07:36:45+00:00,5428,4.8
2026-04-24T07:36:50+00:00,5435,2.4
2026-04-24T07:36:55+00:00,5429,4.8
2026-04-24T07:37:01+00:00,5331,10.3
2026-04-24T07:37:06+00:00,5337,4.8
2026-04-24T07:37:11+00:00,5314,4.8
2026-04-24T07:37:16+00:00,5334,19
2026-04-24T07:37:21+00:00,5345,2.5
2026-04-24T07:37:27+00:00,5350,4.8
2026-04-24T07:37:32+00:00,5346,4.8
2026-04-24T07:37:37+00:00,5335,5
2026-04-24T07:37:42+00:00,5317,7.2
2026-04-24T07:37:48+00:00,5320,29.3
2026-04-24T07:37:53+00:00,5328,20
2026-04-24T07:37:58+00:00,5326,0
2026-04-24T07:38:03+00:00,5338,7.3
2026-04-24T07:38:08+00:00,5341,4.8
2026-04-24T07:38:14+00:00,5338,7.3
2026-04-24T07:38:19+00:00,5348,4.8
2026-04-24T07:38:24+00:00,5350,5
2026-04-24T07:38:29+00:00,5349,17.1
2026-04-24T07:38:34+00:00,5501,2.4
2026-04-24T07:38:40+00:00,5507,12.2
2026-04-24T07:38:45+00:00,5493,7.2
2026-04-24T07:38:50+00:00,5398,4.8
2026-04-24T07:38:55+00:00,5385,9.6
2026-04-24T07:39:01+00:00,5392,4.8
2026-04-24T07:39:06+00:00,5399,4.8
2026-04-24T07:39:11+00:00,5372,23.1
2026-04-24T07:39:16+00:00,5388,19.6
2026-04-24T07:39:21+00:00,5389,19.6
2026-04-24T07:39:27+00:00,5392,7.3
2026-04-24T07:39:32+00:00,5401,9.8
2026-04-24T07:39:37+00:00,5405,7.3
2026-04-24T07:39:42+00:00,5513,7.2
2026-04-24T07:39:48+00:00,5514,5
2026-04-24T07:39:53+00:00,5531,2.5
2026-04-24T07:39:58+00:00,5510,7.3
2026-04-24T07:40:03+00:00,5533,9.4
2026-04-24T07:40:08+00:00,5544,31.6
2026-04-24T07:40:14+00:00,5535,7.5
2026-04-24T07:40:19+00:00,5498,11.9
2026-04-24T07:40:24+00:00,5494,4.8
2026-04-24T07:40:29+00:00,5433,9.6
2026-04-24T07:40:35+00:00,5429,5
2026-04-24T07:40:40+00:00,5412,2.4
2026-04-24T07:40:45+00:00,5476,41
2026-04-24T07:40:50+00:00,5415,9.7
2026-04-24T07:40:55+00:00,5407,15
2026-04-24T07:41:01+00:00,5430,4.8
2026-04-24T07:41:06+00:00,5561,7.3
2026-04-24T07:41:11+00:00,5671,4.9
2026-04-24T07:41:16+00:00,5504,24.4
2026-04-24T07:41:22+00:00,5450,4.8
2026-04-24T07:41:27+00:00,5493,4.8
2026-04-24T07:41:32+00:00,5504,7.3
2026-04-24T07:41:37+00:00,5503,7.2
2026-04-24T07:41:42+00:00,5454,14.3
2026-04-24T07:41:48+00:00,5456,7.3
2026-04-24T07:41:53+00:00,5487,2.4
2026-04-24T07:41:58+00:00,5496,7.2
2026-04-24T07:42:03+00:00,5490,4.8
2026-04-24T07:42:09+00:00,5504,4.8
2026-04-24T07:42:14+00:00,5476,4.8
2026-04-24T07:42:19+00:00,5485,2.5
2026-04-24T07:42:24+00:00,5422,12.2
2026-04-24T07:42:29+00:00,5411,11.9
2026-04-24T07:42:35+00:00,5427,4.8
2026-04-24T07:42:40+00:00,5417,4.8
2026-04-24T07:42:45+00:00,5404,4.8
2026-04-24T07:42:50+00:00,5409,2.4
2026-04-24T07:42:55+00:00,5439,53.5
2026-04-24T07:43:01+00:00,5563,39
2026-04-24T07:43:06+00:00,5554,4.8
2026-04-24T07:43:11+00:00,5543,7.2
2026-04-24T07:43:16+00:00,5547,7.3
2026-04-24T07:43:22+00:00,5565,4.8
2026-04-24T07:43:27+00:00,5508,7.2
2026-04-24T07:43:32+00:00,5466,4.8
2026-04-24T07:43:37+00:00,5440,2.5
2026-04-24T07:43:42+00:00,5433,12.2
2026-04-24T07:43:48+00:00,5432,27.5
2026-04-24T07:43:53+00:00,5443,2.4
2026-04-24T07:43:58+00:00,5438,2.4
2026-04-24T07:44:03+00:00,5434,4.9
2026-04-24T07:44:09+00:00,5423,4.8
2026-04-24T07:44:14+00:00,5412,2.5
2026-04-24T07:44:19+00:00,5553,5.1
2026-04-24T07:44:24+00:00,5556,4.8
2026-04-24T07:44:29+00:00,5545,4.8
2026-04-24T07:44:35+00:00,5460,2.5
2026-04-24T07:44:40+00:00,5435,2.4
2026-04-24T07:44:45+00:00,5423,30
2026-04-24T07:44:50+00:00,5438,16.3
2026-04-24T07:44:56+00:00,5427,25
2026-04-24T07:45:01+00:00,5440,47.5
2026-04-24T07:45:06+00:00,5554,42.5
2026-04-24T07:45:11+00:00,5559,4.8
2026-04-24T07:45:16+00:00,5564,41.9
2026-04-24T07:45:22+00:00,5547,9.6
2026-04-24T07:45:27+00:00,5553,33.3
2026-04-24T07:45:32+00:00,5529,4.9
2026-04-24T07:45:37+00:00,5571,29.3
2026-04-24T07:45:43+00:00,5554,7.2
2026-04-24T07:45:48+00:00,5566,2.4
2026-04-24T07:45:53+00:00,5517,5
2026-04-24T07:45:58+00:00,5502,5
2026-04-24T07:46:03+00:00,5579,40
2026-04-24T07:46:09+00:00,5539,4.8
2026-04-24T07:46:14+00:00,5532,55
2026-04-24T07:46:19+00:00,5422,35
2026-04-24T07:46:24+00:00,5428,4.8
2026-04-24T07:46:30+00:00,5434,4.8
2026-04-24T07:46:35+00:00,5437,9.7
2026-04-24T07:46:40+00:00,5446,7.5
2026-04-24T07:46:45+00:00,5432,4.8
2026-04-24T07:46:50+00:00,5422,17.1
2026-04-24T07:46:56+00:00,5421,4.8
2026-04-24T07:47:01+00:00,5424,35.9
2026-04-24T07:47:06+00:00,5447,19.5
2026-04-24T07:47:11+00:00,5419,14.6
2026-04-24T07:47:17+00:00,5426,7.3
2026-04-24T07:47:22+00:00,5439,4.8
2026-04-24T07:47:27+00:00,5440,7.2
2026-04-24T07:47:32+00:00,5434,43.9
2026-04-24T07:47:37+00:00,5439,2.4
2026-04-24T07:47:43+00:00,5427,2.5
2026-04-24T07:47:48+00:00,5438,88.9
2026-04-24T07:47:53+00:00,5399,4.8
2026-04-24T07:47:58+00:00,5398,2.4
2026-04-24T07:48:04+00:00,5399,4.8
2026-04-24T07:48:09+00:00,5408,0
2026-04-24T07:48:14+00:00,5394,7
2026-04-24T07:48:19+00:00,5394,7.3
2026-04-24T07:48:24+00:00,5577,78.6
2026-04-24T07:48:30+00:00,5610,7.2
2026-04-24T07:48:35+00:00,5586,7.5
2026-04-24T07:48:40+00:00,5473,7.3
2026-04-24T07:48:45+00:00,5453,7.3
2026-04-24T07:48:50+00:00,5473,14.6
2026-04-24T07:48:56+00:00,5476,4.8
2026-04-24T07:49:01+00:00,5462,19
2026-04-24T07:49:06+00:00,5457,30.9
2026-04-24T07:49:11+00:00,5465,41
2026-04-24T07:49:17+00:00,5461,12.5
2026-04-24T07:49:22+00:00,5599,4.8
2026-04-24T07:49:27+00:00,5569,23.8
2026-04-24T07:49:32+00:00,5547,2.4
2026-04-24T07:49:37+00:00,5689,4.8
2026-04-24T07:49:43+00:00,5543,9.4
2026-04-24T07:49:48+00:00,5576,11.7
2026-04-24T07:49:53+00:00,5558,42.1
2026-04-24T07:49:58+00:00,5566,2.5
2026-04-24T07:50:04+00:00,5489,16.6
2026-04-24T07:50:09+00:00,5509,10
2026-04-24T07:50:14+00:00,5501,22.5
2026-04-24T07:50:19+00:00,5483,2.5
2026-04-24T07:50:24+00:00,5504,57.2
2026-04-24T07:50:30+00:00,5496,7.2
2026-04-24T07:50:35+00:00,5484,27.5
2026-04-24T07:50:40+00:00,5489,4.8
2026-04-24T07:50:45+00:00,5485,31.8
2026-04-24T07:50:51+00:00,5487,2.4
2026-04-24T07:50:56+00:00,5489,16.6
2026-04-24T07:51:01+00:00,5477,10
2026-04-24T07:51:06+00:00,5604,5
2026-04-24T07:51:11+00:00,5623,4.8
2026-04-24T07:51:17+00:00,5634,4.8
2026-04-24T07:51:22+00:00,5600,9.6
2026-04-24T07:51:27+00:00,5591,24.4
2026-04-24T07:51:32+00:00,5511,2.5
2026-04-24T07:51:38+00:00,5514,2.4
2026-04-24T07:51:43+00:00,5516,14.7
2026-04-24T07:51:48+00:00,5519,4.8
2026-04-24T07:51:53+00:00,5531,4.8
2026-04-24T07:51:58+00:00,5514,47.5
2026-04-24T07:52:04+00:00,5528,61.5
2026-04-24T07:52:09+00:00,5528,47.6
2026-04-24T07:52:14+00:00,5522,4.8
2026-04-24T07:52:19+00:00,5522,2.4
2026-04-24T07:52:25+00:00,5516,7.2
2026-04-24T07:52:30+00:00,5521,4.8
2026-04-24T07:52:35+00:00,5515,4.8
2026-04-24T07:52:40+00:00,5501,11.7
2026-04-24T07:52:45+00:00,5510,2.5
2026-04-24T07:52:51+00:00,5514,7.5
2026-04-24T07:52:56+00:00,5632,47.6
2026-04-24T07:53:01+00:00,5653,5
2026-04-24T07:53:06+00:00,5648,4.9
2026-04-24T07:53:12+00:00,5595,4.8
2026-04-24T07:53:17+00:00,5601,2.4
2026-04-24T07:53:22+00:00,5538,5
2026-04-24T07:53:27+00:00,5534,14.6
2026-04-24T07:53:32+00:00,5524,2.4
2026-04-24T07:53:38+00:00,5533,2.5
2026-04-24T07:53:43+00:00,5518,7.2
2026-04-24T07:53:48+00:00,5659,2.4
2026-04-24T07:53:53+00:00,5681,2.4
2026-04-24T07:53:58+00:00,5659,21.4
2026-04-24T07:54:04+00:00,5647,24.4
2026-04-24T07:54:09+00:00,5625,2.5
2026-04-24T07:54:14+00:00,5618,4.8
2026-04-24T07:54:19+00:00,5648,7.3
2026-04-24T07:54:25+00:00,5560,7
2026-04-24T07:54:30+00:00,5701,4.8
2026-04-24T07:54:35+00:00,5690,4.8
2026-04-24T07:54:40+00:00,5677,31.8
2026-04-24T07:54:45+00:00,5660,7.2
2026-04-24T07:54:51+00:00,5547,23.1
2026-04-24T07:54:56+00:00,5548,7.5
2026-04-24T07:55:01+00:00,5544,2.4
2026-04-24T07:55:06+00:00,5537,5
2026-04-24T07:55:12+00:00,5544,11.9
2026-04-24T07:55:17+00:00,5546,4.8
2026-04-24T07:55:22+00:00,5550,19.5
2026-04-24T07:55:27+00:00,5540,58.5
2026-04-24T07:55:32+00:00,5550,39
2026-04-24T07:55:38+00:00,5530,4.8
2026-04-24T07:55:43+00:00,5538,16.6
2026-04-24T07:55:48+00:00,5541,7.2
2026-04-24T07:55:53+00:00,5556,74.4
2026-04-24T07:55:59+00:00,5657,73.2
2026-04-24T07:56:04+00:00,5698,43.9
2026-04-24T07:56:09+00:00,5715,7.2
2026-04-24T07:56:14+00:00,5662,35.7
2026-04-24T07:56:19+00:00,5648,17.1
2026-04-24T07:56:25+00:00,5640,40
2026-04-24T07:56:30+00:00,5637,2.4
2026-04-24T07:56:35+00:00,5640,7.5
2026-04-24T07:56:40+00:00,5645,15
2026-04-24T07:56:46+00:00,5635,4.9
2026-04-24T07:56:51+00:00,5552,34.2
2026-04-24T07:56:56+00:00,5547,4.8
2026-04-24T07:57:01+00:00,5558,2.5
2026-04-24T07:57:06+00:00,5559,4.6
2026-04-24T07:57:12+00:00,5562,4.8
2026-04-24T07:57:17+00:00,5563,12.2
2026-04-24T07:57:22+00:00,5562,7.5
2026-04-24T07:57:27+00:00,5557,5
2026-04-24T07:57:33+00:00,5568,4.8
2026-04-24T07:57:38+00:00,5681,5
2026-04-24T07:57:43+00:00,5684,4.8
2026-04-24T07:57:48+00:00,5681,7.5
2026-04-24T07:57:53+00:00,5581,11.9
2026-04-24T07:57:59+00:00,5563,2.4
2026-04-24T07:58:04+00:00,5481,66.7
2026-04-24T07:58:09+00:00,5483,4.8
2026-04-24T07:58:14+00:00,5474,0
2026-04-24T07:58:20+00:00,5468,4.8
2026-04-24T07:58:25+00:00,5463,2.4
2026-04-24T07:58:30+00:00,5477,2.6
2026-04-24T07:58:35+00:00,5474,7.3
2026-04-24T07:58:40+00:00,5463,23.1
2026-04-24T07:58:46+00:00,5470,2.4
2026-04-24T07:58:51+00:00,5467,71.4
2026-04-24T07:58:56+00:00,5459,43.9
2026-04-24T07:59:01+00:00,5460,11.9
2026-04-24T07:59:07+00:00,5482,17.1
2026-04-24T07:59:12+00:00,5472,4.8
2026-04-24T07:59:17+00:00,5482,2.4
2026-04-24T07:59:22+00:00,5475,7.3
2026-04-24T07:59:27+00:00,5471,10
2026-04-24T07:59:33+00:00,5657,31
2026-04-24T07:59:38+00:00,5664,10
2026-04-24T07:59:43+00:00,5647,4.9
2026-04-24T07:59:48+00:00,5531,5
2026-04-24T07:59:53+00:00,5526,7.3
2026-04-24T07:59:59+00:00,5525,4.8
2026-04-24T08:00:04+00:00,5645,4.6
2026-04-24T08:00:09+00:00,5649,2.5
2026-04-24T08:00:14+00:00,5635,10
2026-04-24T08:00:20+00:00,5616,2.4
2026-04-24T08:00:25+00:00,5619,4.8
2026-04-24T08:00:30+00:00,5622,2.5
2026-04-24T08:00:35+00:00,5639,2.4
2026-04-24T08:00:40+00:00,5618,10
2026-04-24T08:00:46+00:00,5565,25
2026-04-24T08:00:51+00:00,5491,42.9
2026-04-24T08:00:56+00:00,5485,2.4
2026-04-24T08:01:01+00:00,5491,5
2026-04-24T08:01:07+00:00,5493,60
2026-04-24T08:01:12+00:00,5512,19.5
2026-04-24T08:01:17+00:00,5523,2.4
2026-04-24T08:01:22+00:00,5520,43.5
2026-04-24T08:01:27+00:00,5513,21.4
2026-04-24T08:01:33+00:00,5518,51.3
2026-04-24T08:01:38+00:00,5534,9.7
2026-04-24T08:01:43+00:00,5515,34.2
2026-04-24T08:01:48+00:00,5535,4.8
2026-04-24T08:01:54+00:00,5645,57.5
2026-04-24T08:01:59+00:00,5672,42.5
2026-04-24T08:02:04+00:00,5668,20.9
2026-04-24T08:02:09+00:00,5623,37.5
2026-04-24T08:02:14+00:00,5643,7.2
2026-04-24T08:02:20+00:00,5657,4.8
2026-04-24T08:02:25+00:00,5666,9.6
2026-04-24T08:02:30+00:00,5668,5
2026-04-24T08:02:35+00:00,5668,4.8
2026-04-24T08:02:41+00:00,5667,7.5
2026-04-24T08:02:46+00:00,5669,7.3
2026-04-24T08:02:51+00:00,5669,17.1
2026-04-24T08:02:56+00:00,5661,4.8
2026-04-24T08:03:01+00:00,5593,5.3
2026-04-24T08:03:07+00:00,5593,2.4
2026-04-24T08:03:12+00:00,5593,7.5
2026-04-24T08:03:17+00:00,5596,34.1
2026-04-24T08:03:22+00:00,5590,14.7
2026-04-24T08:03:28+00:00,5594,9.7
2026-04-24T08:03:33+00:00,5728,9.6
2026-04-24T08:03:38+00:00,5730,2.4
2026-04-24T08:03:43+00:00,5711,4.8
2026-04-24T08:03:48+00:00,5671,7.3
2026-04-24T08:03:54+00:00,5594,4.8
2026-04-24T08:03:59+00:00,5597,4.9
2026-04-24T08:04:04+00:00,5598,0
2026-04-24T08:04:09+00:00,5603,5
2026-04-24T08:04:14+00:00,5604,2.5
2026-04-24T08:04:20+00:00,5599,7.3
2026-04-24T08:04:25+00:00,5604,10.2
2026-04-24T08:04:30+00:00,5613,2.4
2026-04-24T08:04:35+00:00,5618,4.8
2026-04-24T08:04:41+00:00,5597,4.6
2026-04-24T08:04:46+00:00,5607,4.8
2026-04-24T08:04:51+00:00,5623,22
2026-04-24T08:04:56+00:00,5613,37.5
2026-04-24T08:05:01+00:00,5609,46.4
2026-04-24T08:05:07+00:00,5624,4.8
2026-04-24T08:05:12+00:00,5620,30.7
2026-04-24T08:05:17+00:00,5628,4.8
2026-04-24T08:05:22+00:00,5621,7.3
2026-04-24T08:05:28+00:00,5621,4.9
2026-04-24T08:05:33+00:00,5622,7.3
2026-04-24T08:05:38+00:00,5626,2.5
2026-04-24T08:05:43+00:00,5615,4.8
2026-04-24T08:05:48+00:00,5610,2.5
2026-04-24T08:05:54+00:00,5609,4.8
2026-04-24T08:05:59+00:00,5621,4.8
2026-04-24T08:06:04+00:00,5622,2.5
2026-04-24T08:06:09+00:00,5635,7.2
2026-04-24T08:06:15+00:00,5616,4.8
2026-04-24T08:06:20+00:00,5621,4.9
2026-04-24T08:06:25+00:00,5615,2.5
2026-04-24T08:06:30+00:00,5612,5
2026-04-24T08:06:35+00:00,5624,4.8
2026-04-24T08:06:41+00:00,5612,19.6
2026-04-24T08:06:46+00:00,5603,4.8
2026-04-24T08:06:51+00:00,5626,12.5
2026-04-24T08:06:56+00:00,5603,2.4
2026-04-24T08:07:02+00:00,5633,17.1
2026-04-24T08:07:07+00:00,5637,17.5
2026-04-24T08:07:12+00:00,5629,2.4
2026-04-24T08:07:17+00:00,5619,7.3
2026-04-24T08:07:22+00:00,5618,7.2
2026-04-24T08:07:28+00:00,5603,4.8
2026-04-24T08:07:33+00:00,5626,4.8
2026-04-24T08:07:38+00:00,5632,5
2026-04-24T08:07:43+00:00,5627,46.4
2026-04-24T08:07:49+00:00,5619,35.7
2026-04-24T08:07:54+00:00,5623,23.8
2026-04-24T08:07:59+00:00,5615,5.2
2026-04-24T08:08:04+00:00,5758,31
2026-04-24T08:08:09+00:00,5759,7.3
2026-04-24T08:08:15+00:00,5768,17.1
2026-04-24T08:08:20+00:00,5757,7.2
2026-04-24T08:08:25+00:00,5755,14.3
2026-04-24T08:08:30+00:00,5653,2.5
2026-04-24T08:08:35+00:00,5649,47.5
2026-04-24T08:08:41+00:00,5634,5.2
2026-04-24T08:08:46+00:00,5767,18.6
2026-04-24T08:08:51+00:00,5786,20
2026-04-24T08:08:56+00:00,5763,16.6
2026-04-24T08:09:02+00:00,5757,43.9
2026-04-24T08:09:07+00:00,5742,9.8
2026-04-24T08:09:12+00:00,5736,37.5
2026-04-24T08:09:17+00:00,5750,4.8
2026-04-24T08:09:22+00:00,5742,31.8
2026-04-24T08:09:28+00:00,5749,90.3
2026-04-24T08:09:33+00:00,5742,43.9
2026-04-24T08:09:38+00:00,5740,7.3
2026-04-24T08:09:43+00:00,5734,4.8
2026-04-24T08:09:49+00:00,5743,9.8
2026-04-24T08:09:54+00:00,5734,5
2026-04-24T08:09:59+00:00,5741,2.5
2026-04-24T08:10:04+00:00,5731,7.3
2026-04-24T08:10:09+00:00,5736,7.5
2026-04-24T08:10:15+00:00,5729,11.9
2026-04-24T08:10:20+00:00,5739,4.8
2026-04-24T08:10:25+00:00,5704,7.3
2026-04-24T08:10:30+00:00,5710,2.5
2026-04-24T08:10:36+00:00,5701,25
2026-04-24T08:10:41+00:00,5712,37.3
2026-04-24T08:10:46+00:00,5708,17.1
2026-04-24T08:10:51+00:00,5702,9.8
2026-04-24T08:10:56+00:00,5712,7.2
2026-04-24T08:11:02+00:00,5651,7.5
2026-04-24T08:11:07+00:00,5635,4.8
2026-04-24T08:11:12+00:00,5636,23.1
2026-04-24T08:11:17+00:00,5658,2.5
2026-04-24T08:11:23+00:00,5650,11.3
2026-04-24T08:11:28+00:00,5657,11.9
2026-04-24T08:11:33+00:00,5672,4.8
2026-04-24T08:11:38+00:00,5653,2.5
2026-04-24T08:11:43+00:00,5650,7.3
2026-04-24T08:11:49+00:00,5782,14
2026-04-24T08:11:54+00:00,5798,4.8
2026-04-24T08:11:59+00:00,5845,4.8
2026-04-24T08:12:04+00:00,5792,4.8
2026-04-24T08:12:10+00:00,5739,4.6
2026-04-24T08:12:15+00:00,5719,14
2026-04-24T08:12:20+00:00,5726,5
2026-04-24T08:12:25+00:00,5715,80.5
2026-04-24T08:12:30+00:00,5838,41.9
2026-04-24T08:12:36+00:00,5852,78.6
2026-04-24T08:12:41+00:00,5807,45
2026-04-24T08:12:46+00:00,5730,55
2026-04-24T08:12:51+00:00,5729,2.5
2026-04-24T08:12:57+00:00,5729,40.5
2026-04-24T08:13:02+00:00,5734,2.4
2026-04-24T08:13:07+00:00,5847,9.5
2026-04-24T08:13:12+00:00,5835,7.2
2026-04-24T08:13:17+00:00,5781,2.5
2026-04-24T08:13:23+00:00,5671,2.6
2026-04-24T08:13:28+00:00,5684,4.8
2026-04-24T08:13:33+00:00,5802,35
2026-04-24T08:13:38+00:00,5822,2.4
2026-04-24T08:13:44+00:00,5773,2.5
2026-04-24T08:13:49+00:00,5764,4.8
2026-04-24T08:13:54+00:00,5680,2.5
2026-04-24T08:13:59+00:00,5673,4.8
2026-04-24T08:14:04+00:00,5677,4.8
2026-04-24T08:14:10+00:00,5704,4.8
2026-04-24T08:14:15+00:00,5690,39.1
2026-04-24T08:14:20+00:00,5866,23.8
2026-04-24T08:14:25+00:00,5859,2.5
2026-04-24T08:14:31+00:00,5859,4.8
2026-04-24T08:14:36+00:00,5805,2.4
2026-04-24T08:14:41+00:00,5714,33.3
2026-04-24T08:14:46+00:00,5722,7.5
2026-04-24T08:14:51+00:00,5730,7.3
2026-04-24T08:14:57+00:00,5746,7.3
2026-04-24T08:15:02+00:00,5734,7.2
2026-04-24T08:15:07+00:00,5736,2.5
2026-04-24T08:15:12+00:00,5723,4.8
2026-04-24T08:15:17+00:00,5727,2.5
2026-04-24T08:15:23+00:00,5730,4.8
2026-04-24T08:15:28+00:00,5731,4.9
2026-04-24T08:15:33+00:00,5736,5
2026-04-24T08:15:38+00:00,5738,4.9
2026-04-24T08:15:44+00:00,5721,4.8
2026-04-24T08:15:49+00:00,5749,71.4
2026-04-24T08:15:54+00:00,5918,100
2026-04-24T08:15:59+00:00,5877,22.5
2026-04-24T08:16:05+00:00,5853,7.2
2026-04-24T08:16:10+00:00,5809,48.7
2026-04-24T08:16:15+00:00,5811,2.5
2026-04-24T08:16:20+00:00,5743,75
2026-04-24T08:16:25+00:00,5766,35.7
2026-04-24T08:16:31+00:00,5741,12.2
2026-04-24T08:16:36+00:00,5717,4.8
2026-04-24T08:16:41+00:00,5714,7.3
2026-04-24T08:16:46+00:00,5709,2.5
2026-04-24T08:16:52+00:00,5707,0
2026-04-24T08:16:57+00:00,5712,2.4
2026-04-24T08:17:02+00:00,5714,4.8
2026-04-24T08:17:07+00:00,5724,21.4
2026-04-24T08:17:12+00:00,5736,35
2026-04-24T08:17:18+00:00,5719,2.4
2026-04-24T08:17:23+00:00,5708,4.8
2026-04-24T08:17:28+00:00,5716,2.4
2026-04-24T08:17:33+00:00,5733,4.8
2026-04-24T08:17:38+00:00,5742,4.8
2026-04-24T08:17:44+00:00,4733,4.8
2026-04-24T08:17:49+00:00,4751,12.5
2026-04-24T08:17:54+00:00,4739,2.4
2026-04-24T08:17:59+00:00,4725,7.3
2026-04-24T08:18:05+00:00,4721,38.1
2026-04-24T08:18:10+00:00,4859,14.7
2026-04-24T08:18:15+00:00,4825,5
2026-04-24T08:18:20+00:00,4841,9.4
2026-04-24T08:18:25+00:00,4820,16.3
2026-04-24T08:18:31+00:00,4807,2.5
2026-04-24T08:18:36+00:00,4803,7.5
2026-04-24T08:18:41+00:00,4799,30
2026-04-24T08:18:46+00:00,4815,2.4
2026-04-24T08:18:52+00:00,4827,4.8
2026-04-24T08:18:57+00:00,4815,2.4
2026-04-24T08:19:02+00:00,4839,9.7
2026-04-24T08:19:07+00:00,4824,2.4
2026-04-24T08:19:12+00:00,4830,2.4
2026-04-24T08:19:18+00:00,4832,7.3
2026-04-24T08:19:23+00:00,4805,0
2026-04-24T08:19:28+00:00,4809,7.2
2026-04-24T08:19:33+00:00,4811,55
2026-04-24T08:19:39+00:00,4812,40
2026-04-24T08:19:44+00:00,4808,5
2026-04-24T08:19:49+00:00,4801,4.8
2026-04-24T08:19:54+00:00,4803,30
2026-04-24T08:19:59+00:00,4810,16.3
2026-04-24T08:20:05+00:00,4806,2.5
2026-04-24T08:20:10+00:00,4800,28
2026-04-24T08:20:15+00:00,4795,4.8
2026-04-24T08:20:20+00:00,4791,4.8
2026-04-24T08:20:26+00:00,4781,9.7
2026-04-24T08:20:31+00:00,4716,17.1
2026-04-24T08:20:36+00:00,4721,52.5
2026-04-24T08:20:41+00:00,4701,38.5
2026-04-24T08:20:46+00:00,4729,7.2
2026-04-24T08:20:52+00:00,4711,2.4
2026-04-24T08:20:57+00:00,4842,5
2026-04-24T08:21:02+00:00,4844,4.8
2026-04-24T08:21:07+00:00,4841,4.8
2026-04-24T08:21:12+00:00,4812,2.4
2026-04-24T08:21:18+00:00,4745,2.4
2026-04-24T08:21:23+00:00,4637,7.5
2026-04-24T08:21:28+00:00,4634,4.8
2026-04-24T08:21:33+00:00,4629,41
2026-04-24T08:21:39+00:00,4640,4.8
2026-04-24T08:21:44+00:00,4636,7.5
2026-04-24T08:21:49+00:00,4647,4.8
2026-04-24T08:21:54+00:00,4621,9.8
2026-04-24T08:21:59+00:00,4620,4.9
2026-04-24T08:22:05+00:00,4627,2.4
2026-04-24T08:22:10+00:00,4637,2.4
2026-04-24T08:22:15+00:00,4640,4.8
2026-04-24T08:22:20+00:00,4640,9.8
2026-04-24T08:22:26+00:00,4623,2.4
2026-04-24T08:22:31+00:00,4629,4.8
2026-04-24T08:22:36+00:00,4641,7.3
2026-04-24T08:22:41+00:00,4806,9.6
2026-04-24T08:22:46+00:00,4844,4.8
2026-04-24T08:22:52+00:00,4836,0
2026-04-24T08:22:57+00:00,4802,4.8
2026-04-24T08:23:02+00:00,4798,4.8
2026-04-24T08:23:07+00:00,4798,7.5
2026-04-24T08:23:13+00:00,4783,4.8
2026-04-24T08:23:18+00:00,4796,30.3
2026-04-24T08:23:23+00:00,4798,14.6
2026-04-24T08:23:28+00:00,4820,4.8
2026-04-24T08:23:33+00:00,4826,4.9
2026-04-24T08:23:39+00:00,4830,31.7
2026-04-24T08:23:44+00:00,4847,7.3
2026-04-24T08:23:49+00:00,4848,2.4
2026-04-24T08:23:54+00:00,4849,4.8
2026-04-24T08:24:00+00:00,4858,7.2
2026-04-24T08:24:05+00:00,4848,47.6
2026-04-24T08:24:10+00:00,4788,43.9
2026-04-24T08:24:15+00:00,4779,19.5
2026-04-24T08:24:20+00:00,4780,4.9
2026-04-24T08:24:26+00:00,4779,2.4
2026-04-24T08:24:31+00:00,4780,25
2026-04-24T08:24:36+00:00,4769,2.5
2026-04-24T08:24:41+00:00,4757,2.6
2026-04-24T08:24:46+00:00,4765,0
2026-04-24T08:24:52+00:00,4776,7.3
2026-04-24T08:24:57+00:00,4774,5
2026-04-24T08:25:02+00:00,4791,2.5
2026-04-24T08:25:07+00:00,4783,15
2026-04-24T08:25:13+00:00,4775,4.8
2026-04-24T08:25:18+00:00,4782,26.9
2026-04-24T08:25:23+00:00,4781,5
2026-04-24T08:25:28+00:00,4789,22.5
2026-04-24T08:25:33+00:00,4788,9.5
2026-04-24T08:25:39+00:00,4777,32.5
2026-04-24T08:25:44+00:00,4763,0
2026-04-24T08:25:49+00:00,4778,35.9
2026-04-24T08:25:54+00:00,4784,4.8
2026-04-24T08:26:00+00:00,4782,35
2026-04-24T08:26:05+00:00,4784,22
2026-04-24T08:26:10+00:00,4909,27.5
2026-04-24T08:26:15+00:00,4889,58.6
2026-04-24T08:26:20+00:00,4891,85.3
2026-04-24T08:26:26+00:00,4860,7.3
2026-04-24T08:26:31+00:00,4872,82
2026-04-24T08:26:36+00:00,4788,2.4
2026-04-24T08:26:41+00:00,4763,40
2026-04-24T08:26:47+00:00,4788,7.2
2026-04-24T08:26:52+00:00,4779,42.9
2026-04-24T08:26:57+00:00,4942,33.3
2026-04-24T08:27:02+00:00,4921,20.4
2026-04-24T08:27:07+00:00,4906,12.2
2026-04-24T08:27:13+00:00,4873,2.4
2026-04-24T08:27:18+00:00,4885,5
2026-04-24T08:27:23+00:00,4798,22.5
2026-04-24T08:27:28+00:00,4802,7.3
2026-04-24T08:27:34+00:00,4811,25
2026-04-24T08:27:39+00:00,4814,9.8
2026-04-24T08:27:44+00:00,4796,2.4
2026-04-24T08:27:49+00:00,4809,4.8
2026-04-24T08:27:54+00:00,4805,7.2
2026-04-24T08:28:00+00:00,4941,67.5
2026-04-24T08:28:05+00:00,4958,4.8
2026-04-24T08:28:10+00:00,4958,2.5
2026-04-24T08:28:15+00:00,4953,32.5
2026-04-24T08:28:21+00:00,4911,4.8
2026-04-24T08:28:26+00:00,4892,7.2
2026-04-24T08:28:31+00:00,4895,36.6
2026-04-24T08:28:36+00:00,4904,2.4
2026-04-24T08:28:41+00:00,4879,4.8
2026-04-24T08:28:47+00:00,4886,5
2026-04-24T08:28:52+00:00,4899,7.2
2026-04-24T08:28:57+00:00,4908,2.4
2026-04-24T08:29:02+00:00,4891,2.4
2026-04-24T08:29:08+00:00,4907,7.3
2026-04-24T08:29:13+00:00,4897,46.4
2026-04-24T08:29:18+00:00,4923,2.5
2026-04-24T08:29:23+00:00,4911,30.7
2026-04-24T08:29:28+00:00,4906,4.8
2026-04-24T08:29:34+00:00,4923,4.8
2026-04-24T08:29:39+00:00,4933,4.8
2026-04-24T08:29:44+00:00,4913,2.4
2026-04-24T08:29:49+00:00,4859,4.8
2026-04-24T08:29:54+00:00,4843,4.8
2026-04-24T08:30:00+00:00,4841,7.3
2026-04-24T08:30:05+00:00,4844,2.5
2026-04-24T08:30:10+00:00,4839,0
2026-04-24T08:30:15+00:00,4849,4.8
2026-04-24T08:30:21+00:00,4846,7.3
2026-04-24T08:30:26+00:00,4846,2.5
2026-04-24T08:30:31+00:00,4827,26.8
2026-04-24T08:30:36+00:00,4831,2.4
2026-04-24T08:30:41+00:00,4830,7
2026-04-24T08:30:47+00:00,4842,2.5
2026-04-24T08:30:52+00:00,4847,32.5
2026-04-24T08:30:57+00:00,4841,19
2026-04-24T08:31:02+00:00,4847,2.4
2026-04-24T08:31:08+00:00,4843,17.1
2026-04-24T08:31:13+00:00,4982,17.1
2026-04-24T08:31:18+00:00,4966,26.9
2026-04-24T08:31:23+00:00,4951,2.4
2026-04-24T08:31:28+00:00,4936,2.5
2026-04-24T08:31:34+00:00,4847,2.5
2026-04-24T08:31:39+00:00,4753,2.5
2026-04-24T08:31:44+00:00,4736,4.8
2026-04-24T08:31:49+00:00,4733,39
2026-04-24T08:31:55+00:00,4743,47.5
2026-04-24T08:32:00+00:00,4750,64.1
2026-04-24T08:32:05+00:00,4751,2.4
2026-04-24T08:32:10+00:00,4750,39
2026-04-24T08:32:15+00:00,4744,9.6
2026-04-24T08:32:21+00:00,4740,39
2026-04-24T08:32:26+00:00,4754,2.5
2026-04-24T08:32:31+00:00,4750,42.1
2026-04-24T08:32:36+00:00,4746,7
2026-04-24T08:32:42+00:00,4730,4.8
2026-04-24T08:32:47+00:00,4743,56.1
2026-04-24T08:32:52+00:00,4727,41
2026-04-24T08:32:57+00:00,4735,2.4
2026-04-24T08:33:02+00:00,4732,23.1
2026-04-24T08:33:08+00:00,4728,7.2
2026-04-24T08:33:13+00:00,4716,21.4
2026-04-24T08:33:18+00:00,4735,4.8
2026-04-24T08:33:23+00:00,4721,2.4
2026-04-24T08:33:28+00:00,4721,7.2
2026-04-24T08:33:34+00:00,4739,5
2026-04-24T08:33:39+00:00,4744,4.8
2026-04-24T08:33:44+00:00,4743,2.4
2026-04-24T08:33:49+00:00,4741,4.8
2026-04-24T08:33:55+00:00,4734,4.8
2026-04-24T08:34:00+00:00,4748,7.5
2026-04-24T08:34:05+00:00,4763,4.8
2026-04-24T08:34:10+00:00,4759,4.8
2026-04-24T08:34:15+00:00,4755,7.3
2026-04-24T08:34:21+00:00,4758,14.3
2026-04-24T08:34:26+00:00,4773,48.7
2026-04-24T08:34:31+00:00,4915,40
2026-04-24T08:34:36+00:00,4926,9.5
2026-04-24T08:34:42+00:00,4912,7.5
2026-04-24T08:34:47+00:00,4930,7.2
2026-04-24T08:34:52+00:00,4917,12.2
2026-04-24T08:34:57+00:00,4920,14.7
2026-04-24T08:35:02+00:00,4806,17.1
2026-04-24T08:35:08+00:00,4803,4.8
2026-04-24T08:35:13+00:00,4799,4.9
2026-04-24T08:35:18+00:00,4808,2.4
2026-04-24T08:35:23+00:00,4808,4.8
2026-04-24T08:35:29+00:00,4810,2.5
2026-04-24T08:35:34+00:00,4801,53.8
2026-04-24T08:35:39+00:00,4806,7.3
2026-04-24T08:35:44+00:00,4927,33.3
2026-04-24T08:35:49+00:00,4936,2.4
2026-04-24T08:35:55+00:00,4927,4.8
2026-04-24T08:36:00+00:00,4921,4.8
2026-04-24T08:36:05+00:00,4897,26.2
2026-04-24T08:36:10+00:00,4824,14.3
2026-04-24T08:36:16+00:00,4814,4.8
2026-04-24T08:36:21+00:00,4826,11.9
2026-04-24T08:36:26+00:00,4831,2.5
2026-04-24T08:36:31+00:00,4816,0
2026-04-24T08:36:36+00:00,4820,4.9
2026-04-24T08:36:42+00:00,4809,0
2026-04-24T08:36:47+00:00,4841,24.4
2026-04-24T08:36:52+00:00,4839,12.2
2026-04-24T08:36:57+00:00,4830,17.1
2026-04-24T08:37:03+00:00,4831,2.4
2026-04-24T08:37:08+00:00,4843,4.8
2026-04-24T08:37:13+00:00,4823,2.4
2026-04-24T08:37:18+00:00,4833,2.4
2026-04-24T08:37:23+00:00,4830,42.9
2026-04-24T08:37:29+00:00,4950,40
2026-04-24T08:37:34+00:00,4964,5
2026-04-24T08:37:39+00:00,4980,7.3
2026-04-24T08:37:44+00:00,4996,2.4
2026-04-24T08:37:49+00:00,4947,15
2026-04-24T08:37:55+00:00,4946,2.4
2026-04-24T08:38:00+00:00,4882,7.2
2026-04-24T08:38:05+00:00,4871,40
2026-04-24T08:38:10+00:00,5020,50
2026-04-24T08:38:16+00:00,5005,4.8
2026-04-24T08:38:21+00:00,4990,78.1
2026-04-24T08:38:26+00:00,4884,41.4
2026-04-24T08:38:31+00:00,4878,35.9
2026-04-24T08:38:36+00:00,4859,39.5
2026-04-24T08:38:42+00:00,4870,20
2026-04-24T08:38:47+00:00,4871,4.8
2026-04-24T08:38:52+00:00,4864,43.5
2026-04-24T08:38:57+00:00,4978,25
2026-04-24T08:39:03+00:00,4986,4.8
2026-04-24T08:39:08+00:00,4989,2.4
2026-04-24T08:39:13+00:00,4941,9.8
2026-04-24T08:39:18+00:00,4866,2.4
2026-04-24T08:39:23+00:00,5000,4.8
2026-04-24T08:39:29+00:00,5021,2.4
2026-04-24T08:39:34+00:00,5001,9.7
2026-04-24T08:39:39+00:00,4956,7.5
2026-04-24T08:39:44+00:00,4948,2.4
2026-04-24T08:39:50+00:00,4900,7.2
2026-04-24T08:39:55+00:00,4892,4.8
2026-04-24T08:40:00+00:00,4891,7.5
2026-04-24T08:40:05+00:00,4893,2.4
2026-04-24T08:40:10+00:00,4870,28.2
2026-04-24T08:40:16+00:00,4885,4.8
2026-04-24T08:40:21+00:00,4888,29.3
2026-04-24T08:40:26+00:00,4892,11.9
2026-04-24T08:40:31+00:00,4884,2.4
2026-04-24T08:40:37+00:00,4901,2.4
2026-04-24T08:40:42+00:00,4894,2.5
2026-04-24T08:40:47+00:00,4892,2.5
2026-04-24T08:40:52+00:00,4901,4.8
2026-04-24T08:40:57+00:00,4909,2.4
2026-04-24T08:41:03+00:00,4895,4.8
2026-04-24T08:41:08+00:00,4898,2.4
2026-04-24T08:41:13+00:00,4890,4.8
2026-04-24T08:41:18+00:00,4890,9.6
2026-04-24T08:41:24+00:00,5037,0
2026-04-24T08:41:29+00:00,5006,7.2
2026-04-24T08:41:34+00:00,5014,4.8
2026-04-24T08:41:39+00:00,5007,32.5
2026-04-24T08:41:44+00:00,4963,24.4
2026-04-24T08:41:50+00:00,4947,41
2026-04-24T08:41:55+00:00,4941,4.8
2026-04-24T08:42:00+00:00,4940,14.6
2026-04-24T08:42:05+00:00,4929,17.1
2026-04-24T08:42:10+00:00,4907,17.1
2026-04-24T08:42:16+00:00,5080,4.8
2026-04-24T08:42:21+00:00,5090,45.2
2026-04-24T08:42:26+00:00,5074,42.5
2026-04-24T08:42:31+00:00,5032,14.6
2026-04-24T08:42:37+00:00,5037,7.3
2026-04-24T08:42:42+00:00,5039,4.8
2026-04-24T08:42:47+00:00,5051,2.4
2026-04-24T08:42:52+00:00,5034,7.3
2026-04-24T08:42:57+00:00,4921,14.7
2026-04-24T08:43:03+00:00,4911,2.4
2026-04-24T08:43:08+00:00,4842,29.3
2026-04-24T08:43:13+00:00,4826,7.2
2026-04-24T08:43:18+00:00,4835,40
2026-04-24T08:43:24+00:00,4847,57.1
2026-04-24T08:43:29+00:00,4839,78
2026-04-24T08:43:34+00:00,4834,4.8
2026-04-24T08:43:39+00:00,4846,39.1
2026-04-24T08:43:44+00:00,4946,5
2026-04-24T08:43:50+00:00,4894,19.5
2026-04-24T08:43:55+00:00,4864,0
2026-04-24T08:44:00+00:00,4850,21
2026-04-24T08:44:05+00:00,4846,11.9
2026-04-24T08:44:11+00:00,5026,10
2026-04-24T08:44:16+00:00,5049,7.2
2026-04-24T08:44:21+00:00,5040,37.5
2026-04-24T08:44:26+00:00,5005,7.5
2026-04-24T08:44:31+00:00,4919,2.5
2026-04-24T08:44:37+00:00,4931,2.5
2026-04-24T08:44:42+00:00,4919,32.5
2026-04-24T08:44:47+00:00,4939,2.4
2026-04-24T08:44:52+00:00,4946,15.4
2026-04-24T08:44:58+00:00,4935,7.2
2026-04-24T08:45:03+00:00,4932,4.8
2026-04-24T08:45:08+00:00,4928,2.4
2026-04-24T08:45:13+00:00,4906,4.9
2026-04-24T08:45:18+00:00,4924,7
2026-04-24T08:45:24+00:00,4912,2.4
2026-04-24T08:45:29+00:00,4909,2.5
2026-04-24T08:45:34+00:00,4900,14
2026-04-24T08:45:39+00:00,5061,11.9
2026-04-24T08:45:44+00:00,5068,4.8
2026-04-24T08:45:50+00:00,5055,2.4
2026-04-24T08:45:55+00:00,5006,4.8
2026-04-24T08:46:00+00:00,5016,2.4
2026-04-24T08:46:05+00:00,4929,9.8
2026-04-24T08:46:11+00:00,4920,35
2026-04-24T08:46:16+00:00,4940,9.6
2026-04-24T08:46:21+00:00,4937,45.9
2026-04-24T08:46:26+00:00,4943,4.8
2026-04-24T08:46:31+00:00,4953,7.3
2026-04-24T08:46:37+00:00,4932,2.4
2026-04-24T08:46:42+00:00,4929,14.7
2026-04-24T08:46:47+00:00,4942,38.6
2026-04-24T08:46:52+00:00,4947,42.5
2026-04-24T08:46:58+00:00,4945,7.3
2026-04-24T08:47:03+00:00,4938,17.5
2026-04-24T08:47:08+00:00,4956,4.8
2026-04-24T08:47:13+00:00,4948,7.3
2026-04-24T08:47:18+00:00,4949,4.8
2026-04-24T08:47:24+00:00,4934,2.4
2026-04-24T08:47:29+00:00,4944,2.4
2026-04-24T08:47:34+00:00,4947,2.4
2026-04-24T08:47:39+00:00,4954,20.5
2026-04-24T08:47:45+00:00,4948,40
2026-04-24T08:47:50+00:00,4955,7.3
2026-04-24T08:47:55+00:00,4959,4.8
2026-04-24T08:48:00+00:00,4958,2.4
2026-04-24T08:48:05+00:00,4954,2.5
2026-04-24T08:48:11+00:00,4955,9.8
2026-04-24T08:48:16+00:00,4955,12.2
2026-04-24T08:48:21+00:00,4961,22.5
2026-04-24T08:48:26+00:00,4957,2.4
2026-04-24T08:48:32+00:00,4960,9.4
2026-04-24T08:48:37+00:00,4948,4.8
2026-04-24T08:48:42+00:00,4942,2.4
2026-04-24T08:48:47+00:00,4959,2.5
2026-04-24T08:48:52+00:00,4971,7.2
2026-04-24T08:48:58+00:00,4959,9.6
2026-04-24T08:49:03+00:00,4953,2.5
2026-04-24T08:49:08+00:00,4955,2.4
2026-04-24T08:49:13+00:00,4937,4.8
2026-04-24T08:49:18+00:00,4964,4.8
2026-04-24T08:49:24+00:00,4962,2.5
2026-04-24T08:49:29+00:00,4952,4.8
2026-04-24T08:49:34+00:00,4959,7.5
2026-04-24T08:49:39+00:00,4966,4.8
2026-04-24T08:49:45+00:00,4953,22
2026-04-24T08:49:50+00:00,4952,43.9
2026-04-24T08:49:55+00:00,4948,37.5
2026-04-24T08:50:00+00:00,4961,2.4
2026-04-24T08:50:05+00:00,4966,4.8
2026-04-24T08:50:11+00:00,4957,4.8
2026-04-24T08:50:16+00:00,4954,9.8
2026-04-24T08:50:21+00:00,4948,32.5
2026-04-24T08:50:26+00:00,5063,4.8
2026-04-24T08:50:32+00:00,5084,42.5
2026-04-24T08:50:37+00:00,5091,2.5
2026-04-24T08:50:42+00:00,5031,16.7
2026-04-24T08:50:47+00:00,5040,2.4
2026-04-24T08:50:52+00:00,4989,39
2026-04-24T08:50:58+00:00,4982,2.4
2026-04-24T08:51:03+00:00,4970,2.5
2026-04-24T08:51:08+00:00,4978,2.5
2026-04-24T08:51:13+00:00,4980,2.5
2026-04-24T08:51:19+00:00,4984,10
2026-04-24T08:51:24+00:00,4970,2.4
2026-04-24T08:51:29+00:00,4989,4.8
2026-04-24T08:51:34+00:00,4993,2.4
2026-04-24T08:51:39+00:00,4984,19.6
2026-04-24T08:51:45+00:00,4961,4.8
2026-04-24T08:51:50+00:00,4984,2.4
2026-04-24T08:51:55+00:00,4983,12.2
2026-04-24T08:52:00+00:00,4976,4.8
2026-04-24T08:52:06+00:00,4977,7.2
2026-04-24T08:52:11+00:00,4967,4.8
2026-04-24T08:52:16+00:00,4975,5
2026-04-24T08:52:21+00:00,4973,4.8
2026-04-24T08:52:26+00:00,4976,4.8
2026-04-24T08:52:32+00:00,4987,7.3
2026-04-24T08:52:37+00:00,4991,2.4
2026-04-24T08:52:42+00:00,4962,4.8
2026-04-24T08:52:47+00:00,4979,2.4
2026-04-24T08:52:52+00:00,4984,2.4
2026-04-24T08:52:58+00:00,4985,4.8
2026-04-24T08:53:03+00:00,4980,9.6
2026-04-24T08:53:08+00:00,4972,36.6
2026-04-24T08:53:13+00:00,4981,41
2026-04-24T08:53:19+00:00,4983,9.5
2026-04-24T08:53:24+00:00,4995,2.4
2026-04-24T08:53:29+00:00,5002,7.2
2026-04-24T08:53:34+00:00,4983,4.8
2026-04-24T08:53:39+00:00,4982,19.5
2026-04-24T08:53:45+00:00,4988,2.5
2026-04-24T08:53:50+00:00,4991,46.3
2026-04-24T08:53:55+00:00,4996,17.1
2026-04-24T08:54:00+00:00,4976,9.8
2026-04-24T08:54:06+00:00,4986,4.8
2026-04-24T08:54:11+00:00,4974,10
2026-04-24T08:54:16+00:00,4977,9.8
2026-04-24T08:54:21+00:00,4980,4.8
2026-04-24T08:54:26+00:00,4980,4.8
2026-04-24T08:54:32+00:00,4991,4.8
2026-04-24T08:54:37+00:00,4993,2.5
2026-04-24T08:54:42+00:00,4995,4.8
2026-04-24T08:54:47+00:00,4986,7.2
2026-04-24T08:54:53+00:00,4990,2.4
2026-04-24T08:54:58+00:00,4989,4.8
2026-04-24T08:55:03+00:00,4986,4.8
2026-04-24T08:55:08+00:00,4991,4.8
2026-04-24T08:55:13+00:00,4976,2.5
2026-04-24T08:55:19+00:00,4985,7.2
2026-04-24T08:55:24+00:00,4992,50
2026-04-24T08:55:29+00:00,4994,33.3
2026-04-24T08:55:34+00:00,4996,18.6
2026-04-24T08:55:39+00:00,4997,19
2026-04-24T08:55:45+00:00,4992,7.5
2026-04-24T08:55:50+00:00,4982,2.5
2026-04-24T08:55:55+00:00,4985,4.8
2026-04-24T08:56:00+00:00,4995,7.3
2026-04-24T08:56:06+00:00,5001,2.4
2026-04-24T08:56:11+00:00,4982,4.8
2026-04-24T08:56:16+00:00,4993,19.6
2026-04-24T08:56:21+00:00,4989,0
2026-04-24T08:56:26+00:00,4984,2.4
2026-04-24T08:56:32+00:00,4995,2.5
2026-04-24T08:56:37+00:00,5004,7.5
2026-04-24T08:56:42+00:00,4971,28.2
2026-04-24T08:56:47+00:00,4983,4.8
2026-04-24T08:56:53+00:00,4988,4.8
2026-04-24T08:56:58+00:00,4984,35
2026-04-24T08:57:03+00:00,5002,2.5
2026-04-24T08:57:08+00:00,4995,4.8
2026-04-24T08:57:13+00:00,4993,7
2026-04-24T08:57:19+00:00,4992,4.8
2026-04-24T08:57:24+00:00,5006,47.6
2026-04-24T08:57:29+00:00,5005,2.4
2026-04-24T08:57:34+00:00,4995,4.8
2026-04-24T08:57:40+00:00,5002,2.4
2026-04-24T08:57:45+00:00,5005,4.8
2026-04-24T08:57:50+00:00,5020,4.8
2026-04-24T08:57:55+00:00,4993,4.8
2026-04-24T08:58:00+00:00,4996,7
2026-04-24T08:58:06+00:00,4991,2.4
2026-04-24T08:58:11+00:00,4981,2.5
2026-04-24T08:58:16+00:00,4994,7
2026-04-24T08:58:21+00:00,4985,9.7
2026-04-24T08:58:26+00:00,4986,2.4
2026-04-24T08:58:32+00:00,4999,7.2
2026-04-24T08:58:37+00:00,4996,2.4
2026-04-24T08:58:42+00:00,4982,2.4
2026-04-24T08:58:47+00:00,4989,12.2
2026-04-24T08:58:53+00:00,4990,4.8
2026-04-24T08:58:58+00:00,4974,28.5
2026-04-24T08:59:03+00:00,4994,7.3
2026-04-24T08:59:08+00:00,4994,45
2026-04-24T08:59:13+00:00,4988,9.7
2026-04-24T08:59:19+00:00,4999,43.6
2026-04-24T08:59:24+00:00,4995,17.5
2026-04-24T08:59:29+00:00,5002,7.5
2026-04-24T08:59:34+00:00,5000,2.4
2026-04-24T08:59:40+00:00,4991,7.2
2026-04-24T08:59:45+00:00,5000,0
2026-04-24T08:59:50+00:00,5004,5
2026-04-24T08:59:55+00:00,4996,4.8
2026-04-24T09:00:00+00:00,4991,34.2
2026-04-24T09:00:06+00:00,5003,5
2026-04-24T09:00:11+00:00,4976,2.4
2026-04-24T09:00:16+00:00,4996,2.4
2026-04-24T09:00:21+00:00,5004,2.4
2026-04-24T09:00:27+00:00,4984,2.5
2026-04-24T09:00:32+00:00,4991,56.1
2026-04-24T09:00:37+00:00,5011,43.5
2026-04-24T09:00:42+00:00,4979,2.4
2026-04-24T09:00:47+00:00,4990,2.5
2026-04-24T09:00:53+00:00,4985,19.6
2026-04-24T09:00:58+00:00,4983,2.4
2026-04-24T09:01:03+00:00,4972,4.8
2026-04-24T09:01:08+00:00,4991,22
2026-04-24T09:01:14+00:00,4985,4.8
2026-04-24T09:01:19+00:00,4972,2.4
2026-04-24T09:01:24+00:00,4952,4.8
2026-04-24T09:01:29+00:00,4970,4.8
2026-04-24T09:01:34+00:00,4955,7
2026-04-24T09:01:40+00:00,4966,4.8
2026-04-24T09:01:45+00:00,4961,4.8
2026-04-24T09:01:50+00:00,4970,7.3
2026-04-24T09:01:55+00:00,4965,2.4
2026-04-24T09:02:01+00:00,4960,2.4
2026-04-24T09:02:06+00:00,4956,4.8
2026-04-24T09:02:11+00:00,4953,26.9
2026-04-24T09:02:16+00:00,4947,7.3
2026-04-24T09:02:21+00:00,4953,43.9
2026-04-24T09:02:27+00:00,4961,26.9
2026-04-24T09:02:32+00:00,4953,2.5
2026-04-24T09:02:37+00:00,4961,12.8
2026-04-24T09:02:42+00:00,4953,2.5
2026-04-24T09:02:47+00:00,4983,14.3
2026-04-24T09:02:53+00:00,4982,2.4
2026-04-24T09:02:58+00:00,4980,22
2026-04-24T09:03:03+00:00,4991,30
2026-04-24T09:03:08+00:00,4991,32.5
2026-04-24T09:03:14+00:00,4977,2.4
2026-04-24T09:03:19+00:00,4995,7.2
2026-04-24T09:03:24+00:00,4989,2.4
2026-04-24T09:03:29+00:00,4990,4.8
2026-04-24T09:03:34+00:00,4999,7.3
2026-04-24T09:03:40+00:00,4994,0
2026-04-24T09:03:45+00:00,4995,12.5
2026-04-24T09:03:50+00:00,4986,4.8
2026-04-24T09:03:55+00:00,4994,4.8
2026-04-24T09:04:01+00:00,5001,2.4
2026-04-24T09:04:06+00:00,5004,4.8
2026-04-24T09:04:11+00:00,4977,41.1
2026-04-24T09:04:16+00:00,4994,4.8
2026-04-24T09:04:21+00:00,4997,4.8
2026-04-24T09:04:27+00:00,4995,0
2026-04-24T09:04:32+00:00,4983,4.8
2026-04-24T09:04:37+00:00,4995,2.4
2026-04-24T09:04:42+00:00,4979,5
2026-04-24T09:04:48+00:00,4995,4.8
2026-04-24T09:04:53+00:00,4983,32.5
2026-04-24T09:04:58+00:00,4990,7.2
2026-04-24T09:05:03+00:00,4989,7.2
2026-04-24T09:05:08+00:00,4996,2.4
2026-04-24T09:05:14+00:00,4977,4.8
2026-04-24T09:05:19+00:00,4994,2.4
2026-04-24T09:05:24+00:00,4993,4.8
2026-04-24T09:05:29+00:00,5014,40
2026-04-24T09:05:35+00:00,5016,43.9
2026-04-24T09:05:40+00:00,5005,22
2026-04-24T09:05:45+00:00,5001,2.5
2026-04-24T09:05:50+00:00,5011,10
2026-04-24T09:05:55+00:00,5009,57.5
2026-04-24T09:06:01+00:00,5001,65.8
2026-04-24T09:06:06+00:00,5010,2.4
2026-04-24T09:06:11+00:00,4986,42.9
2026-04-24T09:06:16+00:00,5011,7.2
2026-04-24T09:06:22+00:00,5012,5
2026-04-24T09:06:27+00:00,5013,4.8
2026-04-24T09:06:32+00:00,5006,2.4
2026-04-24T09:06:37+00:00,5002,4.8
2026-04-24T09:06:42+00:00,5008,7.2
2026-04-24T09:06:48+00:00,5013,15
2026-04-24T09:06:53+00:00,5001,17.5
2026-04-24T09:06:58+00:00,5013,7.3
2026-04-24T09:07:03+00:00,5010,4.8
2026-04-24T09:07:09+00:00,5018,4.8
2026-04-24T09:07:14+00:00,5003,0
2026-04-24T09:07:19+00:00,5007,4.8
2026-04-24T09:07:24+00:00,5004,4.8
2026-04-24T09:07:29+00:00,5114,52.4
2026-04-24T09:07:35+00:00,5219,4.8
2026-04-24T09:07:40+00:00,5170,7.3
2026-04-24T09:07:45+00:00,5098,17.5
2026-04-24T09:07:50+00:00,5102,2.4
2026-04-24T09:07:55+00:00,5104,23.3
2026-04-24T09:08:01+00:00,5086,7.3
2026-04-24T09:08:06+00:00,5090,4.8
2026-04-24T09:08:11+00:00,5185,21.4
2026-04-24T09:08:16+00:00,5198,7.2
2026-04-24T09:08:22+00:00,5204,43.5
2026-04-24T09:08:27+00:00,5087,4.8
2026-04-24T09:08:32+00:00,5085,2.4
2026-04-24T09:08:37+00:00,5091,39
2026-04-24T09:08:42+00:00,5083,7.3
2026-04-24T09:08:48+00:00,4952,4.8
2026-04-24T09:08:53+00:00,4959,37.5
2026-04-24T09:08:58+00:00,4957,43.9
2026-04-24T09:09:03+00:00,4949,7.7
2026-04-24T09:09:09+00:00,4953,40
2026-04-24T09:09:14+00:00,4965,7.5
2026-04-24T09:09:19+00:00,4955,2.4
2026-04-24T09:09:24+00:00,4950,2.4
2026-04-24T09:09:29+00:00,4962,2.5
2026-04-24T09:09:35+00:00,4950,2.4
2026-04-24T09:09:40+00:00,4956,4.6
2026-04-24T09:09:45+00:00,4945,23.8
2026-04-24T09:09:50+00:00,4950,7.3
2026-04-24T09:09:56+00:00,4964,9.7
2026-04-24T09:10:01+00:00,4968,21.4
2026-04-24T09:10:06+00:00,4981,9.6
2026-04-24T09:10:11+00:00,4952,2.4
2026-04-24T09:10:16+00:00,4967,7
2026-04-24T09:10:22+00:00,4960,7.3
2026-04-24T09:10:27+00:00,4965,2.4
2026-04-24T09:10:32+00:00,4956,7.3
2026-04-24T09:10:37+00:00,4965,15
2026-04-24T09:10:43+00:00,4961,9.6
2026-04-24T09:10:48+00:00,4962,2.4
2026-04-24T09:10:53+00:00,4968,0
2026-04-24T09:10:58+00:00,4972,7.3
2026-04-24T09:11:03+00:00,4969,7.3
2026-04-24T09:11:09+00:00,4981,4.8
2026-04-24T09:11:14+00:00,4989,40
2026-04-24T09:11:19+00:00,4990,2.4
2026-04-24T09:11:24+00:00,4983,2.5
2026-04-24T09:11:30+00:00,4984,2.5
2026-04-24T09:11:35+00:00,4977,7.3
2026-04-24T09:11:40+00:00,4994,2.4
2026-04-24T09:11:45+00:00,4990,2.4
2026-04-24T09:11:50+00:00,4998,59.5
2026-04-24T09:11:56+00:00,4994,51.1
2026-04-24T09:12:01+00:00,4992,13.2
2026-04-24T09:12:06+00:00,4996,4.8
2026-04-24T09:12:11+00:00,4985,25
2026-04-24T09:12:16+00:00,4990,4.8
2026-04-24T09:12:22+00:00,4995,37.5
2026-04-24T09:12:27+00:00,4995,17.1
2026-04-24T09:12:32+00:00,4997,14.6
2026-04-24T09:12:37+00:00,4996,2.4
2026-04-24T09:12:43+00:00,4985,7.3
2026-04-24T09:12:48+00:00,4998,4.8
2026-04-24T09:12:53+00:00,5011,7.3
2026-04-24T09:12:58+00:00,5016,5
2026-04-24T09:13:03+00:00,5017,4.8
2026-04-24T09:13:09+00:00,5018,4.8
2026-04-24T09:13:14+00:00,5006,7.2
2026-04-24T09:13:19+00:00,5013,2.5
2026-04-24T09:13:24+00:00,5006,11.9
2026-04-24T09:13:30+00:00,5010,4.8
2026-04-24T09:13:35+00:00,5017,12.2
2026-04-24T09:13:40+00:00,5009,4.8
2026-04-24T09:13:45+00:00,5011,12.2
2026-04-24T09:13:50+00:00,5027,7.3
2026-04-24T09:13:56+00:00,5022,36.6
2026-04-24T09:14:01+00:00,5015,7.5
2026-04-24T09:14:06+00:00,5012,65.9
2026-04-24T09:14:11+00:00,5000,2.4
2026-04-24T09:14:17+00:00,5022,34.1
2026-04-24T09:14:22+00:00,5018,10
2026-04-24T09:14:27+00:00,5014,32.5
2026-04-24T09:14:32+00:00,5014,4.8
2026-04-24T09:14:37+00:00,5014,19.5
2026-04-24T09:14:43+00:00,5017,9.7
2026-04-24T09:14:48+00:00,5019,7.2
2026-04-24T09:14:53+00:00,5020,47.5
2026-04-24T09:14:58+00:00,5015,34.2
2026-04-24T09:15:04+00:00,5018,2.4
2026-04-24T09:15:09+00:00,5027,12.2
2026-04-24T09:15:14+00:00,5008,52.5
2026-04-24T09:15:19+00:00,5025,2.4
2026-04-24T09:15:24+00:00,5027,7
2026-04-24T09:15:30+00:00,5033,4.9
2026-04-24T09:15:35+00:00,5035,2.5
2026-04-24T09:15:40+00:00,5024,4.8
2026-04-24T09:15:45+00:00,5033,4.8
2026-04-24T09:15:50+00:00,5020,4.8
2026-04-24T09:15:56+00:00,5015,4.8
2026-04-24T09:16:01+00:00,5054,14.7
2026-04-24T09:16:06+00:00,5190,31.7
2026-04-24T09:16:11+00:00,5184,12.2
2026-04-24T09:16:17+00:00,5192,19.5
2026-04-24T09:16:22+00:00,5182,4.8
2026-04-24T09:16:27+00:00,5182,2.4
2026-04-24T09:16:32+00:00,5189,2.4
2026-04-24T09:16:37+00:00,5073,4.9
2026-04-24T09:16:43+00:00,5069,11.7
2026-04-24T09:16:48+00:00,5065,2.4
2026-04-24T09:16:53+00:00,5064,4.8
2026-04-24T09:16:58+00:00,5079,38.5
2026-04-24T09:17:04+00:00,5070,2.4
2026-04-24T09:17:09+00:00,5080,4.8
2026-04-24T09:17:14+00:00,5065,5
2026-04-24T09:17:19+00:00,5068,0
2026-04-24T09:17:24+00:00,5070,2.4
2026-04-24T09:17:30+00:00,5070,2.5
2026-04-24T09:17:35+00:00,5070,2.4
2026-04-24T09:17:40+00:00,5071,4.8
2026-04-24T09:17:45+00:00,5066,2.4
2026-04-24T09:17:51+00:00,5072,9.8
2026-04-24T09:17:56+00:00,5090,7.2
2026-04-24T09:18:01+00:00,5057,23.8
2026-04-24T09:18:06+00:00,5060,17.1
2026-04-24T09:18:11+00:00,5057,15
2026-04-24T09:18:17+00:00,5056,30.7
2026-04-24T09:18:22+00:00,5068,15
2026-04-24T09:18:27+00:00,5065,4.8
2026-04-24T09:18:32+00:00,5063,4.6
2026-04-24T09:18:38+00:00,5067,15
2026-04-24T09:18:43+00:00,5048,7.2
2026-04-24T09:18:48+00:00,5059,4.8
2026-04-24T09:18:53+00:00,5057,2.4
2026-04-24T09:18:58+00:00,5057,11.7
2026-04-24T09:19:04+00:00,5056,2.4
2026-04-24T09:19:09+00:00,5067,15
2026-04-24T09:19:14+00:00,5057,55
2026-04-24T09:19:19+00:00,5061,23.8
2026-04-24T09:19:24+00:00,5067,4.8
2026-04-24T09:19:30+00:00,5053,7.3
2026-04-24T09:19:35+00:00,5063,4.8
2026-04-24T09:19:40+00:00,5057,2.4
2026-04-24T09:19:45+00:00,5070,2.4
2026-04-24T09:19:51+00:00,5063,22.5
2026-04-24T09:19:56+00:00,5069,35.7
2026-04-24T09:20:01+00:00,5068,46.2
2026-04-24T09:20:06+00:00,5072,7.3
2026-04-24T09:20:11+00:00,5064,4.8
2026-04-24T09:20:17+00:00,5082,64.1
2026-04-24T09:20:22+00:00,5065,4.8
2026-04-24T09:20:27+00:00,5066,2.4
2026-04-24T09:20:32+00:00,5078,7.3
2026-04-24T09:20:38+00:00,5232,4.8
2026-04-24T09:20:43+00:00,5192,17.1
2026-04-24T09:20:48+00:00,5193,17.5
2026-04-24T09:20:53+00:00,5122,4.8
2026-04-24T09:20:58+00:00,5123,19.5
2026-04-24T09:21:04+00:00,5263,0
2026-04-24T09:21:09+00:00,5244,37.2
2026-04-24T09:21:14+00:00,5121,7.2
2026-04-24T09:21:19+00:00,5119,31.6
2026-04-24T09:21:25+00:00,5124,29.2
2026-04-24T09:21:30+00:00,5111,30.9
2026-04-24T09:21:35+00:00,5114,12.2
2026-04-24T09:21:40+00:00,5119,4.8
2026-04-24T09:21:45+00:00,5131,11.7
2026-04-24T09:21:51+00:00,5140,23.8
2026-04-24T09:21:56+00:00,5137,23.8
2026-04-24T09:22:01+00:00,5126,50
2026-04-24T09:22:06+00:00,5131,4.8
2026-04-24T09:22:12+00:00,5122,46.3
2026-04-24T09:22:17+00:00,5136,38.5
2026-04-24T09:22:22+00:00,5127,9.8
2026-04-24T09:22:27+00:00,5123,2.4
2026-04-24T09:22:32+00:00,5129,7.2
2026-04-24T09:22:38+00:00,5122,75.6
2026-04-24T09:22:43+00:00,5111,19.5
2026-04-24T09:22:48+00:00,5119,7.2
2026-04-24T09:22:53+00:00,5145,2.4
2026-04-24T09:22:59+00:00,5158,4.9
2026-04-24T09:23:04+00:00,5144,2.5
2026-04-24T09:23:09+00:00,5154,0
2026-04-24T09:23:14+00:00,5142,7.3
2026-04-24T09:23:19+00:00,5156,7.2
2026-04-24T09:23:25+00:00,5149,2.4
2026-04-24T09:23:30+00:00,5151,2.4
2026-04-24T09:23:35+00:00,5141,7.3
2026-04-24T09:23:40+00:00,5151,32.5
2026-04-24T09:23:46+00:00,5143,4.8
2026-04-24T09:23:51+00:00,5143,20
2026-04-24T09:23:56+00:00,5143,4.8
2026-04-24T09:24:01+00:00,5156,50
2026-04-24T09:24:06+00:00,5155,2.5
2026-04-24T09:24:12+00:00,5131,7.3
2026-04-24T09:24:17+00:00,5144,2.4
2026-04-24T09:24:22+00:00,5149,35.7
2026-04-24T09:24:27+00:00,5138,0
2026-04-24T09:24:32+00:00,5145,2.4
2026-04-24T09:24:38+00:00,5164,2.4
2026-04-24T09:24:43+00:00,5138,4.9
2026-04-24T09:24:48+00:00,5141,4.8
2026-04-24T09:24:53+00:00,5154,14.7
2026-04-24T09:24:59+00:00,5144,2.4
2026-04-24T09:25:04+00:00,5148,0
2026-04-24T09:25:09+00:00,5154,2.4
2026-04-24T09:25:14+00:00,5143,4.8
2026-04-24T09:25:19+00:00,5141,7.3
2026-04-24T09:25:25+00:00,5144,59.5
2026-04-24T09:25:30+00:00,5162,46.2
2026-04-24T09:25:35+00:00,5155,15
2026-04-24T09:25:40+00:00,5148,39.5
2026-04-24T09:25:46+00:00,5149,4.8
2026-04-24T09:25:51+00:00,5149,4.8
2026-04-24T09:25:56+00:00,5142,4.8
2026-04-24T09:26:01+00:00,5152,22.5
2026-04-24T09:26:06+00:00,5148,4.9
2026-04-24T09:26:12+00:00,5143,7.3
2026-04-24T09:26:17+00:00,5150,5
2026-04-24T09:26:22+00:00,5149,46.4
2026-04-24T09:26:27+00:00,5308,9.8
2026-04-24T09:26:33+00:00,5299,7.3
2026-04-24T09:26:38+00:00,5287,12.2
2026-04-24T09:26:43+00:00,5237,4.8
2026-04-24T09:26:48+00:00,5257,0
2026-04-24T09:26:53+00:00,5182,2.4
2026-04-24T09:26:59+00:00,5185,2.4
2026-04-24T09:27:04+00:00,5185,7.3
2026-04-24T09:27:09+00:00,5185,14.3
2026-04-24T09:27:14+00:00,5162,2.5
2026-04-24T09:27:20+00:00,5170,19.6
2026-04-24T09:27:25+00:00,5174,17.1
2026-04-24T09:27:30+00:00,5246,52.4
2026-04-24T09:27:35+00:00,5279,7.2
2026-04-24T09:27:40+00:00,5270,48.7
2026-04-24T09:27:46+00:00,5273,14.3
2026-04-24T09:27:51+00:00,5256,43.6
2026-04-24T09:27:56+00:00,5264,7.3
2026-04-24T09:28:01+00:00,5176,5
2026-04-24T09:28:06+00:00,5178,2.4
2026-04-24T09:28:12+00:00,5160,9.6
2026-04-24T09:28:17+00:00,5168,4.8
2026-04-24T09:28:22+00:00,5152,9.7
2026-04-24T09:28:27+00:00,5161,22
2026-04-24T09:28:33+00:00,5161,4.8
2026-04-24T09:28:38+00:00,5165,46.2
2026-04-24T09:28:43+00:00,5147,25.7
2026-04-24T09:28:48+00:00,5166,24.4
2026-04-24T09:28:53+00:00,5144,7.2
2026-04-24T09:28:59+00:00,5162,2.4
2026-04-24T09:29:04+00:00,5303,17.1
2026-04-24T09:29:09+00:00,5307,10
2026-04-24T09:29:14+00:00,5288,28.6
2026-04-24T09:29:20+00:00,5274,17.1
2026-04-24T09:29:25+00:00,5195,9.8
2026-04-24T09:29:30+00:00,5183,4.8
2026-04-24T09:29:35+00:00,5185,2.4
2026-04-24T09:29:40+00:00,5173,2.4
2026-04-24T09:29:46+00:00,5183,4.8
2026-04-24T09:29:51+00:00,5190,7.2
2026-04-24T09:29:56+00:00,5182,5
2026-04-24T09:30:01+00:00,5188,12.2
2026-04-24T09:30:07+00:00,5181,4.8
2026-04-24T09:30:12+00:00,5167,2.4
2026-04-24T09:30:17+00:00,5179,4.8
2026-04-24T09:30:22+00:00,5187,30
2026-04-24T09:30:27+00:00,5184,5
2026-04-24T09:30:33+00:00,5178,2.5
2026-04-24T09:30:38+00:00,5186,2.4
2026-04-24T09:30:43+00:00,5195,2.5
2026-04-24T09:30:48+00:00,5186,45
2026-04-24T09:30:54+00:00,5193,4.8
2026-04-24T09:30:59+00:00,5194,2.5
2026-04-24T09:31:04+00:00,5193,4.8
2026-04-24T09:31:09+00:00,5187,22.5
2026-04-24T09:31:14+00:00,5185,4.8
2026-04-24T09:31:20+00:00,5176,4.8
2026-04-24T09:31:25+00:00,5177,2.4
2026-04-24T09:31:30+00:00,5182,4.8
2026-04-24T09:31:35+00:00,5188,4.8
2026-04-24T09:31:40+00:00,5178,7.3
2026-04-24T09:31:46+00:00,5190,5
2026-04-24T09:31:51+00:00,5189,53.9
2026-04-24T09:31:56+00:00,5183,7
2026-04-24T09:32:01+00:00,5196,30
2026-04-24T09:32:07+00:00,5197,4.8
2026-04-24T09:32:12+00:00,5195,5
2026-04-24T09:32:17+00:00,5198,2.4
2026-04-24T09:32:22+00:00,5191,2.5
2026-04-24T09:32:27+00:00,5191,2.5
2026-04-24T09:32:33+00:00,5180,4.8
2026-04-24T09:32:38+00:00,5188,2.4
2026-04-24T09:32:43+00:00,5190,2.4
2026-04-24T09:32:48+00:00,5192,7.3
2026-04-24T09:32:54+00:00,5200,2.4
2026-04-24T09:32:59+00:00,5225,47.5
2026-04-24T09:33:04+00:00,5210,23.1
2026-04-24T09:33:09+00:00,5199,39.1
2026-04-24T09:33:14+00:00,5182,4.8
2026-04-24T09:33:20+00:00,5183,42.5
2026-04-24T09:33:25+00:00,5186,36.6
2026-04-24T09:33:30+00:00,5186,78.1
2026-04-24T09:33:35+00:00,5192,40
2026-04-24T09:33:41+00:00,5184,22.5
2026-04-24T09:33:46+00:00,5195,2.4
2026-04-24T09:33:51+00:00,5187,2.5
2026-04-24T09:33:56+00:00,5189,4.8
2026-04-24T09:34:01+00:00,5187,7.3
2026-04-24T09:34:07+00:00,5191,4.8
2026-04-24T09:34:12+00:00,5193,4.8
2026-04-24T09:34:17+00:00,5187,2.4
2026-04-24T09:34:22+00:00,5181,4.8
2026-04-24T09:34:28+00:00,5193,21.9
2026-04-24T09:34:33+00:00,5190,5.2
2026-04-24T09:34:38+00:00,5200,0
2026-04-24T09:34:43+00:00,5199,4.8
2026-04-24T09:34:48+00:00,5184,4.8
2026-04-24T09:34:54+00:00,5190,41.5
2026-04-24T09:34:59+00:00,5202,9.8
2026-04-24T09:35:04+00:00,5180,7.2
2026-04-24T09:35:09+00:00,5183,7.3
2026-04-24T09:35:14+00:00,5191,2.4
2026-04-24T09:35:20+00:00,5200,17.1
2026-04-24T09:35:25+00:00,5191,2.4
2026-04-24T09:35:30+00:00,5188,4.8
2026-04-24T09:35:35+00:00,5186,2.5
2026-04-24T09:35:41+00:00,5182,21.4
2026-04-24T09:35:46+00:00,5189,9.8
2026-04-24T09:35:51+00:00,5191,2.5
2026-04-24T09:35:56+00:00,5197,4.6
2026-04-24T09:36:01+00:00,5199,2.5
2026-04-24T09:36:07+00:00,5205,4.8
2026-04-24T09:36:12+00:00,5192,4.8
2026-04-24T09:36:17+00:00,5200,5
2026-04-24T09:36:22+00:00,5202,2.4
2026-04-24T09:36:28+00:00,5192,34.1
2026-04-24T09:36:33+00:00,5198,7.2
2026-04-24T09:36:38+00:00,5201,2.4
2026-04-24T09:36:43+00:00,5193,14.2
2026-04-24T09:36:48+00:00,5202,14.6
2026-04-24T09:36:54+00:00,5196,20.5
2026-04-24T09:36:59+00:00,5193,4.8
2026-04-24T09:37:04+00:00,5194,4.8
2026-04-24T09:37:09+00:00,5175,2.4
2026-04-24T09:37:15+00:00,5171,2.4
2026-04-24T09:37:20+00:00,5198,4.9
2026-04-24T09:37:25+00:00,5184,10
2026-04-24T09:37:30+00:00,5190,2.4
2026-04-24T09:37:35+00:00,5188,32.5
2026-04-24T09:37:41+00:00,5171,19
2026-04-24T09:37:46+00:00,5178,46.1
2026-04-24T09:37:51+00:00,5186,16.3
2026-04-24T09:37:56+00:00,5199,43.9
2026-04-24T09:38:02+00:00,5206,7.3
2026-04-24T09:38:07+00:00,5218,34.2
2026-04-24T09:38:12+00:00,5190,7.2
2026-04-24T09:38:17+00:00,5213,30
2026-04-24T09:38:22+00:00,5216,11.9
2026-04-24T09:38:28+00:00,5217,35.8
2026-04-24T09:38:33+00:00,5105,53.8
2026-04-24T09:38:38+00:00,5099,70.7
2026-04-24T09:38:43+00:00,5098,22.5
2026-04-24T09:38:49+00:00,5100,2.4
2026-04-24T09:38:54+00:00,5110,4.8
2026-04-24T09:38:59+00:00,5123,7.2
2026-04-24T09:39:04+00:00,5123,2.4
2026-04-24T09:39:09+00:00,5113,4.8
2026-04-24T09:39:15+00:00,5119,7.2
2026-04-24T09:39:20+00:00,5112,4.8
2026-04-24T09:39:25+00:00,5110,5
2026-04-24T09:39:30+00:00,5117,27.5
2026-04-24T09:39:35+00:00,5128,4.8
2026-04-24T09:39:41+00:00,5098,4.8
2026-04-24T09:39:46+00:00,5111,14.2
2026-04-24T09:39:51+00:00,5122,34.2
2026-04-24T09:39:56+00:00,5130,2.4
2026-04-24T09:40:02+00:00,5126,2.4
2026-04-24T09:40:07+00:00,5141,2.4
2026-04-24T09:40:12+00:00,5124,2.5
2026-04-24T09:40:17+00:00,5112,4.8
2026-04-24T09:40:22+00:00,5119,4.8
2026-04-24T09:40:28+00:00,5119,2.4
2026-04-24T09:40:33+00:00,5116,2.5
2026-04-24T09:40:38+00:00,5127,7.3
2026-04-24T09:40:43+00:00,5114,4.8
2026-04-24T09:40:49+00:00,5108,2.4
2026-04-24T09:40:54+00:00,5126,12.2
2026-04-24T09:40:59+00:00,5114,4.9
2026-04-24T09:41:04+00:00,5117,4.8
2026-04-24T09:41:09+00:00,5121,4.8
2026-04-24T09:41:15+00:00,5118,2.4
2026-04-24T09:41:20+00:00,5122,36.6
2026-04-24T09:41:25+00:00,5120,4.8
2026-04-24T09:41:30+00:00,5125,4.8
2026-04-24T09:41:36+00:00,5127,2.4
2026-04-24T09:41:41+00:00,5105,4.8
2026-04-24T09:41:46+00:00,5130,4.9
2026-04-24T09:41:51+00:00,5126,64.1
2026-04-24T09:41:56+00:00,5121,46.3
2026-04-24T09:42:02+00:00,5117,38.4
2026-04-24T09:42:07+00:00,5121,2.4
2026-04-24T09:42:12+00:00,5117,7.3
2026-04-24T09:42:17+00:00,5125,12.2
2026-04-24T09:42:22+00:00,5122,7.3
2026-04-24T09:42:28+00:00,5136,12.5
2026-04-24T09:42:33+00:00,5138,51.2
2026-04-24T09:42:38+00:00,5132,4.8
2026-04-24T09:42:43+00:00,5110,12.2
2026-04-24T09:42:49+00:00,5134,2.4
2026-04-24T09:42:54+00:00,5112,19.5
2026-04-24T09:42:59+00:00,5110,4.8
2026-04-24T09:43:04+00:00,5111,14.7
2026-04-24T09:43:09+00:00,5118,7.3
2026-04-24T09:43:15+00:00,5110,26.8
2026-04-24T09:43:20+00:00,5116,4.8
2026-04-24T09:43:25+00:00,5119,34.2
2026-04-24T09:43:30+00:00,5108,4.8
2026-04-24T09:43:36+00:00,5108,37.2
2026-04-24T09:43:41+00:00,5082,4.9
2026-04-24T09:43:46+00:00,5084,40.5
2026-04-24T09:43:51+00:00,5086,32.5
2026-04-24T09:43:56+00:00,5080,30.8
2026-04-24T09:44:02+00:00,5081,2.5
2026-04-24T09:44:07+00:00,5078,38.5
2026-04-24T09:44:12+00:00,5077,9.6
2026-04-24T09:44:17+00:00,5077,59
2026-04-24T09:44:23+00:00,5077,4.9
2026-04-24T09:44:28+00:00,5067,41.5
2026-04-24T09:44:33+00:00,5069,15.4
2026-04-24T09:44:38+00:00,5072,41.4
2026-04-24T09:44:43+00:00,5066,2.4
2026-04-24T09:44:49+00:00,5061,33.4
2026-04-24T09:44:54+00:00,5050,7.2
2026-04-24T09:44:59+00:00,5067,15.4
2026-04-24T09:45:04+00:00,5057,2.5
2026-04-24T09:45:10+00:00,5062,24.4
2026-04-24T09:45:15+00:00,5049,4.8
2026-04-24T09:45:20+00:00,5051,16.7
2026-04-24T09:45:25+00:00,5057,4.8
2026-04-24T09:45:30+00:00,5062,19.5
2026-04-24T09:45:36+00:00,5048,18.6
2026-04-24T09:45:41+00:00,5043,4.8
2026-04-24T09:45:46+00:00,5051,4.8
2026-04-24T09:45:51+00:00,5043,32.5
2026-04-24T09:45:57+00:00,5049,4.8
2026-04-24T09:46:02+00:00,5044,5
2026-04-24T09:46:07+00:00,5062,2.4
2026-04-24T09:46:12+00:00,5052,15
2026-04-24T09:46:17+00:00,5065,17.5
2026-04-24T09:46:23+00:00,5063,4.8
2026-04-24T09:46:28+00:00,5050,2.4
2026-04-24T09:46:33+00:00,5054,35
2026-04-24T09:46:38+00:00,5075,2.4
2026-04-24T09:46:43+00:00,5055,2.4
2026-04-24T09:46:49+00:00,5058,9.4
2026-04-24T09:46:54+00:00,5065,4.8
2026-04-24T09:46:59+00:00,5070,2.4
2026-04-24T09:47:04+00:00,5058,2.4
2026-04-24T09:47:10+00:00,5070,7.3
2026-04-24T09:47:15+00:00,5055,4.8
2026-04-24T09:47:20+00:00,5061,2.5
2026-04-24T09:47:25+00:00,5054,2.4
2026-04-24T09:47:30+00:00,5059,4.8
2026-04-24T09:47:36+00:00,5048,2.4
2026-04-24T09:47:41+00:00,5041,2.4
2026-04-24T09:47:46+00:00,5060,4.8
2026-04-24T09:47:51+00:00,5061,24.4
2026-04-24T09:47:57+00:00,5049,2.4
2026-04-24T09:48:02+00:00,5050,30.7
2026-04-24T09:48:07+00:00,5066,4.8
2026-04-24T09:48:12+00:00,5044,2.4
2026-04-24T09:48:17+00:00,5069,9.8
2026-04-24T09:48:23+00:00,5050,4.8
2026-04-24T09:48:28+00:00,5060,4.8
2026-04-24T09:48:33+00:00,5042,26.2
2026-04-24T09:48:38+00:00,5054,4.8
2026-04-24T09:48:44+00:00,5055,2.4
2026-04-24T09:48:49+00:00,5059,2.4
2026-04-24T09:48:54+00:00,5064,7.3
2026-04-24T09:48:59+00:00,5059,7.3
2026-04-24T09:49:04+00:00,5047,4.9
2026-04-24T09:49:10+00:00,5050,15
2026-04-24T09:49:15+00:00,5040,4.8
2026-04-24T09:49:20+00:00,5056,0
2026-04-24T09:49:25+00:00,5065,37.5
2026-04-24T09:49:30+00:00,5062,2.5
2026-04-24T09:49:36+00:00,5053,2.4
2026-04-24T09:49:41+00:00,5046,2.4
2026-04-24T09:49:46+00:00,5070,0
2026-04-24T09:49:51+00:00,5076,30.8
2026-04-24T09:49:57+00:00,5070,16.6
2026-04-24T09:50:02+00:00,5064,17.9
2026-04-24T09:50:07+00:00,5058,4.8
2026-04-24T09:50:12+00:00,5062,0
2026-04-24T09:50:17+00:00,5061,4.8
2026-04-24T09:50:23+00:00,5064,4.7
2026-04-24T09:50:28+00:00,5058,2.4
2026-04-24T09:50:33+00:00,5046,15
2026-04-24T09:50:38+00:00,5064,7.5
2026-04-24T09:50:44+00:00,5039,2.4
2026-04-24T09:50:49+00:00,5067,2.4
2026-04-24T09:50:54+00:00,5062,2.4
2026-04-24T09:50:59+00:00,5051,9.4
2026-04-24T09:51:04+00:00,5060,4.8
2026-04-24T09:51:10+00:00,5071,2.5
2026-04-24T09:51:15+00:00,5070,4.8
2026-04-24T09:51:20+00:00,5067,2.4
2026-04-24T09:51:25+00:00,5069,12.2
2026-04-24T09:51:31+00:00,5074,4.8
2026-04-24T09:51:36+00:00,5071,30
2026-04-24T09:51:41+00:00,5055,2.4
2026-04-24T09:51:46+00:00,5078,39
2026-04-24T09:51:51+00:00,5075,12.2
2026-04-24T09:51:57+00:00,5074,7.2
2026-04-24T09:52:02+00:00,5073,0
2026-04-24T09:52:07+00:00,5076,61
2026-04-24T09:52:12+00:00,5125,29.3
2026-04-24T09:52:17+00:00,5193,9.7
2026-04-24T09:52:23+00:00,5194,7.3
2026-04-24T09:52:28+00:00,5194,4.8
2026-04-24T09:52:33+00:00,5194,2.4
2026-04-24T09:52:38+00:00,5197,14.2
2026-04-24T09:52:44+00:00,5330,70.7
2026-04-24T09:52:49+00:00,5365,4.8
2026-04-24T09:52:54+00:00,5372,4.8
2026-04-24T09:52:59+00:00,5243,7.3
2026-04-24T09:53:04+00:00,5252,2.5
2026-04-24T09:53:10+00:00,5260,55.2
2026-04-24T09:53:15+00:00,5382,36.6
2026-04-24T09:53:20+00:00,5381,2.4
2026-04-24T09:53:25+00:00,5382,7.3
2026-04-24T09:53:31+00:00,5258,9.8
2026-04-24T09:53:36+00:00,5274,7.2
2026-04-24T09:53:41+00:00,5246,12.2
2026-04-24T09:53:46+00:00,5251,29.3
2026-04-24T09:53:51+00:00,5259,2.4
2026-04-24T09:53:57+00:00,5255,7.2
2026-04-24T09:54:02+00:00,5262,4.8
2026-04-24T09:54:07+00:00,5271,2.4
2026-04-24T09:54:12+00:00,5261,4.8
2026-04-24T09:54:18+00:00,5267,2.4
2026-04-24T09:54:23+00:00,5282,2.5
2026-04-24T09:54:28+00:00,5268,2.4
2026-04-24T09:54:33+00:00,5280,4.8
2026-04-24T09:54:38+00:00,5287,46.4
2026-04-24T09:54:44+00:00,5282,4.8
2026-04-24T09:54:49+00:00,5291,5
2026-04-24T09:54:54+00:00,5277,2.4
2026-04-24T09:54:59+00:00,5270,5
2026-04-24T09:55:05+00:00,5285,2.5
2026-04-24T09:55:10+00:00,5276,14.6
2026-04-24T09:55:15+00:00,5276,7.5
2026-04-24T09:55:20+00:00,5291,47.5
2026-04-24T09:55:25+00:00,5287,4.8
2026-04-24T09:55:31+00:00,5278,58.9
2026-04-24T09:55:36+00:00,5287,17.1
2026-04-24T09:55:41+00:00,5270,16.6
2026-04-24T09:55:46+00:00,5283,2.4
2026-04-24T09:55:52+00:00,5276,4.8
2026-04-24T09:55:57+00:00,5285,2.5
2026-04-24T09:56:02+00:00,5272,4.8
2026-04-24T09:56:07+00:00,5279,4.8
2026-04-24T09:56:12+00:00,5277,4.8
2026-04-24T09:56:18+00:00,5281,61
2026-04-24T09:56:23+00:00,5305,45
2026-04-24T09:56:28+00:00,5304,9.6
2026-04-24T09:56:33+00:00,5287,7.2
2026-04-24T09:56:38+00:00,5291,4.8
2026-04-24T09:56:44+00:00,5295,0
2026-04-24T09:56:49+00:00,5282,4.8
2026-04-24T09:56:54+00:00,5310,28.2
2026-04-24T09:56:59+00:00,5296,7.3
2026-04-24T09:57:05+00:00,5304,2.4
2026-04-24T09:57:10+00:00,5307,0
2026-04-24T09:57:15+00:00,5308,2.5
2026-04-24T09:57:20+00:00,5312,2.4
2026-04-24T09:57:25+00:00,5294,4.8
2026-04-24T09:57:31+00:00,5312,9.7
2026-04-24T09:57:36+00:00,5303,25
2026-04-24T09:57:41+00:00,5283,2.4
2026-04-24T09:57:46+00:00,5311,4.8
2026-04-24T09:57:52+00:00,5322,4.8
2026-04-24T09:57:57+00:00,5309,4.8
2026-04-24T09:58:02+00:00,5308,4.8
2026-04-24T09:58:07+00:00,5315,7.3
2026-04-24T09:58:12+00:00,5297,56.1
2026-04-24T09:58:18+00:00,5504,0
2026-04-24T09:58:23+00:00,5528,56.4
2026-04-24T09:58:28+00:00,5514,4.8
2026-04-24T09:58:33+00:00,5424,12.2
2026-04-24T09:58:39+00:00,5422,9.4
2026-04-24T09:58:44+00:00,5411,4.8
2026-04-24T09:58:49+00:00,5402,4.8
2026-04-24T09:58:54+00:00,5397,4.8
2026-04-24T09:58:59+00:00,5408,14.2
2026-04-24T09:59:05+00:00,5402,15
2026-04-24T09:59:10+00:00,5413,7.2
2026-04-24T09:59:15+00:00,5393,35.9
2026-04-24T09:59:20+00:00,5410,17.1
2026-04-24T09:59:25+00:00,5409,2.5
2026-04-24T09:59:31+00:00,5533,56.1
2026-04-24T09:59:36+00:00,5547,4.8
2026-04-24T09:59:41+00:00,5555,2.4
2026-04-24T09:59:46+00:00,5564,2.4
2026-04-24T09:59:52+00:00,5425,7.2
2026-04-24T09:59:57+00:00,5371,2.4
2026-04-24T10:00:02+00:00,5356,2.5
2026-04-24T10:00:07+00:00,5320,2.4
2026-04-24T10:00:12+00:00,5302,7.2
2026-04-24T10:00:18+00:00,5299,2.4
2026-04-24T10:00:23+00:00,5285,10
2026-04-24T10:00:28+00:00,5308,2.4
2026-04-24T10:00:33+00:00,5310,45
2026-04-24T10:00:39+00:00,5308,42.5
2026-04-24T10:00:44+00:00,5500,29.3
2026-04-24T10:00:49+00:00,5508,12.2
2026-04-24T10:00:54+00:00,5500,9.5
2026-04-24T10:00:59+00:00,5493,7.2
2026-04-24T10:01:05+00:00,5493,19.6
2026-04-24T10:01:10+00:00,5391,4.8
2026-04-24T10:01:15+00:00,5386,7.3
2026-04-24T10:01:20+00:00,5386,2.4
2026-04-24T10:01:26+00:00,5375,9.5
2026-04-24T10:01:31+00:00,5382,4.8
2026-04-24T10:01:36+00:00,5377,7.3
2026-04-24T10:01:41+00:00,5369,36.6
2026-04-24T10:01:46+00:00,5375,2.5
2026-04-24T10:01:52+00:00,5372,4.8
2026-04-24T10:01:57+00:00,5371,2.4
2026-04-24T10:02:02+00:00,5379,4.8
2026-04-24T10:02:07+00:00,5516,37.5
2026-04-24T10:02:13+00:00,5513,51.2
2026-04-24T10:02:18+00:00,5535,74.4
2026-04-24T10:02:23+00:00,5491,56.1
2026-04-24T10:02:28+00:00,5457,51.3
2026-04-24T10:02:33+00:00,5459,7.3
2026-04-24T10:02:39+00:00,5441,4.8
2026-04-24T10:02:44+00:00,5447,7.3
2026-04-24T10:02:49+00:00,5369,5
2026-04-24T10:02:54+00:00,5380,4.8
2026-04-24T10:03:00+00:00,5387,14.2
2026-04-24T10:03:05+00:00,5388,17.1
2026-04-24T10:03:10+00:00,5401,17.1
2026-04-24T10:03:15+00:00,5377,42.1
2026-04-24T10:03:20+00:00,5506,7.3
2026-04-24T10:03:26+00:00,5507,31
2026-04-24T10:03:31+00:00,5516,7.2
2026-04-24T10:03:36+00:00,5396,47.4
2026-04-24T10:03:41+00:00,5397,38.5
2026-04-24T10:03:47+00:00,5385,4.8
2026-04-24T10:03:52+00:00,5389,7.2
2026-04-24T10:03:57+00:00,5395,2.5
2026-04-24T10:04:02+00:00,5403,4.8
2026-04-24T10:04:07+00:00,5545,40
2026-04-24T10:04:13+00:00,5535,2.4
2026-04-24T10:04:18+00:00,5549,4.8
2026-04-24T10:04:23+00:00,5435,4.8
2026-04-24T10:04:28+00:00,5445,9.8
2026-04-24T10:04:34+00:00,5442,4.8
2026-04-24T10:04:39+00:00,5452,4.8
2026-04-24T10:04:44+00:00,5422,4.8
2026-04-24T10:04:49+00:00,5433,4.8
2026-04-24T10:04:54+00:00,5426,32.5
2026-04-24T10:05:00+00:00,5614,14.7
2026-04-24T10:05:05+00:00,5597,9.8
2026-04-24T10:05:10+00:00,5587,5
2026-04-24T10:05:15+00:00,5551,17.1
2026-04-24T10:05:20+00:00,5468,2.4
2026-04-24T10:05:26+00:00,5456,58.5
2026-04-24T10:05:31+00:00,5581,9
2026-04-24T10:05:36+00:00,5588,0
2026-04-24T10:05:41+00:00,5564,35
2026-04-24T10:05:47+00:00,5549,0
2026-04-24T10:05:52+00:00,5557,4.8
2026-04-24T10:05:57+00:00,5477,2.4
2026-04-24T10:06:02+00:00,5317,7.3
2026-04-24T10:06:07+00:00,5325,4.9
2026-04-24T10:06:13+00:00,5312,5
2026-04-24T10:06:18+00:00,5313,2.4
2026-04-24T10:06:23+00:00,5318,65.8
2026-04-24T10:06:28+00:00,5312,4.8
2026-04-24T10:06:34+00:00,5321,4.8
2026-04-24T10:06:39+00:00,5319,2.4
2026-04-24T10:06:44+00:00,5323,28.6
2026-04-24T10:06:49+00:00,5326,12.2
2026-04-24T10:06:54+00:00,5329,22
2026-04-24T10:07:00+00:00,5320,12.5
2026-04-24T10:07:05+00:00,5375,65.2
2026-04-24T10:07:10+00:00,5515,2.5
2026-04-24T10:07:15+00:00,5506,30
2026-04-24T10:07:21+00:00,5534,7.3
2026-04-24T10:07:26+00:00,5539,4.8
2026-04-24T10:07:31+00:00,5564,4.8
2026-04-24T10:07:36+00:00,5570,9.6
2026-04-24T10:07:41+00:00,5518,15
2026-04-24T10:07:47+00:00,5523,0
2026-04-24T10:07:52+00:00,5528,2.4
2026-04-24T10:07:57+00:00,5526,7.3
2026-04-24T10:08:02+00:00,5458,2.4
2026-04-24T10:08:08+00:00,5455,2.4
2026-04-24T10:08:13+00:00,5452,2.4
2026-04-24T10:08:18+00:00,5451,2.4
2026-04-24T10:08:23+00:00,5453,2.5
2026-04-24T10:08:28+00:00,5452,7.3
2026-04-24T10:08:34+00:00,5461,7.3
2026-04-24T10:08:39+00:00,5462,10
2026-04-24T10:08:44+00:00,5460,4.8
2026-04-24T10:08:49+00:00,5457,2.4
2026-04-24T10:08:54+00:00,5448,7.3
2026-04-24T10:09:00+00:00,5450,2.4
2026-04-24T10:09:05+00:00,5449,4.8
2026-04-24T10:09:10+00:00,5452,2.4
2026-04-24T10:09:15+00:00,5461,14.6
2026-04-24T10:09:21+00:00,5596,50
2026-04-24T10:09:26+00:00,5593,4.8
2026-04-24T10:09:31+00:00,5588,2.4
2026-04-24T10:09:36+00:00,5507,2.5
2026-04-24T10:09:41+00:00,5480,11.9
2026-04-24T10:09:47+00:00,5483,77.5
2026-04-24T10:09:52+00:00,5493,80
2026-04-24T10:09:57+00:00,5489,23.8
2026-04-24T10:10:02+00:00,5496,4.8
2026-04-24T10:10:08+00:00,5493,9.8
2026-04-24T10:10:13+00:00,5603,0
2026-04-24T10:10:18+00:00,5614,7.3
2026-04-24T10:10:23+00:00,5606,2.4
2026-04-24T10:10:28+00:00,5510,25.7
2026-04-24T10:10:34+00:00,5514,19
2026-04-24T10:10:39+00:00,5508,10
2026-04-24T10:10:44+00:00,5487,4.8
2026-04-24T10:10:49+00:00,5500,7.3
2026-04-24T10:10:55+00:00,5510,7.2
2026-04-24T10:11:00+00:00,5504,4.8
2026-04-24T10:11:05+00:00,5497,2.4
2026-04-24T10:11:10+00:00,5501,4.8
2026-04-24T10:11:15+00:00,5506,2.4
2026-04-24T10:11:21+00:00,5499,2.4
2026-04-24T10:11:26+00:00,5505,7.3
2026-04-24T10:11:31+00:00,5510,12.2
2026-04-24T10:11:36+00:00,5617,2.4
2026-04-24T10:11:42+00:00,5592,4.8
2026-04-24T10:11:47+00:00,5617,4.8
2026-04-24T10:11:52+00:00,5512,4.8
2026-04-24T10:11:57+00:00,5510,2.4
2026-04-24T10:12:02+00:00,5511,2.5
2026-04-24T10:12:08+00:00,5524,2.4
2026-04-24T10:12:13+00:00,5506,17.1
2026-04-24T10:12:18+00:00,5512,4.8
2026-04-24T10:12:23+00:00,5511,4.8
2026-04-24T10:12:29+00:00,5496,19.5
2026-04-24T10:12:34+00:00,5479,12.2
2026-04-24T10:12:39+00:00,5484,41.5
2026-04-24T10:12:44+00:00,5480,2.4
2026-04-24T10:12:49+00:00,5471,27.5
2026-04-24T10:12:55+00:00,5481,17.1
2026-04-24T10:13:00+00:00,5481,34.2
2026-04-24T10:13:05+00:00,5477,4.8
2026-04-24T10:13:10+00:00,5476,7.3
2026-04-24T10:13:15+00:00,5470,2.4
2026-04-24T10:13:21+00:00,5477,5
2026-04-24T10:13:26+00:00,5475,2.4
2026-04-24T10:13:31+00:00,5474,4.8
2026-04-24T10:13:36+00:00,5475,2.4
2026-04-24T10:13:42+00:00,5471,7.2
2026-04-24T10:13:47+00:00,5483,7.2
2026-04-24T10:13:52+00:00,5489,4.8
2026-04-24T10:13:57+00:00,5495,4.8
2026-04-24T10:14:02+00:00,5488,2.4
2026-04-24T10:14:08+00:00,5496,2.4
2026-04-24T10:14:13+00:00,5477,34.9
2026-04-24T10:14:18+00:00,5506,29.3
2026-04-24T10:14:23+00:00,5521,4.8
2026-04-24T10:14:29+00:00,5524,34.9
2026-04-24T10:14:34+00:00,5521,48.8
2026-04-24T10:14:39+00:00,5520,27.9
2026-04-24T10:14:44+00:00,5517,4.8
2026-04-24T10:14:49+00:00,5522,0
2026-04-24T10:14:55+00:00,5499,11.7
2026-04-24T10:15:00+00:00,5520,4.8
2026-04-24T10:15:05+00:00,5589,39.1
2026-04-24T10:15:10+00:00,5623,9.7
2026-04-24T10:15:16+00:00,5630,4.8
2026-04-24T10:15:21+00:00,5625,25.6
2026-04-24T10:15:26+00:00,5617,14.7
2026-04-24T10:15:31+00:00,5579,61
2026-04-24T10:15:36+00:00,5596,2.5
2026-04-24T10:15:42+00:00,5578,7.2
2026-04-24T10:15:47+00:00,5593,14.6
2026-04-24T10:15:52+00:00,5526,9.7
2026-04-24T10:15:57+00:00,5531,4.8
2026-04-24T10:16:03+00:00,5538,35.7
2026-04-24T10:16:08+00:00,5537,32.5
2026-04-24T10:16:13+00:00,5627,28.6
2026-04-24T10:16:18+00:00,5640,29.3
2026-04-24T10:16:23+00:00,5603,2.5
2026-04-24T10:16:29+00:00,5595,4.8
2026-04-24T10:16:34+00:00,5529,4.8
2026-04-24T10:16:39+00:00,5664,7.3
2026-04-24T10:16:44+00:00,5601,2.5
2026-04-24T10:16:50+00:00,5534,4.8
2026-04-24T10:16:55+00:00,5539,4.8
2026-04-24T10:17:00+00:00,5533,7.2
2026-04-24T10:17:05+00:00,5542,2.4
2026-04-24T10:17:10+00:00,5543,22.5
2026-04-24T10:17:16+00:00,5526,4.8
2026-04-24T10:17:21+00:00,5546,35
2026-04-24T10:17:26+00:00,5536,27.3
2026-04-24T10:17:31+00:00,5543,25
2026-04-24T10:17:36+00:00,5540,4.8
2026-04-24T10:17:42+00:00,5535,4.8
2026-04-24T10:17:47+00:00,5533,9.8
2026-04-24T10:17:52+00:00,5545,2.4
2026-04-24T10:17:57+00:00,5541,4.8
2026-04-24T10:18:03+00:00,5544,7.5
2026-04-24T10:18:08+00:00,5537,2.4
2026-04-24T10:18:13+00:00,5525,2.5
2026-04-24T10:18:18+00:00,5537,4.8
2026-04-24T10:18:23+00:00,5551,5
2026-04-24T10:18:29+00:00,5564,4.8
2026-04-24T10:18:34+00:00,5546,4.8
2026-04-24T10:18:39+00:00,5549,7.2
2026-04-24T10:18:44+00:00,5538,2.4
2026-04-24T10:18:50+00:00,5551,4.9
2026-04-24T10:18:55+00:00,5541,4.8
2026-04-24T10:19:00+00:00,5548,7.2
2026-04-24T10:19:05+00:00,5550,17.1
2026-04-24T10:19:10+00:00,5547,15
2026-04-24T10:19:16+00:00,5559,2.5
2026-04-24T10:19:21+00:00,5553,35.7
2026-04-24T10:19:26+00:00,5561,12.2
2026-04-24T10:19:31+00:00,5561,38.7
2026-04-24T10:19:37+00:00,5566,4.8
2026-04-24T10:19:42+00:00,5554,12.2
2026-04-24T10:19:47+00:00,5557,7.2
2026-04-24T10:19:52+00:00,5558,20
2026-04-24T10:19:57+00:00,5568,2.4
2026-04-24T10:20:03+00:00,5558,21.9
2026-04-24T10:20:08+00:00,5556,7.5
2026-04-24T10:20:13+00:00,5674,2.4
2026-04-24T10:20:18+00:00,5687,4.8
2026-04-24T10:20:24+00:00,5677,4.8
2026-04-24T10:20:29+00:00,5574,2.4
2026-04-24T10:20:34+00:00,5571,5
2026-04-24T10:20:39+00:00,5569,9.8
2026-04-24T10:20:44+00:00,5574,4.8
2026-04-24T10:20:50+00:00,5572,4.8
2026-04-24T10:20:55+00:00,5561,2.5
2026-04-24T10:21:00+00:00,5564,7.3
2026-04-24T10:21:05+00:00,5554,4.8
2026-04-24T10:21:10+00:00,5551,2.4
2026-04-24T10:21:16+00:00,5569,9.6
2026-04-24T10:21:21+00:00,5566,7.5
2026-04-24T10:21:26+00:00,5672,26.2
2026-04-24T10:21:31+00:00,5678,47.6
2026-04-24T10:21:37+00:00,5663,19.6
2026-04-24T10:21:42+00:00,5564,7
2026-04-24T10:21:47+00:00,5547,9.8
2026-04-24T10:21:52+00:00,5541,4.8
2026-04-24T10:21:57+00:00,5551,4.8
2026-04-24T10:22:03+00:00,5566,2.5
2026-04-24T10:22:08+00:00,5562,7.3
2026-04-24T10:22:13+00:00,5534,30.2
2026-04-24T10:22:18+00:00,5691,4.8
2026-04-24T10:22:24+00:00,5699,51.2
2026-04-24T10:22:29+00:00,5589,2.4
2026-04-24T10:22:34+00:00,5566,7.2
2026-04-24T10:22:39+00:00,5562,7.3
2026-04-24T10:22:44+00:00,5542,4.8
2026-04-24T10:22:50+00:00,5551,56.1
2026-04-24T10:22:55+00:00,5433,42.5
2026-04-24T10:23:00+00:00,5433,32.5
2026-04-24T10:23:05+00:00,5436,2.5
2026-04-24T10:23:11+00:00,5432,45
2026-04-24T10:23:16+00:00,5421,4.8
2026-04-24T10:23:21+00:00,5430,31.7
2026-04-24T10:23:26+00:00,5422,36.6
2026-04-24T10:23:31+00:00,5422,40
2026-04-24T10:23:37+00:00,5429,9.7
2026-04-24T10:23:42+00:00,5413,19.6
2026-04-24T10:23:47+00:00,5429,4.8
2026-04-24T10:23:52+00:00,5423,7.3
2026-04-24T10:23:58+00:00,5436,4.8
2026-04-24T10:24:03+00:00,5424,4.8
2026-04-24T10:24:08+00:00,5430,4.8
2026-04-24T10:24:13+00:00,5421,4.8
2026-04-24T10:24:18+00:00,5426,5
2026-04-24T10:24:24+00:00,5435,4.8
2026-04-24T10:24:29+00:00,5431,2.4
2026-04-24T10:24:34+00:00,5439,2.4
2026-04-24T10:24:39+00:00,5445,19.6
2026-04-24T10:24:44+00:00,5425,7.3
2026-04-24T10:24:50+00:00,5427,2.4
2026-04-24T10:24:55+00:00,5421,2.5
2026-04-24T10:25:00+00:00,5419,2.4
2026-04-24T10:25:05+00:00,5605,41.5
2026-04-24T10:25:11+00:00,5625,15
2026-04-24T10:25:16+00:00,5616,32.5
2026-04-24T10:25:21+00:00,5595,26.8
2026-04-24T10:25:26+00:00,5596,41.5
2026-04-24T10:25:31+00:00,5597,72.5
2026-04-24T10:25:37+00:00,5598,4.8
2026-04-24T10:25:42+00:00,5569,4.8
2026-04-24T10:25:47+00:00,5525,7.2
2026-04-24T10:25:52+00:00,5529,40.5
2026-04-24T10:25:58+00:00,5665,2.5
2026-04-24T10:26:03+00:00,5640,2.4
2026-04-24T10:26:08+00:00,5627,2.4
2026-04-24T10:26:13+00:00,5610,4.8
2026-04-24T10:26:18+00:00,5518,7.2
2026-04-24T10:26:24+00:00,5526,4.8
2026-04-24T10:26:29+00:00,5513,7.1
2026-04-24T10:26:34+00:00,5512,7.3
2026-04-24T10:26:39+00:00,5651,47.6
2026-04-24T10:26:45+00:00,5631,43.9
2026-04-24T10:26:50+00:00,5639,20
2026-04-24T10:26:55+00:00,5604,4.8
2026-04-24T10:27:00+00:00,5496,30
2026-04-24T10:27:05+00:00,5518,9.7
2026-04-24T10:27:11+00:00,5517,9.7
2026-04-24T10:27:16+00:00,5527,7.5
2026-04-24T10:27:21+00:00,5530,21
2026-04-24T10:27:26+00:00,5543,4.8
2026-04-24T10:27:32+00:00,5550,52.5
2026-04-24T10:27:37+00:00,5543,7.2
2026-04-24T10:27:42+00:00,5518,9.7
2026-04-24T10:27:47+00:00,5535,2.5
2026-04-24T10:27:52+00:00,5524,9.7
2026-04-24T10:27:58+00:00,5522,7.2
2026-04-24T10:28:03+00:00,5520,4.9
2026-04-24T10:28:08+00:00,5526,4.8
2026-04-24T10:28:13+00:00,5497,9.8
2026-04-24T10:28:18+00:00,5508,23.2
2026-04-24T10:28:24+00:00,5526,4.8
2026-04-24T10:28:29+00:00,5521,11.9
2026-04-24T10:28:34+00:00,5510,14.7
2026-04-24T10:28:39+00:00,5541,46.3
2026-04-24T10:28:45+00:00,5661,5
2026-04-24T10:28:50+00:00,5651,5
2026-04-24T10:28:55+00:00,5650,0
2026-04-24T10:29:00+00:00,5619,4.8
2026-04-24T10:29:05+00:00,5625,16.6
2026-04-24T10:29:11+00:00,5547,18
2026-04-24T10:29:16+00:00,5558,4.8
2026-04-24T10:29:21+00:00,5680,2.4
2026-04-24T10:29:26+00:00,5661,7
2026-04-24T10:29:32+00:00,5656,19
2026-04-24T10:29:37+00:00,5547,4.8
2026-04-24T10:29:42+00:00,5528,20
2026-04-24T10:29:47+00:00,5546,2.4
2026-04-24T10:29:52+00:00,5535,42.1
2026-04-24T10:29:58+00:00,5552,7.3
2026-04-24T10:30:03+00:00,5534,23.8
2026-04-24T10:30:08+00:00,5545,4.8
2026-04-24T10:30:13+00:00,5532,7.2
2026-04-24T10:30:19+00:00,5540,26.9
2026-04-24T10:30:24+00:00,5548,47.5
2026-04-24T10:30:29+00:00,5543,25
2026-04-24T10:30:34+00:00,5543,2.5
2026-04-24T10:30:39+00:00,5557,31.7
2026-04-24T10:30:45+00:00,5539,7.2
2026-04-24T10:30:50+00:00,5528,2.4
2026-04-24T10:30:55+00:00,5539,19
2026-04-24T10:31:00+00:00,5546,4.8
2026-04-24T10:31:06+00:00,5550,4.9
2026-04-24T10:31:11+00:00,5560,14.6
2026-04-24T10:31:16+00:00,5546,4.8
2026-04-24T10:31:21+00:00,5551,4.8
2026-04-24T10:31:26+00:00,5558,2.5
2026-04-24T10:31:32+00:00,5540,42.8
2026-04-24T10:31:37+00:00,5541,7
2026-04-24T10:31:42+00:00,5543,9.6
2026-04-24T10:31:47+00:00,5543,4.8
2026-04-24T10:31:53+00:00,5537,27.5
2026-04-24T10:31:58+00:00,5542,63.4
2026-04-24T10:32:03+00:00,5552,2.4
2026-04-24T10:32:08+00:00,5544,2.5
2026-04-24T10:32:13+00:00,5545,4.8
2026-04-24T10:32:19+00:00,5544,4.8
2026-04-24T10:32:24+00:00,5545,4.8
2026-04-24T10:32:29+00:00,5549,4.8
2026-04-24T10:32:34+00:00,5531,4.8
2026-04-24T10:32:39+00:00,5525,0
2026-04-24T10:32:45+00:00,5526,4.8
2026-04-24T10:32:50+00:00,5534,17.1
2026-04-24T10:32:55+00:00,5534,30.7
2026-04-24T10:33:00+00:00,5515,7.2
2026-04-24T10:33:06+00:00,5535,16.3
2026-04-24T10:33:11+00:00,5512,19.6
2026-04-24T10:33:16+00:00,5518,37.5
2026-04-24T10:33:21+00:00,5533,0
2026-04-24T10:33:26+00:00,5528,45
2026-04-24T10:33:32+00:00,5529,2.4
2026-04-24T10:33:37+00:00,5519,30.9
2026-04-24T10:33:42+00:00,5507,2.4
2026-04-24T10:33:47+00:00,5526,2.4
2026-04-24T10:33:53+00:00,5523,2.4
2026-04-24T10:33:58+00:00,5534,7
2026-04-24T10:34:03+00:00,5534,47.5
2026-04-24T10:34:08+00:00,5523,2.4
2026-04-24T10:34:13+00:00,5539,4.8
2026-04-24T10:34:19+00:00,5534,4.8
2026-04-24T10:34:24+00:00,5533,2.4
2026-04-24T10:34:29+00:00,5530,7
2026-04-24T10:34:34+00:00,5537,7.2
2026-04-24T10:34:40+00:00,5544,35.7
2026-04-24T10:34:45+00:00,5536,2.4
2026-04-24T10:34:50+00:00,5531,4.6
2026-04-24T10:34:55+00:00,5531,4.8
2026-04-24T10:35:00+00:00,5534,4.8
2026-04-24T10:35:06+00:00,5537,2.5
2026-04-24T10:35:11+00:00,5513,2.5
2026-04-24T10:35:16+00:00,5545,2.4
2026-04-24T10:35:21+00:00,5541,0
2026-04-24T10:35:26+00:00,5531,2.4
2026-04-24T10:35:32+00:00,5543,2.4
2026-04-24T10:35:37+00:00,5536,2.5
2026-04-24T10:35:42+00:00,5522,4.8
2026-04-24T10:35:47+00:00,5544,68.3
2026-04-24T10:35:53+00:00,5529,41
2026-04-24T10:35:58+00:00,5549,17.5
2026-04-24T10:36:03+00:00,5536,4.8
2026-04-24T10:36:08+00:00,5543,7.2
2026-04-24T10:36:13+00:00,5543,30.7
2026-04-24T10:36:19+00:00,5533,17.1
2026-04-24T10:36:24+00:00,5545,9.5
2026-04-24T10:36:29+00:00,5534,42.5
2026-04-24T10:36:34+00:00,5535,4.8
2026-04-24T10:36:40+00:00,5549,33.3
2026-04-24T10:36:45+00:00,5534,7.3
2026-04-24T10:36:50+00:00,5537,7.3
2026-04-24T10:36:55+00:00,5528,10
2026-04-24T10:37:00+00:00,5539,7.2
2026-04-24T10:37:06+00:00,5536,2.5
2026-04-24T10:37:11+00:00,5533,10
2026-04-24T10:37:16+00:00,5546,2.4
2026-04-24T10:37:21+00:00,5541,7.2
2026-04-24T10:37:27+00:00,5555,69
2026-04-24T10:37:32+00:00,5577,12.2
2026-04-24T10:37:37+00:00,5554,2.5
2026-04-24T10:37:42+00:00,5538,26.8
2026-04-24T10:37:47+00:00,5537,2.5
2026-04-24T10:37:53+00:00,5529,4.8
2026-04-24T10:37:58+00:00,5539,4.9
2026-04-24T10:38:03+00:00,5544,7.2
2026-04-24T10:38:08+00:00,5539,9.6
2026-04-24T10:38:14+00:00,5538,4.8
2026-04-24T10:38:19+00:00,5559,2.4
2026-04-24T10:38:24+00:00,5554,33.3
2026-04-24T10:38:29+00:00,5716,22
2026-04-24T10:38:34+00:00,5727,2.4
2026-04-24T10:38:40+00:00,5741,4.8
2026-04-24T10:38:45+00:00,5729,9.6
2026-04-24T10:38:50+00:00,5737,4.8
2026-04-24T10:38:55+00:00,5636,4.8
2026-04-24T10:39:01+00:00,5609,4.8
2026-04-24T10:39:06+00:00,5617,4.8
2026-04-24T10:39:11+00:00,5603,4.8
2026-04-24T10:39:16+00:00,5500,2.4
2026-04-24T10:39:21+00:00,5512,29.3
2026-04-24T10:39:27+00:00,5503,0
2026-04-24T10:39:32+00:00,5495,4.8
2026-04-24T10:39:37+00:00,5513,4.8
2026-04-24T10:39:42+00:00,5510,9.6
2026-04-24T10:39:47+00:00,5704,70.8
2026-04-24T10:39:53+00:00,5723,7.2
2026-04-24T10:39:58+00:00,5708,28.5
2026-04-24T10:40:03+00:00,5689,7.2
2026-04-24T10:40:08+00:00,5674,9.8
2026-04-24T10:40:14+00:00,5667,29.2
2026-04-24T10:40:19+00:00,5598,15
2026-04-24T10:40:24+00:00,5526,9.8
2026-04-24T10:40:29+00:00,5516,9.6
2026-04-24T10:40:34+00:00,5533,4.8
2026-04-24T10:40:40+00:00,5520,4.8
2026-04-24T10:40:45+00:00,5529,42.5
2026-04-24T10:40:50+00:00,5520,2.4
2026-04-24T10:40:55+00:00,5527,7.3
2026-04-24T10:41:01+00:00,5527,4.8
2026-04-24T10:41:06+00:00,5523,14.3
2026-04-24T10:41:11+00:00,5521,2.4
2026-04-24T10:41:16+00:00,5529,4.8
2026-04-24T10:41:21+00:00,5525,53.9
2026-04-24T10:41:27+00:00,5531,4.8
2026-04-24T10:41:32+00:00,5532,4.8
2026-04-24T10:41:37+00:00,5546,4.9
2026-04-24T10:41:42+00:00,5529,17.5
2026-04-24T10:41:48+00:00,5550,18.6
2026-04-24T10:41:53+00:00,5532,61
2026-04-24T10:41:58+00:00,5529,74.3
2026-04-24T10:42:03+00:00,5539,7.2
2026-04-24T10:42:08+00:00,5533,51.2
2026-04-24T10:42:14+00:00,5521,26.8
2026-04-24T10:42:19+00:00,5536,31.7
2026-04-24T10:42:24+00:00,5546,7
2026-04-24T10:42:29+00:00,5546,23.8
2026-04-24T10:42:35+00:00,5564,4.8
2026-04-24T10:42:40+00:00,5571,2.4
2026-04-24T10:42:45+00:00,5566,5
2026-04-24T10:42:50+00:00,5580,0
2026-04-24T10:42:55+00:00,5739,4.9
2026-04-24T10:43:01+00:00,5761,5.2
2026-04-24T10:43:06+00:00,5740,4.8
2026-04-24T10:43:11+00:00,5738,4.8
2026-04-24T10:43:16+00:00,5716,4.8
2026-04-24T10:43:21+00:00,5631,40
2026-04-24T10:43:27+00:00,5618,4.8
2026-04-24T10:43:32+00:00,5627,2.5
2026-04-24T10:43:37+00:00,5630,2.4
2026-04-24T10:43:42+00:00,5639,2.5
2026-04-24T10:43:48+00:00,5643,41.5
2026-04-24T10:43:53+00:00,5634,4.8
2026-04-24T10:43:58+00:00,5641,44.2
2026-04-24T10:44:03+00:00,5637,16.6
2026-04-24T10:44:08+00:00,5844,39
2026-04-24T10:44:14+00:00,5834,4.8
2026-04-24T10:44:19+00:00,5768,39
2026-04-24T10:44:24+00:00,5751,2.4
2026-04-24T10:44:29+00:00,5659,7.5
2026-04-24T10:44:35+00:00,5668,2.4
2026-04-24T10:44:40+00:00,5664,2.5
2026-04-24T10:44:45+00:00,5668,0
2026-04-24T10:44:50+00:00,5680,4.8
2026-04-24T10:44:55+00:00,5687,4.8
2026-04-24T10:45:01+00:00,5653,4.8
2026-04-24T10:45:06+00:00,5662,5
2026-04-24T10:45:11+00:00,5640,0
2026-04-24T10:45:16+00:00,5642,2.4
2026-04-24T10:45:22+00:00,5643,30
2026-04-24T10:45:27+00:00,5640,4.9
2026-04-24T10:45:32+00:00,5640,26.8
2026-04-24T10:45:37+00:00,5652,2.4
2026-04-24T10:45:42+00:00,5647,5
2026-04-24T10:45:48+00:00,5657,27.5
2026-04-24T10:45:53+00:00,5672,55
2026-04-24T10:45:58+00:00,5656,9.6
2026-04-24T10:46:03+00:00,5648,0
2026-04-24T10:46:09+00:00,5643,4.8
2026-04-24T10:46:14+00:00,5659,7.3
2026-04-24T10:46:19+00:00,5665,2.4
2026-04-24T10:46:24+00:00,5663,2.4
2026-04-24T10:46:29+00:00,5665,4.8
2026-04-24T10:46:35+00:00,5648,4.8
2026-04-24T10:46:40+00:00,5657,7.2
2026-04-24T10:46:45+00:00,5654,34.1
2026-04-24T10:46:50+00:00,5666,19.5
2026-04-24T10:46:55+00:00,5636,4.8
2026-04-24T10:47:01+00:00,5654,46.3
2026-04-24T10:47:06+00:00,5650,4.8
2026-04-24T10:47:11+00:00,5644,31.7
2026-04-24T10:47:16+00:00,5652,4.8
2026-04-24T10:47:22+00:00,5646,22.5
2026-04-24T10:47:27+00:00,5656,2.5
2026-04-24T10:47:32+00:00,5647,58.6
2026-04-24T10:47:37+00:00,5669,41
2026-04-24T10:47:42+00:00,5644,9.6
2026-04-24T10:47:48+00:00,5666,5
2026-04-24T10:47:53+00:00,5650,7.3
2026-04-24T10:47:58+00:00,5654,9.7
2026-04-24T10:48:03+00:00,5653,2.4
2026-04-24T10:48:09+00:00,5655,4.8
2026-04-24T10:48:14+00:00,5648,4.8
2026-04-24T10:48:19+00:00,5661,2.4
2026-04-24T10:48:24+00:00,5653,4.8
2026-04-24T10:48:29+00:00,5644,2.4
2026-04-24T10:48:35+00:00,5657,5
2026-04-24T10:48:40+00:00,5664,2.5
2026-04-24T10:48:45+00:00,5647,41.4
2026-04-24T10:48:50+00:00,5661,2.4
2026-04-24T10:48:56+00:00,5650,4.6
2026-04-24T10:49:01+00:00,5647,20
2026-04-24T10:49:06+00:00,5656,2.4
2026-04-24T10:49:11+00:00,5643,2.5
2026-04-24T10:49:16+00:00,5654,4.8
2026-04-24T10:49:22+00:00,5652,10
2026-04-24T10:49:27+00:00,5658,4.9
2026-04-24T10:49:32+00:00,5660,14.6
2026-04-24T10:49:37+00:00,5656,19
2026-04-24T10:49:43+00:00,5642,47.6
2026-04-24T10:49:48+00:00,5653,35.9
2026-04-24T10:49:53+00:00,5662,7.3
2026-04-24T10:49:58+00:00,5693,2.5
2026-04-24T10:50:03+00:00,5679,4.9
2026-04-24T10:50:09+00:00,5700,2.4
2026-04-24T10:50:14+00:00,5667,31.7
2026-04-24T10:50:19+00:00,5701,2.4
2026-04-24T10:50:24+00:00,5696,4.6
2026-04-24T10:50:29+00:00,5693,4.8
2026-04-24T10:50:35+00:00,5694,4.8
2026-04-24T10:50:40+00:00,5696,4.8
2026-04-24T10:50:45+00:00,5694,0
2026-04-24T10:50:50+00:00,5688,65
2026-04-24T10:50:56+00:00,5696,41
2026-04-24T10:51:01+00:00,5691,26.2
2026-04-24T10:51:06+00:00,5685,43.5
2026-04-24T10:51:11+00:00,5680,22.5
2026-04-24T10:51:16+00:00,5682,4.8
2026-04-24T10:51:22+00:00,5686,34.2
2026-04-24T10:51:27+00:00,5692,30
2026-04-24T10:51:32+00:00,5689,7.2
2026-04-24T10:51:37+00:00,5686,25
2026-04-24T10:51:43+00:00,5684,7.2
2026-04-24T10:51:48+00:00,5676,4.9
2026-04-24T10:51:53+00:00,5685,4.8
2026-04-24T10:51:58+00:00,5691,2.4
2026-04-24T10:52:03+00:00,5694,2.4
2026-04-24T10:52:09+00:00,5689,4.9
2026-04-24T10:52:14+00:00,5684,4.8
2026-04-24T10:52:19+00:00,5681,2.4
2026-04-24T10:52:24+00:00,5679,4.8
2026-04-24T10:52:30+00:00,5689,7.3
2026-04-24T10:52:35+00:00,5819,19
2026-04-24T10:52:40+00:00,5846,2.4
2026-04-24T10:52:45+00:00,5842,35
2026-04-24T10:52:50+00:00,5816,4.8
2026-04-24T10:52:56+00:00,5804,11.6
2026-04-24T10:53:01+00:00,5817,4.8
2026-04-24T10:53:06+00:00,5750,7.2
2026-04-24T10:53:11+00:00,5730,2.4
2026-04-24T10:53:17+00:00,5731,30
2026-04-24T10:53:22+00:00,5732,5
2026-04-24T10:53:27+00:00,5736,4.8
2026-04-24T10:53:32+00:00,5731,4.8
2026-04-24T10:53:37+00:00,5734,17.1
2026-04-24T10:53:43+00:00,5722,9.4
2026-04-24T10:53:48+00:00,5727,30
2026-04-24T10:53:53+00:00,5738,2.5
2026-04-24T10:53:58+00:00,5734,2.4
2026-04-24T10:54:03+00:00,5728,4.8
2026-04-24T10:54:09+00:00,5724,2.4
2026-04-24T10:54:14+00:00,5726,2.4
2026-04-24T10:54:19+00:00,5728,5
2026-04-24T10:54:24+00:00,5733,2.4
2026-04-24T10:54:30+00:00,5736,7.2
2026-04-24T10:54:35+00:00,5735,2.4
2026-04-24T10:54:40+00:00,5745,7.2
2026-04-24T10:54:45+00:00,5730,2.5
2026-04-24T10:54:50+00:00,5725,9.8
2026-04-24T10:54:56+00:00,5734,22.5
2026-04-24T10:55:01+00:00,5756,4.8
2026-04-24T10:55:06+00:00,5740,42.5
2026-04-24T10:55:11+00:00,5728,2.4
2026-04-24T10:55:17+00:00,5723,31.7
2026-04-24T10:55:22+00:00,5741,2.4
2026-04-24T10:55:27+00:00,5736,9.7
2026-04-24T10:55:32+00:00,5736,4.8
2026-04-24T10:55:37+00:00,5734,14.2
2026-04-24T10:55:43+00:00,5865,19.6
2026-04-24T10:55:48+00:00,5869,7.3
2026-04-24T10:55:53+00:00,5925,7.5
2026-04-24T10:55:58+00:00,5886,2.4
2026-04-24T10:56:04+00:00,5894,7.3
2026-04-24T10:56:09+00:00,5893,2.5
2026-04-24T10:56:14+00:00,5804,4.8
2026-04-24T10:56:19+00:00,5807,7
2026-04-24T10:56:24+00:00,5807,4.9
2026-04-24T10:56:30+00:00,5797,4.8
2026-04-24T10:56:35+00:00,5804,7.2
2026-04-24T10:56:40+00:00,5806,7
2026-04-24T10:56:45+00:00,5803,2.4
2026-04-24T10:56:51+00:00,5801,4.8
2026-04-24T10:56:56+00:00,5800,12.2
2026-04-24T10:57:01+00:00,5804,32.5
2026-04-24T10:57:06+00:00,5801,7.3
2026-04-24T10:57:11+00:00,5793,5.1
2026-04-24T10:57:17+00:00,5803,4.8
2026-04-24T10:57:22+00:00,5801,12.5
2026-04-24T10:57:27+00:00,5807,76.2
2026-04-24T10:57:32+00:00,5802,59
2026-04-24T10:57:37+00:00,5802,9.8
2026-04-24T10:57:43+00:00,5907,38.5
2026-04-24T10:57:48+00:00,5906,2.4
2026-04-24T10:57:53+00:00,5906,9.7
2026-04-24T10:57:58+00:00,5900,9.6
2026-04-24T10:58:04+00:00,5818,7.2
2026-04-24T10:58:09+00:00,5809,4.8
2026-04-24T10:58:14+00:00,5807,17.5
2026-04-24T10:58:19+00:00,5805,9.7
2026-04-24T10:58:24+00:00,5922,4.8
2026-04-24T10:58:30+00:00,5862,2.4
2026-04-24T10:58:35+00:00,5848,7
2026-04-24T10:58:40+00:00,5816,2.4
2026-04-24T10:58:45+00:00,5719,83.3
2026-04-24T10:58:51+00:00,5724,4.8
2026-04-24T10:58:56+00:00,5739,47.6
2026-04-24T10:59:01+00:00,5729,17.5
2026-04-24T10:59:06+00:00,5726,5
2026-04-24T10:59:11+00:00,5720,19.5
2026-04-24T10:59:17+00:00,5713,4.9
2026-04-24T10:59:22+00:00,5708,2.4
2026-04-24T10:59:27+00:00,5705,2.5
2026-04-24T10:59:32+00:00,5712,2.4
2026-04-24T10:59:38+00:00,5725,7.2
2026-04-24T10:59:43+00:00,5691,2.4
2026-04-24T10:59:48+00:00,5726,12.2
2026-04-24T10:59:53+00:00,5873,7.2
2026-04-24T10:59:58+00:00,5888,4.8
2026-04-24T11:00:04+00:00,5908,5
2026-04-24T11:00:09+00:00,5880,4.8
2026-04-24T11:00:14+00:00,5817,4.8
2026-04-24T11:00:19+00:00,5827,2.5
2026-04-24T11:00:24+00:00,5825,7.2
2026-04-24T11:00:30+00:00,5815,7.2
2026-04-24T11:00:35+00:00,5819,21.4
2026-04-24T11:00:40+00:00,5816,4.8
2026-04-24T11:00:45+00:00,5815,26.8
2026-04-24T11:00:51+00:00,5818,4.8
2026-04-24T11:00:56+00:00,5794,4.8
2026-04-24T11:01:01+00:00,5811,0
2026-04-24T11:01:06+00:00,5830,2.5
2026-04-24T11:01:11+00:00,5801,36.6
2026-04-24T11:01:17+00:00,6002,14.3
2026-04-24T11:01:22+00:00,6008,4.8
2026-04-24T11:01:27+00:00,6010,7.3
2026-04-24T11:01:32+00:00,5973,51.2
2026-04-24T11:01:38+00:00,5964,4.8
2026-04-24T11:01:43+00:00,5876,2.4
2026-04-24T11:01:48+00:00,5750,84
2026-04-24T11:01:53+00:00,5737,38
2026-04-24T11:01:58+00:00,5729,9.7
2026-04-24T11:02:04+00:00,5925,38.4
2026-04-24T11:02:09+00:00,5908,0
2026-04-24T11:02:14+00:00,5889,0
2026-04-24T11:02:19+00:00,5907,7.3
2026-04-24T11:02:25+00:00,5902,34.1
2026-04-24T11:02:30+00:00,5925,17.1
2026-04-24T11:02:35+00:00,5912,9.7
2026-04-24T11:02:40+00:00,5912,90.7
2026-04-24T11:02:45+00:00,5812,19
2026-04-24T11:02:51+00:00,5824,9.7
2026-04-24T11:02:56+00:00,5811,4.8
2026-04-24T11:03:01+00:00,5831,7.2
2026-04-24T11:03:06+00:00,5821,4.8
2026-04-24T11:03:12+00:00,5809,34.2
2026-04-24T11:03:17+00:00,5816,4.8
2026-04-24T11:03:22+00:00,5824,4.8
2026-04-24T11:03:27+00:00,5828,42.9
2026-04-24T11:03:32+00:00,5818,7.3
2026-04-24T11:03:38+00:00,5834,9.6
2026-04-24T11:03:43+00:00,5810,7.3
2026-04-24T11:03:48+00:00,5826,2.4
2026-04-24T11:03:53+00:00,5816,47.6
2026-04-24T11:03:59+00:00,5829,50
2026-04-24T11:04:04+00:00,5826,71.7
2026-04-24T11:04:09+00:00,5827,5
2026-04-24T11:04:14+00:00,5826,11.9
2026-04-24T11:04:19+00:00,5830,20
2026-04-24T11:04:25+00:00,5825,22
2026-04-24T11:04:30+00:00,5809,29.3
2026-04-24T11:04:35+00:00,5820,7.3
2026-04-24T11:04:40+00:00,5814,25
2026-04-24T11:04:46+00:00,5815,4.8
2026-04-24T11:04:51+00:00,5825,4.8
2026-04-24T11:04:56+00:00,5817,29.3
2026-04-24T11:05:01+00:00,5831,87.8
2026-04-24T11:05:06+00:00,5828,32.5
2026-04-24T11:05:12+00:00,5803,22.5
2026-04-24T11:05:17+00:00,5795,9.7
2026-04-24T11:05:22+00:00,5809,2.4
2026-04-24T11:05:27+00:00,5804,2.4
2026-04-24T11:05:33+00:00,5801,4.8
2026-04-24T11:05:38+00:00,5806,4.8
2026-04-24T11:05:43+00:00,5797,4.8
2026-04-24T11:05:48+00:00,5807,2.4
2026-04-24T11:05:53+00:00,5799,9.6
2026-04-24T11:05:59+00:00,5794,2.4
2026-04-24T11:06:04+00:00,5802,2.5
2026-04-24T11:06:09+00:00,5813,2.4
2026-04-24T11:06:14+00:00,5802,41.4
2026-04-24T11:06:19+00:00,5804,0
2026-04-24T11:06:25+00:00,5802,36.6
2026-04-24T11:06:30+00:00,5811,9.6
2026-04-24T11:06:35+00:00,5803,4.8
2026-04-24T11:06:40+00:00,5802,32.5
2026-04-24T11:06:46+00:00,5816,9.6
2026-04-24T11:06:51+00:00,5799,4.8
2026-04-24T11:06:56+00:00,5799,2.4
2026-04-24T11:07:01+00:00,5810,9.7
2026-04-24T11:07:06+00:00,5823,7.3
2026-04-24T11:07:12+00:00,5802,9.7
2026-04-24T11:07:17+00:00,5808,12.2
2026-04-24T11:07:22+00:00,5822,58.9
2026-04-24T11:07:27+00:00,5826,9.7
2026-04-24T11:07:33+00:00,5815,9.6
2026-04-24T11:07:38+00:00,5814,11.9
2026-04-24T11:07:43+00:00,5817,0
2026-04-24T11:07:48+00:00,5820,4.8
2026-04-24T11:07:53+00:00,5807,4.9
2026-04-24T11:07:59+00:00,5814,22.5
2026-04-24T11:08:04+00:00,5820,5
2026-04-24T11:08:09+00:00,5806,9.5
2026-04-24T11:08:14+00:00,5817,25
2026-04-24T11:08:20+00:00,5822,17.1
2026-04-24T11:08:25+00:00,5823,9.6
2026-04-24T11:08:30+00:00,5817,4.8
2026-04-24T11:08:35+00:00,5825,4.8
2026-04-24T11:08:40+00:00,5820,24.4
2026-04-24T11:08:46+00:00,5830,20
2026-04-24T11:08:51+00:00,5828,4.8
2026-04-24T11:08:56+00:00,5807,41
2026-04-24T11:09:01+00:00,5813,7.3
2026-04-24T11:09:07+00:00,5834,34.2
2026-04-24T11:09:12+00:00,5808,2.4
2026-04-24T11:09:17+00:00,5824,7.3
2026-04-24T11:09:22+00:00,5817,35
2026-04-24T11:09:27+00:00,5908,50
2026-04-24T11:09:33+00:00,5934,5
2026-04-24T11:09:38+00:00,5938,4.8
2026-04-24T11:09:43+00:00,5846,22
2026-04-24T11:09:48+00:00,5933,4.8
2026-04-24T11:09:53+00:00,5912,7.3
2026-04-24T11:09:59+00:00,5901,4.9
2026-04-24T11:10:04+00:00,5898,45.2
2026-04-24T11:10:09+00:00,5908,17.1
2026-04-24T11:10:14+00:00,5802,51.3
2026-04-24T11:10:20+00:00,5803,4.8
2026-04-24T11:10:25+00:00,5783,12.2
2026-04-24T11:10:30+00:00,5956,7.3
2026-04-24T11:10:35+00:00,5951,4.8
2026-04-24T11:10:40+00:00,5947,17.1
2026-04-24T11:10:46+00:00,5943,2.4
2026-04-24T11:10:51+00:00,5833,7.2
2026-04-24T11:10:56+00:00,5840,30
2026-04-24T11:11:01+00:00,5813,34.2
2026-04-24T11:11:07+00:00,5840,4.8
2026-04-24T11:11:12+00:00,5808,10
2026-04-24T11:11:17+00:00,5825,2.5
2026-04-24T11:11:22+00:00,5821,4.8
2026-04-24T11:11:27+00:00,5831,2.4
2026-04-24T11:11:33+00:00,5811,4.8
2026-04-24T11:11:38+00:00,5842,9.7
2026-04-24T11:11:43+00:00,5824,14.6
2026-04-24T11:11:48+00:00,5942,4.8
2026-04-24T11:11:54+00:00,5948,19.5
2026-04-24T11:11:59+00:00,5943,10
2026-04-24T11:12:04+00:00,5837,48.8
2026-04-24T11:12:09+00:00,5836,4.8
2026-04-24T11:12:14+00:00,5811,12.2
2026-04-24T11:12:20+00:00,5833,7
2026-04-24T11:12:25+00:00,5829,4.8
2026-04-24T11:12:30+00:00,5818,7
2026-04-24T11:12:35+00:00,5819,7.2
2026-04-24T11:12:41+00:00,5808,15
2026-04-24T11:12:46+00:00,5951,43.5
2026-04-24T11:12:51+00:00,5964,2.4
2026-04-24T11:12:56+00:00,5954,4.8
2026-04-24T11:13:01+00:00,5918,4.9
2026-04-24T11:13:07+00:00,5828,2.4
2026-04-24T11:13:12+00:00,5812,4.6
2026-04-24T11:13:17+00:00,5836,12.2
2026-04-24T11:13:22+00:00,5843,7.3
2026-04-24T11:13:27+00:00,5822,14.3
2026-04-24T11:13:33+00:00,5822,0
2026-04-24T11:13:38+00:00,5826,16.6
2026-04-24T11:13:43+00:00,5817,10
2026-04-24T11:13:48+00:00,5959,4.8
2026-04-24T11:13:54+00:00,5964,61
2026-04-24T11:13:59+00:00,5934,51.3
2026-04-24T11:14:04+00:00,5904,11.9
2026-04-24T11:14:09+00:00,5914,35
2026-04-24T11:14:14+00:00,5912,4.8
2026-04-24T11:14:20+00:00,5859,35.7
2026-04-24T11:14:25+00:00,5834,4.8
2026-04-24T11:14:30+00:00,5849,9.8
2026-04-24T11:14:35+00:00,5867,48.8
2026-04-24T11:14:41+00:00,5946,7.2
2026-04-24T11:14:46+00:00,5957,10
2026-04-24T11:14:51+00:00,5955,4.8
2026-04-24T11:14:56+00:00,5904,4.8
2026-04-24T11:15:01+00:00,5841,71.4
2026-04-24T11:15:07+00:00,5854,5
2026-04-24T11:15:12+00:00,5866,2.4
2026-04-24T11:15:17+00:00,5877,22
2026-04-24T11:15:22+00:00,5863,9.7
2026-04-24T11:15:28+00:00,5864,4.8
2026-04-24T11:15:33+00:00,5868,31.8
2026-04-24T11:15:38+00:00,5856,20.9
2026-04-24T11:15:43+00:00,6010,33.3
2026-04-24T11:15:48+00:00,6027,7.2
2026-04-24T11:15:54+00:00,6017,2.5
2026-04-24T11:15:59+00:00,5991,4.8
2026-04-24T11:16:04+00:00,5927,4.8
2026-04-24T11:16:09+00:00,5907,4.8
2026-04-24T11:16:15+00:00,5912,7.3
2026-04-24T11:16:20+00:00,5919,2.4
2026-04-24T11:16:25+00:00,5923,4.8
2026-04-24T11:16:30+00:00,5800,2.5
2026-04-24T11:16:35+00:00,5795,9.4
2026-04-24T11:16:41+00:00,5789,4.8
2026-04-24T11:16:46+00:00,5791,7.3
2026-04-24T11:16:51+00:00,5793,38.5
2026-04-24T11:16:56+00:00,5805,2.5
2026-04-24T11:17:02+00:00,5793,43.9
2026-04-24T11:17:07+00:00,5800,2.4
2026-04-24T11:17:12+00:00,5792,4.8
2026-04-24T11:17:17+00:00,5783,29.3
2026-04-24T11:17:22+00:00,5787,69.3
2026-04-24T11:17:28+00:00,5799,27.5
2026-04-24T11:17:33+00:00,5802,31.7
2026-04-24T11:17:38+00:00,5798,20.9
2026-04-24T11:17:43+00:00,5954,16.6
2026-04-24T11:17:49+00:00,5959,19.5
2026-04-24T11:17:54+00:00,5971,51.2
2026-04-24T11:17:59+00:00,5921,50
2026-04-24T11:18:04+00:00,5840,2.4
2026-04-24T11:18:09+00:00,5845,75.7
2026-04-24T11:18:15+00:00,5829,2.4
2026-04-24T11:18:20+00:00,5855,4.8
2026-04-24T11:18:25+00:00,5856,4.8
2026-04-24T11:18:30+00:00,5842,2.4
2026-04-24T11:18:35+00:00,5854,7.3
2026-04-24T11:18:41+00:00,5844,11.9
2026-04-24T11:18:46+00:00,5851,2.4
2026-04-24T11:18:51+00:00,5855,7
2026-04-24T11:18:56+00:00,5852,20
2026-04-24T11:19:02+00:00,5875,41.4
2026-04-24T11:19:07+00:00,5859,9.3
2026-04-24T11:19:12+00:00,5850,2.4
2026-04-24T11:19:17+00:00,5860,4.8
2026-04-24T11:19:22+00:00,5863,4.8
2026-04-24T11:19:28+00:00,5851,2.4
2026-04-24T11:19:33+00:00,5864,4.9
2026-04-24T11:19:38+00:00,5871,4.8
2026-04-24T11:19:43+00:00,5861,4.8
2026-04-24T11:19:49+00:00,5865,4.8
2026-04-24T11:19:54+00:00,5857,2.4
2026-04-24T11:19:59+00:00,5869,4.8
2026-04-24T11:20:04+00:00,5860,2.4
2026-04-24T11:20:09+00:00,5871,4.8
2026-04-24T11:20:15+00:00,5857,10
2026-04-24T11:20:20+00:00,5843,2.4
2026-04-24T11:20:25+00:00,5851,25.6
2026-04-24T11:20:30+00:00,5858,7.3
2026-04-24T11:20:36+00:00,5842,4.8
2026-04-24T11:20:41+00:00,5845,48.8
2026-04-24T11:20:46+00:00,5857,4.8
2026-04-24T11:20:51+00:00,5855,12.2
2026-04-24T11:20:56+00:00,5858,2.4
2026-04-24T11:21:02+00:00,5857,39
2026-04-24T11:21:07+00:00,5862,4.8
2026-04-24T11:21:12+00:00,5858,19
2026-04-24T11:21:17+00:00,5861,17.1
2026-04-24T11:21:23+00:00,5853,20.6
2026-04-24T11:21:28+00:00,5850,15
2026-04-24T11:21:33+00:00,5852,2.5
2026-04-24T11:21:38+00:00,5867,4.8
2026-04-24T11:21:43+00:00,5861,2.4
2026-04-24T11:21:49+00:00,5871,4.8
2026-04-24T11:21:54+00:00,5869,7
2026-04-24T11:21:59+00:00,5876,7.3
2026-04-24T11:22:04+00:00,5878,2.4
2026-04-24T11:22:10+00:00,5878,12.5
2026-04-24T11:22:15+00:00,5870,2.4
2026-04-24T11:22:20+00:00,5873,2.4
2026-04-24T11:22:25+00:00,5878,4.8
2026-04-24T11:22:30+00:00,5878,30.9
2026-04-24T11:22:36+00:00,5873,78.1
2026-04-24T11:22:41+00:00,5872,35.9
2026-04-24T11:22:46+00:00,5877,4.8
2026-04-24T11:22:51+00:00,5867,30.9
2026-04-24T11:22:56+00:00,5880,19.5
2026-04-24T11:23:02+00:00,5880,35
2026-04-24T11:23:07+00:00,5886,7.3
2026-04-24T11:23:12+00:00,5876,11.9
2026-04-24T11:23:17+00:00,5896,26.9
2026-04-24T11:23:23+00:00,5879,15
2026-04-24T11:23:28+00:00,5887,45
2026-04-24T11:23:33+00:00,5886,39.1
2026-04-24T11:23:38+00:00,5887,16.7
2026-04-24T11:23:43+00:00,5871,47.5
2026-04-24T11:23:49+00:00,5880,2.5
2026-04-24T11:23:54+00:00,5878,21.5
2026-04-24T11:23:59+00:00,5894,2.5
2026-04-24T11:24:04+00:00,5876,2.5
2026-04-24T11:24:10+00:00,5898,0
2026-04-24T11:24:15+00:00,5890,9.8
2026-04-24T11:24:20+00:00,5889,2.4
2026-04-24T11:24:25+00:00,5889,2.4
2026-04-24T11:24:30+00:00,5900,9.6
2026-04-24T11:24:36+00:00,5900,48.8
2026-04-24T11:24:41+00:00,5881,42.5
2026-04-24T11:24:46+00:00,5885,4.8
2026-04-24T11:24:51+00:00,5886,4.8
2026-04-24T11:24:57+00:00,5879,4.8
2026-04-24T11:25:02+00:00,5878,9.6
2026-04-24T11:25:07+00:00,5918,15
2026-04-24T11:25:12+00:00,5912,17.5
2026-04-24T11:25:17+00:00,5926,7.3
2026-04-24T11:25:23+00:00,5926,7.3
2026-04-24T11:25:28+00:00,5920,4.9
2026-04-24T11:25:33+00:00,5904,7
2026-04-24T11:25:38+00:00,5912,4.8
2026-04-24T11:25:44+00:00,5910,7.3
2026-04-24T11:25:49+00:00,5917,17.5
2026-04-24T11:25:54+00:00,5919,4.8
2026-04-24T11:25:59+00:00,5912,9.7
2026-04-24T11:26:04+00:00,5912,41
2026-04-24T11:26:10+00:00,5914,4.8
2026-04-24T11:26:15+00:00,5911,31.7
2026-04-24T11:26:20+00:00,5920,4.6
2026-04-24T11:26:25+00:00,5906,9.5
2026-04-24T11:26:30+00:00,5918,2.5
2026-04-24T11:26:36+00:00,5916,30
2026-04-24T11:26:41+00:00,5905,38.1
2026-04-24T11:26:46+00:00,5920,40
2026-04-24T11:26:51+00:00,5926,29.3
2026-04-24T11:26:57+00:00,5920,4.8
2026-04-24T11:27:02+00:00,5924,9.7
2026-04-24T11:27:07+00:00,5897,66.7
2026-04-24T11:27:12+00:00,5912,4.8
2026-04-24T11:27:17+00:00,5908,2.4
2026-04-24T11:27:23+00:00,5917,2.4
2026-04-24T11:27:28+00:00,5919,4.8
2026-04-24T11:27:33+00:00,5939,2.4
2026-04-24T11:27:38+00:00,5931,4.8
2026-04-24T11:27:44+00:00,5917,9.5
2026-04-24T11:27:49+00:00,5929,4.8
2026-04-24T11:27:54+00:00,5941,2.5
2026-04-24T11:27:59+00:00,5933,2.4
2026-04-24T11:28:04+00:00,5936,7.3
2026-04-24T11:28:10+00:00,5938,2.4
2026-04-24T11:28:15+00:00,5933,4.9
2026-04-24T11:28:20+00:00,5936,7.5
2026-04-24T11:28:25+00:00,5930,17.1
2026-04-24T11:28:31+00:00,5940,7.2
2026-04-24T11:28:36+00:00,5923,32.5
2026-04-24T11:28:41+00:00,5932,5
2026-04-24T11:28:46+00:00,5936,34.1
2026-04-24T11:28:51+00:00,5945,7.2
2026-04-24T11:28:57+00:00,5933,4.8
2026-04-24T11:29:02+00:00,5936,2.4
2026-04-24T11:29:07+00:00,5944,2.5
2026-04-24T11:29:12+00:00,5931,4.8
2026-04-24T11:29:18+00:00,5935,2.4
2026-04-24T11:29:23+00:00,5931,4.8
2026-04-24T11:29:28+00:00,5932,11.9
2026-04-24T11:29:33+00:00,5934,4.8
2026-04-24T11:29:38+00:00,5924,22
2026-04-24T11:29:44+00:00,5923,2.4
2026-04-24T11:29:49+00:00,5921,2.4
2026-04-24T11:29:54+00:00,5941,7.3
2026-04-24T11:29:59+00:00,5940,2.5
2026-04-24T11:30:04+00:00,5936,4.8
2026-04-24T11:30:10+00:00,5951,18
2026-04-24T11:30:15+00:00,5948,14.3
2026-04-24T11:30:20+00:00,5928,9.4
2026-04-24T11:30:25+00:00,5929,15
2026-04-24T11:30:31+00:00,5924,2.5
2026-04-24T11:30:36+00:00,5931,40
2026-04-24T11:30:41+00:00,5923,27.5
2026-04-24T11:30:46+00:00,5923,16.3
2026-04-24T11:30:51+00:00,5915,7.3
2026-04-24T11:30:57+00:00,5917,47.5
2026-04-24T11:31:02+00:00,5920,4.8
2026-04-24T11:31:07+00:00,5927,26.9
2026-04-24T11:31:12+00:00,5919,9.8
2026-04-24T11:31:18+00:00,5917,0
2026-04-24T11:31:23+00:00,5915,2.4
2026-04-24T11:31:28+00:00,5908,2.4
2026-04-24T11:31:33+00:00,5926,2.5
2026-04-24T11:31:38+00:00,5926,4.8
2026-04-24T11:31:44+00:00,5932,4.8
2026-04-24T11:31:49+00:00,5934,4.8
2026-04-24T11:31:54+00:00,5918,4.8
2026-04-24T11:31:59+00:00,5922,7.2
2026-04-24T11:32:05+00:00,5904,4.8
2026-04-24T11:32:10+00:00,5907,4.8
2026-04-24T11:32:15+00:00,5910,4.8
2026-04-24T11:32:20+00:00,5909,9.5
2026-04-24T11:32:25+00:00,5925,16.6
2026-04-24T11:32:31+00:00,5925,19.6
2026-04-24T11:32:36+00:00,5923,26.8
2026-04-24T11:32:41+00:00,5911,15
2026-04-24T11:32:46+00:00,5926,7.2
2026-04-24T11:32:52+00:00,5933,14.3
2026-04-24T11:32:57+00:00,5923,4.8
2026-04-24T11:33:02+00:00,5928,4.8
2026-04-24T11:33:07+00:00,5922,46.2
2026-04-24T11:33:12+00:00,5910,35
2026-04-24T11:33:18+00:00,5901,2.4
2026-04-24T11:33:23+00:00,5913,2.4
2026-04-24T11:33:28+00:00,5904,7.3
2026-04-24T11:33:33+00:00,5916,2.4
2026-04-24T11:33:38+00:00,5928,42.5
2026-04-24T11:33:44+00:00,5929,2.4
2026-04-24T11:33:49+00:00,5930,30.9
2026-04-24T11:33:54+00:00,5934,0
2026-04-24T11:33:59+00:00,5921,4.8
2026-04-24T11:34:05+00:00,5931,9.7
2026-04-24T11:34:10+00:00,5926,51.2
2026-04-24T11:34:15+00:00,5916,41
2026-04-24T11:34:20+00:00,5923,34.1
2026-04-24T11:34:25+00:00,5930,20
2026-04-24T11:34:31+00:00,5900,2.4
2026-04-24T11:34:36+00:00,5932,2.4
2026-04-24T11:34:41+00:00,5923,2.4
2026-04-24T11:34:46+00:00,5931,2.5
2026-04-24T11:34:52+00:00,5929,34.2
2026-04-24T11:34:57+00:00,5929,2.4
2026-04-24T11:35:02+00:00,5919,16.3
2026-04-24T11:35:07+00:00,5941,2.4
2026-04-24T11:35:12+00:00,5959,9.5
2026-04-24T11:35:18+00:00,5958,4.8
2026-04-24T11:35:23+00:00,5927,4.8
2026-04-24T11:35:28+00:00,5936,4.8
2026-04-24T11:35:33+00:00,5937,2.4
2026-04-24T11:35:39+00:00,5930,39.1
2026-04-24T11:35:44+00:00,5925,2.4
2026-04-24T11:35:49+00:00,5942,0
2026-04-24T11:35:54+00:00,5926,4.8
2026-04-24T11:35:59+00:00,5920,4.9
2026-04-24T11:36:05+00:00,5928,4.8
2026-04-24T11:36:10+00:00,5933,7.3
2026-04-24T11:36:15+00:00,5947,12.2
2026-04-24T11:36:20+00:00,5934,7.2
2026-04-24T11:36:26+00:00,5938,2.5
2026-04-24T11:36:31+00:00,5940,9.6
2026-04-24T11:36:36+00:00,5936,7.5
2026-04-24T11:36:41+00:00,5933,12.2
2026-04-24T11:36:46+00:00,5931,4.8
2026-04-24T11:36:52+00:00,5939,56.1
2026-04-24T11:36:57+00:00,5955,7
2026-04-24T11:37:02+00:00,5961,40
2026-04-24T11:37:07+00:00,5953,4.8
2026-04-24T11:37:12+00:00,5931,35.7
2026-04-24T11:37:18+00:00,5933,19
2026-04-24T11:37:23+00:00,5944,16.7
2026-04-24T11:37:28+00:00,5936,7.3
2026-04-24T11:37:33+00:00,5941,2.4
2026-04-24T11:37:39+00:00,5942,4.8
2026-04-24T11:37:44+00:00,5942,4.8
2026-04-24T11:37:49+00:00,5942,2.5
2026-04-24T11:37:54+00:00,5928,2.4
2026-04-24T11:37:59+00:00,5943,33.4
2026-04-24T11:38:05+00:00,5952,22
2026-04-24T11:38:10+00:00,5938,14.7
2026-04-24T11:38:15+00:00,5945,2.4
2026-04-24T11:38:20+00:00,5947,4.8
2026-04-24T11:38:26+00:00,5938,2.5
2026-04-24T11:38:31+00:00,5952,4.8
2026-04-24T11:38:36+00:00,5950,15
2026-04-24T11:38:41+00:00,5943,7.2
2026-04-24T11:38:46+00:00,5943,0
2026-04-24T11:38:52+00:00,5945,43.6
2026-04-24T11:38:57+00:00,5934,2.4
2026-04-24T11:39:02+00:00,5940,4.9
2026-04-24T11:39:07+00:00,5954,4.8
2026-04-24T11:39:13+00:00,5940,20
2026-04-24T11:39:18+00:00,5933,52.4
2026-04-24T11:39:23+00:00,5936,42.5
2026-04-24T11:39:28+00:00,5943,21.9
2026-04-24T11:39:33+00:00,5948,7.2
2026-04-24T11:39:39+00:00,5933,25
2026-04-24T11:39:44+00:00,5930,27.9
2026-04-24T11:39:49+00:00,5937,15
2026-04-24T11:39:54+00:00,5940,50
2026-04-24T11:40:00+00:00,5950,20
2026-04-24T11:40:05+00:00,5933,7
2026-04-24T11:40:10+00:00,5945,4.8
2026-04-24T11:40:15+00:00,5953,2.4
2026-04-24T11:40:20+00:00,5966,4.8
2026-04-24T11:40:26+00:00,5954,4.8
2026-04-24T11:40:31+00:00,5977,5
2026-04-24T11:40:36+00:00,5970,0
2026-04-24T11:40:41+00:00,5955,4.8
2026-04-24T11:40:46+00:00,5969,2.4
2026-04-24T11:40:52+00:00,5975,29.3
2026-04-24T11:40:57+00:00,5972,12.2
2026-04-24T11:41:02+00:00,5977,2.4
2026-04-24T11:41:07+00:00,5976,7.2
2026-04-24T11:41:13+00:00,5975,4.8
2026-04-24T11:41:18+00:00,5979,2.5
2026-04-24T11:41:23+00:00,5977,4.8
2026-04-24T11:41:28+00:00,5979,4.8
2026-04-24T11:41:33+00:00,5976,7.5
2026-04-24T11:41:39+00:00,5975,7
2026-04-24T11:41:44+00:00,5965,25
2026-04-24T11:41:49+00:00,5969,15
2026-04-24T11:41:54+00:00,5975,17.1
2026-04-24T11:42:00+00:00,5978,2.4
2026-04-24T11:42:05+00:00,5984,4.8
2026-04-24T11:42:10+00:00,5985,29.3
2026-04-24T11:42:15+00:00,5974,4.8
2026-04-24T11:42:20+00:00,5985,0
2026-04-24T11:42:26+00:00,5980,4.8
2026-04-24T11:42:31+00:00,5982,9.4
2026-04-24T11:42:36+00:00,5978,9.8
2026-04-24T11:42:41+00:00,5976,5
2026-04-24T11:42:47+00:00,5979,65.1
2026-04-24T11:42:52+00:00,5982,41
2026-04-24T11:42:57+00:00,5990,52.5
2026-04-24T11:43:02+00:00,5975,2.5
2026-04-24T11:43:07+00:00,5983,43.9
2026-04-24T11:43:13+00:00,5980,7.3
2026-04-24T11:43:18+00:00,5979,7.3
2026-04-24T11:43:23+00:00,5962,4.8
2026-04-24T11:43:28+00:00,5968,7.2
2026-04-24T11:43:34+00:00,5956,4.8
2026-04-24T11:43:39+00:00,5973,17.1
2026-04-24T11:43:44+00:00,5966,4.8
2026-04-24T11:43:49+00:00,5980,7.3
2026-04-24T11:43:54+00:00,5965,4.9
2026-04-24T11:44:00+00:00,5964,2.4
2026-04-24T11:44:05+00:00,5975,4.8
2026-04-24T11:44:10+00:00,5976,16.6
2026-04-24T11:44:15+00:00,5981,4.8
2026-04-24T11:44:21+00:00,5981,2.5
2026-04-24T11:44:26+00:00,5978,10.2
2026-04-24T11:44:31+00:00,5977,4.8
2026-04-24T11:44:36+00:00,5948,2.4
2026-04-24T11:44:41+00:00,5949,26.8
2026-04-24T11:44:47+00:00,5945,4.8
2026-04-24T11:44:52+00:00,5963,4.8
2026-04-24T11:44:57+00:00,5977,9.6
2026-04-24T11:45:02+00:00,5973,4.8
2026-04-24T11:45:07+00:00,5977,2.4
2026-04-24T11:45:13+00:00,5982,34.2
2026-04-24T11:45:18+00:00,5990,2.5
2026-04-24T11:45:23+00:00,5960,9.8
2026-04-24T11:45:28+00:00,5959,24.4
2026-04-24T11:45:34+00:00,5957,11.9
2026-04-24T11:45:39+00:00,5963,5.1
2026-04-24T11:45:44+00:00,5942,4.8
2026-04-24T11:45:49+00:00,5917,7.2
2026-04-24T11:45:54+00:00,5954,4.8
2026-04-24T11:46:00+00:00,5918,2.4
2026-04-24T11:46:05+00:00,5954,2.4
2026-04-24T11:46:10+00:00,5959,4.8
2026-04-24T11:46:15+00:00,5962,59.6
2026-04-24T11:46:21+00:00,5959,40
2026-04-24T11:46:26+00:00,5957,10
2026-04-24T11:46:31+00:00,5957,9.8
2026-04-24T11:46:36+00:00,5963,15
2026-04-24T11:46:41+00:00,5955,36.6
2026-04-24T11:46:47+00:00,5969,2.5
2026-04-24T11:46:52+00:00,5961,2.4
2026-04-24T11:46:57+00:00,5956,4.8
2026-04-24T11:47:02+00:00,5946,4.8
2026-04-24T11:47:08+00:00,5956,4.8
2026-04-24T11:47:13+00:00,5959,46.4
2026-04-24T11:47:18+00:00,5958,17.1
2026-04-24T11:47:23+00:00,5957,4.8
2026-04-24T11:47:28+00:00,5964,4.9
2026-04-24T11:47:34+00:00,5970,2.4
2026-04-24T11:47:39+00:00,5977,2.4
2026-04-24T11:47:44+00:00,5959,47.5
2026-04-24T11:47:49+00:00,5970,5
2026-04-24T11:47:54+00:00,5952,0
2026-04-24T11:48:00+00:00,5963,7
2026-04-24T11:48:05+00:00,5962,2.5
2026-04-24T11:48:10+00:00,5964,39
2026-04-24T11:48:15+00:00,5961,4.9
2026-04-24T11:48:21+00:00,5948,43.9
2026-04-24T11:48:26+00:00,5994,12.2
2026-04-24T11:48:31+00:00,5971,30.9
2026-04-24T11:48:36+00:00,5990,5
2026-04-24T11:48:41+00:00,5982,9.5
2026-04-24T11:48:47+00:00,5987,17.1
2026-04-24T11:48:52+00:00,5991,4.8
2026-04-24T11:48:57+00:00,5994,7.3
2026-04-24T11:49:02+00:00,5985,7.2
2026-04-24T11:49:08+00:00,5990,14.6
2026-04-24T11:49:13+00:00,5979,17.1
2026-04-24T11:49:18+00:00,5991,4.8
2026-04-24T11:49:23+00:00,5995,4.8
2026-04-24T11:49:28+00:00,5985,7.3
2026-04-24T11:49:34+00:00,5961,7.3
2026-04-24T11:49:39+00:00,5982,4.8
2026-04-24T11:49:44+00:00,5962,2.5
2026-04-24T11:49:49+00:00,5975,4.8
2026-04-24T11:49:55+00:00,5981,2.4
2026-04-24T11:50:00+00:00,5988,5
2026-04-24T11:50:05+00:00,5993,7.3
2026-04-24T11:50:10+00:00,6001,4.8
2026-04-24T11:50:15+00:00,5993,4.8
2026-04-24T11:50:21+00:00,5986,2.4
2026-04-24T11:50:26+00:00,5980,9.8
2026-04-24T11:50:31+00:00,5995,2.4
2026-04-24T11:50:36+00:00,5980,2.5
2026-04-24T11:50:42+00:00,5974,25.6
2026-04-24T11:50:47+00:00,5969,2.4
2026-04-24T11:50:52+00:00,5980,2.4
2026-04-24T11:50:57+00:00,5969,23.8
2026-04-24T11:51:02+00:00,5978,7.2
2026-04-24T11:51:08+00:00,5980,12.5
2026-04-24T11:51:13+00:00,5981,9.6
2026-04-24T11:51:18+00:00,5984,2.4
2026-04-24T11:51:23+00:00,5981,2.4
2026-04-24T11:51:28+00:00,5986,2.4
2026-04-24T11:51:34+00:00,5984,2.4
2026-04-24T11:51:39+00:00,5988,4.8
2026-04-24T11:51:44+00:00,5980,4.8
2026-04-24T11:51:49+00:00,5986,10
2026-04-24T11:51:55+00:00,5991,2.4
2026-04-24T11:52:00+00:00,5973,2.4
2026-04-24T11:52:05+00:00,5979,12.5
2026-04-24T11:52:10+00:00,5977,0
2026-04-24T11:52:15+00:00,5978,35.9
2026-04-24T11:52:21+00:00,5992,7.2
2026-04-24T11:52:26+00:00,5982,31.7
2026-04-24T11:52:31+00:00,5981,4.8
2026-04-24T11:52:36+00:00,5987,7.3
2026-04-24T11:52:42+00:00,5974,2.4
2026-04-24T11:52:47+00:00,5982,18.6
2026-04-24T11:52:52+00:00,5964,16.6
2026-04-24T11:52:57+00:00,5975,17.5
2026-04-24T11:53:02+00:00,5976,4.8
2026-04-24T11:53:08+00:00,5985,2.5
2026-04-24T11:53:13+00:00,5954,4.8
2026-04-24T11:53:18+00:00,5969,2.4
2026-04-24T11:53:23+00:00,5957,19
2026-04-24T11:53:29+00:00,5974,2.5
2026-04-24T11:53:34+00:00,5985,2.5
2026-04-24T11:53:39+00:00,5990,2.4
2026-04-24T11:53:44+00:00,5982,22
2026-04-24T11:53:49+00:00,5981,7.2
2026-04-24T11:53:55+00:00,5983,4.8
2026-04-24T11:54:00+00:00,5985,2.5
2026-04-24T11:54:05+00:00,5975,7.3
2026-04-24T11:54:10+00:00,5983,44
2026-04-24T11:54:15+00:00,5976,7
2026-04-24T11:54:21+00:00,5979,2.4
2026-04-24T11:54:26+00:00,5983,4.8
2026-04-24T11:54:31+00:00,5992,2.4
2026-04-24T11:54:36+00:00,5992,2.5
2026-04-24T11:54:42+00:00,5997,28.5
2026-04-24T11:54:47+00:00,5986,2.4
2026-04-24T11:54:52+00:00,5975,4.8
2026-04-24T11:54:57+00:00,5978,2.4
2026-04-24T11:55:02+00:00,5987,2.4
2026-04-24T11:55:08+00:00,5993,4.8
2026-04-24T11:55:13+00:00,5981,7.3
2026-04-24T11:55:18+00:00,5956,2.4
2026-04-24T11:55:23+00:00,5985,4.8
2026-04-24T11:55:29+00:00,5955,2.4
2026-04-24T11:55:34+00:00,5976,4.8
2026-04-24T11:55:39+00:00,5984,5.1
2026-04-24T11:55:44+00:00,5992,2.4
2026-04-24T11:55:49+00:00,5999,4.8
2026-04-24T11:55:55+00:00,5991,5
2026-04-24T11:56:00+00:00,5990,2.4
2026-04-24T11:56:05+00:00,5977,4.8
2026-04-24T11:56:10+00:00,5988,14.3
2026-04-24T11:56:16+00:00,5990,9.7
2026-04-24T11:56:21+00:00,5994,31.8
2026-04-24T11:56:26+00:00,5985,4.8
2026-04-24T11:56:31+00:00,5987,43.6
2026-04-24T11:56:36+00:00,5985,17.1
2026-04-24T11:56:42+00:00,5972,68.3
2026-04-24T11:56:47+00:00,5987,2.4
2026-04-24T11:56:52+00:00,5992,2.4
2026-04-24T11:56:57+00:00,5991,0
2026-04-24T11:57:03+00:00,5985,2.4
2026-04-24T11:57:08+00:00,5981,4.8
2026-04-24T11:57:13+00:00,5983,17.5
2026-04-24T11:57:18+00:00,5988,4.8
2026-04-24T11:57:23+00:00,5981,7.2
2026-04-24T11:57:29+00:00,5981,5
2026-04-24T11:57:34+00:00,5978,2.4
2026-04-24T11:57:39+00:00,5987,4.8
2026-04-24T11:57:44+00:00,5990,4.8
2026-04-24T11:57:50+00:00,5996,2.4
2026-04-24T11:57:55+00:00,5988,7.2
2026-04-24T11:58:00+00:00,5987,2.5
2026-04-24T11:58:05+00:00,5977,2.4
2026-04-24T11:58:10+00:00,5978,7
2026-04-24T11:58:16+00:00,5982,2.4
2026-04-24T11:58:21+00:00,5992,4.8
2026-04-24T11:58:26+00:00,5986,14.2
2026-04-24T11:58:31+00:00,5993,4.8
2026-04-24T11:58:36+00:00,5986,9.6
2026-04-24T11:58:42+00:00,5981,47.5
2026-04-24T11:58:47+00:00,5989,2.4
2026-04-24T11:58:52+00:00,5990,4.8
2026-04-24T11:58:57+00:00,5984,4.8
2026-04-24T11:59:03+00:00,5986,4.8
2026-04-24T11:59:08+00:00,5980,4.8
2026-04-24T11:59:13+00:00,5986,2.4
2026-04-24T11:59:18+00:00,5995,2.4
2026-04-24T11:59:23+00:00,5997,2.5
2026-04-24T11:59:29+00:00,5988,4.8
2026-04-24T11:59:34+00:00,5998,2.5
2026-04-24T11:59:39+00:00,5998,4.8
2026-04-24T11:59:44+00:00,5987,35
2026-04-24T11:59:50+00:00,5983,4.8
2026-04-24T11:59:55+00:00,5975,2.4
2026-04-24T12:00:00+00:00,6003,0
2026-04-24T12:00:05+00:00,5993,22
2026-04-24T12:00:10+00:00,6001,4.8
2026-04-24T12:00:16+00:00,5984,36.6
2026-04-24T12:00:21+00:00,5988,21.4
2026-04-24T12:00:26+00:00,5979,60
2026-04-24T12:00:31+00:00,5986,4.8
2026-04-24T12:00:37+00:00,5987,18.7
2026-04-24T12:00:42+00:00,5980,36.6
2026-04-24T12:00:47+00:00,5981,4.8
2026-04-24T12:00:52+00:00,5975,4.8
2026-04-24T12:00:57+00:00,5979,4.8
2026-04-24T12:01:03+00:00,5983,2.4
2026-04-24T12:01:08+00:00,5975,2.4
2026-04-24T12:01:13+00:00,5972,4.8
2026-04-24T12:01:18+00:00,5975,2.4
2026-04-24T12:01:23+00:00,5979,2.4
2026-04-24T12:01:29+00:00,5979,7.3
2026-04-24T12:01:34+00:00,5982,2.4
2026-04-24T12:01:39+00:00,5980,4.8
2026-04-24T12:01:44+00:00,5977,4.8
2026-04-24T12:01:50+00:00,5989,4.8
2026-04-24T12:01:55+00:00,5985,4.8
2026-04-24T12:02:00+00:00,5982,7.3
2026-04-24T12:02:05+00:00,5985,4.8
2026-04-24T12:02:10+00:00,5989,7.2
2026-04-24T12:02:16+00:00,5989,10
2026-04-24T12:02:21+00:00,5986,2.4
2026-04-24T12:02:26+00:00,5988,7.3
2026-04-24T12:02:31+00:00,5986,4.8
2026-04-24T12:02:37+00:00,5981,17.5
2026-04-24T12:02:42+00:00,5978,40
2026-04-24T12:02:47+00:00,5987,17.1
2026-04-24T12:02:52+00:00,5993,4.8
2026-04-24T12:02:57+00:00,5992,2.4
2026-04-24T12:03:03+00:00,5990,2.4
2026-04-24T12:03:08+00:00,5996,22.5
2026-04-24T12:03:13+00:00,5986,7
2026-04-24T12:03:18+00:00,5983,2.4
2026-04-24T12:03:24+00:00,5982,0
2026-04-24T12:03:29+00:00,5989,2.4
2026-04-24T12:03:34+00:00,5981,2.4
2026-04-24T12:03:39+00:00,5983,4.8
2026-04-24T12:03:44+00:00,5978,5
2026-04-24T12:03:50+00:00,5995,2.4
2026-04-24T12:03:55+00:00,5991,2.4
2026-04-24T12:04:00+00:00,5981,22.5
2026-04-24T12:04:05+00:00,5984,14.6
2026-04-24T12:04:11+00:00,5990,21.9
2026-04-24T12:04:16+00:00,5982,9.5
2026-04-24T12:04:21+00:00,5985,36.6
2026-04-24T12:04:26+00:00,5977,4.8
2026-04-24T12:04:31+00:00,5977,33.3
2026-04-24T12:04:37+00:00,5976,2.4
2026-04-24T12:04:42+00:00,5973,51.3
2026-04-24T12:04:47+00:00,5985,2.4
2026-04-24T12:04:52+00:00,5991,22
2026-04-24T12:04:57+00:00,5976,2.4
2026-04-24T12:05:03+00:00,5990,2.4
2026-04-24T12:05:08+00:00,5990,2.4
2026-04-24T12:05:13+00:00,5984,4.8
2026-04-24T12:05:18+00:00,5991,2.4
2026-04-24T12:05:24+00:00,5982,7.3
2026-04-24T12:05:29+00:00,5987,2.5
2026-04-24T12:05:34+00:00,5983,2.4
2026-04-24T12:05:39+00:00,5990,85.4
2026-04-24T12:05:44+00:00,5974,9.8
2026-04-24T12:05:50+00:00,5978,0
2026-04-24T12:05:55+00:00,5972,2.5
2026-04-24T12:06:00+00:00,5982,24.4
2026-04-24T12:06:05+00:00,5988,2.4
2026-04-24T12:06:11+00:00,5989,12.2
2026-04-24T12:06:16+00:00,5984,2.4
2026-04-24T12:06:21+00:00,5991,2.4
2026-04-24T12:06:26+00:00,5990,4.8
2026-04-24T12:06:31+00:00,6003,7.3
2026-04-24T12:06:37+00:00,5999,2.4
2026-04-24T12:06:42+00:00,5991,12.2
2026-04-24T12:06:47+00:00,5996,2.4
2026-04-24T12:06:52+00:00,5985,7
2026-04-24T12:06:58+00:00,5976,2.4
2026-04-24T12:07:03+00:00,5989,4.8
2026-04-24T12:07:08+00:00,5997,21.4
2026-04-24T12:07:13+00:00,5998,2.4
2026-04-24T12:07:18+00:00,5999,2.6
2026-04-24T12:07:24+00:00,5989,2.4
2026-04-24T12:07:29+00:00,5991,4.8
2026-04-24T12:07:34+00:00,5997,2.4
2026-04-24T12:07:39+00:00,5998,9.7
2026-04-24T12:07:45+00:00,5998,41.5
2026-04-24T12:07:50+00:00,5995,14.6
2026-04-24T12:07:55+00:00,5987,46.3
2026-04-24T12:08:00+00:00,5993,2.4
2026-04-24T12:08:05+00:00,5993,14.3
2026-04-24T12:08:11+00:00,5996,12.2
2026-04-24T12:08:16+00:00,5989,4.8
2026-04-24T12:08:21+00:00,5996,4.8
2026-04-24T12:08:26+00:00,5985,2.4
2026-04-24T12:08:31+00:00,5987,4.8
2026-04-24T12:08:37+00:00,5997,2.4
2026-04-24T12:08:42+00:00,5994,24.4
2026-04-24T12:08:47+00:00,5997,5
2026-04-24T12:08:52+00:00,5990,4.8
2026-04-24T12:08:58+00:00,5996,7.3
2026-04-24T12:09:03+00:00,6033,14.2
2026-04-24T12:09:08+00:00,6067,7.2
2026-04-24T12:09:13+00:00,6059,0
2026-04-24T12:09:18+00:00,6069,2.4
2026-04-24T12:09:24+00:00,5969,4.8
2026-04-24T12:09:29+00:00,5992,4.8
2026-04-24T12:09:34+00:00,5996,4.8
2026-04-24T12:09:39+00:00,6003,28.6
2026-04-24T12:09:45+00:00,6011,7.2
2026-04-24T12:09:50+00:00,6010,5
2026-04-24T12:09:55+00:00,5996,7.2
2026-04-24T12:10:00+00:00,5992,2.4
2026-04-24T12:10:05+00:00,5993,4.8
2026-04-24T12:10:11+00:00,5979,4.8
2026-04-24T12:10:16+00:00,5994,0
2026-04-24T12:10:21+00:00,5995,4.8
2026-04-24T12:10:26+00:00,6003,2.4
2026-04-24T12:10:32+00:00,6003,7.3
2026-04-24T12:10:37+00:00,6002,14.6
2026-04-24T12:10:42+00:00,5990,4.8
2026-04-24T12:10:47+00:00,5995,30.7
2026-04-24T12:10:52+00:00,5995,4.8
2026-04-24T12:10:58+00:00,5980,2.4
2026-04-24T12:11:03+00:00,5980,2.5
2026-04-24T12:11:08+00:00,5994,14.3
2026-04-24T12:11:13+00:00,5989,2.4
2026-04-24T12:11:18+00:00,5996,2.4
2026-04-24T12:11:24+00:00,5986,4.8
2026-04-24T12:11:29+00:00,5990,25.6
2026-04-24T12:11:34+00:00,5996,14.7
2026-04-24T12:11:39+00:00,5985,9.8
2026-04-24T12:11:45+00:00,5986,53.5
2026-04-24T12:11:50+00:00,5994,2.5
2026-04-24T12:11:55+00:00,5994,4.8
2026-04-24T12:12:00+00:00,6002,4.6
2026-04-24T12:12:05+00:00,5996,15
2026-04-24T12:12:11+00:00,5996,7.3
2026-04-24T12:12:16+00:00,5991,2.4
2026-04-24T12:12:21+00:00,5990,2.4
2026-04-24T12:12:26+00:00,5993,2.5
2026-04-24T12:12:32+00:00,5986,2.4
2026-04-24T12:12:37+00:00,5992,4.8
2026-04-24T12:12:42+00:00,5992,4.8
2026-04-24T12:12:47+00:00,5997,7.3
2026-04-24T12:12:52+00:00,5985,2.5
2026-04-24T12:12:58+00:00,5990,2.4
2026-04-24T12:13:03+00:00,6043,87.2
2026-04-24T12:13:08+00:00,6176,7.2
2026-04-24T12:13:13+00:00,4492,100
2026-04-24T12:13:19+00:00,4890,76.2
2026-04-24T12:13:24+00:00,5061,62.8
2026-04-24T12:13:29+00:00,5138,100
2026-04-24T12:13:34+00:00,5153,12.5
2026-04-24T12:13:40+00:00,5135,57.2
2026-04-24T12:13:45+00:00,5121,36.6
2026-04-24T12:13:50+00:00,5123,4.8
2026-04-24T12:13:55+00:00,5110,4.8
2026-04-24T12:14:00+00:00,5051,42.5
2026-04-24T12:14:06+00:00,5048,4.8
2026-04-24T12:14:11+00:00,5028,7.2
2026-04-24T12:14:16+00:00,5042,2.4
2026-04-24T12:14:21+00:00,5020,14
2026-04-24T12:14:27+00:00,5300,11.7
2026-04-24T12:14:32+00:00,5295,45
2026-04-24T12:14:37+00:00,5284,7.2
2026-04-24T12:14:42+00:00,5264,12.5
2026-04-24T12:14:47+00:00,5258,9.4
2026-04-24T12:14:53+00:00,5247,50
2026-04-24T12:14:58+00:00,5134,40
2026-04-24T12:15:03+00:00,5127,2.5
2026-04-24T12:15:08+00:00,5138,33.4
2026-04-24T12:15:14+00:00,5118,2.4
2026-04-24T12:15:19+00:00,5131,2.4
2026-04-24T12:15:24+00:00,5133,2.4
2026-04-24T12:15:29+00:00,5123,36.6
2026-04-24T12:15:34+00:00,5121,7.2
2026-04-24T12:15:40+00:00,5115,5
2026-04-24T12:15:45+00:00,5159,0
2026-04-24T12:15:50+00:00,5185,7.3
2026-04-24T12:15:55+00:00,5193,2.4
2026-04-24T12:16:01+00:00,5173,2.4
2026-04-24T12:16:06+00:00,5181,7.3
2026-04-24T12:16:11+00:00,5304,41
2026-04-24T12:16:16+00:00,5311,12.2
2026-04-24T12:16:21+00:00,5312,2.5
2026-04-24T12:16:27+00:00,4907,4.8
2026-04-24T12:16:32+00:00,4747,35
2026-04-24T12:16:37+00:00,4684,4.8
2026-04-24T12:16:42+00:00,4608,4.8
2026-04-24T12:16:48+00:00,4512,4.8
2026-04-24T12:16:53+00:00,4505,52.5
2026-04-24T12:16:58+00:00,4509,2.4
2026-04-24T12:17:03+00:00,4510,34.2
2026-04-24T12:17:08+00:00,4508,4.8
2026-04-24T12:17:14+00:00,4497,4.8
2026-04-24T12:17:19+00:00,4510,11.9
2026-04-24T12:17:24+00:00,4518,19.6
2026-04-24T12:17:29+00:00,4674,46.5
2026-04-24T12:17:35+00:00,4715,7.3
2026-04-24T12:17:40+00:00,4720,4.8
2026-04-24T12:17:45+00:00,4697,4.8
2026-04-24T12:17:50+00:00,4683,73.2
2026-04-24T12:17:55+00:00,4607,42.5
2026-04-24T12:18:01+00:00,4592,15.4
2026-04-24T12:18:06+00:00,4603,4.8
2026-04-24T12:18:11+00:00,4609,17.5
2026-04-24T12:18:16+00:00,4598,4.8
2026-04-24T12:18:21+00:00,4586,17.1
2026-04-24T12:18:27+00:00,4588,5
2026-04-24T12:18:32+00:00,4586,60
2026-04-24T12:18:37+00:00,4587,7.3
2026-04-24T12:18:42+00:00,4620,52.4
2026-04-24T12:18:48+00:00,4773,4.8
2026-04-24T12:18:53+00:00,4770,2.5
2026-04-24T12:18:58+00:00,4768,2.5
2026-04-24T12:19:03+00:00,4712,4.8
2026-04-24T12:19:08+00:00,4652,4.8
2026-04-24T12:19:14+00:00,4659,46.4
2026-04-24T12:19:19+00:00,4726,19
2026-04-24T12:19:24+00:00,4707,4.8
2026-04-24T12:19:29+00:00,4709,4.8
2026-04-24T12:19:35+00:00,4641,4.8
2026-04-24T12:19:40+00:00,4650,18.6
2026-04-24T12:19:45+00:00,4775,7.2
2026-04-24T12:19:50+00:00,4781,4.8
2026-04-24T12:19:55+00:00,4778,2.4
2026-04-24T12:20:01+00:00,4659,4.8
2026-04-24T12:20:06+00:00,4652,7.3
2026-04-24T12:20:11+00:00,4824,43.5
2026-04-24T12:20:16+00:00,4844,17.1
2026-04-24T12:20:22+00:00,4828,16.6
2026-04-24T12:20:27+00:00,4709,10
2026-04-24T12:20:32+00:00,4849,4.8
2026-04-24T12:20:37+00:00,4876,2.4
2026-04-24T12:20:42+00:00,4849,12.2
2026-04-24T12:20:48+00:00,4782,2.4
2026-04-24T12:20:53+00:00,4687,5
2026-04-24T12:20:58+00:00,4705,37.2
2026-04-24T12:21:03+00:00,4706,46.1
2026-04-24T12:21:09+00:00,4704,19.5
2026-04-24T12:21:14+00:00,4696,2.4
2026-04-24T12:21:19+00:00,4700,7.3
2026-04-24T12:21:24+00:00,4649,7.5
2026-04-24T12:21:29+00:00,4827,40
2026-04-24T12:21:35+00:00,4836,2.4
2026-04-24T12:21:40+00:00,4850,17.1
2026-04-24T12:21:45+00:00,4804,2.4
2026-04-24T12:21:50+00:00,4815,9.7
2026-04-24T12:21:56+00:00,4750,4.8
2026-04-24T12:22:01+00:00,4740,4.8
2026-04-24T12:22:06+00:00,4735,11.9
2026-04-24T12:22:11+00:00,4724,7.5
2026-04-24T12:22:16+00:00,4736,9.7
2026-04-24T12:22:22+00:00,4922,7.2
2026-04-24T12:22:27+00:00,4929,7.5
2026-04-24T12:22:32+00:00,4909,4.8
2026-04-24T12:22:37+00:00,4881,7.2
2026-04-24T12:22:43+00:00,4727,9.6
2026-04-24T12:22:48+00:00,4728,7.3
2026-04-24T12:22:53+00:00,4739,36.6
2026-04-24T12:22:58+00:00,4911,12.8
2026-04-24T12:23:03+00:00,4914,39.1
2026-04-24T12:23:09+00:00,4912,26.8
2026-04-24T12:23:14+00:00,4814,5
2026-04-24T12:23:19+00:00,4822,4.8
2026-04-24T12:23:24+00:00,4802,2.4
2026-04-24T12:23:30+00:00,4801,2.5
2026-04-24T12:23:35+00:00,4811,2.4
2026-04-24T12:23:40+00:00,4817,4.8
2026-04-24T12:23:45+00:00,4809,35
2026-04-24T12:23:50+00:00,4813,7.3
2026-04-24T12:23:56+00:00,4813,7.3
2026-04-24T12:24:01+00:00,4826,5
2026-04-24T12:24:06+00:00,4818,26.8
2026-04-24T12:24:11+00:00,4804,25
2026-04-24T12:24:16+00:00,4809,7.2
2026-04-24T12:24:22+00:00,4814,0
2026-04-24T12:24:27+00:00,4761,7.3
2026-04-24T12:24:32+00:00,4765,4.8
2026-04-24T12:24:37+00:00,4763,4.8
2026-04-24T12:24:43+00:00,4759,5
2026-04-24T12:24:48+00:00,4801,15
2026-04-24T12:24:53+00:00,4842,48.8
2026-04-24T12:24:58+00:00,4950,4.8
2026-04-24T12:25:03+00:00,4916,7
2026-04-24T12:25:09+00:00,4940,4.8
2026-04-24T12:25:14+00:00,4875,2.4
2026-04-24T12:25:19+00:00,4806,2.4
2026-04-24T12:25:24+00:00,4810,17.5
2026-04-24T12:25:30+00:00,4821,7.3
2026-04-24T12:25:35+00:00,4820,9.8
2026-04-24T12:25:40+00:00,4826,4.8
2026-04-24T12:25:45+00:00,4815,2.4
2026-04-24T12:25:50+00:00,4822,2.4
2026-04-24T12:25:56+00:00,4810,5
2026-04-24T12:26:01+00:00,4813,4.8
2026-04-24T12:26:06+00:00,4815,9.4
2026-04-24T12:26:11+00:00,4800,5
2026-04-24T12:26:17+00:00,4814,4.8
2026-04-24T12:26:22+00:00,4813,7.3
2026-04-24T12:26:27+00:00,4814,52.5
2026-04-24T12:26:32+00:00,4811,36.6
2026-04-24T12:26:37+00:00,4830,7.3
2026-04-24T12:26:43+00:00,4817,7.3
2026-04-24T12:26:48+00:00,4823,52.5
2026-04-24T12:26:53+00:00,4828,30
2026-04-24T12:26:58+00:00,4833,42.5
2026-04-24T12:27:04+00:00,4823,2.4
2026-04-24T12:27:09+00:00,4819,2.5
2026-04-24T12:27:14+00:00,4823,77.5
2026-04-24T12:27:19+00:00,4822,43.6
2026-04-24T12:27:24+00:00,4824,11.9
2026-04-24T12:27:30+00:00,4838,4.8
2026-04-24T12:27:35+00:00,4832,7.2
2026-04-24T12:27:40+00:00,4830,7.2
2026-04-24T12:27:45+00:00,4813,4.8
2026-04-24T12:27:51+00:00,4823,4.8
2026-04-24T12:27:56+00:00,4832,4.8
2026-04-24T12:28:01+00:00,4818,22
2026-04-24T12:28:06+00:00,4814,4.8
2026-04-24T12:28:11+00:00,4816,2.5
2026-04-24T12:28:17+00:00,4818,2.4
2026-04-24T12:28:22+00:00,4827,55.8
2026-04-24T12:28:27+00:00,4825,9.7
2026-04-24T12:28:32+00:00,4825,7.2
2026-04-24T12:28:37+00:00,4838,4.8
2026-04-24T12:28:43+00:00,4818,2.5
2026-04-24T12:28:48+00:00,4831,7.2
2026-04-24T12:28:53+00:00,4834,42.5
2026-04-24T12:28:58+00:00,4827,4.8
2026-04-24T12:29:04+00:00,4825,12.5
2026-04-24T12:29:09+00:00,4834,7.3
2026-04-24T12:29:14+00:00,4834,38.5
2026-04-24T12:29:19+00:00,4840,2.4
2026-04-24T12:29:24+00:00,4831,5
2026-04-24T12:29:30+00:00,4833,2.4
2026-04-24T12:29:35+00:00,4837,9.5
2026-04-24T12:29:40+00:00,4833,2.5
2026-04-24T12:29:45+00:00,4826,4.8
2026-04-24T12:29:51+00:00,4824,2.4
2026-04-24T12:29:56+00:00,4837,37.5
2026-04-24T12:30:01+00:00,4798,77.5
2026-04-24T12:30:06+00:00,4803,21.9
2026-04-24T12:30:11+00:00,4807,4.8
2026-04-24T12:30:17+00:00,4801,9.7
2026-04-24T12:30:22+00:00,4808,77.5
2026-04-24T12:30:27+00:00,4807,24.4
2026-04-24T12:30:32+00:00,4807,7
2026-04-24T12:30:38+00:00,4822,4.8
2026-04-24T12:30:43+00:00,4807,2.4
2026-04-24T12:30:48+00:00,4817,12.2
2026-04-24T12:30:53+00:00,4802,4.8
2026-04-24T12:30:58+00:00,4813,5.2
2026-04-24T12:31:04+00:00,4815,2.5
2026-04-24T12:31:09+00:00,4817,4.8
2026-04-24T12:31:14+00:00,4804,2.5
2026-04-24T12:31:19+00:00,4817,4.8
2026-04-24T12:31:25+00:00,4824,5
2026-04-24T12:31:30+00:00,4819,2.4
2026-04-24T12:31:35+00:00,4816,2.4
2026-04-24T12:31:40+00:00,4819,2.4
2026-04-24T12:31:45+00:00,4810,2.4
2026-04-24T12:31:51+00:00,4817,2.4
2026-04-24T12:31:56+00:00,4822,9.7
2026-04-24T12:32:01+00:00,4821,9.8
2026-04-24T12:32:06+00:00,4810,39.1
2026-04-24T12:32:12+00:00,4963,7.2
2026-04-24T12:32:17+00:00,4969,4.8
2026-04-24T12:32:22+00:00,4966,35.9
2026-04-24T12:32:27+00:00,4942,30.9
2026-04-24T12:32:32+00:00,4935,10
2026-04-24T12:32:38+00:00,4933,2.4
2026-04-24T12:32:43+00:00,4757,2.5
2026-04-24T12:32:48+00:00,4761,4.8
2026-04-24T12:32:53+00:00,4753,2.5
2026-04-24T12:32:59+00:00,4764,7.3
2026-04-24T12:33:04+00:00,4753,35.9
2026-04-24T12:33:09+00:00,4768,2.5
2026-04-24T12:33:14+00:00,4761,4.9
2026-04-24T12:33:19+00:00,4772,2.5
2026-04-24T12:33:25+00:00,4762,39
2026-04-24T12:33:30+00:00,4775,4.8
2026-04-24T12:33:35+00:00,4774,4.8
2026-04-24T12:33:40+00:00,4777,12.2
2026-04-24T12:33:45+00:00,4777,45
2026-04-24T12:33:51+00:00,4952,27.5
2026-04-24T12:33:56+00:00,4964,9.7
2026-04-24T12:34:01+00:00,4960,51.2
2026-04-24T12:34:06+00:00,4917,19.5
2026-04-24T12:34:12+00:00,4906,38.1
2026-04-24T12:34:17+00:00,4855,37.5
2026-04-24T12:34:22+00:00,4857,41.1
2026-04-24T12:34:27+00:00,4849,9.5
2026-04-24T12:34:32+00:00,4853,32.6
2026-04-24T12:34:38+00:00,4847,17.5
2026-04-24T12:34:43+00:00,4827,2.4
2026-04-24T12:34:48+00:00,4842,2.4
2026-04-24T12:34:53+00:00,4849,9.6
2026-04-24T12:34:59+00:00,4867,2.5
2026-04-24T12:35:04+00:00,4887,7
2026-04-24T12:35:09+00:00,4887,0
2026-04-24T12:35:14+00:00,4876,4.8
2026-04-24T12:35:19+00:00,4887,4.8
2026-04-24T12:35:25+00:00,4876,4.8
2026-04-24T12:35:30+00:00,4891,2.4
2026-04-24T12:35:35+00:00,4892,0
2026-04-24T12:35:40+00:00,4895,4.8
2026-04-24T12:35:46+00:00,4886,2.4
2026-04-24T12:35:51+00:00,4886,4.8
2026-04-24T12:35:56+00:00,4899,21.4
2026-04-24T12:36:01+00:00,4901,9.8
2026-04-24T12:36:06+00:00,4886,4.8
2026-04-24T12:36:12+00:00,4883,2.4
2026-04-24T12:36:17+00:00,4897,7.2
2026-04-24T12:36:22+00:00,4905,9.8
2026-04-24T12:36:27+00:00,4887,4.8
2026-04-24T12:36:33+00:00,4894,85.3
2026-04-24T12:36:38+00:00,4907,43.5
2026-04-24T12:36:43+00:00,4877,10
2026-04-24T12:36:48+00:00,4891,4.8
2026-04-24T12:36:53+00:00,4899,21.4
2026-04-24T12:36:59+00:00,4899,4.8
2026-04-24T12:37:04+00:00,4901,2.4
2026-04-24T12:37:09+00:00,4903,2.5
2026-04-24T12:37:14+00:00,4910,4.8
2026-04-24T12:37:20+00:00,4908,2.5
2026-04-24T12:37:25+00:00,4910,4.8
2026-04-24T12:37:30+00:00,4904,0
2026-04-24T12:37:35+00:00,4896,4.8
2026-04-24T12:37:40+00:00,4905,40
2026-04-24T12:37:46+00:00,4897,21.4
2026-04-24T12:37:51+00:00,4890,7.3
2026-04-24T12:37:56+00:00,4886,2.4
2026-04-24T12:38:01+00:00,4894,7.2
2026-04-24T12:38:06+00:00,4892,4.8
2026-04-24T12:38:12+00:00,4889,0
2026-04-24T12:38:17+00:00,4886,4.8
2026-04-24T12:38:22+00:00,4891,9.5
2026-04-24T12:38:27+00:00,4897,20
2026-04-24T12:38:33+00:00,4890,4.8
2026-04-24T12:38:38+00:00,4912,4.8
2026-04-24T12:38:43+00:00,4887,2.4
2026-04-24T12:38:48+00:00,4900,4.8
2026-04-24T12:38:53+00:00,4892,12.2
2026-04-24T12:38:59+00:00,4901,7.3
2026-04-24T12:39:04+00:00,5029,70.7
2026-04-24T12:39:09+00:00,5059,0
2026-04-24T12:39:14+00:00,5030,12.5
2026-04-24T12:39:20+00:00,5044,29.2
2026-04-24T12:39:25+00:00,4995,4.8
2026-04-24T12:39:30+00:00,4815,22.5
2026-04-24T12:39:35+00:00,4819,2.4
2026-04-24T12:39:40+00:00,4815,97.9
2026-04-24T12:39:46+00:00,5000,22
2026-04-24T12:39:51+00:00,4991,48.7
2026-04-24T12:39:56+00:00,4989,42.5
2026-04-24T12:40:01+00:00,4881,11.9
2026-04-24T12:40:07+00:00,4863,33.3
2026-04-24T12:40:12+00:00,4855,2.4
2026-04-24T12:40:17+00:00,4865,40
2026-04-24T12:40:22+00:00,4861,4.8
2026-04-24T12:40:27+00:00,4854,42.8
2026-04-24T12:40:33+00:00,4855,2.5
2026-04-24T12:40:38+00:00,4869,7.2
2026-04-24T12:40:43+00:00,4858,7.2
2026-04-24T12:40:48+00:00,5020,39
2026-04-24T12:40:54+00:00,5050,2.4
2026-04-24T12:40:59+00:00,5021,2.5
2026-04-24T12:41:04+00:00,4976,2.4
2026-04-24T12:41:09+00:00,4900,4.8
2026-04-24T12:41:14+00:00,5024,12.5
2026-04-24T12:41:20+00:00,5027,5
2026-04-24T12:41:25+00:00,5032,12.5
2026-04-24T12:41:30+00:00,5030,22
2026-04-24T12:41:35+00:00,5046,2.4
2026-04-24T12:41:41+00:00,4992,7.2
2026-04-24T12:41:46+00:00,4859,4.8
2026-04-24T12:41:51+00:00,4838,55
2026-04-24T12:41:56+00:00,4817,4.8
2026-04-24T12:42:01+00:00,4837,4.8
2026-04-24T12:42:07+00:00,4837,7
2026-04-24T12:42:12+00:00,4830,4.8
2026-04-24T12:42:17+00:00,4839,4.8
2026-04-24T12:42:22+00:00,4840,2.5
2026-04-24T12:42:28+00:00,4839,7.2
2026-04-24T12:42:33+00:00,4831,4.8
2026-04-24T12:42:38+00:00,4850,2.4
2026-04-24T12:42:43+00:00,4837,2.4
2026-04-24T12:42:48+00:00,4846,36.6
2026-04-24T12:42:54+00:00,4849,9.5
2026-04-24T12:42:59+00:00,4847,12.2
2026-04-24T12:43:04+00:00,4858,2.4
2026-04-24T12:43:09+00:00,4860,17.5
2026-04-24T12:43:14+00:00,4857,2.5
2026-04-24T12:43:20+00:00,4862,46.1
2026-04-24T12:43:25+00:00,4855,2.5
2026-04-24T12:43:30+00:00,4856,40
2026-04-24T12:43:35+00:00,4849,11.9
2026-04-24T12:43:41+00:00,4850,26.2
2026-04-24T12:43:46+00:00,4857,10
2026-04-24T12:43:51+00:00,4860,11.9
2026-04-24T12:43:56+00:00,4859,2.5
2026-04-24T12:44:01+00:00,4870,4.8
2026-04-24T12:44:07+00:00,4867,2.4
2026-04-24T12:44:12+00:00,4839,40.5
2026-04-24T12:44:17+00:00,5033,44
2026-04-24T12:44:22+00:00,5032,14.7
2026-04-24T12:44:28+00:00,5018,7.2
2026-04-24T12:44:33+00:00,4992,4.8
2026-04-24T12:44:38+00:00,5010,4.8
2026-04-24T12:44:43+00:00,4917,33.3
2026-04-24T12:44:48+00:00,4926,63.4
2026-04-24T12:44:54+00:00,4932,47.5
2026-04-24T12:44:59+00:00,4939,4.8
2026-04-24T12:45:04+00:00,4945,29
2026-04-24T12:45:09+00:00,4958,17.1
2026-04-24T12:45:15+00:00,4944,4.8
2026-04-24T12:45:20+00:00,4948,17.1
2026-04-24T12:45:25+00:00,4944,16.7
2026-04-24T12:45:30+00:00,4943,4.8
2026-04-24T12:45:35+00:00,4948,2.4
2026-04-24T12:45:41+00:00,4963,12.5
2026-04-24T12:45:46+00:00,4950,4.9
2026-04-24T12:45:51+00:00,4946,47.5
2026-04-24T12:45:56+00:00,4961,9.4
2026-04-24T12:46:02+00:00,4957,12.5
2026-04-24T12:46:07+00:00,5122,15
2026-04-24T12:46:12+00:00,5115,60
2026-04-24T12:46:17+00:00,5116,4.8
2026-04-24T12:46:22+00:00,5083,42.5
2026-04-24T12:46:28+00:00,5079,4.8
2026-04-24T12:46:33+00:00,5069,39.1
2026-04-24T12:46:38+00:00,5011,2.4
2026-04-24T12:46:43+00:00,5004,86.4
2026-04-24T12:46:49+00:00,4922,4.8
2026-04-24T12:46:54+00:00,4914,2.4
2026-04-24T12:46:59+00:00,4908,4.9
2026-04-24T12:47:04+00:00,4913,20
2026-04-24T12:47:09+00:00,4927,4.8
2026-04-24T12:47:15+00:00,4904,2.4
2026-04-24T12:47:20+00:00,4930,4.8
2026-04-24T12:47:25+00:00,4925,9.4
2026-04-24T12:47:30+00:00,4936,2.4
2026-04-24T12:47:36+00:00,4935,4.8
2026-04-24T12:47:41+00:00,4925,7.3
2026-04-24T12:47:46+00:00,4936,40
2026-04-24T12:47:51+00:00,4944,4.8
2026-04-24T12:47:56+00:00,4926,4.8
2026-04-24T12:48:02+00:00,4947,2.4
2026-04-24T12:48:07+00:00,4936,2.4
2026-04-24T12:48:12+00:00,4928,47.6
2026-04-24T12:48:17+00:00,5109,46.4
2026-04-24T12:48:22+00:00,5108,16.3
2026-04-24T12:48:28+00:00,5092,4.8
2026-04-24T12:48:33+00:00,5075,2.4
2026-04-24T12:48:38+00:00,4993,7.2
2026-04-24T12:48:43+00:00,4981,5
2026-04-24T12:48:49+00:00,4987,14.2
2026-04-24T12:48:54+00:00,5000,26.8
2026-04-24T12:48:59+00:00,4986,2.5
2026-04-24T12:49:04+00:00,4991,4.8
2026-04-24T12:49:09+00:00,5000,4.8
2026-04-24T12:49:15+00:00,4989,2.5
2026-04-24T12:49:20+00:00,5000,7.2
2026-04-24T12:49:25+00:00,4997,23.8
2026-04-24T12:49:30+00:00,4998,7.3
2026-04-24T12:49:36+00:00,5001,35.9
2026-04-24T12:49:41+00:00,5001,9.7
2026-04-24T12:49:46+00:00,5002,41.1
2026-04-24T12:49:51+00:00,5013,2.4
2026-04-24T12:49:56+00:00,4997,35
2026-04-24T12:50:02+00:00,5017,4.8
2026-04-24T12:50:07+00:00,4985,2.4
2026-04-24T12:50:12+00:00,4968,20
2026-04-24T12:50:17+00:00,4982,4.8
2026-04-24T12:50:23+00:00,4980,2.5
2026-04-24T12:50:28+00:00,4981,2.4
2026-04-24T12:50:33+00:00,4978,5
2026-04-24T12:50:38+00:00,4972,32.5
2026-04-24T12:50:43+00:00,4983,4.8
2026-04-24T12:50:49+00:00,4982,26.8
2026-04-24T12:50:54+00:00,4983,4.8
2026-04-24T12:50:59+00:00,4983,2.4
2026-04-24T12:51:04+00:00,4988,4.8
2026-04-24T12:51:10+00:00,4982,34.9
2026-04-24T12:51:15+00:00,4985,43.5
2026-04-24T12:51:20+00:00,4992,19.5
2026-04-24T12:51:25+00:00,4991,12.5
2026-04-24T12:51:30+00:00,4988,7.3
2026-04-24T12:51:36+00:00,4999,42.5
2026-04-24T12:51:41+00:00,4981,20.5
2026-04-24T12:51:46+00:00,4999,14.7
2026-04-24T12:51:51+00:00,4997,4.9
2026-04-24T12:51:56+00:00,4997,31.7
2026-04-24T12:52:02+00:00,4995,4.8
2026-04-24T12:52:07+00:00,4992,2.4
2026-04-24T12:52:12+00:00,4985,4.8
2026-04-24T12:52:17+00:00,5003,7
2026-04-24T12:52:23+00:00,5006,4.8
2026-04-24T12:52:28+00:00,4997,17.5
2026-04-24T12:52:33+00:00,5005,19
2026-04-24T12:52:38+00:00,5010,14.7
2026-04-24T12:52:43+00:00,4986,4.8
2026-04-24T12:52:49+00:00,4995,2.5
2026-04-24T12:52:54+00:00,5009,7.3
2026-04-24T12:52:59+00:00,5007,19
2026-04-24T12:53:04+00:00,5015,2.4
2026-04-24T12:53:10+00:00,5010,4.8
2026-04-24T12:53:15+00:00,4991,58.5
2026-04-24T12:53:20+00:00,5007,56.1
2026-04-24T12:53:25+00:00,5002,2.4
2026-04-24T12:53:30+00:00,5007,7.2
2026-04-24T12:53:36+00:00,5006,60
2026-04-24T12:53:41+00:00,5010,58.9
2026-04-24T12:53:46+00:00,5017,4.8
2026-04-24T12:53:51+00:00,5014,2.4
2026-04-24T12:53:57+00:00,5014,9.6
2026-04-24T12:54:02+00:00,5013,2.5
2026-04-24T12:54:07+00:00,5027,4.8
2026-04-24T12:54:12+00:00,5028,2.4
2026-04-24T12:54:17+00:00,5019,2.5
2026-04-24T12:54:23+00:00,5051,34.2
2026-04-24T12:54:28+00:00,5026,19.6
2026-04-24T12:54:33+00:00,5013,35.9
2026-04-24T12:54:38+00:00,5015,2.4
2026-04-24T12:54:44+00:00,5021,42.5
2026-04-24T12:54:49+00:00,5028,4.8
2026-04-24T12:54:54+00:00,5035,14.3
2026-04-24T12:54:59+00:00,5024,19.6
2026-04-24T12:55:04+00:00,5045,2.4
2026-04-24T12:55:10+00:00,5046,9.5
2026-04-24T12:55:15+00:00,5054,17.5
2026-04-24T12:55:20+00:00,5059,7.3
2026-04-24T12:55:25+00:00,5044,2.4
2026-04-24T12:55:31+00:00,5064,2.4
2026-04-24T12:55:36+00:00,5048,2.4
2026-04-24T12:55:41+00:00,5041,11.9
2026-04-24T12:55:46+00:00,5058,9.5
2026-04-24T12:55:51+00:00,5072,4.8
2026-04-24T12:55:57+00:00,5055,7.2
2026-04-24T12:56:02+00:00,5069,2.4
2026-04-24T12:56:07+00:00,5068,4.8
2026-04-24T12:56:12+00:00,5071,4.8
2026-04-24T12:56:17+00:00,5078,9.5
2026-04-24T12:56:23+00:00,5085,2.5
2026-04-24T12:56:28+00:00,5073,7.2
2026-04-24T12:56:33+00:00,5080,7.3
2026-04-24T12:56:38+00:00,5090,46.3
2026-04-24T12:56:44+00:00,5059,56.1
2026-04-24T12:56:49+00:00,5075,4.8
2026-04-24T12:56:54+00:00,5072,7.2
2026-04-24T12:56:59+00:00,5077,2.4
2026-04-24T12:57:04+00:00,5080,2.4
2026-04-24T12:57:10+00:00,5080,4.8
2026-04-24T12:57:15+00:00,5075,4.8
2026-04-24T12:57:20+00:00,5073,4.8
2026-04-24T12:57:25+00:00,5076,7.3
2026-04-24T12:57:31+00:00,5077,9.5
2026-04-24T12:57:36+00:00,5080,4.8
2026-04-24T12:57:41+00:00,5071,9.5
2026-04-24T12:57:46+00:00,5072,9.8
2026-04-24T12:57:51+00:00,5078,4.8
2026-04-24T12:57:57+00:00,5080,9.6
2026-04-24T12:58:02+00:00,5072,25
2026-04-24T12:58:07+00:00,5081,4.8
2026-04-24T12:58:12+00:00,5072,2.4
2026-04-24T12:58:18+00:00,5071,4.8
2026-04-24T12:58:23+00:00,5074,4.8
2026-04-24T12:58:28+00:00,5056,2.5
2026-04-24T12:58:33+00:00,5070,2.4
2026-04-24T12:58:38+00:00,5061,2.4
2026-04-24T12:58:44+00:00,5061,4.8
2026-04-24T12:58:49+00:00,4960,18.7
2026-04-24T12:58:54+00:00,4952,2.4
2026-04-24T12:58:59+00:00,4954,0
2026-04-24T12:59:05+00:00,4953,4.8
2026-04-24T12:59:10+00:00,4961,7.2
2026-04-24T12:59:15+00:00,4957,7.2
2026-04-24T12:59:20+00:00,4970,2.5
2026-04-24T12:59:25+00:00,4960,2.4
2026-04-24T12:59:31+00:00,4949,2.5
2026-04-24T12:59:36+00:00,4962,2.4
2026-04-24T12:59:41+00:00,4953,7.3
2026-04-24T12:59:46+00:00,4965,7.3
2026-04-24T12:59:52+00:00,4984,29.2
2026-04-24T12:59:57+00:00,4983,23.8
2026-04-24T13:00:02+00:00,4967,9.5
2026-04-24T13:00:07+00:00,4978,4.8
2026-04-24T13:00:12+00:00,4944,2.5
2026-04-24T13:00:18+00:00,4942,2.4
2026-04-24T13:00:23+00:00,4936,2.4
2026-04-24T13:00:28+00:00,4952,2.5
2026-04-24T13:00:33+00:00,4962,2.4
2026-04-24T13:00:38+00:00,4956,4.8
2026-04-24T13:00:44+00:00,4920,2.4
2026-04-24T13:00:49+00:00,4949,2.5
2026-04-24T13:00:54+00:00,4951,9.8
2026-04-24T13:00:59+00:00,4970,4.8
2026-04-24T13:01:05+00:00,4966,44
2026-04-24T13:01:10+00:00,4976,4.8
2026-04-24T13:01:15+00:00,4968,9.4
2026-04-24T13:01:20+00:00,4969,0
2026-04-24T13:01:25+00:00,4970,4.8
2026-04-24T13:01:31+00:00,4961,7.2
2026-04-24T13:01:36+00:00,4972,2.5
2026-04-24T13:01:41+00:00,4947,61
2026-04-24T13:01:46+00:00,4969,56.4
2026-04-24T13:01:52+00:00,4950,17.5
2026-04-24T13:01:57+00:00,4944,4.8
2026-04-24T13:02:02+00:00,4943,41.4
2026-04-24T13:02:07+00:00,4942,19.6
2026-04-24T13:02:12+00:00,4946,2.4
2026-04-24T13:02:18+00:00,4951,2.4
2026-04-24T13:02:23+00:00,4944,2.4
2026-04-24T13:02:28+00:00,4945,14.3
2026-04-24T13:02:33+00:00,4952,2.4
2026-04-24T13:02:39+00:00,4959,45
2026-04-24T13:02:44+00:00,4946,4.8
2026-04-24T13:02:49+00:00,4941,4.8
2026-04-24T13:02:54+00:00,4927,4.8
2026-04-24T13:02:59+00:00,4924,4.9
2026-04-24T13:03:05+00:00,4925,2.4
2026-04-24T13:03:10+00:00,4920,2.4
2026-04-24T13:03:15+00:00,4925,2.5
2026-04-24T13:03:20+00:00,4922,2.5
2026-04-24T13:03:26+00:00,4937,2.4
2026-04-24T13:03:31+00:00,4924,4.8
2026-04-24T13:03:36+00:00,4942,17.1
2026-04-24T13:03:41+00:00,4926,19.5
2026-04-24T13:03:46+00:00,4924,7.3
2026-04-24T13:03:52+00:00,4938,2.4
2026-04-24T13:03:57+00:00,4931,2.4
2026-04-24T13:04:02+00:00,4923,41
2026-04-24T13:04:07+00:00,4940,35.9
2026-04-24T13:04:12+00:00,4910,4.8
2026-04-24T13:04:18+00:00,4934,2.4
2026-04-24T13:04:23+00:00,4927,4.8
2026-04-24T13:04:28+00:00,4938,11.9
2026-04-24T13:04:33+00:00,4953,55
2026-04-24T13:04:39+00:00,4957,35
2026-04-24T13:04:44+00:00,4942,0
2026-04-24T13:04:49+00:00,4936,2.4
2026-04-24T13:04:54+00:00,4947,15
2026-04-24T13:04:59+00:00,4944,0
2026-04-24T13:05:05+00:00,4968,7.2
2026-04-24T13:05:10+00:00,4974,4.9
2026-04-24T13:05:15+00:00,4968,4.8
2026-04-24T13:05:20+00:00,4971,7.3
2026-04-24T13:05:26+00:00,4971,4.8
2026-04-24T13:05:31+00:00,4984,27.5
2026-04-24T13:05:36+00:00,4992,4.8
2026-04-24T13:05:41+00:00,4966,4.9
2026-04-24T13:05:46+00:00,4963,4.8
2026-04-24T13:05:52+00:00,4974,2.5
2026-04-24T13:05:57+00:00,4979,2.4
2026-04-24T13:06:02+00:00,4974,42.5
2026-04-24T13:06:07+00:00,4980,4.8
2026-04-24T13:06:13+00:00,4973,4.8
2026-04-24T13:06:18+00:00,4981,2.4
2026-04-24T13:06:23+00:00,4978,7.3
2026-04-24T13:06:28+00:00,4983,2.4
2026-04-24T13:06:33+00:00,4965,12.2
2026-04-24T13:06:39+00:00,4972,5
2026-04-24T13:06:44+00:00,4977,38.1
2026-04-24T13:06:49+00:00,4972,2.5
2026-04-24T13:06:54+00:00,4986,41.1
2026-04-24T13:07:00+00:00,4987,4.8
2026-04-24T13:07:05+00:00,4981,39.1
2026-04-24T13:07:10+00:00,4973,30.3
2026-04-24T13:07:15+00:00,4989,61.6
2026-04-24T13:07:20+00:00,4994,32.5
2026-04-24T13:07:26+00:00,5000,72.5
2026-04-24T13:07:31+00:00,4985,2.4
2026-04-24T13:07:36+00:00,4984,41.8
2026-04-24T13:07:41+00:00,4977,2.5
2026-04-24T13:07:47+00:00,4995,41.1
2026-04-24T13:07:52+00:00,4990,7.2
2026-04-24T13:07:57+00:00,4979,39.5
2026-04-24T13:08:02+00:00,4979,26.8
2026-04-24T13:08:07+00:00,4985,42.8
2026-04-24T13:08:13+00:00,4987,4.8
2026-04-24T13:08:18+00:00,4990,38.5
2026-04-24T13:08:23+00:00,4997,2.4
2026-04-24T13:08:28+00:00,4976,47.5
2026-04-24T13:08:33+00:00,4990,73.8
2026-04-24T13:08:39+00:00,4990,67.5
2026-04-24T13:08:44+00:00,4984,18.5
2026-04-24T13:08:49+00:00,4988,35
2026-04-24T13:08:54+00:00,4985,11.9
2026-04-24T13:09:00+00:00,4978,45
2026-04-24T13:09:05+00:00,5003,2.5
2026-04-24T13:09:10+00:00,4999,30
2026-04-24T13:09:15+00:00,5010,17.1
2026-04-24T13:09:20+00:00,4995,7.3
2026-04-24T13:09:26+00:00,4998,2.4
2026-04-24T13:09:31+00:00,5007,7.2
2026-04-24T13:09:36+00:00,5010,4.8
2026-04-24T13:09:41+00:00,4999,4.9
2026-04-24T13:09:47+00:00,5012,2.5
2026-04-24T13:09:52+00:00,5020,5
2026-04-24T13:09:57+00:00,5035,4.8
2026-04-24T13:10:02+00:00,5006,14.3
2026-04-24T13:10:07+00:00,5026,2.4
2026-04-24T13:10:13+00:00,4992,7.3
2026-04-24T13:10:18+00:00,4990,28.6
2026-04-24T13:10:23+00:00,5001,4.8
2026-04-24T13:10:28+00:00,4997,2.4
2026-04-24T13:10:34+00:00,4996,2.6
2026-04-24T13:10:39+00:00,5000,4.8
2026-04-24T13:10:44+00:00,5004,4.8
2026-04-24T13:10:49+00:00,5000,4.8
2026-04-24T13:10:54+00:00,4996,7
2026-04-24T13:11:00+00:00,5002,11.9
2026-04-24T13:11:05+00:00,5008,14.7
2026-04-24T13:11:10+00:00,4999,9.8
2026-04-24T13:11:15+00:00,4995,4.8
2026-04-24T13:11:21+00:00,4997,17.1
2026-04-24T13:11:26+00:00,5005,2.4
2026-04-24T13:11:31+00:00,5004,53.6
2026-04-24T13:11:36+00:00,5010,41.9
2026-04-24T13:11:41+00:00,4995,2.4
2026-04-24T13:11:47+00:00,4988,7.3
2026-04-24T13:11:52+00:00,5002,2.5
2026-04-24T13:11:57+00:00,5000,4.8
2026-04-24T13:12:02+00:00,5010,0
2026-04-24T13:12:07+00:00,4999,2.4
2026-04-24T13:12:13+00:00,4995,4.8
2026-04-24T13:12:18+00:00,4993,9.4
2026-04-24T13:12:23+00:00,4999,4.8
2026-04-24T13:12:28+00:00,5003,4.8
2026-04-24T13:12:34+00:00,4999,2.4
2026-04-24T13:12:39+00:00,4990,4.8
2026-04-24T13:12:44+00:00,5000,2.4
2026-04-24T13:12:49+00:00,5002,22.5
2026-04-24T13:12:54+00:00,5013,7.3
2026-04-24T13:13:00+00:00,5007,4.8
2026-04-24T13:13:05+00:00,5010,4.8
2026-04-24T13:13:10+00:00,5010,7.2
2026-04-24T13:13:15+00:00,5003,17.5
2026-04-24T13:13:21+00:00,5013,14.7
2026-04-24T13:13:26+00:00,5007,4.8
2026-04-24T13:13:31+00:00,5001,2.4
2026-04-24T13:13:36+00:00,5015,2.4
2026-04-24T13:13:41+00:00,4992,2.5
2026-04-24T13:13:47+00:00,5000,0
2026-04-24T13:13:52+00:00,5019,7.2
2026-04-24T13:13:57+00:00,5010,0
2026-04-24T13:14:02+00:00,4985,5
2026-04-24T13:14:08+00:00,5016,2.4
2026-04-24T13:14:13+00:00,5001,4.8
2026-04-24T13:14:18+00:00,5003,7.2
2026-04-24T13:14:23+00:00,4989,4.8
2026-04-24T13:14:28+00:00,4997,7.3
2026-04-24T13:14:34+00:00,5004,0
2026-04-24T13:14:39+00:00,5012,41
2026-04-24T13:14:44+00:00,5002,17.1
2026-04-24T13:14:49+00:00,4998,17.1
2026-04-24T13:14:55+00:00,5011,41.8
2026-04-24T13:15:00+00:00,4997,43.9
2026-04-24T13:15:05+00:00,4991,4.8
2026-04-24T13:15:10+00:00,5023,2.4
2026-04-24T13:15:15+00:00,5026,9.7
2026-04-24T13:15:21+00:00,5029,7
2026-04-24T13:15:26+00:00,5014,4.8
2026-04-24T13:15:31+00:00,5024,12.2
2026-04-24T13:15:36+00:00,5040,0
2026-04-24T13:15:41+00:00,5022,14.3
2026-04-24T13:15:47+00:00,5032,2.4
2026-04-24T13:15:52+00:00,5031,43.6
2026-04-24T13:15:57+00:00,5025,17.1
2026-04-24T13:16:02+00:00,5031,42.5
2026-04-24T13:16:08+00:00,5036,7
2026-04-24T13:16:13+00:00,5027,39.1
2026-04-24T13:16:18+00:00,5038,19
2026-04-24T13:16:23+00:00,5032,41.1
2026-04-24T13:16:28+00:00,5032,4.8
2026-04-24T13:16:34+00:00,5032,31.7
2026-04-24T13:16:39+00:00,5045,9.8
2026-04-24T13:16:44+00:00,5028,27.9
2026-04-24T13:16:49+00:00,5045,38.5
2026-04-24T13:16:55+00:00,5035,19.5
2026-04-24T13:17:00+00:00,5038,20
2026-04-24T13:17:05+00:00,5047,7.2
2026-04-24T13:17:10+00:00,5042,7.2
2026-04-24T13:17:15+00:00,5039,4.8
2026-04-24T13:17:21+00:00,5053,4.8
2026-04-24T13:17:26+00:00,5046,7.2
2026-04-24T13:17:31+00:00,5061,19.5
2026-04-24T13:17:36+00:00,5042,7.3
2026-04-24T13:17:42+00:00,5039,0
2026-04-24T13:17:47+00:00,5047,2.4
2026-04-24T13:17:52+00:00,5037,21
2026-04-24T13:17:57+00:00,5048,2.4
2026-04-24T13:18:02+00:00,5058,2.4
2026-04-24T13:18:08+00:00,5062,2.4
2026-04-24T13:18:13+00:00,5037,14.2
2026-04-24T13:18:18+00:00,5067,4.8
2026-04-24T13:18:23+00:00,5030,33.4
2026-04-24T13:18:29+00:00,5041,4.8
2026-04-24T13:18:34+00:00,5045,2.4
2026-04-24T13:18:39+00:00,5044,4.8
2026-04-24T13:18:44+00:00,5032,2.4
2026-04-24T13:18:49+00:00,5045,2.4
2026-04-24T13:18:55+00:00,5039,2.4
2026-04-24T13:19:00+00:00,5040,2.5
2026-04-24T13:19:05+00:00,5038,4.8
2026-04-24T13:19:10+00:00,5040,2.4
2026-04-24T13:19:16+00:00,5045,2.4
2026-04-24T13:19:21+00:00,5046,24.4
2026-04-24T13:19:26+00:00,5039,9.6
2026-04-24T13:19:31+00:00,5035,2.4
2026-04-24T13:19:36+00:00,5037,2.5
2026-04-24T13:19:42+00:00,5029,4.8
2026-04-24T13:19:47+00:00,5037,2.4
2026-04-24T13:19:52+00:00,5046,36.6
2026-04-24T13:19:57+00:00,5030,7.2
2026-04-24T13:20:03+00:00,5026,0
2026-04-24T13:20:08+00:00,5044,2.4
2026-04-24T13:20:13+00:00,5020,4.8
2026-04-24T13:20:18+00:00,5036,12.2
2026-04-24T13:20:23+00:00,5041,17.1
2026-04-24T13:20:29+00:00,5055,2.4
2026-04-24T13:20:34+00:00,5053,45
2026-04-24T13:20:39+00:00,5044,7.2
2026-04-24T13:20:44+00:00,5032,0
2026-04-24T13:20:49+00:00,5048,2.4
2026-04-24T13:20:55+00:00,5035,4.8
2026-04-24T13:21:00+00:00,5044,2.5
2026-04-24T13:21:05+00:00,5044,4.9
2026-04-24T13:21:10+00:00,5046,7.3
2026-04-24T13:21:16+00:00,5038,4.8
2026-04-24T13:21:21+00:00,5046,2.4
2026-04-24T13:21:26+00:00,5046,12.2
2026-04-24T13:21:31+00:00,5044,4.8
2026-04-24T13:21:36+00:00,5045,4.8
2026-04-24T13:21:42+00:00,5007,2.4
2026-04-24T13:21:47+00:00,5046,4.8
2026-04-24T13:21:52+00:00,5041,40
2026-04-24T13:21:57+00:00,5027,4.8
2026-04-24T13:22:03+00:00,5038,4.8
2026-04-24T13:22:08+00:00,5039,30
2026-04-24T13:22:13+00:00,5031,4.8
2026-04-24T13:22:18+00:00,5045,9.3
2026-04-24T13:22:23+00:00,5039,9.8
2026-04-24T13:22:29+00:00,5049,14.6
2026-04-24T13:22:34+00:00,5041,2.4
2026-04-24T13:22:39+00:00,5050,2.5
2026-04-24T13:22:44+00:00,5035,2.5
2026-04-24T13:22:50+00:00,5040,19.6
2026-04-24T13:22:55+00:00,5024,7.2
2026-04-24T13:23:00+00:00,5049,4.6
2026-04-24T13:23:05+00:00,5045,12.5
2026-04-24T13:23:10+00:00,5035,2.5
2026-04-24T13:23:16+00:00,5038,24.4
2026-04-24T13:23:21+00:00,5037,9.8
2026-04-24T13:23:26+00:00,5031,54.8
2026-04-24T13:23:31+00:00,5044,2.4
2026-04-24T13:23:37+00:00,5033,42.5
2026-04-24T13:23:42+00:00,5028,7
2026-04-24T13:23:47+00:00,5021,31.7
2026-04-24T13:23:52+00:00,5032,35.9
2026-04-24T13:23:57+00:00,5040,34.1
2026-04-24T13:24:03+00:00,5039,19
2026-04-24T13:24:08+00:00,5047,42.5
2026-04-24T13:24:13+00:00,5034,2.5
2026-04-24T13:24:18+00:00,5038,9.5
2026-04-24T13:24:23+00:00,5047,2.5
2026-04-24T13:24:29+00:00,5051,2.4
2026-04-24T13:24:34+00:00,5046,2.4
2026-04-24T13:24:39+00:00,5040,9.6
2026-04-24T13:24:44+00:00,5033,4.8
2026-04-24T13:24:50+00:00,5042,9.6
2026-04-24T13:24:55+00:00,5035,36.6
2026-04-24T13:25:00+00:00,5046,4.8
2026-04-24T13:25:05+00:00,5041,11.9
2026-04-24T13:25:10+00:00,5055,2.4
2026-04-24T13:25:16+00:00,5045,4.8
2026-04-24T13:25:21+00:00,5048,4.6
2026-04-24T13:25:26+00:00,5034,14.7
2026-04-24T13:25:31+00:00,5033,12.5
2026-04-24T13:25:37+00:00,5047,4.8
2026-04-24T13:25:42+00:00,5034,2.4
2026-04-24T13:25:47+00:00,5029,7.2
2026-04-24T13:25:52+00:00,5046,17.5
2026-04-24T13:25:57+00:00,5050,4.8
2026-04-24T13:26:03+00:00,5052,7
2026-04-24T13:26:08+00:00,5047,2.4
2026-04-24T13:26:13+00:00,5027,4.8
2026-04-24T13:26:18+00:00,5038,2.4
2026-04-24T13:26:24+00:00,5039,4.8
2026-04-24T13:26:29+00:00,5052,4.8
2026-04-24T13:26:34+00:00,5048,4.6
2026-04-24T13:26:39+00:00,5053,7.2
2026-04-24T13:26:44+00:00,5044,2.4
2026-04-24T13:26:50+00:00,5041,2.4
2026-04-24T13:26:55+00:00,5037,9.5
2026-04-24T13:27:00+00:00,5046,2.4
2026-04-24T13:27:05+00:00,5046,2.4
2026-04-24T13:27:11+00:00,5040,2.4
2026-04-24T13:27:16+00:00,5035,4.8
2026-04-24T13:27:21+00:00,5059,2.4
2026-04-24T13:27:26+00:00,5044,7
2026-04-24T13:27:31+00:00,5035,4.9
2026-04-24T13:27:37+00:00,5037,4.8
2026-04-24T13:27:42+00:00,5046,33.3
2026-04-24T13:27:47+00:00,5044,14.3
2026-04-24T13:27:52+00:00,5039,9.6
2026-04-24T13:27:58+00:00,5057,2.4
2026-04-24T13:28:03+00:00,5050,2.4
2026-04-24T13:28:08+00:00,5052,4.8
2026-04-24T13:28:13+00:00,5045,2.5
2026-04-24T13:28:18+00:00,5043,2.4
2026-04-24T13:28:24+00:00,5055,2.4
2026-04-24T13:28:29+00:00,5049,4.8
2026-04-24T13:28:34+00:00,5047,18.6
2026-04-24T13:28:39+00:00,5059,9.8
2026-04-24T13:28:44+00:00,5028,4.8
2026-04-24T13:28:50+00:00,5047,2.4
2026-04-24T13:28:55+00:00,5043,4.8
2026-04-24T13:29:00+00:00,5048,2.4
2026-04-24T13:29:05+00:00,5053,4.9
2026-04-24T13:29:11+00:00,5053,2.4
2026-04-24T13:29:16+00:00,5032,9.5
2026-04-24T13:29:21+00:00,5041,14.7
2026-04-24T13:29:26+00:00,5034,2.4
2026-04-24T13:29:31+00:00,5061,4.8
2026-04-24T13:29:37+00:00,5050,7.2
2026-04-24T13:29:42+00:00,5038,30.7
2026-04-24T13:29:47+00:00,5055,9.5
2026-04-24T13:29:52+00:00,5049,2.5
2026-04-24T13:29:58+00:00,5052,4.8
2026-04-24T13:30:03+00:00,5042,2.4
2026-04-24T13:30:08+00:00,5047,2.4
2026-04-24T13:30:13+00:00,5056,2.4
2026-04-24T13:30:18+00:00,5056,2.5
2026-04-24T13:30:24+00:00,5062,5
2026-04-24T13:30:29+00:00,5043,2.4
2026-04-24T13:30:34+00:00,5044,4.8
2026-04-24T13:30:39+00:00,5044,7.2
2026-04-24T13:30:45+00:00,5034,2.4
2026-04-24T13:30:50+00:00,5041,4.8
2026-04-24T13:30:55+00:00,5036,4.8
2026-04-24T13:31:00+00:00,5046,4.9
2026-04-24T13:31:05+00:00,5058,4.8
2026-04-24T13:31:11+00:00,5064,10
2026-04-24T13:31:16+00:00,5047,2.4
2026-04-24T13:31:21+00:00,5044,7.3
2026-04-24T13:31:26+00:00,5047,7.5
2026-04-24T13:31:32+00:00,5046,15
2026-04-24T13:31:37+00:00,5046,39.1
2026-04-24T13:31:42+00:00,5046,22.5
2026-04-24T13:31:47+00:00,5055,2.4
2026-04-24T13:31:52+00:00,5054,37.5
2026-04-24T13:31:58+00:00,5041,2.4
2026-04-24T13:32:03+00:00,5045,41.1
2026-04-24T13:32:08+00:00,5053,5
2026-04-24T13:32:13+00:00,5038,72.1
2026-04-24T13:32:19+00:00,5057,4.8
2026-04-24T13:32:24+00:00,5042,30
2026-04-24T13:32:29+00:00,5045,2.5
2026-04-24T13:32:34+00:00,5043,5
2026-04-24T13:32:39+00:00,5045,5
2026-04-24T13:32:45+00:00,5047,7.2
2026-04-24T13:32:50+00:00,5044,2.4
2026-04-24T13:32:55+00:00,5046,2.4
2026-04-24T13:33:00+00:00,5046,2.4
2026-04-24T13:33:05+00:00,5042,4.8
2026-04-24T13:33:11+00:00,5049,11.9
2026-04-24T13:33:16+00:00,5039,7.3
2026-04-24T13:33:21+00:00,5064,19
2026-04-24T13:33:26+00:00,5044,17.5
2026-04-24T13:33:32+00:00,5051,4.9
2026-04-24T13:33:37+00:00,5051,2.4
2026-04-24T13:33:42+00:00,5035,2.4
2026-04-24T13:33:47+00:00,5053,2.4
2026-04-24T13:33:52+00:00,5058,7.3
2026-04-24T13:33:58+00:00,5057,4.8
2026-04-24T13:34:03+00:00,5051,9.8
2026-04-24T13:34:08+00:00,5054,4.8
2026-04-24T13:34:13+00:00,5054,4.8
2026-04-24T13:34:19+00:00,5048,17.5
2026-04-24T13:34:24+00:00,5053,7
2026-04-24T13:34:29+00:00,5048,4.8
2026-04-24T13:34:34+00:00,5045,4.8
2026-04-24T13:34:39+00:00,5054,34.9
2026-04-24T13:34:45+00:00,5045,4.8
2026-04-24T13:34:50+00:00,5051,0
2026-04-24T13:34:55+00:00,5058,4.8
2026-04-24T13:35:00+00:00,5054,4.8
2026-04-24T13:35:06+00:00,5051,32.5
2026-04-24T13:35:11+00:00,5031,5
2026-04-24T13:35:16+00:00,5046,12.5
2026-04-24T13:35:21+00:00,5047,2.4
2026-04-24T13:35:26+00:00,5026,40
2026-04-24T13:35:32+00:00,5045,2.4
2026-04-24T13:35:37+00:00,5053,7.5
2026-04-24T13:35:42+00:00,5039,31.7
2026-04-24T13:35:47+00:00,5053,2.4
2026-04-24T13:35:53+00:00,5049,2.4
2026-04-24T13:35:58+00:00,5046,4.8
2026-04-24T13:36:03+00:00,5051,2.5
2026-04-24T13:36:08+00:00,5047,2.4
2026-04-24T13:36:13+00:00,5031,2.4
2026-04-24T13:36:19+00:00,5052,7.3
2026-04-24T13:36:24+00:00,5057,2.4
2026-04-24T13:36:29+00:00,5059,4.8
2026-04-24T13:36:34+00:00,5058,16.6
2026-04-24T13:36:39+00:00,5051,2.4
2026-04-24T13:36:45+00:00,5045,9.6
2026-04-24T13:36:50+00:00,5057,2.4
2026-04-24T13:36:55+00:00,5063,4.8
2026-04-24T13:37:00+00:00,5055,30
2026-04-24T13:37:06+00:00,5063,4.8
2026-04-24T13:37:11+00:00,5055,2.4
2026-04-24T13:37:16+00:00,5041,7.2
2026-04-24T13:37:21+00:00,5057,11.9
2026-04-24T13:37:26+00:00,5044,0
2026-04-24T13:37:32+00:00,5055,4.8
2026-04-24T13:37:37+00:00,5056,4.8
2026-04-24T13:37:42+00:00,5032,77.5
2026-04-24T13:37:47+00:00,5052,0
2026-04-24T13:37:53+00:00,5046,4.8
2026-04-24T13:37:58+00:00,5043,20
2026-04-24T13:38:03+00:00,5062,2.4
2026-04-24T13:38:08+00:00,5055,0
2026-04-24T13:38:13+00:00,5039,4.8
2026-04-24T13:38:19+00:00,5052,7.5
2026-04-24T13:38:24+00:00,5056,2.4
2026-04-24T13:38:29+00:00,5052,7.5
2026-04-24T13:38:34+00:00,5057,4.8
2026-04-24T13:38:40+00:00,5064,2.5
2026-04-24T13:38:45+00:00,5045,7.2
2026-04-24T13:38:50+00:00,5050,2.4
2026-04-24T13:38:55+00:00,5058,17.1
2026-04-24T13:39:00+00:00,5068,19.5
2026-04-24T13:39:06+00:00,5060,7.3
2026-04-24T13:39:11+00:00,5049,4.8
2026-04-24T13:39:16+00:00,5053,9.7
2026-04-24T13:39:21+00:00,5058,4.8
2026-04-24T13:39:26+00:00,5038,17.1
2026-04-24T13:39:32+00:00,5062,4.8
2026-04-24T13:39:37+00:00,5054,24.4
2026-04-24T13:39:42+00:00,5040,37.5
2026-04-24T13:39:47+00:00,5040,42.5
2026-04-24T13:39:53+00:00,5048,2.4
2026-04-24T13:39:58+00:00,5053,45
2026-04-24T13:40:03+00:00,5057,2.4
2026-04-24T13:40:08+00:00,5053,40
2026-04-24T13:40:13+00:00,5041,7.3
2026-04-24T13:40:19+00:00,5058,39
2026-04-24T13:40:24+00:00,5049,12.5
2026-04-24T13:40:29+00:00,5054,4.8
2026-04-24T13:40:34+00:00,5052,2.4
2026-04-24T13:40:40+00:00,5053,2.4
2026-04-24T13:40:45+00:00,5047,28.6
2026-04-24T13:40:50+00:00,5059,14.2
2026-04-24T13:40:55+00:00,5058,2.4
2026-04-24T13:41:00+00:00,5067,2.4
2026-04-24T13:41:06+00:00,5058,4.8
2026-04-24T13:41:11+00:00,5045,16.6
2026-04-24T13:41:16+00:00,5051,2.4
2026-04-24T13:41:21+00:00,5055,2.5
2026-04-24T13:41:27+00:00,5047,4.8
2026-04-24T13:41:32+00:00,5046,7.2
2026-04-24T13:41:37+00:00,5061,0
2026-04-24T13:41:42+00:00,5040,26.9
2026-04-24T13:41:47+00:00,5054,2.5
2026-04-24T13:41:53+00:00,5047,4.8
2026-04-24T13:41:58+00:00,5058,7.3
2026-04-24T13:42:03+00:00,5064,2.4
2026-04-24T13:42:08+00:00,5060,4.8
2026-04-24T13:42:14+00:00,5064,0
2026-04-24T13:42:19+00:00,5078,7.3
2026-04-24T13:42:24+00:00,5045,2.5
2026-04-24T13:42:29+00:00,5047,4.8
2026-04-24T13:42:34+00:00,5067,16.6
2026-04-24T13:42:40+00:00,5063,16.6
2026-04-24T13:42:45+00:00,5066,17.1
2026-04-24T13:42:50+00:00,5064,4.8
2026-04-24T13:42:55+00:00,5055,4.8
2026-04-24T13:43:01+00:00,5056,7.2
2026-04-24T13:43:06+00:00,5049,5
2026-04-24T13:43:11+00:00,5057,4.8
2026-04-24T13:43:16+00:00,5065,2.4
2026-04-24T13:43:21+00:00,5068,0
2026-04-24T13:43:27+00:00,5049,14.6
2026-04-24T13:43:32+00:00,5062,2.4
2026-04-24T13:43:37+00:00,5062,2.4
2026-04-24T13:43:42+00:00,5040,14.7
2026-04-24T13:43:47+00:00,5061,2.4
2026-04-24T13:43:53+00:00,5041,47.5
2026-04-24T13:43:58+00:00,5071,7.2
2026-04-24T13:44:03+00:00,5061,4.8
2026-04-24T13:44:08+00:00,5055,2.4
2026-04-24T13:44:14+00:00,5050,2.4
2026-04-24T13:44:19+00:00,5050,7.2
2026-04-24T13:44:24+00:00,5070,2.5
2026-04-24T13:44:29+00:00,5052,4.8
2026-04-24T13:44:34+00:00,5065,4.8
2026-04-24T13:44:40+00:00,5063,2.4
2026-04-24T13:44:45+00:00,5061,2.5
2026-04-24T13:44:50+00:00,5058,7.2
2026-04-24T13:44:55+00:00,5068,2.4
2026-04-24T13:45:01+00:00,5068,21.4
2026-04-24T13:45:06+00:00,5059,4.8
2026-04-24T13:45:11+00:00,5072,4.9
2026-04-24T13:45:16+00:00,5060,2.4
2026-04-24T13:45:21+00:00,5064,4.8
2026-04-24T13:45:27+00:00,5060,7.2
2026-04-24T13:45:32+00:00,5070,4.8
2026-04-24T13:45:37+00:00,5066,4.8
2026-04-24T13:45:42+00:00,5062,2.4
2026-04-24T13:45:48+00:00,5057,12.5
2026-04-24T13:45:53+00:00,5053,2.4
2026-04-24T13:45:58+00:00,5051,51.2
2026-04-24T13:46:03+00:00,5044,2.4
2026-04-24T13:46:08+00:00,5053,7.3
2026-04-24T13:46:14+00:00,5050,2.4
2026-04-24T13:46:19+00:00,5057,24.4
2026-04-24T13:46:24+00:00,5061,19.6
2026-04-24T13:46:29+00:00,5042,12.5
2026-04-24T13:46:35+00:00,5054,7.2
2026-04-24T13:46:40+00:00,5057,2.4
2026-04-24T13:46:45+00:00,5044,0
2026-04-24T13:46:50+00:00,5050,4.8
2026-04-24T13:46:55+00:00,5048,28.2
2026-04-24T13:47:01+00:00,5041,40
2026-04-24T13:47:06+00:00,5027,2.4
2026-04-24T13:47:11+00:00,5044,7.5
2026-04-24T13:47:16+00:00,5018,2.4
2026-04-24T13:47:21+00:00,5037,2.4
2026-04-24T13:47:27+00:00,5034,2.4
2026-04-24T13:47:32+00:00,5044,4.8
2026-04-24T13:47:37+00:00,5052,2.5
2026-04-24T13:47:42+00:00,5039,2.4
2026-04-24T13:47:48+00:00,5044,4.8
2026-04-24T13:47:53+00:00,5042,2.4
2026-04-24T13:47:58+00:00,5040,2.4
2026-04-24T13:48:03+00:00,5048,21.9
2026-04-24T13:48:08+00:00,5030,7.3
2026-04-24T13:48:14+00:00,5046,4.8
2026-04-24T13:48:19+00:00,5053,18
2026-04-24T13:48:24+00:00,5055,4.8
2026-04-24T13:48:29+00:00,5026,2.5
2026-04-24T13:48:35+00:00,5033,2.4
2026-04-24T13:48:40+00:00,5036,2.4
2026-04-24T13:48:45+00:00,5041,4.8
2026-04-24T13:48:50+00:00,5039,2.4
2026-04-24T13:48:55+00:00,5045,20
2026-04-24T13:49:01+00:00,5055,7.3
2026-04-24T13:49:06+00:00,5053,14
2026-04-24T13:49:11+00:00,5038,10
2026-04-24T13:49:16+00:00,5040,14.3
2026-04-24T13:49:22+00:00,5044,2.4
2026-04-24T13:49:27+00:00,5034,19.1
2026-04-24T13:49:32+00:00,5055,2.4
2026-04-24T13:49:37+00:00,5046,17.1
2026-04-24T13:49:42+00:00,5033,2.4
2026-04-24T13:49:48+00:00,5052,62.5
2026-04-24T13:49:53+00:00,5048,2.4
2026-04-24T13:49:58+00:00,5039,43.9
2026-04-24T13:50:03+00:00,5032,45
2026-04-24T13:50:09+00:00,5036,57.1
2026-04-24T13:50:14+00:00,5041,12.5
2026-04-24T13:50:19+00:00,5045,34.9
2026-04-24T13:50:24+00:00,5045,7.2
2026-04-24T13:50:29+00:00,5035,34.1
2026-04-24T13:50:35+00:00,5046,2.4
2026-04-24T13:50:40+00:00,5036,22.5
2026-04-24T13:50:45+00:00,5037,2.5
2026-04-24T13:50:50+00:00,5055,4.8
2026-04-24T13:50:56+00:00,5056,2.4
2026-04-24T13:51:01+00:00,5062,7.2
2026-04-24T13:51:06+00:00,5064,2.5
2026-04-24T13:51:11+00:00,5059,10
2026-04-24T13:51:16+00:00,5057,2.5
2026-04-24T13:51:22+00:00,5056,2.4
2026-04-24T13:51:27+00:00,5052,4.8
2026-04-24T13:51:32+00:00,5054,2.4
2026-04-24T13:51:37+00:00,5045,2.4
2026-04-24T13:51:42+00:00,5032,2.4
2026-04-24T13:51:48+00:00,5046,7.3
2026-04-24T13:51:53+00:00,5044,4.8
2026-04-24T13:51:58+00:00,5052,4.8
2026-04-24T13:52:03+00:00,5055,12.2
2026-04-24T13:52:09+00:00,5064,2.6
2026-04-24T13:52:14+00:00,5045,4.9
2026-04-24T13:52:19+00:00,5054,2.4
2026-04-24T13:52:24+00:00,5057,2.5
2026-04-24T13:52:29+00:00,5054,0
2026-04-24T13:52:35+00:00,5061,2.4
2026-04-24T13:52:40+00:00,5061,48.7
2026-04-24T13:52:45+00:00,5040,2.4
2026-04-24T13:52:50+00:00,5044,2.4
2026-04-24T13:52:56+00:00,5051,7.2
2026-04-24T13:53:01+00:00,5049,7.3
2026-04-24T13:53:06+00:00,5059,28.2
2026-04-24T13:53:11+00:00,5040,4.8
2026-04-24T13:53:16+00:00,5049,2.5
2026-04-24T13:53:22+00:00,5058,4.8
2026-04-24T13:53:27+00:00,5051,0
2026-04-24T13:53:32+00:00,5053,29.3
2026-04-24T13:53:37+00:00,5053,4.8
2026-04-24T13:53:43+00:00,5042,4.8
2026-04-24T13:53:48+00:00,5054,32.5
2026-04-24T13:53:53+00:00,5053,14.7
2026-04-24T13:53:58+00:00,5044,4.9
2026-04-24T13:54:03+00:00,5055,2.5
2026-04-24T13:54:09+00:00,5063,2.4
2026-04-24T13:54:14+00:00,5065,4.8
2026-04-24T13:54:19+00:00,5065,4.8
2026-04-24T13:54:24+00:00,5067,4.8
2026-04-24T13:54:30+00:00,5061,2.4
2026-04-24T13:54:35+00:00,5057,2.4
2026-04-24T13:54:40+00:00,5069,2.6
2026-04-24T13:54:45+00:00,5057,4.8
2026-04-24T13:54:50+00:00,5069,7
2026-04-24T13:54:56+00:00,5064,7.5
2026-04-24T13:55:01+00:00,5058,17.1
2026-04-24T13:55:06+00:00,5062,2.4
2026-04-24T13:55:11+00:00,5058,4.8
2026-04-24T13:55:16+00:00,5064,2.5
2026-04-24T13:55:22+00:00,5078,2.4
2026-04-24T13:55:27+00:00,5059,4.8
2026-04-24T13:55:32+00:00,5061,42.5
2026-04-24T13:55:37+00:00,5066,2.5
2026-04-24T13:55:43+00:00,5066,16.6
2026-04-24T13:55:48+00:00,5063,18.5
2026-04-24T13:55:53+00:00,5074,2.4
2026-04-24T13:55:58+00:00,5062,7.2
2026-04-24T13:56:03+00:00,5050,2.4
2026-04-24T13:56:09+00:00,5072,4.8
2026-04-24T13:56:14+00:00,5061,23.8
2026-04-24T13:56:19+00:00,5068,2.5
2026-04-24T13:56:24+00:00,5064,5
2026-04-24T13:56:30+00:00,5057,21
2026-04-24T13:56:35+00:00,5062,2.4
2026-04-24T13:56:40+00:00,5066,2.4
2026-04-24T13:56:45+00:00,5065,0
2026-04-24T13:56:50+00:00,5072,2.5
2026-04-24T13:56:56+00:00,5059,4.8
2026-04-24T13:57:01+00:00,5066,7.2
2026-04-24T13:57:06+00:00,5073,2.4
2026-04-24T13:57:11+00:00,5044,4.9
2026-04-24T13:57:17+00:00,5070,2.4
2026-04-24T13:57:22+00:00,5066,4.8
2026-04-24T13:57:27+00:00,5068,17.1
2026-04-24T13:57:32+00:00,5069,51.1
2026-04-24T13:57:37+00:00,5059,7.3
2026-04-24T13:57:43+00:00,5048,4.8
2026-04-24T13:57:48+00:00,5077,2.4
2026-04-24T13:57:53+00:00,5064,4.8
2026-04-24T13:57:58+00:00,5074,0
2026-04-24T13:58:03+00:00,5076,4.8
2026-04-24T13:58:09+00:00,5070,7.2
2026-04-24T13:58:14+00:00,5059,2.4
2026-04-24T13:58:19+00:00,5066,2.4
2026-04-24T13:58:24+00:00,5072,2.4
2026-04-24T13:58:30+00:00,5053,2.4
2026-04-24T13:58:35+00:00,5074,2.4
2026-04-24T13:58:40+00:00,5082,4.8
2026-04-24T13:58:45+00:00,5063,2.4
2026-04-24T13:58:50+00:00,5074,4.8
2026-04-24T13:58:56+00:00,5069,2.4
2026-04-24T13:59:01+00:00,5068,2.4
2026-04-24T13:59:06+00:00,5080,2.4
2026-04-24T13:59:11+00:00,5055,17.1
2026-04-24T13:59:17+00:00,5067,17.1
2026-04-24T13:59:22+00:00,5066,12.2
2026-04-24T13:59:27+00:00,5070,17.1
2026-04-24T13:59:32+00:00,5063,59
2026-04-24T13:59:37+00:00,5062,4.8
2026-04-24T13:59:43+00:00,5052,4.8
2026-04-24T13:59:48+00:00,5069,2.4
2026-04-24T13:59:53+00:00,5069,7.2
2026-04-24T13:59:58+00:00,5066,2.4
2026-04-24T14:00:04+00:00,5079,0
2026-04-24T14:00:09+00:00,5075,9.6
2026-04-24T14:00:14+00:00,5067,2.4
2026-04-24T14:00:19+00:00,5084,14.3
2026-04-24T14:00:24+00:00,5063,7.3
2026-04-24T14:00:30+00:00,5061,37.5
2026-04-24T14:00:35+00:00,5074,4.8
2026-04-24T14:00:40+00:00,5071,41
2026-04-24T14:00:45+00:00,5069,2.4
2026-04-24T14:00:51+00:00,5075,34.1
2026-04-24T14:00:56+00:00,5077,4.8
2026-04-24T14:01:01+00:00,5070,40
2026-04-24T14:01:06+00:00,5070,2.4
2026-04-24T14:01:11+00:00,5063,21.9
2026-04-24T14:01:17+00:00,5074,17.1
2026-04-24T14:01:22+00:00,5070,24.4
2026-04-24T14:01:27+00:00,5066,24.4
2026-04-24T14:01:32+00:00,5077,34.2
2026-04-24T14:01:38+00:00,5071,9.5
2026-04-24T14:01:43+00:00,5042,7
2026-04-24T14:01:48+00:00,5065,4.8
2026-04-24T14:01:53+00:00,5068,2.4
2026-04-24T14:01:58+00:00,5065,2.5
2026-04-24T14:02:04+00:00,5062,4.8
2026-04-24T14:02:09+00:00,5082,4.8
2026-04-24T14:02:14+00:00,5073,4.8
2026-04-24T14:02:19+00:00,5090,26.2
2026-04-24T14:02:24+00:00,5081,2.4
2026-04-24T14:02:30+00:00,5078,2.4
2026-04-24T14:02:35+00:00,5075,4.8
2026-04-24T14:02:40+00:00,5082,2.4
2026-04-24T14:02:45+00:00,5065,7.5
2026-04-24T14:02:51+00:00,5073,4.8
2026-04-24T14:02:56+00:00,5066,0
2026-04-24T14:03:01+00:00,5075,4.8
2026-04-24T14:03:06+00:00,5068,26.4
2026-04-24T14:03:11+00:00,5069,0
2026-04-24T14:03:17+00:00,5074,2.4
2026-04-24T14:03:22+00:00,5077,7.3
2026-04-24T14:03:27+00:00,5084,46.3
2026-04-24T14:03:32+00:00,5165,33.3
2026-04-24T14:03:38+00:00,5203,0
2026-04-24T14:03:43+00:00,5196,4.8
2026-04-24T14:03:48+00:00,5211,15
2026-04-24T14:03:53+00:00,5227,2.4
2026-04-24T14:03:58+00:00,5224,2.4
2026-04-24T14:04:04+00:00,5216,2.5
2026-04-24T14:04:09+00:00,5226,9.8
2026-04-24T14:04:14+00:00,5222,4.8
2026-04-24T14:04:19+00:00,5227,30
2026-04-24T14:04:25+00:00,5233,2.4
2026-04-24T14:04:30+00:00,5220,7.2
2026-04-24T14:04:35+00:00,5236,2.4
2026-04-24T14:04:40+00:00,5231,4.8
2026-04-24T14:04:45+00:00,5230,2.4
2026-04-24T14:04:51+00:00,5224,2.4
2026-04-24T14:04:56+00:00,5238,23.8
2026-04-24T14:05:01+00:00,5245,9.7
2026-04-24T14:05:06+00:00,5237,9.7
2026-04-24T14:05:12+00:00,5128,2.4
2026-04-24T14:05:17+00:00,5134,0
2026-04-24T14:05:22+00:00,5140,28.2
2026-04-24T14:05:27+00:00,5141,21.9
2026-04-24T14:05:32+00:00,5138,4.8
2026-04-24T14:05:38+00:00,5140,7.2
2026-04-24T14:05:43+00:00,5114,4.8
2026-04-24T14:05:48+00:00,5128,2.4
2026-04-24T14:05:53+00:00,5119,2.4
2026-04-24T14:05:58+00:00,5134,2.4
2026-04-24T14:06:04+00:00,5137,4.8
2026-04-24T14:06:09+00:00,5132,2.4
2026-04-24T14:06:14+00:00,5140,7.3
2026-04-24T14:06:19+00:00,5146,4.8
2026-04-24T14:06:25+00:00,5147,19
2026-04-24T14:06:30+00:00,5152,2.4
2026-04-24T14:06:35+00:00,5129,0
2026-04-24T14:06:40+00:00,5132,2.4
2026-04-24T14:06:45+00:00,5138,19.6
2026-04-24T14:06:51+00:00,5156,19.5
2026-04-24T14:06:56+00:00,5149,20
2026-04-24T14:07:01+00:00,5152,4.8
2026-04-24T14:07:06+00:00,5158,2.4
2026-04-24T14:07:12+00:00,5143,46.4
2026-04-24T14:07:17+00:00,5158,2.4
2026-04-24T14:07:22+00:00,5147,7.2
2026-04-24T14:07:27+00:00,5148,12.5
2026-04-24T14:07:32+00:00,5145,2.4
2026-04-24T14:07:38+00:00,5145,2.4
2026-04-24T14:07:43+00:00,5140,2.4
2026-04-24T14:07:48+00:00,5136,2.4
2026-04-24T14:07:53+00:00,5155,2.4
2026-04-24T14:07:59+00:00,5155,5
2026-04-24T14:08:04+00:00,5140,2.4
2026-04-24T14:08:09+00:00,5150,0
2026-04-24T14:08:14+00:00,5151,4.8
2026-04-24T14:08:19+00:00,5153,4.8
2026-04-24T14:08:25+00:00,5149,46.4
2026-04-24T14:08:30+00:00,5141,14.3
2026-04-24T14:08:35+00:00,5153,2.4
2026-04-24T14:08:40+00:00,5155,2.4
2026-04-24T14:08:46+00:00,5148,4.8
2026-04-24T14:08:51+00:00,5145,4.8
2026-04-24T14:08:56+00:00,5158,2.4
2026-04-24T14:09:01+00:00,5164,4.8
2026-04-24T14:09:06+00:00,5161,7.3
2026-04-24T14:09:12+00:00,5150,4.8
2026-04-24T14:09:17+00:00,5164,7.2
2026-04-24T14:09:22+00:00,5146,2.4
2026-04-24T14:09:27+00:00,5151,7.3
2026-04-24T14:09:32+00:00,5147,0
2026-04-24T14:09:38+00:00,5154,4.8
2026-04-24T14:09:43+00:00,5145,9.8
2026-04-24T14:09:48+00:00,5156,2.4
2026-04-24T14:09:53+00:00,5155,2.4
2026-04-24T14:09:59+00:00,5160,11.9
2026-04-24T14:10:04+00:00,5153,9.8
2026-04-24T14:10:09+00:00,5268,17.5
2026-04-24T14:10:14+00:00,5167,2.4
2026-04-24T14:10:19+00:00,5167,32.5
2026-04-24T14:10:25+00:00,5193,4.8
2026-04-24T14:10:30+00:00,5179,69.2
2026-04-24T14:10:35+00:00,5177,7.3
2026-04-24T14:10:40+00:00,5167,32.5
2026-04-24T14:10:46+00:00,5160,9.7
2026-04-24T14:10:51+00:00,5148,42.5
2026-04-24T14:10:56+00:00,5169,2.4
2026-04-24T14:11:01+00:00,5171,25
2026-04-24T14:11:06+00:00,5172,7.3
2026-04-24T14:11:12+00:00,5161,16.3
2026-04-24T14:11:17+00:00,5165,12.5
2026-04-24T14:11:22+00:00,5160,16.7
2026-04-24T14:11:27+00:00,5161,14.3
2026-04-24T14:11:33+00:00,5185,40
2026-04-24T14:11:38+00:00,5170,2.4
2026-04-24T14:11:43+00:00,5189,4.8
2026-04-24T14:11:48+00:00,5203,4.9
2026-04-24T14:11:53+00:00,5180,7.3
2026-04-24T14:11:59+00:00,5190,2.5
2026-04-24T14:12:04+00:00,5180,4.9
2026-04-24T14:12:09+00:00,5203,4.8
2026-04-24T14:12:14+00:00,5203,4.8
2026-04-24T14:12:20+00:00,5181,12.8
2026-04-24T14:12:25+00:00,5196,17.5
2026-04-24T14:12:30+00:00,5209,19.6
2026-04-24T14:12:35+00:00,5182,5
2026-04-24T14:12:40+00:00,5200,7
2026-04-24T14:12:46+00:00,5196,4.8
2026-04-24T14:12:51+00:00,5212,2.4
2026-04-24T14:12:56+00:00,5207,4.9
2026-04-24T14:13:01+00:00,5210,2.4
2026-04-24T14:13:07+00:00,5217,9.7
2026-04-24T14:13:12+00:00,5191,2.4
2026-04-24T14:13:17+00:00,5210,23.8
2026-04-24T14:13:22+00:00,5218,41.1
2026-04-24T14:13:27+00:00,5206,2.5
2026-04-24T14:13:33+00:00,5203,4.8
2026-04-24T14:13:38+00:00,5210,2.4
2026-04-24T14:13:43+00:00,5216,4.8
2026-04-24T14:13:48+00:00,5207,5
2026-04-24T14:13:53+00:00,5211,4.9
2026-04-24T14:13:59+00:00,5198,4.8
2026-04-24T14:14:04+00:00,5211,7.3
2026-04-24T14:14:09+00:00,5214,2.4
2026-04-24T14:14:14+00:00,5189,7.3
2026-04-24T14:14:20+00:00,5213,4.8
2026-04-24T14:14:25+00:00,5213,2.4
2026-04-24T14:14:30+00:00,5215,2.4
2026-04-24T14:14:35+00:00,5216,33.3
2026-04-24T14:14:40+00:00,5209,16.7
2026-04-24T14:14:46+00:00,5193,7
2026-04-24T14:14:51+00:00,5213,4.8
2026-04-24T14:14:56+00:00,5210,7.5
2026-04-24T14:15:01+00:00,5211,7.3
2026-04-24T14:15:07+00:00,5224,2.5
2026-04-24T14:15:12+00:00,5195,4.8
2026-04-24T14:15:17+00:00,5211,4.8
2026-04-24T14:15:22+00:00,5225,40
2026-04-24T14:15:27+00:00,5206,7.5
2026-04-24T14:15:33+00:00,5199,4.8
2026-04-24T14:15:38+00:00,5212,26.9
2026-04-24T14:15:43+00:00,5201,4.8
2026-04-24T14:15:48+00:00,5212,36.6
2026-04-24T14:15:54+00:00,5222,2.5
2026-04-24T14:15:59+00:00,5224,73.8
2026-04-24T14:16:04+00:00,5216,27
2026-04-24T14:16:09+00:00,5210,45
2026-04-24T14:16:14+00:00,5206,7.2
2026-04-24T14:16:20+00:00,5204,11.9
2026-04-24T14:16:25+00:00,5199,4.8
2026-04-24T14:16:30+00:00,5204,7
2026-04-24T14:16:35+00:00,5216,2.4
2026-04-24T14:16:41+00:00,5210,29.3
2026-04-24T14:16:46+00:00,5200,2.4
2026-04-24T14:16:51+00:00,5207,7.2
2026-04-24T14:16:56+00:00,5188,12.2
2026-04-24T14:17:01+00:00,5231,2.5
2026-04-24T14:17:07+00:00,5226,7.3
2026-04-24T14:17:12+00:00,5189,2.5
2026-04-24T14:17:17+00:00,5204,4.8
2026-04-24T14:17:22+00:00,5216,27.5
2026-04-24T14:17:28+00:00,5223,4.9
2026-04-24T14:17:33+00:00,5215,2.4
2026-04-24T14:17:38+00:00,5217,28
2026-04-24T14:17:43+00:00,5196,2.4
2026-04-24T14:17:48+00:00,5203,4.8
2026-04-24T14:17:54+00:00,5208,22
2026-04-24T14:17:59+00:00,5212,7.2
2026-04-24T14:18:04+00:00,5218,7.2
2026-04-24T14:18:09+00:00,5222,7.2
2026-04-24T14:18:15+00:00,5209,2.4
2026-04-24T14:18:20+00:00,5219,2.4
2026-04-24T14:18:25+00:00,5218,4.8
2026-04-24T14:18:30+00:00,5226,4.8
2026-04-24T14:18:35+00:00,5221,5
2026-04-24T14:18:41+00:00,5217,4.8
2026-04-24T14:18:46+00:00,5217,2.4
2026-04-24T14:18:51+00:00,5214,29.3
2026-04-24T14:18:56+00:00,5221,4.8
2026-04-24T14:19:01+00:00,5218,4.8
2026-04-24T14:19:07+00:00,5225,2.4
2026-04-24T14:19:12+00:00,5231,7.3
2026-04-24T14:19:17+00:00,5208,4.8
2026-04-24T14:19:22+00:00,5224,12.5
2026-04-24T14:19:28+00:00,5232,2.5
2026-04-24T14:19:33+00:00,5222,4.8
2026-04-24T14:19:38+00:00,5221,7.3
2026-04-24T14:19:43+00:00,5161,5.1
2026-04-24T14:19:48+00:00,5197,5
2026-04-24T14:19:54+00:00,5172,14.3
2026-04-24T14:19:59+00:00,5165,7.3
2026-04-24T14:20:04+00:00,5175,4.9
2026-04-24T14:20:09+00:00,5178,14
2026-04-24T14:20:15+00:00,5180,9.3
2026-04-24T14:20:20+00:00,5177,9.5
2026-04-24T14:20:25+00:00,5188,4.9
2026-04-24T14:20:30+00:00,5172,4.9
2026-04-24T14:20:35+00:00,5169,9.7
2026-04-24T14:20:41+00:00,5171,14.3
2026-04-24T14:20:46+00:00,5172,12.9
2026-04-24T14:20:51+00:00,5184,20
2026-04-24T14:20:56+00:00,5175,12.2
2026-04-24T14:21:02+00:00,5165,5
2026-04-24T14:21:07+00:00,5177,26.1
2026-04-24T14:21:12+00:00,5177,4.8
2026-04-24T14:21:17+00:00,5234,31.8
2026-04-24T14:21:22+00:00,5232,7.2
2026-04-24T14:21:28+00:00,5199,50
2026-04-24T14:21:33+00:00,5160,5
2026-04-24T14:21:38+00:00,5168,56.1
2026-04-24T14:21:43+00:00,5153,4.8
2026-04-24T14:21:49+00:00,5152,18.7
2026-04-24T14:21:54+00:00,5165,2.4
2026-04-24T14:21:59+00:00,5164,7.1
2026-04-24T14:22:04+00:00,5160,4.8
2026-04-24T14:22:09+00:00,5161,7.3
2026-04-24T14:22:15+00:00,5165,2.4
2026-04-24T14:22:20+00:00,5164,2.4
2026-04-24T14:22:25+00:00,5159,2.4
2026-04-24T14:22:30+00:00,5149,21.4
2026-04-24T14:22:35+00:00,5162,4.8
2026-04-24T14:22:41+00:00,5157,10
2026-04-24T14:22:46+00:00,5158,2.4
2026-04-24T14:22:51+00:00,5198,68.3
2026-04-24T14:22:56+00:00,5390,9.6
2026-04-24T14:23:02+00:00,5939,72.1
2026-04-24T14:23:07+00:00,4795,93.1
2026-04-24T14:23:12+00:00,4894,83.4
2026-04-24T14:23:17+00:00,4996,4.8
2026-04-24T14:23:23+00:00,4961,47.5
2026-04-24T14:23:28+00:00,4976,14.7
2026-04-24T14:23:33+00:00,5165,31.8
2026-04-24T14:23:38+00:00,5227,4.8
2026-04-24T14:23:43+00:00,5156,9.4
2026-04-24T14:23:49+00:00,5110,22
2026-04-24T14:23:54+00:00,5122,4.8
2026-04-24T14:23:59+00:00,5039,2.5
2026-04-24T14:24:04+00:00,4968,5
2026-04-24T14:24:10+00:00,4947,14.3
2026-04-24T14:24:15+00:00,4937,38.5
2026-04-24T14:24:20+00:00,4939,12.5
2026-04-24T14:24:25+00:00,4945,4.8
2026-04-24T14:24:30+00:00,5141,4.8
2026-04-24T14:24:36+00:00,5136,36.6
2026-04-24T14:24:41+00:00,5116,7.2
2026-04-24T14:24:46+00:00,5073,4.8
2026-04-24T14:24:51+00:00,5008,19.6
2026-04-24T14:24:57+00:00,4953,34.2
2026-04-24T14:25:02+00:00,4953,4.8
2026-04-24T14:25:07+00:00,4950,45
2026-04-24T14:25:12+00:00,4955,19.6
2026-04-24T14:25:17+00:00,4952,21.4
2026-04-24T14:25:23+00:00,4974,4.8
2026-04-24T14:25:28+00:00,4956,4.8
2026-04-24T14:25:33+00:00,4954,7.5
2026-04-24T14:25:38+00:00,4952,4.8
2026-04-24T14:25:43+00:00,5137,2.4
2026-04-24T14:25:49+00:00,5142,7.3
2026-04-24T14:25:54+00:00,5139,7
2026-04-24T14:25:59+00:00,5094,5
2026-04-24T14:26:04+00:00,5101,7.2
2026-04-24T14:26:10+00:00,5112,4.8
2026-04-24T14:26:15+00:00,5104,7.2
2026-04-24T14:26:20+00:00,5029,2.4
2026-04-24T14:26:25+00:00,5035,5
2026-04-24T14:26:30+00:00,5047,4.8
2026-04-24T14:26:36+00:00,5044,2.5
2026-04-24T14:26:41+00:00,5014,4.8
2026-04-24T14:26:46+00:00,5032,0
2026-04-24T14:26:51+00:00,5044,4.8
2026-04-24T14:26:57+00:00,5050,54
2026-04-24T14:27:02+00:00,5045,30.9
2026-04-24T14:27:07+00:00,5041,2.5
2026-04-24T14:27:12+00:00,5036,30
2026-04-24T14:27:17+00:00,5051,4.8
2026-04-24T14:27:23+00:00,5039,4.8
2026-04-24T14:27:28+00:00,5051,4.8
2026-04-24T14:27:33+00:00,5057,2.4
2026-04-24T14:27:38+00:00,5052,48.8
2026-04-24T14:27:44+00:00,5045,2.5
2026-04-24T14:27:49+00:00,5051,42.5
2026-04-24T14:27:54+00:00,5058,12.2
2026-04-24T14:27:59+00:00,5086,36.6
2026-04-24T14:28:04+00:00,5088,7.3
2026-04-24T14:28:10+00:00,5209,68.4
2026-04-24T14:28:15+00:00,5208,9.8
2026-04-24T14:28:20+00:00,5180,23.3
2026-04-24T14:28:25+00:00,5225,7.2
2026-04-24T14:28:31+00:00,5238,2.4
2026-04-24T14:28:36+00:00,5227,26.9
2026-04-24T14:28:41+00:00,5167,5
2026-04-24T14:28:46+00:00,5091,19
2026-04-24T14:28:51+00:00,5085,11.7
2026-04-24T14:28:57+00:00,5077,4.8
2026-04-24T14:29:02+00:00,5014,2.4
2026-04-24T14:29:07+00:00,5029,7.2
2026-04-24T14:29:12+00:00,5008,47.5
2026-04-24T14:29:18+00:00,5018,2.4
2026-04-24T14:29:23+00:00,5009,16.6
2026-04-24T14:29:28+00:00,5030,21.4
2026-04-24T14:29:33+00:00,5019,4.8
2026-04-24T14:29:38+00:00,5029,7.2
2026-04-24T14:29:44+00:00,5019,2.4
2026-04-24T14:29:49+00:00,5021,2.4
2026-04-24T14:29:54+00:00,5017,4.8
2026-04-24T14:29:59+00:00,5028,9.7
2026-04-24T14:30:04+00:00,5031,2.4
2026-04-24T14:30:10+00:00,5033,52.5
2026-04-24T14:30:15+00:00,5017,2.4
2026-04-24T14:30:20+00:00,5013,5
2026-04-24T14:30:25+00:00,5011,4.9
2026-04-24T14:30:31+00:00,5022,4.8
2026-04-24T14:30:36+00:00,5214,41.4
2026-04-24T14:30:41+00:00,5180,24.4
2026-04-24T14:30:46+00:00,5192,2.5
2026-04-24T14:30:51+00:00,5151,38.5
2026-04-24T14:30:57+00:00,5144,4.9
2026-04-24T14:31:02+00:00,5063,7.2
2026-04-24T14:31:07+00:00,5090,2.4
2026-04-24T14:31:12+00:00,5054,45
2026-04-24T14:31:18+00:00,5065,7.2
2026-04-24T14:31:23+00:00,5218,40
2026-04-24T14:31:28+00:00,5218,2.4
2026-04-24T14:31:33+00:00,5226,2.4
2026-04-24T14:31:38+00:00,5183,7.2
2026-04-24T14:31:44+00:00,5174,7.2
2026-04-24T14:31:49+00:00,5108,7.3
2026-04-24T14:31:54+00:00,5109,14.6
2026-04-24T14:31:59+00:00,5042,2.4
2026-04-24T14:32:05+00:00,5044,4.8
2026-04-24T14:32:10+00:00,5043,2.5
2026-04-24T14:32:15+00:00,5039,4.8
2026-04-24T14:32:20+00:00,5045,5
2026-04-24T14:32:25+00:00,5050,31
2026-04-24T14:32:31+00:00,5244,68.3
2026-04-24T14:32:36+00:00,5258,4.8
2026-04-24T14:32:41+00:00,5218,60
2026-04-24T14:32:46+00:00,5207,7.2
2026-04-24T14:32:52+00:00,5131,42.9
2026-04-24T14:32:57+00:00,5314,4.8
2026-04-24T14:33:02+00:00,5253,14.2
2026-04-24T14:33:07+00:00,5236,4.8
2026-04-24T14:33:12+00:00,5193,24.4
2026-04-24T14:33:18+00:00,5205,7.3
2026-04-24T14:33:23+00:00,5183,2.4
2026-04-24T14:33:28+00:00,5180,4.8
2026-04-24T14:33:33+00:00,5186,2.4
2026-04-24T14:33:39+00:00,5194,7.3
2026-04-24T14:33:44+00:00,5201,20
2026-04-24T14:33:49+00:00,5211,45
2026-04-24T14:33:54+00:00,5212,17.1
2026-04-24T14:33:59+00:00,5218,4.8
2026-04-24T14:34:05+00:00,5211,4.8
2026-04-24T14:34:10+00:00,5209,30.7
2026-04-24T14:34:15+00:00,5129,35.7
2026-04-24T14:34:20+00:00,5057,2.4
2026-04-24T14:34:26+00:00,5055,0
2026-04-24T14:34:31+00:00,5052,4.8
2026-04-24T14:34:36+00:00,5063,2.4
2026-04-24T14:34:41+00:00,5042,7.5
2026-04-24T14:34:46+00:00,5064,9.5
2026-04-24T14:34:52+00:00,5070,7.2
2026-04-24T14:34:57+00:00,5063,7.3
2026-04-24T14:35:02+00:00,5046,34.1
2026-04-24T14:35:07+00:00,5053,4.8
2026-04-24T14:35:13+00:00,5068,2.4
2026-04-24T14:35:18+00:00,5073,7.2
2026-04-24T14:35:23+00:00,5046,7.3
2026-04-24T14:35:28+00:00,5067,4.8
2026-04-24T14:35:33+00:00,5060,4.8
2026-04-24T14:35:39+00:00,5074,7.2
2026-04-24T14:35:44+00:00,5071,7.2
2026-04-24T14:35:49+00:00,5072,2.4
2026-04-24T14:35:54+00:00,5082,2.4
2026-04-24T14:35:59+00:00,5079,25
2026-04-24T14:36:05+00:00,5084,17.1
2026-04-24T14:36:10+00:00,5073,46.3
2026-04-24T14:36:15+00:00,5083,14.6
2026-04-24T14:36:20+00:00,5082,28.6
2026-04-24T14:36:26+00:00,5238,70.7
2026-04-24T14:36:31+00:00,5235,14.6
2026-04-24T14:36:36+00:00,5239,4.8
2026-04-24T14:36:41+00:00,5206,7.2
2026-04-24T14:36:46+00:00,5210,2.4
2026-04-24T14:36:52+00:00,5213,2.5
2026-04-24T14:36:57+00:00,5229,46.1
2026-04-24T14:37:02+00:00,5237,7.5
2026-04-24T14:37:07+00:00,5253,55
2026-04-24T14:37:13+00:00,5242,2.4
2026-04-24T14:37:18+00:00,5276,2.4
2026-04-24T14:37:23+00:00,5279,9.7
2026-04-24T14:37:28+00:00,5262,31.8
2026-04-24T14:37:33+00:00,5275,2.5
2026-04-24T14:37:39+00:00,5274,4.8
2026-04-24T14:37:44+00:00,5273,7.3
2026-04-24T14:37:49+00:00,5276,7.2
2026-04-24T14:37:54+00:00,5215,23.8
2026-04-24T14:38:00+00:00,5213,12.8
2026-04-24T14:38:05+00:00,5223,2.4
2026-04-24T14:38:10+00:00,5224,7.2
2026-04-24T14:38:15+00:00,5223,4.8
2026-04-24T14:38:20+00:00,5218,7.2
2026-04-24T14:38:26+00:00,5212,4.8
2026-04-24T14:38:31+00:00,5232,4.8
2026-04-24T14:38:36+00:00,5229,7.3
2026-04-24T14:38:41+00:00,5270,46.3
2026-04-24T14:38:47+00:00,5385,5
2026-04-24T14:38:52+00:00,5400,2.5
2026-04-24T14:38:57+00:00,5408,5
2026-04-24T14:39:02+00:00,5355,2.4
2026-04-24T14:39:07+00:00,5354,9.5
2026-04-24T14:39:13+00:00,5336,7.2
2026-04-24T14:39:18+00:00,5146,37.5
2026-04-24T14:39:23+00:00,5135,33.3
2026-04-24T14:39:28+00:00,5138,7.3
2026-04-24T14:39:34+00:00,5142,2.4
2026-04-24T14:39:39+00:00,5143,4.8
2026-04-24T14:39:44+00:00,5138,7.3
2026-04-24T14:39:49+00:00,5147,30.9
2026-04-24T14:39:54+00:00,5308,84.1
2026-04-24T14:40:00+00:00,5356,31.8
2026-04-24T14:40:05+00:00,5336,4.8
2026-04-24T14:40:10+00:00,5357,2.4
2026-04-24T14:40:15+00:00,5316,4.8
2026-04-24T14:40:21+00:00,5335,4.8
2026-04-24T14:40:26+00:00,5343,2.5
2026-04-24T14:40:31+00:00,5317,7.3
2026-04-24T14:40:36+00:00,5265,26.2
2026-04-24T14:40:41+00:00,5252,2.5
2026-04-24T14:40:47+00:00,5428,45.3
2026-04-24T14:40:52+00:00,5427,9.8
2026-04-24T14:40:57+00:00,5417,19.5
2026-04-24T14:41:02+00:00,5409,39
2026-04-24T14:41:08+00:00,5412,7.3
2026-04-24T14:41:13+00:00,5408,4.8
2026-04-24T14:41:18+00:00,5403,4.8
2026-04-24T14:41:23+00:00,5413,4.8
2026-04-24T14:41:28+00:00,5297,22
2026-04-24T14:41:34+00:00,5304,23.8
2026-04-24T14:41:39+00:00,5274,95.6
2026-04-24T14:41:44+00:00,5434,9.6
2026-04-24T14:41:49+00:00,5439,5
2026-04-24T14:41:55+00:00,5446,4.9
2026-04-24T14:42:00+00:00,5410,2.4
2026-04-24T14:42:05+00:00,5430,52.3
2026-04-24T14:42:10+00:00,5435,46.4
2026-04-24T14:42:15+00:00,5410,4.8
2026-04-24T14:42:21+00:00,5415,9.5
2026-04-24T14:42:26+00:00,5349,17.1
2026-04-24T14:42:31+00:00,5349,20
2026-04-24T14:42:36+00:00,5533,100
2026-04-24T14:42:42+00:00,5495,2.4
2026-04-24T14:42:47+00:00,5504,23.8
2026-04-24T14:42:52+00:00,5488,7.3
2026-04-24T14:42:57+00:00,5457,21.9
2026-04-24T14:43:02+00:00,5476,25
2026-04-24T14:43:08+00:00,5431,4.8
2026-04-24T14:43:13+00:00,5314,39.1
2026-04-24T14:43:18+00:00,5316,33.3
2026-04-24T14:43:23+00:00,5325,7.2
2026-04-24T14:43:29+00:00,5319,4.8
2026-04-24T14:43:34+00:00,5315,4.8
2026-04-24T14:43:39+00:00,5442,4.6
2026-04-24T14:43:44+00:00,5462,4.8
2026-04-24T14:43:49+00:00,5465,4.9
2026-04-24T14:43:55+00:00,5325,19.5
2026-04-24T14:44:00+00:00,5331,43.9
2026-04-24T14:44:05+00:00,5335,16.6
2026-04-24T14:44:10+00:00,5338,9.6
2026-04-24T14:44:16+00:00,5473,2.4
2026-04-24T14:44:21+00:00,5487,5
2026-04-24T14:44:26+00:00,5477,9.8
2026-04-24T14:44:31+00:00,5483,2.5
2026-04-24T14:44:36+00:00,5372,4.8
2026-04-24T14:44:42+00:00,5365,9.7
2026-04-24T14:44:47+00:00,5378,7.3
2026-04-24T14:44:52+00:00,5488,23.8
2026-04-24T14:44:57+00:00,5488,4.8
2026-04-24T14:45:03+00:00,5491,7.2
2026-04-24T14:45:08+00:00,5385,2.4
2026-04-24T14:45:13+00:00,5365,12.2
2026-04-24T14:45:18+00:00,5363,4.8
2026-04-24T14:45:23+00:00,5375,7.3
2026-04-24T14:45:29+00:00,5383,43.9
2026-04-24T14:45:34+00:00,5376,42.5
2026-04-24T14:45:39+00:00,5370,2.4
2026-04-24T14:45:44+00:00,5384,41.5
2026-04-24T14:45:49+00:00,5371,4.8
2026-04-24T14:45:55+00:00,5375,4.8
2026-04-24T14:46:00+00:00,5383,4.8
2026-04-24T14:46:05+00:00,5375,21.4
2026-04-24T14:46:10+00:00,5382,4.8
2026-04-24T14:46:16+00:00,5375,2.5
2026-04-24T14:46:21+00:00,5389,2.4
2026-04-24T14:46:26+00:00,5375,2.5
2026-04-24T14:46:31+00:00,5390,9.8
2026-04-24T14:46:36+00:00,5380,2.4
2026-04-24T14:46:42+00:00,5378,41.4
2026-04-24T14:46:47+00:00,5374,2.4
2026-04-24T14:46:52+00:00,5380,34.1
2026-04-24T14:46:57+00:00,5383,15
2026-04-24T14:47:03+00:00,5376,2.4
2026-04-24T14:47:08+00:00,5383,7.3
2026-04-24T14:47:13+00:00,5381,2.4
2026-04-24T14:47:18+00:00,5392,25
2026-04-24T14:47:23+00:00,5392,2.4
2026-04-24T14:47:29+00:00,5386,2.4
2026-04-24T14:47:34+00:00,5381,4.8
2026-04-24T14:47:39+00:00,5389,27.5
2026-04-24T14:47:44+00:00,5385,18.6
2026-04-24T14:47:50+00:00,5395,17.1
2026-04-24T14:47:55+00:00,5377,4.8
2026-04-24T14:48:00+00:00,5393,2.4
2026-04-24T14:48:05+00:00,5391,2.4
2026-04-24T14:48:10+00:00,5386,2.5
2026-04-24T14:48:16+00:00,5387,4.6
2026-04-24T14:48:21+00:00,5372,7.2
2026-04-24T14:48:26+00:00,5364,9.7
2026-04-24T14:48:31+00:00,5374,4.8
2026-04-24T14:48:37+00:00,5366,2.5
2026-04-24T14:48:42+00:00,5374,97.7
2026-04-24T14:48:47+00:00,5502,35
2026-04-24T14:48:52+00:00,5505,4.8
2026-04-24T14:48:57+00:00,5479,7
2026-04-24T14:49:03+00:00,5373,7.3
2026-04-24T14:49:08+00:00,5372,2.5
2026-04-24T14:49:13+00:00,5353,4.8
2026-04-24T14:49:18+00:00,5360,2.4
2026-04-24T14:49:24+00:00,5362,7.2
2026-04-24T14:49:29+00:00,5358,9.6
2026-04-24T14:49:34+00:00,5345,15
2026-04-24T14:49:39+00:00,5364,4.8
2026-04-24T14:49:44+00:00,5358,2.4
2026-04-24T14:49:50+00:00,5368,19
2026-04-24T14:49:55+00:00,5378,46.4
2026-04-24T14:50:00+00:00,5374,26.8
2026-04-24T14:50:05+00:00,5363,23.8
2026-04-24T14:50:11+00:00,5370,43.6
2026-04-24T14:50:16+00:00,5357,2.4
2026-04-24T14:50:21+00:00,5373,2.4
2026-04-24T14:50:26+00:00,5383,7.5
2026-04-24T14:50:31+00:00,5374,22
2026-04-24T14:50:37+00:00,5383,19
2026-04-24T14:50:42+00:00,5340,7.3
2026-04-24T14:50:47+00:00,5363,39
2026-04-24T14:50:52+00:00,5379,7.2
2026-04-24T14:50:57+00:00,5374,0
2026-04-24T14:51:03+00:00,5372,4.8
2026-04-24T14:51:08+00:00,5377,4.8
2026-04-24T14:51:13+00:00,5365,4.8
2026-04-24T14:51:18+00:00,5373,2.4
2026-04-24T14:51:24+00:00,5396,31.7
2026-04-24T14:51:29+00:00,5380,5
2026-04-24T14:51:34+00:00,5369,0
2026-04-24T14:51:39+00:00,5376,2.4
2026-04-24T14:51:44+00:00,5374,4.8
2026-04-24T14:51:50+00:00,5383,41.5
2026-04-24T14:51:55+00:00,5377,12.2
2026-04-24T14:52:00+00:00,5376,30
2026-04-24T14:52:05+00:00,5382,4.8
2026-04-24T14:52:11+00:00,5397,2.4
2026-04-24T14:52:16+00:00,5387,2.4
2026-04-24T14:52:21+00:00,5374,7.3
2026-04-24T14:52:26+00:00,5398,24.4
2026-04-24T14:52:31+00:00,5407,0
2026-04-24T14:52:37+00:00,5413,27.5
2026-04-24T14:52:42+00:00,5407,4.8
2026-04-24T14:52:47+00:00,5423,4.8
2026-04-24T14:52:52+00:00,5419,32.5
2026-04-24T14:52:58+00:00,5408,2.4
2026-04-24T14:53:03+00:00,5427,7.2
2026-04-24T14:53:08+00:00,5427,26.8
2026-04-24T14:53:13+00:00,5415,2.4
2026-04-24T14:53:18+00:00,5430,7
2026-04-24T14:53:24+00:00,5420,7.5
2026-04-24T14:53:29+00:00,5439,4.9
2026-04-24T14:53:34+00:00,5421,2.4
2026-04-24T14:53:39+00:00,5430,4.8
2026-04-24T14:53:45+00:00,5427,0
2026-04-24T14:53:50+00:00,5433,46.3
2026-04-24T14:53:55+00:00,5437,7.3
2026-04-24T14:54:00+00:00,5598,29.3
2026-04-24T14:54:05+00:00,5598,2.4
2026-04-24T14:54:11+00:00,5603,7.5
2026-04-24T14:54:16+00:00,5557,20
2026-04-24T14:54:21+00:00,5462,4.8
2026-04-24T14:54:26+00:00,5452,7
2026-04-24T14:54:32+00:00,5550,41
2026-04-24T14:54:37+00:00,5547,4.8
2026-04-24T14:54:42+00:00,5525,20.6
2026-04-24T14:54:47+00:00,5433,9.6
2026-04-24T14:54:52+00:00,5426,47.7
2026-04-24T14:54:58+00:00,5427,33.3
2026-04-24T14:55:03+00:00,5435,4.8
2026-04-24T14:55:08+00:00,5427,7.2
2026-04-24T14:55:13+00:00,5421,2.5
2026-04-24T14:55:19+00:00,5418,2.4
2026-04-24T14:55:24+00:00,5431,5
2026-04-24T14:55:29+00:00,5435,2.5
2026-04-24T14:55:34+00:00,5421,2.5
2026-04-24T14:55:39+00:00,5435,2.4
2026-04-24T14:55:45+00:00,5441,4.8
2026-04-24T14:55:50+00:00,5441,42.8
2026-04-24T14:55:55+00:00,5446,4.8
2026-04-24T14:56:00+00:00,5458,19.5
2026-04-24T14:56:05+00:00,5442,20
2026-04-24T14:56:11+00:00,5442,16.3
2026-04-24T14:56:16+00:00,5437,7.2
2026-04-24T14:56:21+00:00,5441,4.8
2026-04-24T14:56:26+00:00,5434,4.9
2026-04-24T14:56:32+00:00,5432,0
2026-04-24T14:56:37+00:00,5443,7.2
2026-04-24T14:56:42+00:00,5446,4.8
2026-04-24T14:56:47+00:00,5438,4.8
2026-04-24T14:56:52+00:00,5433,35
2026-04-24T14:56:58+00:00,5433,2.4
2026-04-24T14:57:03+00:00,5438,23.1
2026-04-24T14:57:08+00:00,5442,4.8
2026-04-24T14:57:13+00:00,5445,39.1
2026-04-24T14:57:19+00:00,5438,4.8
2026-04-24T14:57:24+00:00,5440,2.5
2026-04-24T14:57:29+00:00,5450,2.4
2026-04-24T14:57:34+00:00,5440,4.8
2026-04-24T14:57:39+00:00,5441,2.4
2026-04-24T14:57:45+00:00,5435,19
2026-04-24T14:57:50+00:00,5451,17.1
2026-04-24T14:57:55+00:00,5446,17.5
2026-04-24T14:58:00+00:00,5437,43.6
2026-04-24T14:58:06+00:00,5437,35
2026-04-24T14:58:11+00:00,5442,62.5
2026-04-24T14:58:16+00:00,5451,4.8
2026-04-24T14:58:21+00:00,5446,7.3
2026-04-24T14:58:26+00:00,5442,4.8
2026-04-24T14:58:32+00:00,5462,4.8
2026-04-24T14:58:37+00:00,5442,2.4
2026-04-24T14:58:42+00:00,5428,2.4
2026-04-24T14:58:47+00:00,5452,41.1
2026-04-24T14:58:53+00:00,5474,37.5
2026-04-24T14:58:58+00:00,5786,56.1
2026-04-24T14:59:03+00:00,6485,30.9
2026-04-24T14:59:08+00:00,7630,100
2026-04-24T14:59:13+00:00,7781,2.4
2026-04-24T14:59:19+00:00,7782,15
2026-04-24T14:59:24+00:00,7685,4.8
2026-04-24T14:59:29+00:00,7008,2.5
2026-04-24T14:59:34+00:00,6998,7.2
2026-04-24T14:59:40+00:00,7006,17.1
2026-04-24T14:59:45+00:00,6992,22.5
2026-04-24T14:59:50+00:00,7009,4.8
2026-04-24T14:59:55+00:00,7001,2.4
2026-04-24T15:00:00+00:00,7008,2.4
2026-04-24T15:00:06+00:00,6991,41.5
2026-04-24T15:00:11+00:00,7001,4.9
2026-04-24T15:00:16+00:00,7000,4.8
2026-04-24T15:00:21+00:00,6996,2.4
2026-04-24T15:00:27+00:00,6989,0
2026-04-24T15:00:32+00:00,7009,0
2026-04-24T15:00:37+00:00,7004,41.4
2026-04-24T15:00:42+00:00,6995,2.6
2026-04-24T15:00:47+00:00,7008,20.5
2026-04-24T15:00:53+00:00,7004,4.7
2026-04-24T15:00:58+00:00,7009,4.8
2026-04-24T15:01:03+00:00,7006,2.4
2026-04-24T15:01:08+00:00,7002,2.4
2026-04-24T15:01:14+00:00,7002,75
2026-04-24T15:01:19+00:00,6999,7.2
2026-04-24T15:01:24+00:00,7005,34.2
2026-04-24T15:01:29+00:00,7023,4.8
2026-04-24T15:01:34+00:00,7006,2.4
2026-04-24T15:01:40+00:00,7012,4.8
2026-04-24T15:01:45+00:00,6993,2.4
2026-04-24T15:01:50+00:00,7012,2.5
2026-04-24T15:01:55+00:00,7001,7.5
2026-04-24T15:02:00+00:00,6997,7.5
2026-04-24T15:02:06+00:00,7007,4.8
2026-04-24T15:02:11+00:00,7015,4.8
2026-04-24T15:02:16+00:00,7006,4.8
2026-04-24T15:02:21+00:00,7004,2.4
2026-04-24T15:02:27+00:00,6988,2.4
2026-04-24T15:02:32+00:00,7009,2.4
2026-04-24T15:02:37+00:00,7015,2.5
2026-04-24T15:02:42+00:00,6995,4.6
2026-04-24T15:02:47+00:00,7010,2.4
2026-04-24T15:02:53+00:00,7011,42.5
2026-04-24T15:02:58+00:00,6997,4.8
2026-04-24T15:03:03+00:00,7009,2.4
2026-04-24T15:03:08+00:00,7000,2.4
2026-04-24T15:03:14+00:00,7015,32.5
2026-04-24T15:03:19+00:00,7021,4.8
2026-04-24T15:03:24+00:00,7007,4.9
2026-04-24T15:03:29+00:00,7009,7.2
2026-04-24T15:03:34+00:00,7010,7
2026-04-24T15:03:40+00:00,7010,25
2026-04-24T15:03:45+00:00,7006,7.2
2026-04-24T15:03:50+00:00,7015,4.8
2026-04-24T15:03:55+00:00,7009,9.5
2026-04-24T15:04:01+00:00,7010,0
2026-04-24T15:04:06+00:00,7015,2.4
2026-04-24T15:04:11+00:00,6991,4.8
2026-04-24T15:04:16+00:00,7000,4.8
2026-04-24T15:04:21+00:00,7005,41.5
2026-04-24T15:04:27+00:00,7004,21.9
2026-04-24T15:04:32+00:00,7015,42.5
2026-04-24T15:04:37+00:00,7011,22
2026-04-24T15:04:42+00:00,7002,2.4
2026-04-24T15:04:48+00:00,7010,2.4
2026-04-24T15:04:53+00:00,7017,2.5
2026-04-24T15:04:58+00:00,7015,7.2
2026-04-24T15:05:03+00:00,7001,7.3
2026-04-24T15:05:08+00:00,7011,17.5
2026-04-24T15:05:14+00:00,7000,15
2026-04-24T15:05:19+00:00,7000,0
2026-04-24T15:05:24+00:00,7024,2.4
2026-04-24T15:05:29+00:00,7013,4.8
2026-04-24T15:05:35+00:00,7020,4.8
2026-04-24T15:05:40+00:00,7020,4.8
2026-04-24T15:05:45+00:00,7002,2.4
2026-04-24T15:05:50+00:00,7007,2.4
2026-04-24T15:05:55+00:00,7013,2.5
2026-04-24T15:06:01+00:00,7012,2.4
2026-04-24T15:06:06+00:00,7016,7.3
2026-04-24T15:06:11+00:00,7005,19.6
2026-04-24T15:06:16+00:00,7012,4.8
2026-04-24T15:06:21+00:00,7022,2.4
2026-04-24T15:06:27+00:00,7007,2.4
2026-04-24T15:06:32+00:00,6999,4.8
2026-04-24T15:06:37+00:00,7008,4.8
2026-04-24T15:06:42+00:00,7001,27.9
2026-04-24T15:06:48+00:00,7011,5
2026-04-24T15:06:53+00:00,7010,2.4
2026-04-24T15:06:58+00:00,7014,17.1
2026-04-24T15:07:03+00:00,7025,19.5
2026-04-24T15:07:08+00:00,7020,29.3
2026-04-24T15:07:14+00:00,7009,43.9
2026-04-24T15:07:19+00:00,7009,16.7
2026-04-24T15:07:24+00:00,7010,33.4
2026-04-24T15:07:29+00:00,7022,4.7
2026-04-24T15:07:35+00:00,7023,2.4
2026-04-24T15:07:40+00:00,7019,2.4
2026-04-24T15:07:45+00:00,7018,2.4
2026-04-24T15:07:50+00:00,7021,4.8
2026-04-24T15:07:55+00:00,7005,4.8
2026-04-24T15:08:01+00:00,7008,4.8
2026-04-24T15:08:06+00:00,7012,2.4
2026-04-24T15:08:11+00:00,7008,7
2026-04-24T15:08:16+00:00,7023,4.8
2026-04-24T15:08:22+00:00,7023,4.8
2026-04-24T15:08:27+00:00,7012,11.9
2026-04-24T15:08:32+00:00,7024,0
2026-04-24T15:08:37+00:00,7038,4.8
2026-04-24T15:08:42+00:00,7018,87.8
2026-04-24T15:08:48+00:00,7029,14.6
2026-04-24T15:08:53+00:00,7025,7.5
2026-04-24T15:08:58+00:00,7020,15
2026-04-24T15:09:03+00:00,7019,28.6
2026-04-24T15:09:09+00:00,7031,4.8
2026-04-24T15:09:14+00:00,7011,4.8
2026-04-24T15:09:19+00:00,7024,2.5
2026-04-24T15:09:24+00:00,7001,7.2
2026-04-24T15:09:29+00:00,7030,4.8
2026-04-24T15:09:35+00:00,7025,28.2
2026-04-24T15:09:40+00:00,7017,7.3
2026-04-24T15:09:45+00:00,7019,0
2026-04-24T15:09:50+00:00,7020,2.4
2026-04-24T15:09:56+00:00,7016,2.4
2026-04-24T15:10:01+00:00,7015,4.8
2026-04-24T15:10:06+00:00,7018,4.8
2026-04-24T15:10:11+00:00,7012,41
2026-04-24T15:10:16+00:00,7027,7.3
2026-04-24T15:10:22+00:00,7039,4.8
2026-04-24T15:10:27+00:00,7022,2.4
2026-04-24T15:10:32+00:00,7021,59.6
2026-04-24T15:10:37+00:00,7026,14.7
2026-04-24T15:10:42+00:00,7014,42.5
2026-04-24T15:10:48+00:00,7026,16.3
2026-04-24T15:10:53+00:00,7031,4.8
2026-04-24T15:10:58+00:00,7018,2.5
2026-04-24T15:11:03+00:00,7026,4.8
2026-04-24T15:11:09+00:00,7029,17
2026-04-24T15:11:14+00:00,7018,4.8
2026-04-24T15:11:19+00:00,7043,4.8
2026-04-24T15:11:24+00:00,7039,7.2
2026-04-24T15:11:29+00:00,7025,2.4
2026-04-24T15:11:35+00:00,7018,2.4
2026-04-24T15:11:40+00:00,7033,2.4
2026-04-24T15:11:45+00:00,7022,4.8
2026-04-24T15:11:50+00:00,7032,4.8
2026-04-24T15:11:56+00:00,7028,41
2026-04-24T15:12:01+00:00,7027,4.8
2026-04-24T15:12:06+00:00,7028,4.8
2026-04-24T15:12:11+00:00,7025,9.8
2026-04-24T15:12:16+00:00,7028,9.6
2026-04-24T15:12:22+00:00,7021,23.1
2026-04-24T15:12:27+00:00,7025,21.9
2026-04-24T15:12:32+00:00,7035,7.3
2026-04-24T15:12:37+00:00,7030,52.5
2026-04-24T15:12:43+00:00,7010,30
2026-04-24T15:12:48+00:00,7027,4.6
2026-04-24T15:12:53+00:00,7035,4.8
2026-04-24T15:12:58+00:00,7034,2.4
2026-04-24T15:13:03+00:00,7039,19.5
2026-04-24T15:13:09+00:00,7032,2.5
2026-04-24T15:13:14+00:00,7020,7.2
2026-04-24T15:13:19+00:00,7016,40.4
2026-04-24T15:13:24+00:00,7016,2.4
2026-04-24T15:13:30+00:00,7034,2.5
2026-04-24T15:13:35+00:00,7026,42.5
2026-04-24T15:13:40+00:00,7033,4.6
2026-04-24T15:13:45+00:00,7022,2.4
2026-04-24T15:13:50+00:00,7021,7.2
2026-04-24T15:13:56+00:00,7025,19.1
2026-04-24T15:14:01+00:00,7040,16.6
2026-04-24T15:14:06+00:00,7036,0
2026-04-24T15:14:11+00:00,7030,37.5
2026-04-24T15:14:16+00:00,7036,9.8
2026-04-24T15:14:22+00:00,7030,2.4
2026-04-24T15:14:27+00:00,7044,14.6
2026-04-24T15:14:32+00:00,7028,2.4
2026-04-24T15:14:37+00:00,7019,2.4
2026-04-24T15:14:43+00:00,7016,17.5
2026-04-24T15:14:48+00:00,7023,2.4
2026-04-24T15:14:53+00:00,7042,2.4
2026-04-24T15:14:58+00:00,7024,4.8
2026-04-24T15:15:03+00:00,7037,4.9
2026-04-24T15:15:09+00:00,7048,41.9
2026-04-24T15:15:14+00:00,7023,0
2026-04-24T15:15:19+00:00,7036,4.8
2026-04-24T15:15:24+00:00,7030,4.8
2026-04-24T15:15:30+00:00,7030,4.8
2026-04-24T15:15:35+00:00,7041,5
2026-04-24T15:15:40+00:00,7037,12.2
2026-04-24T15:15:45+00:00,7024,4.8
2026-04-24T15:15:50+00:00,7035,4.8
2026-04-24T15:15:56+00:00,7037,7.2
2026-04-24T15:16:01+00:00,7048,12.2
2026-04-24T15:16:06+00:00,7056,12.8
2026-04-24T15:16:11+00:00,7033,23.8
2026-04-24T15:16:17+00:00,7033,7.3
2026-04-24T15:16:22+00:00,7037,4.8
2026-04-24T15:16:27+00:00,7042,20
2026-04-24T15:16:32+00:00,7047,2.4
2026-04-24T15:16:37+00:00,7034,14.2
2026-04-24T15:16:43+00:00,7036,39.5
2026-04-24T15:16:48+00:00,7043,2.4
2026-04-24T15:16:53+00:00,7030,0
2026-04-24T15:16:58+00:00,7039,4.8
2026-04-24T15:17:04+00:00,7035,2.4
2026-04-24T15:17:09+00:00,7032,4.8
2026-04-24T15:17:14+00:00,7035,41.5
2026-04-24T15:17:19+00:00,7047,4.8
2026-04-24T15:17:24+00:00,7040,2.4
2026-04-24T15:17:30+00:00,7033,4.8
2026-04-24T15:17:35+00:00,7029,4.8
2026-04-24T15:17:40+00:00,7042,17.1
2026-04-24T15:17:45+00:00,7030,0
2026-04-24T15:17:51+00:00,7045,31.7
2026-04-24T15:17:56+00:00,7035,9.5
2026-04-24T15:18:01+00:00,7032,9.8
2026-04-24T15:18:06+00:00,7036,4.8
2026-04-24T15:18:11+00:00,7023,31
2026-04-24T15:18:17+00:00,7046,7.3
2026-04-24T15:18:22+00:00,7057,2.4
2026-04-24T15:18:27+00:00,7045,12.2
2026-04-24T15:18:32+00:00,7029,39
2026-04-24T15:18:38+00:00,7040,29.3
2026-04-24T15:18:43+00:00,7026,2.4
2026-04-24T15:18:48+00:00,7039,4.6
2026-04-24T15:18:53+00:00,7044,4.8
2026-04-24T15:18:58+00:00,7042,4.8
2026-04-24T15:19:04+00:00,7047,4.8
2026-04-24T15:19:09+00:00,7040,5
2026-04-24T15:19:14+00:00,7047,50
2026-04-24T15:19:19+00:00,7048,2.4
2026-04-24T15:19:24+00:00,7048,4.8
2026-04-24T15:19:30+00:00,7041,4.8
2026-04-24T15:19:35+00:00,7026,4.8
2026-04-24T15:19:40+00:00,7043,4.8
2026-04-24T15:19:45+00:00,7048,42.5
2026-04-24T15:19:51+00:00,7051,4.6
2026-04-24T15:19:56+00:00,7047,14.7
2026-04-24T15:20:01+00:00,7039,2.4
2026-04-24T15:20:06+00:00,7043,4.8
2026-04-24T15:20:11+00:00,7050,2.4
2026-04-24T15:20:17+00:00,7056,4.8
2026-04-24T15:20:22+00:00,7045,46.3
2026-04-24T15:20:27+00:00,7053,7.3
2026-04-24T15:20:32+00:00,7036,2.4
2026-04-24T15:20:38+00:00,7054,4.8
2026-04-24T15:20:43+00:00,7043,2.4
2026-04-24T15:20:48+00:00,7045,14.3
2026-04-24T15:20:53+00:00,7055,2.4
2026-04-24T15:20:58+00:00,7053,9.5
2026-04-24T15:21:04+00:00,7045,2.4
2026-04-24T15:21:09+00:00,7066,2.4
2026-04-24T15:21:14+00:00,7061,2.4
2026-04-24T15:21:19+00:00,7058,4.8
2026-04-24T15:21:25+00:00,7057,4.8
2026-04-24T15:21:30+00:00,7051,12.2
2026-04-24T15:21:35+00:00,7084,32.5
2026-04-24T15:21:40+00:00,7068,2.4
2026-04-24T15:21:45+00:00,7046,4.9
2026-04-24T15:21:51+00:00,7048,4.8
2026-04-24T15:21:56+00:00,7058,4.9
2026-04-24T15:22:01+00:00,7065,2.4
2026-04-24T15:22:06+00:00,7064,2.4
2026-04-24T15:22:12+00:00,7052,4.8
2026-04-24T15:22:17+00:00,7057,2.5
2026-04-24T15:22:22+00:00,7056,2.4
2026-04-24T15:22:27+00:00,7050,14.6
2026-04-24T15:22:32+00:00,7058,15
2026-04-24T15:22:38+00:00,7054,2.4
2026-04-24T15:22:43+00:00,7042,45
2026-04-24T15:22:48+00:00,7062,26.2
2026-04-24T15:22:53+00:00,7067,4.8
2026-04-24T15:22:59+00:00,7063,2.5
2026-04-24T15:23:04+00:00,7066,7
2026-04-24T15:23:09+00:00,7057,4.8
2026-04-24T15:23:14+00:00,7050,2.4
2026-04-24T15:23:19+00:00,7055,11.9
2026-04-24T15:23:25+00:00,7059,17.1
2026-04-24T15:23:30+00:00,7057,4.8
2026-04-24T15:23:35+00:00,7050,2.4
2026-04-24T15:23:40+00:00,7062,2.4
2026-04-24T15:23:45+00:00,7053,4.8
2026-04-24T15:23:51+00:00,7058,2.4
2026-04-24T15:23:56+00:00,7056,9.8
2026-04-24T15:24:01+00:00,7076,2.4
2026-04-24T15:24:06+00:00,7072,4.8
2026-04-24T15:24:12+00:00,7048,4.8
2026-04-24T15:24:17+00:00,7045,4.8
2026-04-24T15:24:22+00:00,7076,2.5
2026-04-24T15:24:27+00:00,7070,11.9
2026-04-24T15:24:32+00:00,7068,40
2026-04-24T15:24:38+00:00,7064,5
2026-04-24T15:24:43+00:00,7061,4.8
2026-04-24T15:24:48+00:00,7066,2.4
2026-04-24T15:24:53+00:00,7071,2.4
2026-04-24T15:24:59+00:00,7070,2.4
2026-04-24T15:25:04+00:00,7064,2.5
2026-04-24T15:25:09+00:00,7058,4.8
2026-04-24T15:25:14+00:00,7061,15
2026-04-24T15:25:19+00:00,7062,2.4
2026-04-24T15:25:25+00:00,7064,4.8
2026-04-24T15:25:30+00:00,7064,2.5
2026-04-24T15:25:35+00:00,7064,4.8
2026-04-24T15:25:40+00:00,7071,9.4
2026-04-24T15:25:46+00:00,7074,4.8
2026-04-24T15:25:51+00:00,7065,4.8
2026-04-24T15:25:56+00:00,7061,19.5
2026-04-24T15:26:01+00:00,7061,2.4
2026-04-24T15:26:06+00:00,7069,0
2026-04-24T15:26:12+00:00,7073,30
2026-04-24T15:26:17+00:00,7075,7.3
2026-04-24T15:26:22+00:00,7088,4.8
2026-04-24T15:26:27+00:00,7067,12.5
2026-04-24T15:26:33+00:00,7077,58.5
2026-04-24T15:26:38+00:00,7088,4.8
2026-04-24T15:26:43+00:00,7079,2.5
2026-04-24T15:26:48+00:00,7067,11.7
2026-04-24T15:26:53+00:00,7080,9.5
2026-04-24T15:26:59+00:00,7068,2.5
2026-04-24T15:27:04+00:00,7071,17.1
2026-04-24T15:27:09+00:00,7081,7
2026-04-24T15:27:14+00:00,7053,2.4
2026-04-24T15:27:20+00:00,7071,2.4
2026-04-24T15:27:25+00:00,7075,4.8
2026-04-24T15:27:30+00:00,7079,72.1
2026-04-24T15:27:35+00:00,7074,4.8
2026-04-24T15:27:40+00:00,7082,7
2026-04-24T15:27:46+00:00,7071,4.8
2026-04-24T15:27:51+00:00,7074,4.8
2026-04-24T15:27:56+00:00,7081,4.8
2026-04-24T15:28:01+00:00,7096,4.8
2026-04-24T15:28:06+00:00,7081,17.5
2026-04-24T15:28:12+00:00,7061,0
2026-04-24T15:28:17+00:00,7079,0
2026-04-24T15:28:22+00:00,7080,2.5
2026-04-24T15:28:27+00:00,7064,12.2
2026-04-24T15:28:33+00:00,7072,36.6
2026-04-24T15:28:38+00:00,7074,0
2026-04-24T15:28:43+00:00,7080,9.8
2026-04-24T15:28:48+00:00,7092,15
2026-04-24T15:28:53+00:00,7081,30
2026-04-24T15:28:59+00:00,7085,4.8
2026-04-24T15:29:04+00:00,7072,23.1
2026-04-24T15:29:09+00:00,7083,2.4
2026-04-24T15:29:14+00:00,7084,2.4
2026-04-24T15:29:20+00:00,7088,4.8
2026-04-24T15:29:25+00:00,7082,2.4
2026-04-24T15:29:30+00:00,7090,4.8
2026-04-24T15:29:35+00:00,7088,4.8
2026-04-24T15:29:40+00:00,7100,4.8
2026-04-24T15:29:46+00:00,7091,4.8
2026-04-24T15:29:51+00:00,7096,7.2
2026-04-24T15:29:56+00:00,7091,2.4
2026-04-24T15:30:01+00:00,7080,4.8
2026-04-24T15:30:07+00:00,7080,2.4
2026-04-24T15:30:12+00:00,7070,2.4
2026-04-24T15:30:17+00:00,7079,2.4
2026-04-24T15:30:22+00:00,7075,4.8
2026-04-24T15:30:27+00:00,7087,2.4
2026-04-24T15:30:33+00:00,7086,92.9
2026-04-24T15:30:38+00:00,7084,16.6
2026-04-24T15:30:43+00:00,7095,19
2026-04-24T15:30:48+00:00,7089,2.4
2026-04-24T15:30:54+00:00,7078,4.8
2026-04-24T15:30:59+00:00,7074,4.8
2026-04-24T15:31:04+00:00,7075,4.8
2026-04-24T15:31:09+00:00,7075,4.8
2026-04-24T15:31:14+00:00,7085,9.7
2026-04-24T15:31:20+00:00,7081,4.6
2026-04-24T15:31:25+00:00,7071,58.6
2026-04-24T15:31:30+00:00,7082,4.8
2026-04-24T15:31:35+00:00,7077,4.6
2026-04-24T15:31:41+00:00,7079,21.5
2026-04-24T15:31:46+00:00,7092,4.8
2026-04-24T15:31:51+00:00,7094,5
2026-04-24T15:31:56+00:00,7086,4.8
2026-04-24T15:32:01+00:00,7077,2.5
2026-04-24T15:32:07+00:00,7081,39.1
2026-04-24T15:32:12+00:00,7081,2.4
2026-04-24T15:32:17+00:00,7076,4.8
2026-04-24T15:32:22+00:00,7086,4.8
2026-04-24T15:32:28+00:00,7082,19.5
2026-04-24T15:32:33+00:00,7087,60.9
2026-04-24T15:32:38+00:00,7074,4.8
2026-04-24T15:32:43+00:00,7077,4.8
2026-04-24T15:32:48+00:00,7088,2.5
2026-04-24T15:32:54+00:00,7086,4.8
2026-04-24T15:32:59+00:00,7094,2.4
2026-04-24T15:33:04+00:00,7093,4.8
2026-04-24T15:33:09+00:00,7094,4.8
2026-04-24T15:33:14+00:00,7075,2.4
2026-04-24T15:33:20+00:00,7091,4.8
2026-04-24T15:33:25+00:00,7076,2.4
2026-04-24T15:33:30+00:00,7097,0
2026-04-24T15:33:35+00:00,7084,7.3
2026-04-24T15:33:41+00:00,7087,56.1
2026-04-24T15:33:46+00:00,7088,2.4
2026-04-24T15:33:51+00:00,7096,2.4
2026-04-24T15:33:56+00:00,7090,29.3
2026-04-24T15:34:01+00:00,7083,2.4
2026-04-24T15:34:07+00:00,7092,0
2026-04-24T15:34:12+00:00,7091,11.9
2026-04-24T15:34:17+00:00,7100,12.5
2026-04-24T15:34:22+00:00,7100,23.8
2026-04-24T15:34:28+00:00,7086,4.8
2026-04-24T15:34:33+00:00,7092,2.4
2026-04-24T15:34:38+00:00,7093,2.4
2026-04-24T15:34:43+00:00,7077,4.8
2026-04-24T15:34:48+00:00,7084,7.5
2026-04-24T15:34:54+00:00,7069,2.4
2026-04-24T15:34:59+00:00,7084,4.8
2026-04-24T15:35:04+00:00,7084,2.4
2026-04-24T15:35:09+00:00,7092,12.2
2026-04-24T15:35:15+00:00,7092,9.8
2026-04-24T15:35:20+00:00,7073,2.4
2026-04-24T15:35:25+00:00,7093,7
2026-04-24T15:35:30+00:00,7085,2.4
2026-04-24T15:35:35+00:00,7091,4.8
2026-04-24T15:35:41+00:00,7088,4.8
2026-04-24T15:35:46+00:00,7083,4.8
2026-04-24T15:35:51+00:00,7093,2.4
2026-04-24T15:35:56+00:00,7090,12.5
2026-04-24T15:36:02+00:00,7087,2.4
2026-04-24T15:36:07+00:00,7091,14.6
2026-04-24T15:36:12+00:00,7067,18
2026-04-24T15:36:17+00:00,7093,2.4
2026-04-24T15:36:22+00:00,7094,9.7
2026-04-24T15:36:28+00:00,7072,7.2
2026-04-24T15:36:33+00:00,7081,7.3
2026-04-24T15:36:38+00:00,7085,14.3
2026-04-24T15:36:43+00:00,7088,4.8
2026-04-24T15:36:49+00:00,7080,4.8
2026-04-24T15:36:54+00:00,7080,14.3
2026-04-24T15:36:59+00:00,7086,4.8
2026-04-24T15:37:04+00:00,7085,4.8
2026-04-24T15:37:09+00:00,7097,19.1
2026-04-24T15:37:15+00:00,7082,4.8
2026-04-24T15:37:20+00:00,7086,4.8
2026-04-24T15:37:25+00:00,7088,9.8
2026-04-24T15:37:30+00:00,7093,2.4
2026-04-24T15:37:35+00:00,7096,2.4
2026-04-24T15:37:41+00:00,7097,7.3
2026-04-24T15:37:46+00:00,7098,2.4
2026-04-24T15:37:51+00:00,7091,2.4
2026-04-24T15:37:56+00:00,7101,23.8
2026-04-24T15:38:02+00:00,7094,15
2026-04-24T15:38:07+00:00,7099,4.8
2026-04-24T15:38:12+00:00,7079,2.4
2026-04-24T15:38:17+00:00,7073,37.5
2026-04-24T15:38:22+00:00,7085,4.8
2026-04-24T15:38:28+00:00,7085,4.8
2026-04-24T15:38:33+00:00,7084,14.3
2026-04-24T15:38:38+00:00,7095,2.4
2026-04-24T15:38:43+00:00,7060,4.9
2026-04-24T15:38:49+00:00,7086,4.8
2026-04-24T15:38:54+00:00,7097,5
2026-04-24T15:38:59+00:00,7096,4.8
2026-04-24T15:39:04+00:00,7090,2.4
2026-04-24T15:39:09+00:00,7099,4.8
2026-04-24T15:39:15+00:00,7089,4.8
2026-04-24T15:39:20+00:00,7094,28.2
2026-04-24T15:39:25+00:00,7101,2.4
2026-04-24T15:39:30+00:00,7091,9.6
2026-04-24T15:39:36+00:00,7099,2.5
2026-04-24T15:39:41+00:00,7085,12.2
2026-04-24T15:39:46+00:00,7086,2.4
2026-04-24T15:39:51+00:00,7098,9.7
2026-04-24T15:39:56+00:00,7096,47.6
2026-04-24T15:40:02+00:00,7100,4.8
2026-04-24T15:40:07+00:00,7100,4.8
2026-04-24T15:40:12+00:00,7087,4.9
2026-04-24T15:40:17+00:00,7102,4.8
2026-04-24T15:40:23+00:00,7101,24.4
2026-04-24T15:40:28+00:00,7090,2.4
2026-04-24T15:40:33+00:00,7106,19.6
2026-04-24T15:40:38+00:00,7099,2.4
2026-04-24T15:40:43+00:00,7096,2.4
2026-04-24T15:40:49+00:00,7103,4.8
2026-04-24T15:40:54+00:00,7097,0
2026-04-24T15:40:59+00:00,7103,2.4
2026-04-24T15:41:04+00:00,7109,4.8
2026-04-24T15:41:09+00:00,7103,2.4
2026-04-24T15:41:15+00:00,7102,9.8
2026-04-24T15:41:20+00:00,7099,39.1
2026-04-24T15:41:25+00:00,7092,26.9
2026-04-24T15:41:30+00:00,7098,4.8
2026-04-24T15:41:36+00:00,7102,4.6
2026-04-24T15:41:41+00:00,7107,30
2026-04-24T15:41:46+00:00,7109,4.8
2026-04-24T15:41:51+00:00,7098,9.3
2026-04-24T15:41:56+00:00,7100,2.4
2026-04-24T15:42:02+00:00,7099,4.8
2026-04-24T15:42:07+00:00,7105,2.4
2026-04-24T15:42:12+00:00,7088,19
2026-04-24T15:42:17+00:00,7104,4.8
2026-04-24T15:42:23+00:00,7115,37.5
2026-04-24T15:42:28+00:00,7104,7.2
2026-04-24T15:42:33+00:00,7112,4.8
2026-04-24T15:42:38+00:00,7111,41.1
2026-04-24T15:42:43+00:00,7110,2.4
2026-04-24T15:42:49+00:00,7107,7.2
2026-04-24T15:42:54+00:00,7099,2.4
2026-04-24T15:42:59+00:00,7109,5
2026-04-24T15:43:04+00:00,7104,4.8
2026-04-24T15:43:10+00:00,7117,2.4
2026-04-24T15:43:15+00:00,7117,2.4
2026-04-24T15:43:20+00:00,7113,7.3
2026-04-24T15:43:25+00:00,7110,17.1
2026-04-24T15:43:30+00:00,7107,22.5
2026-04-24T15:43:36+00:00,7117,47.6
2026-04-24T15:43:41+00:00,7111,4.9
2026-04-24T15:43:46+00:00,7106,15
2026-04-24T15:43:51+00:00,7112,2.4
2026-04-24T15:43:57+00:00,7095,2.4
2026-04-24T15:44:02+00:00,7117,2.4
2026-04-24T15:44:07+00:00,7092,4.8
2026-04-24T15:44:12+00:00,7098,11.9
2026-04-24T15:44:17+00:00,7111,4.8
2026-04-24T15:44:23+00:00,7109,74.4
2026-04-24T15:44:28+00:00,7112,10
2026-04-24T15:44:33+00:00,7120,7.3
2026-04-24T15:44:38+00:00,7120,2.4
2026-04-24T15:44:44+00:00,7111,2.4
2026-04-24T15:44:49+00:00,7126,2.4
2026-04-24T15:44:54+00:00,7114,4.8
2026-04-24T15:44:59+00:00,7117,0
2026-04-24T15:45:04+00:00,7094,2.4
2026-04-24T15:45:10+00:00,7110,4.8
2026-04-24T15:45:15+00:00,7107,69
2026-04-24T15:45:20+00:00,7110,27.9
2026-04-24T15:45:25+00:00,7114,4.8
2026-04-24T15:45:30+00:00,7104,0
2026-04-24T15:45:36+00:00,7116,4.8
2026-04-24T15:45:41+00:00,7092,2.4
2026-04-24T15:45:46+00:00,7111,2.5
2026-04-24T15:45:51+00:00,7120,2.4
2026-04-24T15:45:57+00:00,7112,38.1
2026-04-24T15:46:02+00:00,7114,2.4
2026-04-24T15:46:07+00:00,7128,2.4
2026-04-24T15:46:12+00:00,7133,4.8
2026-04-24T15:46:17+00:00,7127,2.4
2026-04-24T15:46:23+00:00,7118,38.1
2026-04-24T15:46:28+00:00,7114,7
2026-04-24T15:46:33+00:00,7123,4.9
2026-04-24T15:46:38+00:00,7117,16.7
2026-04-24T15:46:44+00:00,7103,2.4
2026-04-24T15:46:49+00:00,7123,2.4
2026-04-24T15:46:54+00:00,7137,2.5
2026-04-24T15:46:59+00:00,7129,2.4
2026-04-24T15:47:04+00:00,7124,4.9
2026-04-24T15:47:10+00:00,7125,4.8
2026-04-24T15:47:15+00:00,7112,4.8
2026-04-24T15:47:20+00:00,7119,2.4
2026-04-24T15:47:25+00:00,7118,19.5
2026-04-24T15:47:31+00:00,7122,19.6
2026-04-24T15:47:36+00:00,7113,4.8
2026-04-24T15:47:41+00:00,7123,7.3
2026-04-24T15:47:46+00:00,7130,30.9
2026-04-24T15:47:51+00:00,7127,16.7
2026-04-24T15:47:57+00:00,7116,4.8
2026-04-24T15:48:02+00:00,7120,0
2026-04-24T15:48:07+00:00,7115,0
2026-04-24T15:48:12+00:00,7102,4.6
2026-04-24T15:48:18+00:00,7118,7.2
2026-04-24T15:48:23+00:00,7126,15
2026-04-24T15:48:28+00:00,7131,0
2026-04-24T15:48:33+00:00,7122,7.2
2026-04-24T15:48:38+00:00,7125,2.4
2026-04-24T15:48:44+00:00,7116,4.8
2026-04-24T15:48:49+00:00,7127,2.5
2026-04-24T15:48:54+00:00,7129,70.7
2026-04-24T15:48:59+00:00,7129,7
2026-04-24T15:49:05+00:00,7113,2.5
2026-04-24T15:49:10+00:00,7126,7
2026-04-24T15:49:15+00:00,7124,2.4
2026-04-24T15:49:20+00:00,7142,20
2026-04-24T15:49:25+00:00,7108,2.4
2026-04-24T15:49:31+00:00,7127,9.5
2026-04-24T15:49:36+00:00,7121,4.8
2026-04-24T15:49:41+00:00,7111,16.6
2026-04-24T15:49:46+00:00,7125,4.8
2026-04-24T15:49:51+00:00,7140,2.4
2026-04-24T15:49:57+00:00,7113,2.4
2026-04-24T15:50:02+00:00,7127,2.4
2026-04-24T15:50:07+00:00,7124,2.4
2026-04-24T15:50:12+00:00,7135,0
2026-04-24T15:50:18+00:00,7140,2.4
2026-04-24T15:50:23+00:00,7124,7
2026-04-24T15:50:28+00:00,7124,2.4
2026-04-24T15:50:33+00:00,7130,21.9
2026-04-24T15:50:38+00:00,7130,10
2026-04-24T15:50:44+00:00,7126,35.7
2026-04-24T15:50:49+00:00,7130,2.5
2026-04-24T15:50:54+00:00,7124,4.8
2026-04-24T15:50:59+00:00,7141,4.8
2026-04-24T15:51:05+00:00,7133,4.8
2026-04-24T15:51:10+00:00,7137,37.5
2026-04-24T15:51:15+00:00,7129,7.3
2026-04-24T15:51:20+00:00,7130,4.8
2026-04-24T15:51:25+00:00,7138,2.4
2026-04-24T15:51:31+00:00,7127,0
2026-04-24T15:51:36+00:00,7136,4.8
2026-04-24T15:51:41+00:00,7129,4.8
2026-04-24T15:51:46+00:00,7128,4.8
2026-04-24T15:51:52+00:00,7135,7.3
2026-04-24T15:51:57+00:00,7138,4.8
2026-04-24T15:52:02+00:00,7131,2.4
2026-04-24T15:52:07+00:00,7143,4.8
2026-04-24T15:52:12+00:00,7120,4.8
2026-04-24T15:52:18+00:00,7126,14.2
2026-04-24T15:52:23+00:00,7136,2.4
2026-04-24T15:52:28+00:00,7139,7.3
2026-04-24T15:52:33+00:00,7136,2.5
2026-04-24T15:52:39+00:00,7142,19.6
2026-04-24T15:52:44+00:00,7110,19.6
2026-04-24T15:52:49+00:00,7128,4.8
2026-04-24T15:52:54+00:00,7134,2.4
2026-04-24T15:52:59+00:00,7142,7.2
2026-04-24T15:53:05+00:00,7144,4.8
2026-04-24T15:53:10+00:00,7152,2.4
2026-04-24T15:53:15+00:00,7140,2.4
2026-04-24T15:53:20+00:00,7138,2.4
2026-04-24T15:53:25+00:00,7141,4.8
2026-04-24T15:53:31+00:00,7147,2.4
2026-04-24T15:53:36+00:00,7140,35.7
2026-04-24T15:53:41+00:00,7136,4.8
2026-04-24T15:53:46+00:00,7134,4.8
2026-04-24T15:53:52+00:00,7137,4.8
2026-04-24T15:53:57+00:00,7128,2.4
2026-04-24T15:54:02+00:00,7143,26.8
2026-04-24T15:54:07+00:00,7128,41.4
2026-04-24T15:54:12+00:00,7140,7.2
2026-04-24T15:54:18+00:00,7147,17.1
2026-04-24T15:54:23+00:00,7127,2.4
2026-04-24T15:54:28+00:00,7137,7.3
2026-04-24T15:54:33+00:00,7140,29.3
2026-04-24T15:54:39+00:00,7141,2.4
2026-04-24T15:54:44+00:00,7142,4.8
2026-04-24T15:54:49+00:00,7140,4.8
2026-04-24T15:54:54+00:00,7150,7.2
2026-04-24T15:54:59+00:00,7149,2.4
2026-04-24T15:55:05+00:00,7145,2.4
2026-04-24T15:55:10+00:00,7142,2.4
2026-04-24T15:55:15+00:00,7147,4.6
2026-04-24T15:55:20+00:00,7132,2.4
2026-04-24T15:55:26+00:00,7142,2.4
2026-04-24T15:55:31+00:00,7149,2.4
2026-04-24T15:55:36+00:00,7152,39
2026-04-24T15:55:41+00:00,7147,2.4
2026-04-24T15:55:46+00:00,7142,2.5
2026-04-24T15:55:52+00:00,7146,4.8
2026-04-24T15:55:57+00:00,7139,5
2026-04-24T15:56:02+00:00,7148,0
2026-04-24T15:56:07+00:00,7147,4.8
2026-04-24T15:56:13+00:00,7145,4.8
2026-04-24T15:56:18+00:00,7142,17.1
2026-04-24T15:56:23+00:00,7135,20
2026-04-24T15:56:28+00:00,7144,2.4
2026-04-24T15:56:33+00:00,7154,23.3
2026-04-24T15:56:39+00:00,7160,59.6
2026-04-24T15:56:44+00:00,7127,2.4
2026-04-24T15:56:49+00:00,7148,4.8
2026-04-24T15:56:54+00:00,7135,2.4
2026-04-24T15:57:00+00:00,7145,9.5
2026-04-24T15:57:05+00:00,7137,2.4
2026-04-24T15:57:10+00:00,7141,2.4
2026-04-24T15:57:15+00:00,7150,2.4
2026-04-24T15:57:20+00:00,7157,2.4
2026-04-24T15:57:26+00:00,7147,2.4
2026-04-24T15:57:31+00:00,7151,4.8
2026-04-24T15:57:36+00:00,7155,0
2026-04-24T15:57:41+00:00,7141,7.3
2026-04-24T15:57:46+00:00,7154,4.8
2026-04-24T15:57:52+00:00,7154,2.4
2026-04-24T15:57:57+00:00,7149,4.8
2026-04-24T15:58:02+00:00,7147,0
2026-04-24T15:58:07+00:00,7133,7
2026-04-24T15:58:13+00:00,7126,30
2026-04-24T15:58:18+00:00,7135,45
2026-04-24T15:58:23+00:00,7150,4.8
2026-04-24T15:58:28+00:00,7138,2.4
2026-04-24T15:58:33+00:00,7133,4.8
2026-04-24T15:58:39+00:00,7148,17.1
2026-04-24T15:58:44+00:00,7124,2.4
2026-04-24T15:58:49+00:00,7140,7.2
2026-04-24T15:58:54+00:00,7154,30.9
2026-04-24T15:59:00+00:00,7149,2.5
2026-04-24T15:59:05+00:00,7160,7.2
2026-04-24T15:59:10+00:00,7153,2.4
2026-04-24T15:59:15+00:00,7151,2.4
2026-04-24T15:59:20+00:00,7159,32.5
2026-04-24T15:59:26+00:00,7158,7.2
2026-04-24T15:59:31+00:00,7154,14.6
2026-04-24T15:59:36+00:00,7149,2.4
2026-04-24T15:59:41+00:00,7142,7.3
2026-04-24T15:59:47+00:00,7146,39.5
2026-04-24T15:59:52+00:00,7153,4.8
2026-04-24T15:59:57+00:00,7180,56.4
2026-04-24T16:00:02+00:00,7151,19.5
2026-04-24T16:00:07+00:00,7155,7
2026-04-24T16:00:13+00:00,7153,37.5
2026-04-24T16:00:18+00:00,7160,4.8
2026-04-24T16:00:23+00:00,7137,2.4
2026-04-24T16:00:28+00:00,7142,2.4
2026-04-24T16:00:34+00:00,7146,4.9
2026-04-24T16:00:39+00:00,7150,2.4
2026-04-24T16:00:44+00:00,7147,41.4
2026-04-24T16:00:49+00:00,7144,2.4
2026-04-24T16:00:54+00:00,7143,7
2026-04-24T16:01:00+00:00,7149,2.5
2026-04-24T16:01:05+00:00,7147,4.9
2026-04-24T16:01:10+00:00,7163,7.3
2026-04-24T16:01:15+00:00,7151,2.4
2026-04-24T16:01:21+00:00,7164,40
2026-04-24T16:01:26+00:00,7165,4.8
2026-04-24T16:01:31+00:00,7159,4.9
2026-04-24T16:01:36+00:00,7155,4.8
2026-04-24T16:01:41+00:00,7135,7.3
2026-04-24T16:01:47+00:00,7147,20
2026-04-24T16:01:52+00:00,7150,18
2026-04-24T16:01:57+00:00,7145,7.3
2026-04-24T16:02:02+00:00,7156,4.8
2026-04-24T16:02:07+00:00,7153,2.4
2026-04-24T16:02:13+00:00,7139,35.9
2026-04-24T16:02:18+00:00,7152,2.4
2026-04-24T16:02:23+00:00,7152,4.8
2026-04-24T16:02:28+00:00,7155,2.4
2026-04-24T16:02:34+00:00,7140,2.4
2026-04-24T16:02:39+00:00,7150,2.4
2026-04-24T16:02:44+00:00,7167,19.5
2026-04-24T16:02:49+00:00,7166,67.5
2026-04-24T16:02:54+00:00,7156,7.3
2026-04-24T16:03:00+00:00,7152,4.8
2026-04-24T16:03:05+00:00,7162,2.4
2026-04-24T16:03:10+00:00,7156,7.2
2026-04-24T16:03:15+00:00,7150,4.8
2026-04-24T16:03:21+00:00,7143,11.9
2026-04-24T16:03:26+00:00,7144,21.4
2026-04-24T16:03:31+00:00,7171,17.5
2026-04-24T16:03:36+00:00,7168,17.1
2026-04-24T16:03:41+00:00,7134,15
2026-04-24T16:03:47+00:00,7145,2.4
2026-04-24T16:03:52+00:00,7152,2.4
2026-04-24T16:03:57+00:00,7158,2.4
2026-04-24T16:04:02+00:00,7162,4.6
2026-04-24T16:04:08+00:00,7161,34.2
2026-04-24T16:04:13+00:00,7138,31.7
2026-04-24T16:04:18+00:00,7159,4.8
2026-04-24T16:04:23+00:00,7144,2.4
2026-04-24T16:04:28+00:00,7153,4.8
2026-04-24T16:04:34+00:00,7156,2.4
2026-04-24T16:04:39+00:00,7156,7.2
2026-04-24T16:04:44+00:00,7150,0
2026-04-24T16:04:49+00:00,7147,7
2026-04-24T16:04:55+00:00,7161,29.3
2026-04-24T16:05:00+00:00,7158,12.8
2026-04-24T16:05:05+00:00,7163,0
2026-04-24T16:05:10+00:00,7166,2.4
2026-04-24T16:05:15+00:00,7153,7.3
2026-04-24T16:05:21+00:00,7154,7.5
2026-04-24T16:05:26+00:00,7168,19
2026-04-24T16:05:31+00:00,7167,17.1
2026-04-24T16:05:36+00:00,7161,4.8
2026-04-24T16:05:42+00:00,7140,32.5
2026-04-24T16:05:47+00:00,7161,4.6
2026-04-24T16:05:52+00:00,7166,7.3
2026-04-24T16:05:57+00:00,7142,2.4
2026-04-24T16:06:02+00:00,7161,67.5
2026-04-24T16:06:08+00:00,7150,2.4
2026-04-24T16:06:13+00:00,7140,15
2026-04-24T16:06:18+00:00,7156,2.4
2026-04-24T16:06:23+00:00,7165,4.8
2026-04-24T16:06:29+00:00,7163,48.8
2026-04-24T16:06:34+00:00,7149,2.4
2026-04-24T16:06:39+00:00,7157,7
2026-04-24T16:06:44+00:00,7139,4.8
2026-04-24T16:06:49+00:00,7161,4.8
2026-04-24T16:06:55+00:00,7170,4.8
2026-04-24T16:07:00+00:00,7176,4.6
2026-04-24T16:07:05+00:00,7158,4.8
2026-04-24T16:07:10+00:00,7171,9.6
2026-04-24T16:07:15+00:00,7159,17.5
2026-04-24T16:07:21+00:00,7157,14.7
2026-04-24T16:07:26+00:00,7153,4.8
2026-04-24T16:07:31+00:00,7158,4.8
2026-04-24T16:07:36+00:00,7147,9.5
2026-04-24T16:07:42+00:00,7138,2.4
2026-04-24T16:07:47+00:00,7156,0
2026-04-24T16:07:52+00:00,7163,2.4
2026-04-24T16:07:57+00:00,7148,4.8
2026-04-24T16:08:02+00:00,7172,2.4
2026-04-24T16:08:08+00:00,7170,2.4
2026-04-24T16:08:13+00:00,7156,35.8
2026-04-24T16:08:18+00:00,7178,0
2026-04-24T16:08:23+00:00,7165,2.4
2026-04-24T16:08:29+00:00,7168,0
2026-04-24T16:08:34+00:00,7142,7.2
2026-04-24T16:08:39+00:00,7158,2.4
2026-04-24T16:08:44+00:00,7160,2.4
2026-04-24T16:08:49+00:00,7177,7.2
2026-04-24T16:08:55+00:00,7172,2.4
2026-04-24T16:09:00+00:00,7162,2.5
2026-04-24T16:09:05+00:00,7174,50
2026-04-24T16:09:10+00:00,7168,67.4
2026-04-24T16:09:16+00:00,7160,2.4
2026-04-24T16:09:21+00:00,7156,4.8
2026-04-24T16:09:26+00:00,7149,4.8
2026-04-24T16:09:31+00:00,7165,4.8
2026-04-24T16:09:36+00:00,7155,4.8
2026-04-24T16:09:42+00:00,7131,2.4
2026-04-24T16:09:47+00:00,7152,2.4
2026-04-24T16:09:52+00:00,7165,16.7
2026-04-24T16:09:57+00:00,7154,2.4
2026-04-24T16:10:03+00:00,7154,2.4
2026-04-24T16:10:08+00:00,7164,4.8
2026-04-24T16:10:13+00:00,7161,7.7
2026-04-24T16:10:18+00:00,7158,43.9
2026-04-24T16:10:23+00:00,7150,2.4
2026-04-24T16:10:29+00:00,7173,60
2026-04-24T16:10:34+00:00,7178,7.5
2026-04-24T16:10:39+00:00,7181,4.9
2026-04-24T16:10:44+00:00,7170,2.4
2026-04-24T16:10:50+00:00,7175,2.4
2026-04-24T16:10:55+00:00,7176,16.6
2026-04-24T16:11:00+00:00,7175,20
2026-04-24T16:11:05+00:00,7179,2.4
2026-04-24T16:11:10+00:00,7187,7.3
2026-04-24T16:11:16+00:00,7162,2.4
2026-04-24T16:11:21+00:00,7170,12.5
2026-04-24T16:11:26+00:00,7192,36.6
2026-04-24T16:11:31+00:00,7184,2.4
2026-04-24T16:11:37+00:00,7177,4.8
2026-04-24T16:11:42+00:00,7144,2.4
2026-04-24T16:11:47+00:00,7163,2.4
2026-04-24T16:11:52+00:00,7173,7.2
2026-04-24T16:11:57+00:00,7177,42.5
2026-04-24T16:12:03+00:00,7179,2.4
2026-04-24T16:12:08+00:00,7178,4.8
2026-04-24T16:12:13+00:00,7174,4.9
2026-04-24T16:12:18+00:00,7090,24.4
2026-04-24T16:12:23+00:00,7078,2.4
2026-04-24T16:12:29+00:00,7108,2.4
2026-04-24T16:12:34+00:00,7102,60
2026-04-24T16:12:39+00:00,7087,4.8
2026-04-24T16:12:44+00:00,7095,19
2026-04-24T16:12:50+00:00,7092,12.8
2026-04-24T16:12:55+00:00,7098,5
2026-04-24T16:13:00+00:00,7088,4.8
2026-04-24T16:13:05+00:00,7084,4.8
2026-04-24T16:13:10+00:00,7090,2.4
2026-04-24T16:13:16+00:00,7105,4.8
2026-04-24T16:13:21+00:00,7086,4.8
2026-04-24T16:13:26+00:00,7095,11.9
2026-04-24T16:13:31+00:00,7097,9.7
2026-04-24T16:13:37+00:00,7088,2.4
2026-04-24T16:13:42+00:00,7085,2.4
2026-04-24T16:13:47+00:00,7098,2.4
2026-04-24T16:13:52+00:00,7093,27.5
2026-04-24T16:13:57+00:00,7086,4.9
2026-04-24T16:14:03+00:00,7095,4.8
2026-04-24T16:14:08+00:00,7093,2.5
2026-04-24T16:14:13+00:00,7093,2.4
2026-04-24T16:14:18+00:00,7090,2.5
2026-04-24T16:14:24+00:00,7089,9.7
2026-04-24T16:14:29+00:00,7108,4.8
2026-04-24T16:14:34+00:00,7104,12.5
2026-04-24T16:14:39+00:00,7093,21.9
2026-04-24T16:14:44+00:00,7087,2.4
2026-04-24T16:14:50+00:00,7094,4.8
2026-04-24T16:14:55+00:00,7093,2.5
2026-04-24T16:15:00+00:00,7091,23.8
2026-04-24T16:15:05+00:00,7107,2.4
2026-04-24T16:15:11+00:00,7093,2.5
2026-04-24T16:15:16+00:00,7096,7.2
2026-04-24T16:15:21+00:00,7117,43.6
2026-04-24T16:15:26+00:00,7095,40.5
2026-04-24T16:15:31+00:00,7100,7.2
2026-04-24T16:15:37+00:00,7106,2.4
2026-04-24T16:15:42+00:00,7100,4.8
2026-04-24T16:15:47+00:00,7094,0
2026-04-24T16:15:52+00:00,7111,7.3
2026-04-24T16:15:57+00:00,7091,0
2026-04-24T16:16:03+00:00,7104,24.4
2026-04-24T16:16:08+00:00,7103,4.6
2026-04-24T16:16:13+00:00,7097,2.4
2026-04-24T16:16:18+00:00,7096,4.8
2026-04-24T16:16:24+00:00,7110,9.5
2026-04-24T16:16:29+00:00,7106,15
2026-04-24T16:16:34+00:00,7103,2.4
2026-04-24T16:16:39+00:00,7102,4.9
2026-04-24T16:16:44+00:00,7104,2.6
2026-04-24T16:16:50+00:00,7109,36.6
2026-04-24T16:16:55+00:00,7115,2.4
2026-04-24T16:17:00+00:00,7108,19.5
2026-04-24T16:17:05+00:00,7114,4.8
2026-04-24T16:17:11+00:00,7122,21.4
2026-04-24T16:17:16+00:00,7111,7
2026-04-24T16:17:21+00:00,7115,4.8
2026-04-24T16:17:26+00:00,7113,4.8
2026-04-24T16:17:31+00:00,7122,2.4
2026-04-24T16:17:37+00:00,7106,9.6
2026-04-24T16:17:42+00:00,7087,4.9
2026-04-24T16:17:47+00:00,7105,4.8
2026-04-24T16:17:52+00:00,7107,14.2
2026-04-24T16:17:58+00:00,7105,2.5
2026-04-24T16:18:03+00:00,7113,42.5
2026-04-24T16:18:08+00:00,7115,4.8
2026-04-24T16:18:13+00:00,7098,4.8
2026-04-24T16:18:18+00:00,7104,17.1
2026-04-24T16:18:24+00:00,7107,4.8
2026-04-24T16:18:29+00:00,7107,12.5
2026-04-24T16:18:34+00:00,7099,16.6
2026-04-24T16:18:39+00:00,7117,41.4
2026-04-24T16:18:45+00:00,7114,7.2
2026-04-24T16:18:50+00:00,7126,16.7
2026-04-24T16:18:55+00:00,7115,5
2026-04-24T16:19:00+00:00,7113,2.4
2026-04-24T16:19:05+00:00,7112,2.4
2026-04-24T16:19:11+00:00,7118,4.8
2026-04-24T16:19:16+00:00,7108,4.8
2026-04-24T16:19:21+00:00,7112,7.5
2026-04-24T16:19:26+00:00,7124,17.1
2026-04-24T16:19:32+00:00,7110,4.8
2026-04-24T16:19:37+00:00,7117,2.4
2026-04-24T16:19:42+00:00,7097,2.4
2026-04-24T16:19:47+00:00,7108,2.4
2026-04-24T16:19:52+00:00,7118,14.6
2026-04-24T16:19:58+00:00,7116,4.9
2026-04-24T16:20:03+00:00,7103,37.5
2026-04-24T16:20:08+00:00,7108,21.5
2026-04-24T16:20:13+00:00,7090,4.8
2026-04-24T16:20:18+00:00,7105,4.8
2026-04-24T16:20:24+00:00,7107,2.4
2026-04-24T16:20:29+00:00,7108,7.2
2026-04-24T16:20:34+00:00,7109,4.8
2026-04-24T16:20:39+00:00,7106,11.9
2026-04-24T16:20:45+00:00,7111,4.8
2026-04-24T16:20:50+00:00,7116,41.4
2026-04-24T16:20:55+00:00,7095,42.5
2026-04-24T16:21:00+00:00,7127,21.5
2026-04-24T16:21:05+00:00,7121,5
2026-04-24T16:21:11+00:00,7109,4.8
2026-04-24T16:21:16+00:00,7107,4.8
2026-04-24T16:21:21+00:00,7118,2.4
2026-04-24T16:21:26+00:00,7109,7
2026-04-24T16:21:32+00:00,7121,2.4
2026-04-24T16:21:37+00:00,7122,39.5
2026-04-24T16:21:42+00:00,7114,19.5
2026-04-24T16:21:47+00:00,7097,2.5
2026-04-24T16:21:52+00:00,7120,2.4
2026-04-24T16:21:58+00:00,7120,4.8
2026-04-24T16:22:03+00:00,7116,29.3
2026-04-24T16:22:08+00:00,7132,4.8
2026-04-24T16:22:13+00:00,7114,4.8
2026-04-24T16:22:19+00:00,7133,7.3
2026-04-24T16:22:24+00:00,7127,4.8
2026-04-24T16:22:29+00:00,7119,4.8
2026-04-24T16:22:34+00:00,7124,2.4
2026-04-24T16:22:39+00:00,7126,4.8
2026-04-24T16:22:45+00:00,7125,2.4
2026-04-24T16:22:50+00:00,7130,4.6
2026-04-24T16:22:55+00:00,7126,4.9
2026-04-24T16:23:00+00:00,7129,0
2026-04-24T16:23:06+00:00,7123,7.7
2026-04-24T16:23:11+00:00,7126,4.8
2026-04-24T16:23:16+00:00,7127,2.4
2026-04-24T16:23:21+00:00,7113,4.8
2026-04-24T16:23:26+00:00,7126,7.2
2026-04-24T16:23:32+00:00,7121,36.6
2026-04-24T16:23:37+00:00,7140,4.8
2026-04-24T16:23:42+00:00,7116,52.3
2026-04-24T16:23:47+00:00,7119,4.9
2026-04-24T16:23:53+00:00,7123,17
2026-04-24T16:23:58+00:00,7135,17.5
2026-04-24T16:24:03+00:00,7134,24.4
2026-04-24T16:24:08+00:00,7130,2.4
2026-04-24T16:24:13+00:00,7111,4.8
2026-04-24T16:24:19+00:00,7114,2.5
2026-04-24T16:24:24+00:00,7123,0
2026-04-24T16:24:29+00:00,7121,2.4
2026-04-24T16:24:34+00:00,7123,2.4
2026-04-24T16:24:39+00:00,7124,9.6
2026-04-24T16:24:45+00:00,7112,35
2026-04-24T16:24:50+00:00,7117,4.8
2026-04-24T16:24:55+00:00,7116,4.8
2026-04-24T16:25:00+00:00,7133,2.4
2026-04-24T16:25:06+00:00,7125,2.4
2026-04-24T16:25:11+00:00,7135,12.5
2026-04-24T16:25:16+00:00,7108,7.2
2026-04-24T16:25:21+00:00,7123,2.4
2026-04-24T16:25:26+00:00,7140,9.5
2026-04-24T16:25:32+00:00,7124,7.5
2026-04-24T16:25:37+00:00,7141,4.8
2026-04-24T16:25:42+00:00,7122,2.4
2026-04-24T16:25:47+00:00,7132,2.4
2026-04-24T16:25:53+00:00,7135,2.4
2026-04-24T16:25:58+00:00,7137,4.8
2026-04-24T16:26:03+00:00,7140,2.4
2026-04-24T16:26:08+00:00,7134,2.4
2026-04-24T16:26:13+00:00,7112,7.5
2026-04-24T16:26:19+00:00,7125,19
2026-04-24T16:26:24+00:00,7127,9.8
2026-04-24T16:26:29+00:00,7141,4.8
2026-04-24T16:26:34+00:00,7124,2.4
2026-04-24T16:26:40+00:00,7132,2.4
2026-04-24T16:26:45+00:00,7119,4.8
2026-04-24T16:26:50+00:00,7128,32.5
2026-04-24T16:26:55+00:00,7123,2.4
2026-04-24T16:27:00+00:00,7131,7.3
2026-04-24T16:27:06+00:00,7131,4.8
2026-04-24T16:27:11+00:00,7134,9.7
2026-04-24T16:27:16+00:00,7129,4.6
2026-04-24T16:27:21+00:00,7143,14.2
2026-04-24T16:27:27+00:00,7136,9.7
2026-04-24T16:27:32+00:00,7165,29.3
2026-04-24T16:27:37+00:00,7350,39
2026-04-24T16:27:42+00:00,5182,92.5
2026-04-24T16:27:47+00:00,5444,95.3
2026-04-24T16:27:53+00:00,5513,84.1
2026-04-24T16:27:58+00:00,5526,51.2
2026-04-24T16:28:03+00:00,5502,12.2
2026-04-24T16:28:08+00:00,5501,4.8
2026-04-24T16:28:14+00:00,5448,44.2
2026-04-24T16:28:19+00:00,5443,47.5
2026-04-24T16:28:24+00:00,5363,66.6
2026-04-24T16:28:29+00:00,5323,4.8
2026-04-24T16:28:35+00:00,5343,17.5
2026-04-24T16:28:40+00:00,5376,2.4
2026-04-24T16:28:45+00:00,5369,4.8
2026-04-24T16:28:50+00:00,5372,7.3
2026-04-24T16:28:55+00:00,5389,9.5
2026-04-24T16:29:01+00:00,5379,4.8
2026-04-24T16:29:06+00:00,5396,30
2026-04-24T16:29:11+00:00,5402,9.6
2026-04-24T16:29:16+00:00,5396,4.8
2026-04-24T16:29:21+00:00,5399,2.4
2026-04-24T16:29:27+00:00,5388,2.4
2026-04-24T16:29:32+00:00,5394,4.8
2026-04-24T16:29:37+00:00,5405,36.6
2026-04-24T16:29:42+00:00,5401,4.8
2026-04-24T16:29:48+00:00,5409,2.4
2026-04-24T16:29:53+00:00,5417,40
2026-04-24T16:29:58+00:00,5416,7.2
2026-04-24T16:30:03+00:00,5401,2.4
2026-04-24T16:30:08+00:00,5410,9.7
2026-04-24T16:30:14+00:00,5409,4.8
2026-04-24T16:30:19+00:00,5411,4.8
2026-04-24T16:30:24+00:00,5417,4.8
2026-04-24T16:30:29+00:00,5418,2.4
2026-04-24T16:30:35+00:00,5423,4.8
2026-04-24T16:30:40+00:00,5427,7.3
2026-04-24T16:30:45+00:00,5408,4.8
2026-04-24T16:30:50+00:00,5415,4.8
2026-04-24T16:30:55+00:00,5408,19
2026-04-24T16:31:01+00:00,5415,56.1
2026-04-24T16:31:06+00:00,5433,73.1
2026-04-24T16:31:11+00:00,5419,7.2
2026-04-24T16:31:16+00:00,5414,7.3
2026-04-24T16:31:22+00:00,5411,4.8
2026-04-24T16:31:27+00:00,5395,2.4
2026-04-24T16:31:32+00:00,5413,4.8
2026-04-24T16:31:37+00:00,5421,57.5
2026-04-24T16:31:42+00:00,5419,35
2026-04-24T16:31:48+00:00,5412,2.4
2026-04-24T16:31:53+00:00,5376,43.6
2026-04-24T16:31:58+00:00,5351,4.8
2026-04-24T16:32:03+00:00,5357,4.8
2026-04-24T16:32:09+00:00,5360,2.4
2026-04-24T16:32:14+00:00,5351,71.5
2026-04-24T16:32:19+00:00,5400,4.8
2026-04-24T16:32:24+00:00,5398,4.8
2026-04-24T16:32:29+00:00,5395,14.3
2026-04-24T16:32:35+00:00,5397,4.8
2026-04-24T16:32:40+00:00,5409,4.8
2026-04-24T16:32:45+00:00,5401,34.1
2026-04-24T16:32:50+00:00,5412,17.1
2026-04-24T16:32:56+00:00,5420,4.8
2026-04-24T16:33:01+00:00,5417,4.8
2026-04-24T16:33:06+00:00,5414,2.4
2026-04-24T16:33:11+00:00,5408,17.5
2026-04-24T16:33:16+00:00,5410,2.5
2026-04-24T16:33:22+00:00,5413,2.5
2026-04-24T16:33:27+00:00,5392,2.4
2026-04-24T16:33:32+00:00,5399,4.9
2026-04-24T16:33:37+00:00,5407,9.6
2026-04-24T16:33:43+00:00,5404,2.4
2026-04-24T16:33:48+00:00,5414,4.8
2026-04-24T16:33:53+00:00,5410,29.3
2026-04-24T16:33:58+00:00,5405,34.2
2026-04-24T16:34:03+00:00,5413,2.4
2026-04-24T16:34:09+00:00,5422,0
2026-04-24T16:34:14+00:00,5400,44
2026-04-24T16:34:19+00:00,5417,2.4
2026-04-24T16:34:24+00:00,5419,4.8
2026-04-24T16:34:30+00:00,5406,4.6
2026-04-24T16:34:35+00:00,5416,19
2026-04-24T16:34:40+00:00,5418,17.5
2026-04-24T16:34:45+00:00,5406,17.5
2026-04-24T16:34:50+00:00,5423,7.3
2026-04-24T16:34:56+00:00,5414,4.8
2026-04-24T16:35:01+00:00,5405,4.8
2026-04-24T16:35:06+00:00,5409,2.4
2026-04-24T16:35:11+00:00,5409,0
2026-04-24T16:35:16+00:00,5414,0
2026-04-24T16:35:22+00:00,5409,4.8
2026-04-24T16:35:27+00:00,5413,9.6
2026-04-24T16:35:32+00:00,5411,2.5
2026-04-24T16:35:37+00:00,5407,2.4
2026-04-24T16:35:43+00:00,5397,0
2026-04-24T16:35:48+00:00,5426,12.5
2026-04-24T16:35:53+00:00,5411,9.8
2026-04-24T16:35:58+00:00,5419,4.8
2026-04-24T16:36:03+00:00,5420,2.4
2026-04-24T16:36:09+00:00,5413,4.8
2026-04-24T16:36:14+00:00,5398,4.8
2026-04-24T16:36:19+00:00,5424,16.6
2026-04-24T16:36:24+00:00,5424,32.5
2026-04-24T16:36:30+00:00,5414,17.5
2026-04-24T16:36:35+00:00,5407,7.2
2026-04-24T16:36:40+00:00,5422,4.8
2026-04-24T16:36:45+00:00,5409,7.2
2026-04-24T16:36:50+00:00,5409,14.7
2026-04-24T16:36:56+00:00,5412,2.4
2026-04-24T16:37:01+00:00,5414,12.2
2026-04-24T16:37:06+00:00,5425,2.4
2026-04-24T16:37:11+00:00,5408,48.7
2026-04-24T16:37:17+00:00,5413,4.8
2026-04-24T16:37:22+00:00,5412,70.7
2026-04-24T16:37:27+00:00,5400,14.3
2026-04-24T16:37:32+00:00,5409,47.5
2026-04-24T16:37:37+00:00,5409,4.8
2026-04-24T16:37:43+00:00,5397,38.1
2026-04-24T16:37:48+00:00,5408,9.8
2026-04-24T16:37:53+00:00,5401,45.2
2026-04-24T16:37:58+00:00,5400,7.2
2026-04-24T16:38:04+00:00,5397,43.9
2026-04-24T16:38:09+00:00,5411,2.4
2026-04-24T16:38:14+00:00,5412,60
2026-04-24T16:38:19+00:00,5416,17.9
2026-04-24T16:38:24+00:00,5409,45
2026-04-24T16:38:30+00:00,5414,2.4
2026-04-24T16:38:35+00:00,5415,46.4
2026-04-24T16:38:40+00:00,5408,10
2026-04-24T16:38:45+00:00,5397,42.5
2026-04-24T16:38:51+00:00,5408,4.6
2026-04-24T16:38:56+00:00,5408,41.5
2026-04-24T16:39:01+00:00,5413,2.4
2026-04-24T16:39:06+00:00,5418,40.5
2026-04-24T16:39:11+00:00,5406,4.9
2026-04-24T16:39:17+00:00,5402,23.3
2026-04-24T16:39:22+00:00,5412,2.4
2026-04-24T16:39:27+00:00,5397,34.1
2026-04-24T16:39:32+00:00,5406,7.3
2026-04-24T16:39:38+00:00,5408,7.3
2026-04-24T16:39:43+00:00,5414,2.4
2026-04-24T16:39:48+00:00,5416,2.5
2026-04-24T16:39:53+00:00,5410,2.4
2026-04-24T16:39:58+00:00,5408,40.4
2026-04-24T16:40:04+00:00,5406,24.4
2026-04-24T16:40:09+00:00,5406,4.8
2026-04-24T16:40:14+00:00,5401,0
2026-04-24T16:40:19+00:00,5408,7
2026-04-24T16:40:24+00:00,5409,4.8
2026-04-24T16:40:30+00:00,5412,37.5
2026-04-24T16:40:35+00:00,5413,2.4
2026-04-24T16:40:40+00:00,5417,7.3
2026-04-24T16:40:45+00:00,5420,7.2
2026-04-24T16:40:51+00:00,5413,7.3
2026-04-24T16:40:56+00:00,5403,2.4
2026-04-24T16:41:01+00:00,5416,2.4
2026-04-24T16:41:06+00:00,5410,14.6
2026-04-24T16:41:11+00:00,5409,9.7
2026-04-24T16:41:17+00:00,5419,7.3
2026-04-24T16:41:22+00:00,5408,2.4
2026-04-24T16:41:27+00:00,5416,17.1
2026-04-24T16:41:32+00:00,5423,22.5
2026-04-24T16:41:38+00:00,5416,2.4
2026-04-24T16:41:43+00:00,5425,4.8
2026-04-24T16:41:48+00:00,5424,2.4
2026-04-24T16:41:53+00:00,5418,9.7
2026-04-24T16:41:58+00:00,5419,4.8
2026-04-24T16:42:04+00:00,5418,2.4
2026-04-24T16:42:09+00:00,5423,2.4
2026-04-24T16:42:14+00:00,5404,2.4
2026-04-24T16:42:19+00:00,5412,9.6
2026-04-24T16:42:25+00:00,5418,2.4
2026-04-24T16:42:30+00:00,5417,4.8
2026-04-24T16:42:35+00:00,5423,4.8
2026-04-24T16:42:40+00:00,5424,4.8
2026-04-24T16:42:45+00:00,5425,4.8
2026-04-24T16:42:51+00:00,5423,4.8
2026-04-24T16:42:56+00:00,5426,4.9
2026-04-24T16:43:01+00:00,5421,7.2
2026-04-24T16:43:06+00:00,5420,2.5
2026-04-24T16:43:12+00:00,5415,7.3
2026-04-24T16:43:17+00:00,5406,2.4
2026-04-24T16:43:22+00:00,5423,4.8
2026-04-24T16:43:27+00:00,5417,7
2026-04-24T16:43:32+00:00,5430,2.4
2026-04-24T16:43:38+00:00,5413,27.5
2026-04-24T16:43:43+00:00,5406,50
2026-04-24T16:43:48+00:00,5423,2.4
2026-04-24T16:43:53+00:00,5425,4.6
2026-04-24T16:43:59+00:00,5414,4.8
2026-04-24T16:44:04+00:00,5413,0
2026-04-24T16:44:09+00:00,5414,7.2
2026-04-24T16:44:14+00:00,5399,7.1
2026-04-24T16:44:19+00:00,5416,2.4
2026-04-24T16:44:25+00:00,5407,35.7
2026-04-24T16:44:30+00:00,5423,2.4
2026-04-24T16:44:35+00:00,5423,4.8
2026-04-24T16:44:40+00:00,5434,4.8
2026-04-24T16:44:46+00:00,5427,0
2026-04-24T16:44:51+00:00,5435,4.8
2026-04-24T16:44:56+00:00,5418,4.8
2026-04-24T16:45:01+00:00,5414,2.5
2026-04-24T16:45:06+00:00,5422,2.4
2026-04-24T16:45:12+00:00,5408,2.4
2026-04-24T16:45:17+00:00,5424,2.4
2026-04-24T16:45:22+00:00,5423,2.5
2026-04-24T16:45:27+00:00,5416,2.4
2026-04-24T16:45:33+00:00,5423,2.4
2026-04-24T16:45:38+00:00,5428,2.4
2026-04-24T16:45:43+00:00,5398,40
2026-04-24T16:45:48+00:00,5425,4.8
2026-04-24T16:45:53+00:00,5430,4.8
2026-04-24T16:45:59+00:00,5417,7.2
2026-04-24T16:46:04+00:00,5423,2.4
2026-04-24T16:46:09+00:00,5416,2.4
2026-04-24T16:46:14+00:00,5401,4.8
2026-04-24T16:46:19+00:00,5425,4.8
2026-04-24T16:46:25+00:00,5414,2.5
2026-04-24T16:46:30+00:00,5426,2.4
2026-04-24T16:46:35+00:00,5423,7.3
2026-04-24T16:46:40+00:00,5422,7.3
2026-04-24T16:46:46+00:00,5424,42.8
2026-04-24T16:46:51+00:00,5413,4.8
2026-04-24T16:46:56+00:00,5419,16.3
2026-04-24T16:47:01+00:00,5422,4.8
2026-04-24T16:47:06+00:00,5418,2.4
2026-04-24T16:47:12+00:00,5407,2.4
2026-04-24T16:47:17+00:00,5419,19
2026-04-24T16:47:22+00:00,5412,14.7
2026-04-24T16:47:27+00:00,5417,15
2026-04-24T16:47:33+00:00,5414,2.4
2026-04-24T16:47:38+00:00,5414,7.2
2026-04-24T16:47:43+00:00,5409,32.5
2026-04-24T16:47:48+00:00,5415,0
2026-04-24T16:47:53+00:00,5411,4.8
2026-04-24T16:47:59+00:00,5424,4.8
2026-04-24T16:48:04+00:00,5415,2.4
2026-04-24T16:48:09+00:00,5422,2.4
2026-04-24T16:48:14+00:00,5411,2.4
2026-04-24T16:48:20+00:00,5422,7.3
2026-04-24T16:48:25+00:00,5426,4.8
2026-04-24T16:48:30+00:00,5419,2.4
2026-04-24T16:48:35+00:00,5425,4.8
2026-04-24T16:48:40+00:00,5408,4.8
2026-04-24T16:48:46+00:00,5410,4.8
2026-04-24T16:48:51+00:00,5418,4.8
2026-04-24T16:48:56+00:00,5424,7.3
2026-04-24T16:49:01+00:00,5417,7.2
2026-04-24T16:49:07+00:00,5428,16.6
2026-04-24T16:49:12+00:00,5420,34.1
2026-04-24T16:49:17+00:00,5419,2.5
2026-04-24T16:49:22+00:00,5424,2.4
2026-04-24T16:49:27+00:00,5419,4.8
2026-04-24T16:49:33+00:00,5426,4.8
2026-04-24T16:49:38+00:00,5434,2.4
2026-04-24T16:49:43+00:00,5389,15
2026-04-24T16:49:48+00:00,5408,10
2026-04-24T16:49:54+00:00,5430,17.1
2026-04-24T16:49:59+00:00,5412,23.8
2026-04-24T16:50:04+00:00,5415,5
2026-04-24T16:50:09+00:00,5417,4.8
2026-04-24T16:50:14+00:00,5407,2.4
2026-04-24T16:50:20+00:00,5420,4.8
2026-04-24T16:50:25+00:00,5421,2.4
2026-04-24T16:50:30+00:00,5418,2.4
2026-04-24T16:50:35+00:00,5418,4.8
2026-04-24T16:50:40+00:00,5427,7.2
2026-04-24T16:50:46+00:00,5418,2.4
2026-04-24T16:50:51+00:00,5412,17.5
2026-04-24T16:50:56+00:00,5423,19
2026-04-24T16:51:01+00:00,5410,12.5
2026-04-24T16:51:07+00:00,5432,0
2026-04-24T16:51:12+00:00,5411,2.4
2026-04-24T16:51:17+00:00,5423,9.5
2026-04-24T16:51:22+00:00,5422,4.8
2026-04-24T16:51:27+00:00,5416,2.4
2026-04-24T16:51:33+00:00,5409,4.8
2026-04-24T16:51:38+00:00,5427,2.5
2026-04-24T16:51:43+00:00,5401,4.8
2026-04-24T16:51:48+00:00,5420,4.8
2026-04-24T16:51:54+00:00,5417,2.4
2026-04-24T16:51:59+00:00,5418,2.4
2026-04-24T16:52:04+00:00,5421,7.2
2026-04-24T16:52:09+00:00,5429,4.6
2026-04-24T16:52:14+00:00,5423,4.8
2026-04-24T16:52:20+00:00,5430,4.8
2026-04-24T16:52:25+00:00,5428,9.4
2026-04-24T16:52:30+00:00,5406,0
2026-04-24T16:52:35+00:00,5416,2.4
2026-04-24T16:52:41+00:00,5418,9.8
2026-04-24T16:52:46+00:00,5419,19
2026-04-24T16:52:51+00:00,5416,21.4
2026-04-24T16:52:56+00:00,5419,46.4
2026-04-24T16:53:01+00:00,5422,9.5
2026-04-24T16:53:07+00:00,5427,4.8
2026-04-24T16:53:12+00:00,5424,14.7
2026-04-24T16:53:17+00:00,5424,7.2
2026-04-24T16:53:22+00:00,5420,4.8
2026-04-24T16:53:28+00:00,5428,2.4
2026-04-24T16:53:33+00:00,5422,2.4
2026-04-24T16:53:38+00:00,5412,7.3
2026-04-24T16:53:43+00:00,5420,4.8
2026-04-24T16:53:48+00:00,5425,9.7
2026-04-24T16:53:54+00:00,5429,2.4
2026-04-24T16:53:59+00:00,5433,2.4
2026-04-24T16:54:04+00:00,5415,7
2026-04-24T16:54:09+00:00,5423,2.4
2026-04-24T16:54:15+00:00,5428,2.4
2026-04-24T16:54:20+00:00,5422,4.8
2026-04-24T16:54:25+00:00,5414,2.4
2026-04-24T16:54:30+00:00,5422,34.1
2026-04-24T16:54:35+00:00,5430,2.4
2026-04-24T16:54:41+00:00,5432,29.3
2026-04-24T16:54:46+00:00,5439,5
2026-04-24T16:54:51+00:00,5432,7
2026-04-24T16:54:56+00:00,5412,4.8
2026-04-24T16:55:01+00:00,5406,2.4
2026-04-24T16:55:07+00:00,5429,2.4
2026-04-24T16:55:12+00:00,5421,4.8
2026-04-24T16:55:17+00:00,5425,7
2026-04-24T16:55:22+00:00,5424,17.5
2026-04-24T16:55:28+00:00,5419,2.4
2026-04-24T16:55:33+00:00,5430,12.2
2026-04-24T16:55:38+00:00,5436,4.8
2026-04-24T16:55:43+00:00,5408,19
2026-04-24T16:55:48+00:00,5426,4.8
2026-04-24T16:55:54+00:00,5422,14.7
2026-04-24T16:55:59+00:00,5422,22
2026-04-24T16:56:04+00:00,5426,26.2
2026-04-24T16:56:09+00:00,5414,17.5
2026-04-24T16:56:15+00:00,5422,33.4
2026-04-24T16:56:20+00:00,5409,2.4
2026-04-24T16:56:25+00:00,5424,19.5
2026-04-24T16:56:30+00:00,5414,2.4
2026-04-24T16:56:35+00:00,5418,15
2026-04-24T16:56:41+00:00,5426,12.2
2026-04-24T16:56:46+00:00,5423,16.7
2026-04-24T16:56:51+00:00,5416,2.5
2026-04-24T16:56:56+00:00,5418,9.5
2026-04-24T16:57:02+00:00,5428,7.3
2026-04-24T16:57:07+00:00,5429,9.5
2026-04-24T16:57:12+00:00,5408,0
2026-04-24T16:57:17+00:00,5427,4.8
2026-04-24T16:57:22+00:00,5431,0
2026-04-24T16:57:28+00:00,5429,4.8
2026-04-24T16:57:33+00:00,5430,4.8
2026-04-24T16:57:38+00:00,5434,4.8
2026-04-24T16:57:43+00:00,5435,7.3
2026-04-24T16:57:49+00:00,5435,2.4
2026-04-24T16:57:54+00:00,5448,4.8
2026-04-24T16:57:59+00:00,5441,2.4
2026-04-24T16:58:04+00:00,5442,2.4
2026-04-24T16:58:09+00:00,5439,4.8
2026-04-24T16:58:15+00:00,5442,7.2
2026-04-24T16:58:20+00:00,5437,4.8
2026-04-24T16:58:25+00:00,5437,4.8
2026-04-24T16:58:30+00:00,5437,2.4
2026-04-24T16:58:36+00:00,5429,2.4
2026-04-24T16:58:41+00:00,5435,4.8
2026-04-24T16:58:46+00:00,5437,4.8
2026-04-24T16:58:51+00:00,5431,4.8
2026-04-24T16:58:56+00:00,5441,4.8
2026-04-24T16:59:02+00:00,5443,2.4
2026-04-24T16:59:07+00:00,5435,2.4
2026-04-24T16:59:12+00:00,5429,7
2026-04-24T16:59:17+00:00,5433,46.4
2026-04-24T16:59:23+00:00,5437,16.7
2026-04-24T16:59:28+00:00,5444,9.3
2026-04-24T16:59:33+00:00,5433,40
2026-04-24T16:59:38+00:00,5447,4.8
2026-04-24T16:59:43+00:00,5425,24.4
2026-04-24T16:59:49+00:00,5429,2.4
2026-04-24T16:59:54+00:00,5434,31.7
2026-04-24T16:59:59+00:00,5430,2.4
2026-04-24T17:00:04+00:00,5439,47.5
2026-04-24T17:00:10+00:00,5440,2.4
2026-04-24T17:00:15+00:00,5430,45
2026-04-24T17:00:20+00:00,5446,2.4
2026-04-24T17:00:25+00:00,5449,43.9
2026-04-24T17:00:30+00:00,5441,7.2
2026-04-24T17:00:36+00:00,5440,46.3
2026-04-24T17:00:41+00:00,5433,12.2
2026-04-24T17:00:46+00:00,5431,45.2
2026-04-24T17:00:51+00:00,5452,4.8
2026-04-24T17:00:56+00:00,5440,41.4
2026-04-24T17:01:02+00:00,5443,4.8
2026-04-24T17:01:07+00:00,5440,45.2
2026-04-24T17:01:12+00:00,5439,5
2026-04-24T17:01:17+00:00,5432,38.5
2026-04-24T17:01:23+00:00,5452,2.4
2026-04-24T17:01:28+00:00,5447,36.6
2026-04-24T17:01:33+00:00,5448,46.3
2026-04-24T17:01:38+00:00,5438,39.1
2026-04-24T17:01:43+00:00,5433,2.5
2026-04-24T17:01:49+00:00,5431,41.5
2026-04-24T17:01:54+00:00,5444,17.1
2026-04-24T17:01:59+00:00,5448,38.1
2026-04-24T17:02:04+00:00,5458,4.8
2026-04-24T17:02:10+00:00,5462,39.1
2026-04-24T17:02:15+00:00,5440,4.8
2026-04-24T17:02:20+00:00,5442,53.6
2026-04-24T17:02:25+00:00,5447,45
2026-04-24T17:02:30+00:00,5447,33.3
2026-04-24T17:02:36+00:00,5447,4.8
2026-04-24T17:02:41+00:00,5426,31
2026-04-24T17:02:46+00:00,5439,2.4
2026-04-24T17:02:51+00:00,5441,24.4
2026-04-24T17:02:57+00:00,5445,21.9
2026-04-24T17:03:02+00:00,5440,14.6
2026-04-24T17:03:07+00:00,5448,4.8
2026-04-24T17:03:12+00:00,5430,24.4
2026-04-24T17:03:17+00:00,5441,4.8
2026-04-24T17:03:23+00:00,5455,12.2
2026-04-24T17:03:28+00:00,5446,2.4
2026-04-24T17:03:33+00:00,5451,46.4
2026-04-24T17:03:38+00:00,5454,27.5
2026-04-24T17:03:44+00:00,5452,19.5
2026-04-24T17:03:49+00:00,5447,4.8
2026-04-24T17:03:54+00:00,5446,4.8
2026-04-24T17:03:59+00:00,5452,2.4
2026-04-24T17:04:04+00:00,5439,4.8
2026-04-24T17:04:10+00:00,5441,7.2
2026-04-24T17:04:15+00:00,5438,2.4
2026-04-24T17:04:20+00:00,5444,2.4
2026-04-24T17:04:25+00:00,5446,2.4
2026-04-24T17:04:31+00:00,5445,2.4
2026-04-24T17:04:36+00:00,5458,2.4
2026-04-24T17:04:41+00:00,5441,0
2026-04-24T17:04:46+00:00,5452,7.2
2026-04-24T17:04:51+00:00,5450,32.6
2026-04-24T17:04:57+00:00,5448,4.8
2026-04-24T17:05:02+00:00,5442,2.4
2026-04-24T17:05:07+00:00,5449,4.8
2026-04-24T17:05:12+00:00,5453,17.1
2026-04-24T17:05:18+00:00,5453,4.9
2026-04-24T17:05:23+00:00,5451,4.8
2026-04-24T17:05:28+00:00,5454,4.8
2026-04-24T17:05:33+00:00,5445,61.6
2026-04-24T17:05:38+00:00,5452,2.4
2026-04-24T17:05:44+00:00,5450,4.8
2026-04-24T17:05:49+00:00,5460,4.8
2026-04-24T17:05:54+00:00,5445,7.3
2026-04-24T17:05:59+00:00,5443,4.8
2026-04-24T17:06:05+00:00,5436,4.8
2026-04-24T17:06:10+00:00,5444,2.4
2026-04-24T17:06:15+00:00,5458,2.4
2026-04-24T17:06:20+00:00,5452,2.4
2026-04-24T17:06:25+00:00,5458,2.5
2026-04-24T17:06:31+00:00,5444,9.8
2026-04-24T17:06:36+00:00,5453,2.4
2026-04-24T17:06:41+00:00,5441,0
2026-04-24T17:06:46+00:00,5448,2.4
2026-04-24T17:06:51+00:00,5453,2.4
2026-04-24T17:06:57+00:00,5442,4.8
2026-04-24T17:07:02+00:00,5463,2.4
2026-04-24T17:07:07+00:00,5445,7.3
2026-04-24T17:07:12+00:00,5441,4.8
2026-04-24T17:07:18+00:00,5451,2.4
2026-04-24T17:07:23+00:00,5458,7.3
2026-04-24T17:07:28+00:00,5453,7.5
2026-04-24T17:07:33+00:00,5452,4.8
2026-04-24T17:07:38+00:00,5454,0
2026-04-24T17:07:44+00:00,5431,26.9
2026-04-24T17:07:49+00:00,5447,4.8
2026-04-24T17:07:54+00:00,5450,4.8
2026-04-24T17:07:59+00:00,5442,2.4
2026-04-24T17:08:05+00:00,5458,2.4
2026-04-24T17:08:10+00:00,5460,4.8
