nohup: ignoring input
[ATLAS-POLLER 2026-06-02T21:01:09.064Z] Starting poller PID=14156, interval=2000ms
[ATLAS-POLLER 2026-06-02T21:01:09.113Z] Received 96 unread message(s). Latest from=molly
[ATLAS-POLLER 2026-06-02T21:01:11.119Z] Received 96 unread message(s). Latest from=molly
[ATLAS-POLLER 2026-06-02T21:01:13.124Z] Received 96 unread message(s). Latest from=molly
[ATLAS-POLLER 2026-06-02T21:01:15.130Z] Received 96 unread message(s). Latest from=molly
[ATLAS-POLLER 2026-06-02T21:01:17.135Z] Received 96 unread message(s). Latest from=molly
[ATLAS-POLLER 2026-06-02T21:01:19.141Z] Received 96 unread message(s). Latest from=molly
[ATLAS-POLLER 2026-06-02T21:01:21.145Z] Received 96 unread message(s). Latest from=molly
[ATLAS-POLLER 2026-06-02T21:01:23.149Z] Received 96 unread message(s). Latest from=molly
[ATLAS-POLLER 2026-06-02T21:01:25.154Z] Received 96 unread message(s). Latest from=molly
[ATLAS-POLLER 2026-06-02T21:01:27.159Z] Received 96 unread message(s). Latest from=molly
[ATLAS-POLLER 2026-06-02T21:01:29.163Z] Received 96 unread message(s). Latest from=molly
[ATLAS-POLLER 2026-06-02T21:01:31.167Z] Received 96 unread message(s). Latest from=molly
[ATLAS-POLLER 2026-06-02T21:01:33.172Z] Received 96 unread message(s). Latest from=molly
[ATLAS-POLLER 2026-06-02T21:01:35.176Z] Received 96 unread message(s). Latest from=molly
[ATLAS-POLLER 2026-06-02T21:01:37.181Z] Received 96 unread message(s). Latest from=molly
[ATLAS-POLLER 2026-06-02T21:01:39.185Z] Received 96 unread message(s). Latest from=molly
[ATLAS-POLLER 2026-06-02T21:01:41.189Z] Received 96 unread message(s). Latest from=molly
[ATLAS-POLLER 2026-06-02T21:01:43.194Z] Received 96 unread message(s). Latest from=molly
[ATLAS-POLLER 2026-06-02T21:01:45.198Z] Received 96 unread message(s). Latest from=molly
[ATLAS-POLLER 2026-06-02T21:01:47.202Z] Received 96 unread message(s). Latest from=molly
[ATLAS-POLLER 2026-06-02T21:01:49.208Z] Received 96 unread message(s). Latest from=molly
[ATLAS-POLLER 2026-06-02T21:01:51.212Z] Received 96 unread message(s). Latest from=molly
[ATLAS-POLLER 2026-06-02T21:01:53.217Z] Received 96 unread message(s). Latest from=molly
[ATLAS-POLLER 2026-06-02T21:01:55.221Z] Received 96 unread message(s). Latest from=molly
[ATLAS-POLLER 2026-06-02T21:01:57.226Z] Received 96 unread message(s). Latest from=molly
[ATLAS-POLLER 2026-06-02T21:01:59.230Z] Received 96 unread message(s). Latest from=molly
[ATLAS-POLLER 2026-06-02T21:02:01.234Z] Received 96 unread message(s). Latest from=molly
[ATLAS-POLLER 2026-06-02T21:02:03.240Z] Received 96 unread message(s). Latest from=molly
[ATLAS-POLLER 2026-06-02T21:02:05.244Z] Received 96 unread message(s). Latest from=molly
[ATLAS-POLLER 2026-06-02T21:02:07.249Z] Received 96 unread message(s). Latest from=molly
[ATLAS-POLLER 2026-06-02T21:02:09.253Z] Received 96 unread message(s). Latest from=molly
[ATLAS-POLLER 2026-06-02T21:02:11.257Z] Received 96 unread message(s). Latest from=eric
[ATLAS-POLLER 2026-06-02T21:02:13.262Z] Received 96 unread message(s). Latest from=eric
[ATLAS-POLLER 2026-06-02T21:02:15.266Z] Received 96 unread message(s). Latest from=eric
[ATLAS-POLLER 2026-06-02T21:02:17.271Z] Received 96 unread message(s). Latest from=eric
[ATLAS-POLLER 2026-06-02T21:02:19.275Z] Received 96 unread message(s). Latest from=eric
[ATLAS-POLLER 2026-06-02T21:02:21.280Z] Received 96 unread message(s). Latest from=eric
[ATLAS-POLLER 2026-06-02T21:02:23.285Z] Received 96 unread message(s). Latest from=eric
[ATLAS-POLLER 2026-06-02T21:02:25.290Z] Received 96 unread message(s). Latest from=eric
[ATLAS-POLLER 2026-06-02T21:02:27.294Z] Received 96 unread message(s). Latest from=eric
[ATLAS-POLLER 2026-06-02T21:02:29.298Z] Poll error: fetch failed
[ATLAS-POLLER 2026-06-02T21:02:31.302Z] Received 96 unread message(s). Latest from=eric
[ATLAS-POLLER 2026-06-02T21:02:33.305Z] Received 95 unread message(s). Latest from=eric
[ATLAS-POLLER 2026-06-02T21:02:35.311Z] Received 94 unread message(s). Latest from=eric
[ATLAS-POLLER 2026-06-02T21:02:37.315Z] Received 94 unread message(s). Latest from=eric
[ATLAS-POLLER 2026-06-02T21:02:39.319Z] Received 94 unread message(s). Latest from=eric
[ATLAS-POLLER 2026-06-02T21:02:41.323Z] Received 94 unread message(s). Latest from=eric
[ATLAS-POLLER 2026-06-02T21:02:43.327Z] Received 94 unread message(s). Latest from=eric
[ATLAS-POLLER 2026-06-02T21:02:45.330Z] Received 94 unread message(s). Latest from=eric
[ATLAS-POLLER 2026-06-02T21:02:47.335Z] Received 94 unread message(s). Latest from=eric
[ATLAS-POLLER 2026-06-02T21:02:49.340Z] Received 94 unread message(s). Latest from=eric
[ATLAS-POLLER 2026-06-02T21:02:51.344Z] Received 94 unread message(s). Latest from=eric
[ATLAS-POLLER 2026-06-02T21:02:53.348Z] Received 94 unread message(s). Latest from=eric
[ATLAS-POLLER 2026-06-02T21:02:55.352Z] Received 94 unread message(s). Latest from=eric
[ATLAS-POLLER 2026-06-02T21:02:57.356Z] Received 94 unread message(s). Latest from=eric
[ATLAS-POLLER 2026-06-02T21:02:59.360Z] Received 94 unread message(s). Latest from=eric
[ATLAS-POLLER 2026-06-02T21:03:01.364Z] Received 94 unread message(s). Latest from=eric
[ATLAS-POLLER 2026-06-02T21:03:03.368Z] Received 94 unread message(s). Latest from=eric
[ATLAS-POLLER 2026-06-02T21:03:05.373Z] Received 94 unread message(s). Latest from=eric
[ATLAS-POLLER 2026-06-02T21:03:07.377Z] Received 94 unread message(s). Latest from=eric
[ATLAS-POLLER 2026-06-02T21:03:09.381Z] Received 94 unread message(s). Latest from=eric
[ATLAS-POLLER 2026-06-02T21:03:11.385Z] Received 94 unread message(s). Latest from=eric
[ATLAS-POLLER 2026-06-02T21:03:13.388Z] Received 94 unread message(s). Latest from=eric
[ATLAS-POLLER 2026-06-02T21:03:15.393Z] Received 94 unread message(s). Latest from=eric
[ATLAS-POLLER 2026-06-02T21:03:17.396Z] Received 94 unread message(s). Latest from=eric
[ATLAS-POLLER 2026-06-02T21:03:19.400Z] Received 94 unread message(s). Latest from=eric
[ATLAS-POLLER 2026-06-02T21:03:21.405Z] Received 94 unread message(s). Latest from=eric
[ATLAS-POLLER 2026-06-02T21:03:23.408Z] Received 94 unread message(s). Latest from=eric
[ATLAS-POLLER 2026-06-02T21:03:25.412Z] Received 94 unread message(s). Latest from=eric
[ATLAS-POLLER 2026-06-02T21:03:27.416Z] Received 94 unread message(s). Latest from=eric
[ATLAS-POLLER 2026-06-02T21:03:29.420Z] Received 94 unread message(s). Latest from=eric
[ATLAS-POLLER 2026-06-02T21:03:31.424Z] Received 94 unread message(s). Latest from=eric
[ATLAS-POLLER 2026-06-02T21:03:33.427Z] Received 94 unread message(s). Latest from=eric
[ATLAS-POLLER 2026-06-02T21:03:35.432Z] Received 94 unread message(s). Latest from=eric
[ATLAS-POLLER 2026-06-02T21:03:37.435Z] Received 94 unread message(s). Latest from=eric
[ATLAS-POLLER 2026-06-02T21:03:39.440Z] Received 94 unread message(s). Latest from=eric
[ATLAS-POLLER 2026-06-02T21:03:41.443Z] Received 94 unread message(s). Latest from=eric
[ATLAS-POLLER 2026-06-02T21:03:43.452Z] Received 94 unread message(s). Latest from=eric
[ATLAS-POLLER 2026-06-02T21:03:45.456Z] Received 94 unread message(s). Latest from=eric
[ATLAS-POLLER 2026-06-02T21:03:47.460Z] Received 94 unread message(s). Latest from=eric
[ATLAS-POLLER 2026-06-02T21:03:49.463Z] Received 94 unread message(s). Latest from=eric
[ATLAS-POLLER 2026-06-02T21:03:51.467Z] Received 94 unread message(s). Latest from=eric
[ATLAS-POLLER 2026-06-02T21:03:53.470Z] Received 94 unread message(s). Latest from=eric
[ATLAS-POLLER 2026-06-02T21:03:55.474Z] Received 92 unread message(s). Latest from=eric
[ATLAS-POLLER 2026-06-02T21:03:57.478Z] Received 92 unread message(s). Latest from=eric
[ATLAS-POLLER 2026-06-02T21:03:59.481Z] Received 92 unread message(s). Latest from=eric
[ATLAS-POLLER 2026-06-02T21:04:01.484Z] Received 92 unread message(s). Latest from=eric
[ATLAS-POLLER 2026-06-02T21:04:03.488Z] Received 92 unread message(s). Latest from=eric
[ATLAS-POLLER 2026-06-02T21:04:05.492Z] Received 92 unread message(s). Latest from=eric
[ATLAS-POLLER 2026-06-02T21:04:07.495Z] Received 92 unread message(s). Latest from=eric
[ATLAS-POLLER 2026-06-02T21:04:09.499Z] Received 92 unread message(s). Latest from=eric
[ATLAS-POLLER 2026-06-02T21:04:11.503Z] Received 92 unread message(s). Latest from=eric
[ATLAS-POLLER 2026-06-02T21:04:13.508Z] Received 92 unread message(s). Latest from=eric
[ATLAS-POLLER 2026-06-02T21:04:15.511Z] Received 92 unread message(s). Latest from=molly
[ATLAS-POLLER 2026-06-02T21:04:17.519Z] Received 92 unread message(s). Latest from=molly
[ATLAS-POLLER 2026-06-02T21:04:19.524Z] Received 92 unread message(s). Latest from=molly
[ATLAS-POLLER 2026-06-02T21:04:21.528Z] Received 91 unread message(s). Latest from=molly
[ATLAS-POLLER 2026-06-02T21:04:23.530Z] Received 91 unread message(s). Latest from=molly
[ATLAS-POLLER 2026-06-02T21:04:25.534Z] Received 91 unread message(s). Latest from=molly
[ATLAS-POLLER 2026-06-02T21:04:27.539Z] Received 91 unread message(s). Latest from=molly
[ATLAS-POLLER 2026-06-02T21:04:29.543Z] Received 91 unread message(s). Latest from=molly
[ATLAS-POLLER 2026-06-02T21:04:31.548Z] Received 91 unread message(s). Latest from=molly
[ATLAS-POLLER 2026-06-02T21:04:33.552Z] Received 91 unread message(s). Latest from=molly
[ATLAS-POLLER 2026-06-02T21:04:35.557Z] Received 91 unread message(s). Latest from=molly
[ATLAS-POLLER 2026-06-02T21:04:37.561Z] Received 91 unread message(s). Latest from=molly
[ATLAS-POLLER 2026-06-02T21:04:39.567Z] Received 91 unread message(s). Latest from=molly
[ATLAS-POLLER 2026-06-02T21:04:41.570Z] Received 91 unread message(s). Latest from=molly
[ATLAS-POLLER 2026-06-02T21:04:43.574Z] Received 91 unread message(s). Latest from=molly
[ATLAS-POLLER 2026-06-02T21:04:45.578Z] Received 91 unread message(s). Latest from=molly
[ATLAS-POLLER 2026-06-02T21:04:47.581Z] Received 91 unread message(s). Latest from=molly
[ATLAS-POLLER 2026-06-02T21:04:49.585Z] Received 91 unread message(s). Latest from=molly
[ATLAS-POLLER 2026-06-02T21:04:51.589Z] Received 91 unread message(s). Latest from=molly
[ATLAS-POLLER 2026-06-02T21:04:53.593Z] Received 91 unread message(s). Latest from=molly
[ATLAS-POLLER 2026-06-02T21:04:55.597Z] Received 91 unread message(s). Latest from=molly
[ATLAS-POLLER 2026-06-02T21:04:57.601Z] Received 91 unread message(s). Latest from=molly
[ATLAS-POLLER 2026-06-02T21:04:59.605Z] Received 91 unread message(s). Latest from=molly
[ATLAS-POLLER 2026-06-02T21:05:01.610Z] Received 91 unread message(s). Latest from=molly
[ATLAS-POLLER 2026-06-02T21:05:03.614Z] Received 91 unread message(s). Latest from=molly
[ATLAS-POLLER 2026-06-02T21:05:05.617Z] Received 91 unread message(s). Latest from=molly
[ATLAS-POLLER 2026-06-02T21:05:07.621Z] Received 91 unread message(s). Latest from=molly
[ATLAS-POLLER 2026-06-02T21:05:09.626Z] Received 91 unread message(s). Latest from=molly
[ATLAS-POLLER 2026-06-02T21:05:11.629Z] Received 91 unread message(s). Latest from=molly
[ATLAS-POLLER 2026-06-02T21:05:13.633Z] Received 91 unread message(s). Latest from=molly
[ATLAS-POLLER 2026-06-02T21:05:15.637Z] Received 91 unread message(s). Latest from=molly
[ATLAS-POLLER 2026-06-02T21:05:17.641Z] Received 91 unread message(s). Latest from=molly
[ATLAS-POLLER 2026-06-02T21:05:19.644Z] Received 91 unread message(s). Latest from=molly
[ATLAS-POLLER 2026-06-02T21:05:21.648Z] Received 91 unread message(s). Latest from=molly
[ATLAS-POLLER 2026-06-02T21:05:23.652Z] Received 91 unread message(s). Latest from=molly
[ATLAS-POLLER 2026-06-02T21:05:43.677Z] Received 1 unread message(s). Latest from=eric
[ATLAS-POLLER 2026-06-02T21:05:45.679Z] Received 1 unread message(s). Latest from=eric
[ATLAS-POLLER 2026-06-02T21:05:47.682Z] Received 1 unread message(s). Latest from=eric
[ATLAS-POLLER 2026-06-02T21:05:49.686Z] Received 1 unread message(s). Latest from=eric
[ATLAS-POLLER 2026-06-02T21:05:51.690Z] Received 1 unread message(s). Latest from=eric
[ATLAS-POLLER 2026-06-02T21:05:53.692Z] Received 1 unread message(s). Latest from=eric
[ATLAS-POLLER 2026-06-02T21:05:55.695Z] Received 1 unread message(s). Latest from=eric
[ATLAS-POLLER 2026-06-02T21:05:57.699Z] Received 1 unread message(s). Latest from=eric
[ATLAS-POLLER 2026-06-02T21:05:59.702Z] Received 1 unread message(s). Latest from=eric
[ATLAS-POLLER 2026-06-02T21:06:01.704Z] Received 1 unread message(s). Latest from=eric
[ATLAS-POLLER 2026-06-02T21:06:03.708Z] Received 1 unread message(s). Latest from=eric
[ATLAS-POLLER 2026-06-02T21:06:05.710Z] Received 1 unread message(s). Latest from=eric
[ATLAS-POLLER 2026-06-02T21:06:07.714Z] Received 1 unread message(s). Latest from=eric
[ATLAS-POLLER 2026-06-02T21:06:09.717Z] Received 1 unread message(s). Latest from=eric
[ATLAS-POLLER 2026-06-02T21:06:11.720Z] Received 1 unread message(s). Latest from=eric
[ATLAS-POLLER 2026-06-02T21:06:13.724Z] Received 1 unread message(s). Latest from=eric
[ATLAS-POLLER 2026-06-02T21:06:15.726Z] Received 3 unread message(s). Latest from=molly
[ATLAS-POLLER 2026-06-02T21:06:17.730Z] Received 4 unread message(s). Latest from=molly
[ATLAS-POLLER 2026-06-02T21:06:19.732Z] Received 4 unread message(s). Latest from=molly
[ATLAS-POLLER 2026-06-02T21:06:21.735Z] Received 4 unread message(s). Latest from=molly
[ATLAS-POLLER 2026-06-02T21:06:23.738Z] Received 4 unread message(s). Latest from=molly
[ATLAS-POLLER 2026-06-02T21:06:25.740Z] Received 4 unread message(s). Latest from=molly
[ATLAS-POLLER 2026-06-02T21:06:27.744Z] Received 4 unread message(s). Latest from=molly
[ATLAS-POLLER 2026-06-02T21:06:29.747Z] Received 4 unread message(s). Latest from=molly
[ATLAS-POLLER 2026-06-02T21:06:31.749Z] Received 5 unread message(s). Latest from=eric
[ATLAS-POLLER 2026-06-02T21:06:33.752Z] Received 7 unread message(s). Latest from=molly
[ATLAS-POLLER 2026-06-02T21:06:35.754Z] Received 7 unread message(s). Latest from=molly
[ATLAS-POLLER 2026-06-02T21:06:37.757Z] Received 7 unread message(s). Latest from=molly
[ATLAS-POLLER 2026-06-02T21:06:39.761Z] Received 7 unread message(s). Latest from=molly
[ATLAS-POLLER 2026-06-02T21:06:41.763Z] Received 7 unread message(s). Latest from=molly
[ATLAS-POLLER 2026-06-02T21:06:43.767Z] Received 7 unread message(s). Latest from=molly
[ATLAS-POLLER 2026-06-02T21:06:45.769Z] Received 7 unread message(s). Latest from=molly
[ATLAS-POLLER 2026-06-02T21:06:47.772Z] Received 7 unread message(s). Latest from=molly
[ATLAS-POLLER 2026-06-02T21:06:49.776Z] Received 7 unread message(s). Latest from=molly
[ATLAS-POLLER 2026-06-02T21:06:51.778Z] Received 7 unread message(s). Latest from=molly
[ATLAS-POLLER 2026-06-02T21:06:53.780Z] Received 7 unread message(s). Latest from=molly
[ATLAS-POLLER 2026-06-02T21:06:55.782Z] Received 8 unread message(s). Latest from=eric
[ATLAS-POLLER 2026-06-02T21:06:57.785Z] Received 8 unread message(s). Latest from=eric
[ATLAS-POLLER 2026-06-02T21:06:59.787Z] Received 8 unread message(s). Latest from=eric
[ATLAS-POLLER 2026-06-02T21:07:01.791Z] Received 8 unread message(s). Latest from=eric
[ATLAS-POLLER 2026-06-02T21:07:03.793Z] Received 8 unread message(s). Latest from=eric
[ATLAS-POLLER 2026-06-02T21:07:05.795Z] Received 8 unread message(s). Latest from=eric
[ATLAS-POLLER 2026-06-02T21:07:07.799Z] Received 8 unread message(s). Latest from=eric
[ATLAS-POLLER 2026-06-02T21:07:09.801Z] Received 8 unread message(s). Latest from=eric
[ATLAS-POLLER 2026-06-02T21:07:11.804Z] Received 8 unread message(s). Latest from=eric
[ATLAS-POLLER 2026-06-02T21:07:13.807Z] Received 8 unread message(s). Latest from=eric
[ATLAS-POLLER 2026-06-02T21:07:15.810Z] Received 8 unread message(s). Latest from=eric
[ATLAS-POLLER 2026-06-02T21:07:17.812Z] Received 8 unread message(s). Latest from=eric
[ATLAS-POLLER 2026-06-02T21:07:19.816Z] Received 8 unread message(s). Latest from=eric
[ATLAS-POLLER 2026-06-02T21:07:21.818Z] Received 8 unread message(s). Latest from=eric
[ATLAS-POLLER 2026-06-02T21:07:23.821Z] Received 8 unread message(s). Latest from=eric
[ATLAS-POLLER 2026-06-02T21:07:25.824Z] Received 8 unread message(s). Latest from=eric
[ATLAS-POLLER 2026-06-02T21:07:27.826Z] Received 8 unread message(s). Latest from=eric
[ATLAS-POLLER 2026-06-02T21:07:29.829Z] Received 8 unread message(s). Latest from=eric
[ATLAS-POLLER 2026-06-02T21:07:31.833Z] Received 8 unread message(s). Latest from=eric
[ATLAS-POLLER 2026-06-02T21:07:33.835Z] Received 8 unread message(s). Latest from=eric
[ATLAS-POLLER 2026-06-02T21:07:35.838Z] Received 8 unread message(s). Latest from=eric
[ATLAS-POLLER 2026-06-02T21:07:37.842Z] Received 8 unread message(s). Latest from=eric
[ATLAS-POLLER 2026-06-02T21:07:39.844Z] Received 8 unread message(s). Latest from=eric
[ATLAS-POLLER 2026-06-02T21:07:41.848Z] Received 8 unread message(s). Latest from=eric
[ATLAS-POLLER 2026-06-02T21:07:43.850Z] Received 8 unread message(s). Latest from=eric
[ATLAS-POLLER 2026-06-02T21:07:45.853Z] Received 8 unread message(s). Latest from=eric
[ATLAS-POLLER 2026-06-02T21:07:47.857Z] Received 8 unread message(s). Latest from=eric
[ATLAS-POLLER 2026-06-02T21:07:49.859Z] Received 8 unread message(s). Latest from=eric
[ATLAS-POLLER 2026-06-02T21:07:51.863Z] Received 8 unread message(s). Latest from=eric
[ATLAS-POLLER 2026-06-02T21:07:53.866Z] Received 8 unread message(s). Latest from=eric
[ATLAS-POLLER 2026-06-02T21:07:55.869Z] Received 8 unread message(s). Latest from=eric
[ATLAS-POLLER 2026-06-02T21:07:57.871Z] Received 8 unread message(s). Latest from=eric
[ATLAS-POLLER 2026-06-02T21:07:59.875Z] Received 8 unread message(s). Latest from=eric
[ATLAS-POLLER 2026-06-02T21:08:01.878Z] Received 8 unread message(s). Latest from=eric
[ATLAS-POLLER 2026-06-02T21:08:03.882Z] Received 8 unread message(s). Latest from=eric
[ATLAS-POLLER 2026-06-02T21:08:05.885Z] Received 8 unread message(s). Latest from=eric
[ATLAS-POLLER 2026-06-02T21:08:07.888Z] Received 8 unread message(s). Latest from=eric
[ATLAS-POLLER 2026-06-02T21:08:09.891Z] Received 9 unread message(s). Latest from=eric
[ATLAS-POLLER 2026-06-02T21:08:11.895Z] Received 9 unread message(s). Latest from=eric
[ATLAS-POLLER 2026-06-02T21:08:13.898Z] Received 10 unread message(s). Latest from=molly
[ATLAS-POLLER 2026-06-02T21:08:15.900Z] Received 10 unread message(s). Latest from=molly
[ATLAS-POLLER 2026-06-02T21:08:17.904Z] Received 10 unread message(s). Latest from=molly
[ATLAS-POLLER 2026-06-02T21:08:19.908Z] Received 10 unread message(s). Latest from=molly
[ATLAS-POLLER 2026-06-02T21:08:21.911Z] Received 10 unread message(s). Latest from=molly
[ATLAS-POLLER 2026-06-02T21:08:23.914Z] Received 10 unread message(s). Latest from=molly
[ATLAS-POLLER 2026-06-02T21:08:25.917Z] Received 10 unread message(s). Latest from=molly
[ATLAS-POLLER 2026-06-02T21:08:27.919Z] Received 10 unread message(s). Latest from=molly
[ATLAS-POLLER 2026-06-02T21:08:29.923Z] Received 10 unread message(s). Latest from=molly
[ATLAS-POLLER 2026-06-02T21:08:31.925Z] Received 10 unread message(s). Latest from=molly
[ATLAS-POLLER 2026-06-02T21:08:33.929Z] Received 10 unread message(s). Latest from=molly
[ATLAS-POLLER 2026-06-02T21:08:35.932Z] Received 10 unread message(s). Latest from=molly
[ATLAS-POLLER 2026-06-02T21:08:37.934Z] Received 10 unread message(s). Latest from=molly
[ATLAS-POLLER 2026-06-02T21:08:39.938Z] Received 10 unread message(s). Latest from=molly
[ATLAS-POLLER 2026-06-02T21:08:41.941Z] Received 10 unread message(s). Latest from=molly
[ATLAS-POLLER 2026-06-02T21:08:43.943Z] Received 10 unread message(s). Latest from=molly
[ATLAS-POLLER 2026-06-02T21:08:45.946Z] Received 10 unread message(s). Latest from=molly
[ATLAS-POLLER 2026-06-02T21:08:47.948Z] Received 10 unread message(s). Latest from=molly
[ATLAS-POLLER 2026-06-02T21:08:49.952Z] Received 10 unread message(s). Latest from=molly
[ATLAS-POLLER 2026-06-02T21:08:51.954Z] Received 10 unread message(s). Latest from=molly
[ATLAS-POLLER 2026-06-02T21:08:53.957Z] Received 10 unread message(s). Latest from=molly
[ATLAS-POLLER 2026-06-02T21:08:55.960Z] Received 10 unread message(s). Latest from=molly
[ATLAS-POLLER 2026-06-02T21:08:57.963Z] Received 10 unread message(s). Latest from=molly
[ATLAS-POLLER 2026-06-02T21:08:59.965Z] Received 10 unread message(s). Latest from=molly
[ATLAS-POLLER 2026-06-02T21:09:01.968Z] Received 10 unread message(s). Latest from=molly
[ATLAS-POLLER 2026-06-02T21:09:03.971Z] Received 10 unread message(s). Latest from=molly
[ATLAS-POLLER 2026-06-02T21:09:05.975Z] Received 10 unread message(s). Latest from=molly
[ATLAS-POLLER 2026-06-02T21:09:07.978Z] Received 10 unread message(s). Latest from=molly
[ATLAS-POLLER 2026-06-02T21:09:09.981Z] Received 10 unread message(s). Latest from=molly
[ATLAS-POLLER 2026-06-02T21:09:11.983Z] Received 10 unread message(s). Latest from=molly
[ATLAS-POLLER 2026-06-02T21:09:13.986Z] Received 10 unread message(s). Latest from=molly
[ATLAS-POLLER 2026-06-02T21:09:15.989Z] Received 10 unread message(s). Latest from=molly
[ATLAS-POLLER 2026-06-02T21:09:17.992Z] Received 10 unread message(s). Latest from=molly
[ATLAS-POLLER 2026-06-02T21:09:19.995Z] Received 10 unread message(s). Latest from=molly
[ATLAS-POLLER 2026-06-02T21:09:21.998Z] Received 10 unread message(s). Latest from=molly
[ATLAS-POLLER 2026-06-02T21:09:24.000Z] Received 10 unread message(s). Latest from=molly
[ATLAS-POLLER 2026-06-02T21:09:26.003Z] Received 10 unread message(s). Latest from=molly
[ATLAS-POLLER 2026-06-02T21:09:28.007Z] Received 11 unread message(s). Latest from=eric
[ATLAS-POLLER 2026-06-02T21:09:30.009Z] Received 11 unread message(s). Latest from=eric
[ATLAS-POLLER 2026-06-02T21:09:32.012Z] Received 11 unread message(s). Latest from=eric
[ATLAS-POLLER 2026-06-02T21:09:34.015Z] Received 11 unread message(s). Latest from=eric
[ATLAS-POLLER 2026-06-02T21:09:36.018Z] Received 11 unread message(s). Latest from=eric
[ATLAS-POLLER 2026-06-02T21:09:38.020Z] Received 11 unread message(s). Latest from=eric
[ATLAS-POLLER 2026-06-02T21:09:40.024Z] Received 11 unread message(s). Latest from=eric
[ATLAS-POLLER 2026-06-02T21:09:42.026Z] Received 11 unread message(s). Latest from=eric
[ATLAS-POLLER 2026-06-02T21:09:44.029Z] Received 11 unread message(s). Latest from=eric
[ATLAS-POLLER 2026-06-02T21:09:46.033Z] Received 11 unread message(s). Latest from=eric
[ATLAS-POLLER 2026-06-02T21:09:48.036Z] Received 11 unread message(s). Latest from=eric
[ATLAS-POLLER 2026-06-02T21:09:50.039Z] Received 11 unread message(s). Latest from=eric
[ATLAS-POLLER 2026-06-02T21:09:52.042Z] Received 11 unread message(s). Latest from=eric
[ATLAS-POLLER 2026-06-02T21:09:54.046Z] Received 11 unread message(s). Latest from=eric
[ATLAS-POLLER 2026-06-02T21:09:56.048Z] Received 11 unread message(s). Latest from=eric
[ATLAS-POLLER 2026-06-02T21:09:58.051Z] Received 11 unread message(s). Latest from=eric
[ATLAS-POLLER 2026-06-02T21:10:00.053Z] Received 11 unread message(s). Latest from=eric
[ATLAS-POLLER 2026-06-02T21:10:02.057Z] Received 11 unread message(s). Latest from=eric
[ATLAS-POLLER 2026-06-02T21:10:04.060Z] Received 11 unread message(s). Latest from=eric
[ATLAS-POLLER 2026-06-02T21:10:06.063Z] Received 11 unread message(s). Latest from=eric
[ATLAS-POLLER 2026-06-02T21:10:08.067Z] Received 11 unread message(s). Latest from=eric
[ATLAS-POLLER 2026-06-02T21:10:10.069Z] Received 11 unread message(s). Latest from=eric
[ATLAS-POLLER 2026-06-02T21:10:12.072Z] Received 11 unread message(s). Latest from=eric
[ATLAS-POLLER 2026-06-02T21:10:14.074Z] Received 12 unread message(s). Latest from=molly
[ATLAS-POLLER 2026-06-02T21:10:16.077Z] Received 12 unread message(s). Latest from=molly
[ATLAS-POLLER 2026-06-02T21:10:18.081Z] Received 12 unread message(s). Latest from=molly
[ATLAS-POLLER 2026-06-02T21:10:20.083Z] Received 12 unread message(s). Latest from=molly
[ATLAS-POLLER 2026-06-02T21:10:22.086Z] Received 12 unread message(s). Latest from=molly
[ATLAS-POLLER 2026-06-02T21:10:24.088Z] Received 12 unread message(s). Latest from=molly
[ATLAS-POLLER 2026-06-02T21:10:26.091Z] Received 12 unread message(s). Latest from=molly
[ATLAS-POLLER 2026-06-02T21:10:28.094Z] Received 12 unread message(s). Latest from=molly
[ATLAS-POLLER 2026-06-02T21:10:30.096Z] Received 12 unread message(s). Latest from=molly
[ATLAS-POLLER 2026-06-02T21:10:32.100Z] Received 12 unread message(s). Latest from=molly
[ATLAS-POLLER 2026-06-02T21:10:34.102Z] Received 12 unread message(s). Latest from=molly
[ATLAS-POLLER 2026-06-02T21:10:36.106Z] Received 12 unread message(s). Latest from=molly
[ATLAS-POLLER 2026-06-02T21:10:38.109Z] Received 12 unread message(s). Latest from=molly
[ATLAS-POLLER 2026-06-02T21:10:40.113Z] Received 12 unread message(s). Latest from=molly
[ATLAS-POLLER 2026-06-02T21:10:42.116Z] Received 12 unread message(s). Latest from=molly
[ATLAS-POLLER 2026-06-02T21:10:44.117Z] Received 12 unread message(s). Latest from=molly
[ATLAS-POLLER 2026-06-02T21:10:46.120Z] Received 12 unread message(s). Latest from=molly
[ATLAS-POLLER 2026-06-02T21:10:48.122Z] Received 12 unread message(s). Latest from=molly
[ATLAS-POLLER 2026-06-02T21:10:50.125Z] Received 12 unread message(s). Latest from=molly
[ATLAS-POLLER 2026-06-02T21:10:52.129Z] Received 12 unread message(s). Latest from=molly
[ATLAS-POLLER 2026-06-02T21:10:54.133Z] Received 12 unread message(s). Latest from=molly
[ATLAS-POLLER 2026-06-02T21:10:56.135Z] Received 12 unread message(s). Latest from=molly
[ATLAS-POLLER 2026-06-02T21:10:58.138Z] Received 12 unread message(s). Latest from=molly
[ATLAS-POLLER 2026-06-02T21:11:00.141Z] Received 12 unread message(s). Latest from=molly
[ATLAS-POLLER 2026-06-02T21:11:02.144Z] Received 12 unread message(s). Latest from=molly
[ATLAS-POLLER 2026-06-02T21:11:04.148Z] Received 12 unread message(s). Latest from=molly
[ATLAS-POLLER 2026-06-02T21:11:06.151Z] Received 12 unread message(s). Latest from=molly
[ATLAS-POLLER 2026-06-02T21:11:08.154Z] Received 12 unread message(s). Latest from=molly
[ATLAS-POLLER 2026-06-02T21:11:10.157Z] Received 12 unread message(s). Latest from=molly
[ATLAS-POLLER 2026-06-02T21:11:12.159Z] Received 12 unread message(s). Latest from=molly
[ATLAS-POLLER 2026-06-02T21:11:14.162Z] Received 12 unread message(s). Latest from=molly
[ATLAS-POLLER 2026-06-02T21:11:16.165Z] Received 12 unread message(s). Latest from=molly
[ATLAS-POLLER 2026-06-02T21:11:18.168Z] Received 12 unread message(s). Latest from=molly
[ATLAS-POLLER 2026-06-02T21:11:20.171Z] Received 12 unread message(s). Latest from=molly
[ATLAS-POLLER 2026-06-02T21:11:22.173Z] Received 12 unread message(s). Latest from=molly
[ATLAS-POLLER 2026-06-02T21:11:24.175Z] Received 12 unread message(s). Latest from=molly
[ATLAS-POLLER 2026-06-02T21:11:26.178Z] Received 12 unread message(s). Latest from=molly
[ATLAS-POLLER 2026-06-02T21:11:28.182Z] Received 12 unread message(s). Latest from=molly
[ATLAS-POLLER 2026-06-02T21:11:30.184Z] Received 12 unread message(s). Latest from=molly
[ATLAS-POLLER 2026-06-02T21:11:32.187Z] Received 12 unread message(s). Latest from=molly
[ATLAS-POLLER 2026-06-02T21:11:34.189Z] Received 12 unread message(s). Latest from=molly
[ATLAS-POLLER 2026-06-02T21:11:36.191Z] Received 12 unread message(s). Latest from=molly
[ATLAS-POLLER 2026-06-02T21:11:38.195Z] Received 12 unread message(s). Latest from=molly
[ATLAS-POLLER 2026-06-02T21:11:40.198Z] Received 12 unread message(s). Latest from=molly
[ATLAS-POLLER 2026-06-02T21:11:42.199Z] Received 12 unread message(s). Latest from=molly
[ATLAS-POLLER 2026-06-02T21:11:44.202Z] Received 12 unread message(s). Latest from=molly
[ATLAS-POLLER 2026-06-02T21:11:46.203Z] Received 12 unread message(s). Latest from=molly
[ATLAS-POLLER 2026-06-02T21:11:48.207Z] Received 12 unread message(s). Latest from=molly
[ATLAS-POLLER 2026-06-02T21:11:50.209Z] Received 13 unread message(s). Latest from=eric
[ATLAS-POLLER 2026-06-02T21:11:52.211Z] Received 13 unread message(s). Latest from=eric
[ATLAS-POLLER 2026-06-02T21:11:54.214Z] Received 13 unread message(s). Latest from=eric
[ATLAS-POLLER 2026-06-02T21:11:56.217Z] Received 13 unread message(s). Latest from=eric
[ATLAS-POLLER 2026-06-02T21:11:58.219Z] Received 13 unread message(s). Latest from=eric
[ATLAS-POLLER 2026-06-02T21:12:00.222Z] Received 13 unread message(s). Latest from=eric
[ATLAS-POLLER 2026-06-02T21:12:02.224Z] Received 13 unread message(s). Latest from=eric
[ATLAS-POLLER 2026-06-02T21:12:04.226Z] Received 13 unread message(s). Latest from=eric
[ATLAS-POLLER 2026-06-02T21:12:06.229Z] Received 13 unread message(s). Latest from=eric
[ATLAS-POLLER 2026-06-02T21:12:08.232Z] Received 13 unread message(s). Latest from=eric
[ATLAS-POLLER 2026-06-02T21:12:10.234Z] Received 13 unread message(s). Latest from=eric
[ATLAS-POLLER 2026-06-02T21:12:12.237Z] Received 13 unread message(s). Latest from=eric
[ATLAS-POLLER 2026-06-02T21:12:14.240Z] Received 13 unread message(s). Latest from=eric
[ATLAS-POLLER 2026-06-02T21:12:16.242Z] Received 15 unread message(s). Latest from=molly
[ATLAS-POLLER 2026-06-02T21:12:18.244Z] Received 16 unread message(s). Latest from=molly
[ATLAS-POLLER 2026-06-02T21:12:20.247Z] Received 17 unread message(s). Latest from=molly
[ATLAS-POLLER 2026-06-02T21:12:22.250Z] Received 18 unread message(s). Latest from=molly
[ATLAS-POLLER 2026-06-02T21:12:24.252Z] Received 18 unread message(s). Latest from=molly
[ATLAS-POLLER 2026-06-02T21:12:26.254Z] Received 18 unread message(s). Latest from=molly
[ATLAS-POLLER 2026-06-02T21:12:28.257Z] Received 18 unread message(s). Latest from=molly
[ATLAS-POLLER 2026-06-02T21:12:30.260Z] Received 18 unread message(s). Latest from=molly
[ATLAS-POLLER 2026-06-02T21:12:32.262Z] Received 18 unread message(s). Latest from=molly
[ATLAS-POLLER 2026-06-02T21:12:34.265Z] Received 18 unread message(s). Latest from=molly
[ATLAS-POLLER 2026-06-02T21:12:36.267Z] Received 18 unread message(s). Latest from=molly
[ATLAS-POLLER 2026-06-02T21:12:38.269Z] Received 18 unread message(s). Latest from=molly
[ATLAS-POLLER 2026-06-02T21:12:40.272Z] Received 18 unread message(s). Latest from=molly
[ATLAS-POLLER 2026-06-02T21:12:42.274Z] Received 19 unread message(s). Latest from=molly
[ATLAS-POLLER 2026-06-02T21:12:44.276Z] Received 20 unread message(s). Latest from=molly
[ATLAS-POLLER 2026-06-02T21:12:46.279Z] Received 20 unread message(s). Latest from=molly
[ATLAS-POLLER 2026-06-02T21:12:48.285Z] Received 20 unread message(s). Latest from=molly
[ATLAS-POLLER 2026-06-02T21:12:50.288Z] Received 20 unread message(s). Latest from=molly
[ATLAS-POLLER 2026-06-02T21:12:52.291Z] Received 20 unread message(s). Latest from=molly
[ATLAS-POLLER 2026-06-02T21:12:54.294Z] Received 20 unread message(s). Latest from=molly
[ATLAS-POLLER 2026-06-02T21:12:56.297Z] Received 20 unread message(s). Latest from=molly
[ATLAS-POLLER 2026-06-02T21:12:58.300Z] Received 20 unread message(s). Latest from=molly
[ATLAS-POLLER 2026-06-02T21:13:00.303Z] Received 20 unread message(s). Latest from=molly
[ATLAS-POLLER 2026-06-02T21:13:02.305Z] Received 20 unread message(s). Latest from=molly
[ATLAS-POLLER 2026-06-02T21:13:04.308Z] Received 20 unread message(s). Latest from=molly
[ATLAS-POLLER 2026-06-02T21:13:06.312Z] Received 20 unread message(s). Latest from=molly
[ATLAS-POLLER 2026-06-02T21:13:08.314Z] Received 20 unread message(s). Latest from=molly
[ATLAS-POLLER 2026-06-02T21:13:10.317Z] Received 20 unread message(s). Latest from=molly
[ATLAS-POLLER 2026-06-02T21:13:12.320Z] Received 20 unread message(s). Latest from=molly
[ATLAS-POLLER 2026-06-02T21:13:14.323Z] Received 20 unread message(s). Latest from=molly
[ATLAS-POLLER 2026-06-02T21:13:16.326Z] Received 20 unread message(s). Latest from=molly
[ATLAS-POLLER 2026-06-02T21:13:18.327Z] Received 20 unread message(s). Latest from=molly
[ATLAS-POLLER 2026-06-02T21:13:20.331Z] Received 20 unread message(s). Latest from=molly
[ATLAS-POLLER 2026-06-02T21:13:22.335Z] Received 20 unread message(s). Latest from=molly
[ATLAS-POLLER 2026-06-02T21:13:24.337Z] Received 20 unread message(s). Latest from=molly
[ATLAS-POLLER 2026-06-02T21:13:26.340Z] Received 20 unread message(s). Latest from=molly
[ATLAS-POLLER 2026-06-02T21:13:28.344Z] Received 20 unread message(s). Latest from=molly
[ATLAS-POLLER 2026-06-02T21:13:30.347Z] Received 20 unread message(s). Latest from=molly
[ATLAS-POLLER 2026-06-02T21:13:32.349Z] Received 20 unread message(s). Latest from=molly
[ATLAS-POLLER 2026-06-02T21:13:34.351Z] Received 20 unread message(s). Latest from=molly
[ATLAS-POLLER 2026-06-02T21:13:36.354Z] Received 20 unread message(s). Latest from=molly
[ATLAS-POLLER 2026-06-02T21:13:38.356Z] Received 20 unread message(s). Latest from=molly
[ATLAS-POLLER 2026-06-02T21:13:40.359Z] Received 20 unread message(s). Latest from=molly
[ATLAS-POLLER 2026-06-02T21:13:42.361Z] Received 20 unread message(s). Latest from=molly
[ATLAS-POLLER 2026-06-02T21:13:44.364Z] Received 20 unread message(s). Latest from=molly
[ATLAS-POLLER 2026-06-02T21:13:46.367Z] Received 20 unread message(s). Latest from=molly
[ATLAS-POLLER 2026-06-02T21:13:48.370Z] Received 20 unread message(s). Latest from=molly
[ATLAS-POLLER 2026-06-02T21:13:50.373Z] Received 20 unread message(s). Latest from=molly
[ATLAS-POLLER 2026-06-02T21:13:52.375Z] Received 21 unread message(s). Latest from=eric
[ATLAS-POLLER 2026-06-02T21:13:54.377Z] Received 21 unread message(s). Latest from=eric
[ATLAS-POLLER 2026-06-02T21:13:56.380Z] Received 21 unread message(s). Latest from=eric
[ATLAS-POLLER 2026-06-02T21:13:58.383Z] Received 21 unread message(s). Latest from=eric
[ATLAS-POLLER 2026-06-02T21:14:00.386Z] Received 21 unread message(s). Latest from=eric
[ATLAS-POLLER 2026-06-02T21:14:02.390Z] Received 21 unread message(s). Latest from=eric
[ATLAS-POLLER 2026-06-02T21:14:04.393Z] Received 21 unread message(s). Latest from=eric
[ATLAS-POLLER 2026-06-02T21:14:06.395Z] Received 21 unread message(s). Latest from=eric
[ATLAS-POLLER 2026-06-02T21:14:08.398Z] Received 21 unread message(s). Latest from=eric
[ATLAS-POLLER 2026-06-02T21:14:10.401Z] Received 21 unread message(s). Latest from=eric
[ATLAS-POLLER 2026-06-02T21:14:12.404Z] Received 21 unread message(s). Latest from=eric
[ATLAS-POLLER 2026-06-02T21:14:14.408Z] Received 22 unread message(s). Latest from=molly
[ATLAS-POLLER 2026-06-02T21:14:16.411Z] Received 22 unread message(s). Latest from=molly
[ATLAS-POLLER 2026-06-02T21:14:18.414Z] Received 22 unread message(s). Latest from=molly
[ATLAS-POLLER 2026-06-02T21:14:20.418Z] Received 22 unread message(s). Latest from=molly
[ATLAS-POLLER 2026-06-02T21:14:22.421Z] Received 22 unread message(s). Latest from=molly
[ATLAS-POLLER 2026-06-02T21:14:24.423Z] Received 22 unread message(s). Latest from=molly
[ATLAS-POLLER 2026-06-02T21:14:26.426Z] Received 22 unread message(s). Latest from=molly
[ATLAS-POLLER 2026-06-02T21:14:28.428Z] Received 22 unread message(s). Latest from=molly
[ATLAS-POLLER 2026-06-02T21:14:30.431Z] Received 22 unread message(s). Latest from=molly
[ATLAS-POLLER 2026-06-02T21:14:32.435Z] Received 22 unread message(s). Latest from=molly
[ATLAS-POLLER 2026-06-02T21:14:34.438Z] Received 22 unread message(s). Latest from=molly
[ATLAS-POLLER 2026-06-02T21:14:36.440Z] Received 22 unread message(s). Latest from=molly
[ATLAS-POLLER 2026-06-02T21:14:38.442Z] Received 22 unread message(s). Latest from=molly
[ATLAS-POLLER 2026-06-02T21:14:40.446Z] Received 22 unread message(s). Latest from=molly
[ATLAS-POLLER 2026-06-02T21:14:42.448Z] Received 22 unread message(s). Latest from=molly
[ATLAS-POLLER 2026-06-02T21:14:44.452Z] Received 22 unread message(s). Latest from=molly
[ATLAS-POLLER 2026-06-02T21:14:46.455Z] Received 22 unread message(s). Latest from=molly
[ATLAS-POLLER 2026-06-02T21:14:48.457Z] Received 22 unread message(s). Latest from=molly
[ATLAS-POLLER 2026-06-02T21:14:50.461Z] Received 22 unread message(s). Latest from=molly
[ATLAS-POLLER 2026-06-02T21:14:52.463Z] Received 22 unread message(s). Latest from=molly
[ATLAS-POLLER 2026-06-02T21:14:54.467Z] Received 22 unread message(s). Latest from=molly
[ATLAS-POLLER 2026-06-02T21:14:56.470Z] Received 22 unread message(s). Latest from=molly
[ATLAS-POLLER 2026-06-02T21:14:58.473Z] Received 22 unread message(s). Latest from=molly
[ATLAS-POLLER 2026-06-02T21:15:00.475Z] Received 22 unread message(s). Latest from=molly
[ATLAS-POLLER 2026-06-02T21:15:02.478Z] Received 22 unread message(s). Latest from=molly
[ATLAS-POLLER 2026-06-02T21:15:04.482Z] Received 23 unread message(s). Latest from=eric
[ATLAS-POLLER 2026-06-02T21:15:06.485Z] Received 23 unread message(s). Latest from=eric
[ATLAS-POLLER 2026-06-02T21:15:08.488Z] Received 23 unread message(s). Latest from=eric
[ATLAS-POLLER 2026-06-02T21:15:10.491Z] Received 23 unread message(s). Latest from=eric
[ATLAS-POLLER 2026-06-02T21:15:12.493Z] Received 23 unread message(s). Latest from=eric
[ATLAS-POLLER 2026-06-02T21:15:14.496Z] Received 23 unread message(s). Latest from=eric
[ATLAS-POLLER 2026-06-02T21:15:16.499Z] Received 23 unread message(s). Latest from=eric
[ATLAS-POLLER 2026-06-02T21:15:18.502Z] Received 23 unread message(s). Latest from=eric
[ATLAS-POLLER 2026-06-02T21:15:20.504Z] Received 23 unread message(s). Latest from=eric
[ATLAS-POLLER 2026-06-02T21:15:22.507Z] Received 23 unread message(s). Latest from=eric
[ATLAS-POLLER 2026-06-02T21:15:24.509Z] Received 23 unread message(s). Latest from=eric
[ATLAS-POLLER 2026-06-02T21:15:26.512Z] Received 23 unread message(s). Latest from=eric
[ATLAS-POLLER 2026-06-02T21:15:28.515Z] Received 23 unread message(s). Latest from=eric
[ATLAS-POLLER 2026-06-02T21:15:30.518Z] Received 23 unread message(s). Latest from=eric
[ATLAS-POLLER 2026-06-02T21:15:32.522Z] Received 23 unread message(s). Latest from=eric
[ATLAS-POLLER 2026-06-02T21:15:34.524Z] Received 23 unread message(s). Latest from=eric
[ATLAS-POLLER 2026-06-02T21:15:36.526Z] Received 23 unread message(s). Latest from=eric
[ATLAS-POLLER 2026-06-02T21:15:38.530Z] Received 23 unread message(s). Latest from=eric
[ATLAS-POLLER 2026-06-02T21:15:40.533Z] Received 23 unread message(s). Latest from=eric
[ATLAS-POLLER 2026-06-02T21:15:42.536Z] Received 23 unread message(s). Latest from=eric
[ATLAS-POLLER 2026-06-02T21:15:44.540Z] Received 23 unread message(s). Latest from=eric
[ATLAS-POLLER 2026-06-02T21:15:46.543Z] Received 23 unread message(s). Latest from=eric
[ATLAS-POLLER 2026-06-02T21:15:48.546Z] Received 23 unread message(s). Latest from=eric
[ATLAS-POLLER 2026-06-02T21:15:50.549Z] Received 23 unread message(s). Latest from=eric
[ATLAS-POLLER 2026-06-02T21:15:52.551Z] Received 23 unread message(s). Latest from=eric
[ATLAS-POLLER 2026-06-02T21:15:54.554Z] Received 23 unread message(s). Latest from=eric
[ATLAS-POLLER 2026-06-02T21:15:56.558Z] Received 23 unread message(s). Latest from=eric
[ATLAS-POLLER 2026-06-02T21:15:58.560Z] Received 23 unread message(s). Latest from=eric
[ATLAS-POLLER 2026-06-02T21:16:00.564Z] Received 23 unread message(s). Latest from=eric
[ATLAS-POLLER 2026-06-02T21:16:02.567Z] Received 23 unread message(s). Latest from=eric
[ATLAS-POLLER 2026-06-02T21:16:04.570Z] Received 23 unread message(s). Latest from=eric
[ATLAS-POLLER 2026-06-02T21:16:06.573Z] Received 23 unread message(s). Latest from=eric
[ATLAS-POLLER 2026-06-02T21:16:08.576Z] Received 23 unread message(s). Latest from=eric
[ATLAS-POLLER 2026-06-02T21:16:10.579Z] Received 23 unread message(s). Latest from=eric
[ATLAS-POLLER 2026-06-02T21:16:12.582Z] Received 23 unread message(s). Latest from=eric
[ATLAS-POLLER 2026-06-02T21:16:14.584Z] Received 24 unread message(s). Latest from=molly
[ATLAS-POLLER 2026-06-02T21:16:16.587Z] Received 24 unread message(s). Latest from=molly
[ATLAS-POLLER 2026-06-02T21:16:18.591Z] Received 24 unread message(s). Latest from=molly
[ATLAS-POLLER 2026-06-02T21:16:20.594Z] Received 24 unread message(s). Latest from=molly
[ATLAS-POLLER 2026-06-02T21:16:22.596Z] Received 24 unread message(s). Latest from=molly
[ATLAS-POLLER 2026-06-02T21:16:24.599Z] Received 24 unread message(s). Latest from=molly
[ATLAS-POLLER 2026-06-02T21:16:26.603Z] Received 24 unread message(s). Latest from=molly
[ATLAS-POLLER 2026-06-02T21:16:28.606Z] Received 24 unread message(s). Latest from=molly
[ATLAS-POLLER 2026-06-02T21:16:30.609Z] Received 24 unread message(s). Latest from=molly
[ATLAS-POLLER 2026-06-02T21:16:32.613Z] Received 24 unread message(s). Latest from=molly
[ATLAS-POLLER 2026-06-02T21:16:34.616Z] Received 24 unread message(s). Latest from=molly
[ATLAS-POLLER 2026-06-02T21:16:36.619Z] Received 24 unread message(s). Latest from=molly
[ATLAS-POLLER 2026-06-02T21:16:38.622Z] Received 24 unread message(s). Latest from=molly
[ATLAS-POLLER 2026-06-02T21:16:40.625Z] Received 24 unread message(s). Latest from=molly
[ATLAS-POLLER 2026-06-02T21:16:42.628Z] Received 24 unread message(s). Latest from=molly
[ATLAS-POLLER 2026-06-02T21:16:44.631Z] Received 24 unread message(s). Latest from=molly
[ATLAS-POLLER 2026-06-02T21:16:46.634Z] Received 24 unread message(s). Latest from=molly
[ATLAS-POLLER 2026-06-02T21:16:48.638Z] Received 24 unread message(s). Latest from=molly
[ATLAS-POLLER 2026-06-02T21:16:50.642Z] Received 24 unread message(s). Latest from=molly
[ATLAS-POLLER 2026-06-02T21:16:52.645Z] Received 24 unread message(s). Latest from=molly
[ATLAS-POLLER 2026-06-02T21:16:54.648Z] Received 24 unread message(s). Latest from=molly
[ATLAS-POLLER 2026-06-02T21:16:56.651Z] Received 24 unread message(s). Latest from=molly
[ATLAS-POLLER 2026-06-02T21:16:58.654Z] Received 24 unread message(s). Latest from=molly
[ATLAS-POLLER 2026-06-02T21:17:00.655Z] Received 24 unread message(s). Latest from=molly
[ATLAS-POLLER 2026-06-02T21:17:02.658Z] Received 24 unread message(s). Latest from=molly
[ATLAS-POLLER 2026-06-02T21:17:04.661Z] Received 24 unread message(s). Latest from=molly
[ATLAS-POLLER 2026-06-02T21:17:06.664Z] Received 24 unread message(s). Latest from=molly
[ATLAS-POLLER 2026-06-02T21:17:08.666Z] Received 24 unread message(s). Latest from=molly
[ATLAS-POLLER 2026-06-02T21:17:10.671Z] Received 24 unread message(s). Latest from=molly
[ATLAS-POLLER 2026-06-02T21:17:12.674Z] Received 24 unread message(s). Latest from=molly
[ATLAS-POLLER 2026-06-02T21:17:14.676Z] Received 24 unread message(s). Latest from=molly
[ATLAS-POLLER 2026-06-02T21:17:16.680Z] Received 24 unread message(s). Latest from=molly
[ATLAS-POLLER 2026-06-02T21:17:18.683Z] Received 24 unread message(s). Latest from=molly
[ATLAS-POLLER 2026-06-02T21:17:20.686Z] Received 24 unread message(s). Latest from=molly
[ATLAS-POLLER 2026-06-02T21:17:22.690Z] Received 24 unread message(s). Latest from=molly
[ATLAS-POLLER 2026-06-02T21:17:24.693Z] Received 24 unread message(s). Latest from=molly
[ATLAS-POLLER 2026-06-02T21:17:26.696Z] Received 24 unread message(s). Latest from=molly
[ATLAS-POLLER 2026-06-02T21:17:28.698Z] Received 25 unread message(s). Latest from=eric
[ATLAS-POLLER 2026-06-02T21:17:30.701Z] Received 25 unread message(s). Latest from=eric
[ATLAS-POLLER 2026-06-02T21:17:32.704Z] Received 25 unread message(s). Latest from=eric
[ATLAS-POLLER 2026-06-02T21:17:34.707Z] Received 25 unread message(s). Latest from=eric
[ATLAS-POLLER 2026-06-02T21:17:36.711Z] Received 25 unread message(s). Latest from=eric
[ATLAS-POLLER 2026-06-02T21:17:38.713Z] Received 25 unread message(s). Latest from=eric
[ATLAS-POLLER 2026-06-02T21:17:40.716Z] Received 25 unread message(s). Latest from=eric
[ATLAS-POLLER 2026-06-02T21:17:42.718Z] Received 25 unread message(s). Latest from=eric
[ATLAS-POLLER 2026-06-02T21:17:44.722Z] Received 25 unread message(s). Latest from=eric
[ATLAS-POLLER 2026-06-02T21:17:46.725Z] Received 25 unread message(s). Latest from=eric
[ATLAS-POLLER 2026-06-02T21:17:48.728Z] Received 25 unread message(s). Latest from=eric
[ATLAS-POLLER 2026-06-02T21:17:50.731Z] Received 25 unread message(s). Latest from=eric
[ATLAS-POLLER 2026-06-02T21:17:52.733Z] Received 25 unread message(s). Latest from=eric
[ATLAS-POLLER 2026-06-02T21:17:54.737Z] Received 25 unread message(s). Latest from=eric
[ATLAS-POLLER 2026-06-02T21:17:56.740Z] Received 25 unread message(s). Latest from=eric
[ATLAS-POLLER 2026-06-02T21:17:58.743Z] Received 25 unread message(s). Latest from=eric
[ATLAS-POLLER 2026-06-02T21:18:00.745Z] Received 25 unread message(s). Latest from=eric
[ATLAS-POLLER 2026-06-02T21:18:02.749Z] Received 25 unread message(s). Latest from=eric
[ATLAS-POLLER 2026-06-02T21:18:04.751Z] Received 25 unread message(s). Latest from=eric
[ATLAS-POLLER 2026-06-02T21:18:06.754Z] Received 25 unread message(s). Latest from=eric
[ATLAS-POLLER 2026-06-02T21:18:08.758Z] Received 25 unread message(s). Latest from=eric
[ATLAS-POLLER 2026-06-02T21:18:10.762Z] Received 25 unread message(s). Latest from=eric
[ATLAS-POLLER 2026-06-02T21:18:12.767Z] Buffered 1 message(s) to wakeup file
[ATLAS-POLLER 2026-06-02T21:18:12.767Z] Received 26 unread message(s). Latest from=molly
[ATLAS-POLLER 2026-06-02T21:18:14.770Z] Received 27 unread message(s). Latest from=molly
[ATLAS-POLLER 2026-06-02T21:18:16.773Z] Received 28 unread message(s). Latest from=molly
[ATLAS-POLLER 2026-06-02T21:18:18.775Z] Received 28 unread message(s). Latest from=molly
[ATLAS-POLLER 2026-06-02T21:18:20.779Z] Received 28 unread message(s). Latest from=molly
[ATLAS-POLLER 2026-06-02T21:18:22.782Z] Received 28 unread message(s). Latest from=molly
[ATLAS-POLLER 2026-06-02T21:18:24.785Z] Received 28 unread message(s). Latest from=molly
[ATLAS-POLLER 2026-06-02T21:18:26.788Z] Received 28 unread message(s). Latest from=molly
[ATLAS-POLLER 2026-06-02T21:18:28.791Z] Received 28 unread message(s). Latest from=molly
[ATLAS-POLLER 2026-06-02T21:18:30.793Z] Received 28 unread message(s). Latest from=molly
[ATLAS-POLLER 2026-06-02T21:18:32.795Z] Received 28 unread message(s). Latest from=molly
[ATLAS-POLLER 2026-06-02T21:18:34.798Z] Received 28 unread message(s). Latest from=molly
[ATLAS-POLLER 2026-06-02T21:18:36.801Z] Received 28 unread message(s). Latest from=molly
[ATLAS-POLLER 2026-06-02T21:18:38.803Z] Received 28 unread message(s). Latest from=molly
[ATLAS-POLLER 2026-06-02T21:18:40.807Z] Received 28 unread message(s). Latest from=molly
[ATLAS-POLLER 2026-06-02T21:18:42.809Z] Received 28 unread message(s). Latest from=molly
[ATLAS-POLLER 2026-06-02T21:18:44.813Z] Received 28 unread message(s). Latest from=molly
[ATLAS-POLLER 2026-06-02T21:18:46.815Z] Received 28 unread message(s). Latest from=molly
[ATLAS-POLLER 2026-06-02T21:18:48.818Z] Received 28 unread message(s). Latest from=molly
[ATLAS-POLLER 2026-06-02T21:18:50.820Z] Received 28 unread message(s). Latest from=molly
[ATLAS-POLLER 2026-06-02T21:18:52.822Z] Received 28 unread message(s). Latest from=molly
[ATLAS-POLLER 2026-06-02T21:18:54.825Z] Received 28 unread message(s). Latest from=molly
[ATLAS-POLLER 2026-06-02T21:18:56.828Z] Received 28 unread message(s). Latest from=molly
[ATLAS-POLLER 2026-06-02T21:18:58.831Z] Received 28 unread message(s). Latest from=molly
[ATLAS-POLLER 2026-06-02T21:19:00.833Z] Received 28 unread message(s). Latest from=molly
[ATLAS-POLLER 2026-06-02T21:19:02.837Z] Received 28 unread message(s). Latest from=molly
[ATLAS-POLLER 2026-06-02T21:19:04.839Z] Received 28 unread message(s). Latest from=molly
[ATLAS-POLLER 2026-06-02T21:19:06.843Z] Received 28 unread message(s). Latest from=molly
[ATLAS-POLLER 2026-06-02T21:19:08.846Z] Received 28 unread message(s). Latest from=molly
[ATLAS-POLLER 2026-06-02T21:19:10.849Z] Received 28 unread message(s). Latest from=molly
[ATLAS-POLLER 2026-06-02T21:19:12.852Z] Received 28 unread message(s). Latest from=molly
[ATLAS-POLLER 2026-06-02T21:19:14.854Z] Received 28 unread message(s). Latest from=molly
[ATLAS-POLLER 2026-06-02T21:19:16.858Z] Received 28 unread message(s). Latest from=molly
[ATLAS-POLLER 2026-06-02T21:19:18.861Z] Received 28 unread message(s). Latest from=molly
[ATLAS-POLLER 2026-06-02T21:19:20.863Z] Received 28 unread message(s). Latest from=molly
[ATLAS-POLLER 2026-06-02T21:19:22.866Z] Received 28 unread message(s). Latest from=molly
[ATLAS-POLLER 2026-06-02T21:19:24.869Z] Received 28 unread message(s). Latest from=molly
[ATLAS-POLLER 2026-06-02T21:19:26.871Z] Received 28 unread message(s). Latest from=molly
[ATLAS-POLLER 2026-06-02T21:19:28.874Z] Received 28 unread message(s). Latest from=molly
[ATLAS-POLLER 2026-06-02T21:19:30.877Z] Received 28 unread message(s). Latest from=molly
[ATLAS-POLLER 2026-06-02T21:19:32.880Z] Received 28 unread message(s). Latest from=molly
[ATLAS-POLLER 2026-06-02T21:19:34.883Z] Received 28 unread message(s). Latest from=molly
[ATLAS-POLLER 2026-06-02T21:19:36.885Z] Received 28 unread message(s). Latest from=molly
[ATLAS-POLLER 2026-06-02T21:19:38.888Z] Received 28 unread message(s). Latest from=molly
[ATLAS-POLLER 2026-06-02T21:19:40.891Z] Received 28 unread message(s). Latest from=molly
[ATLAS-POLLER 2026-06-02T21:19:42.893Z] Received 28 unread message(s). Latest from=molly
[ATLAS-POLLER 2026-06-02T21:19:44.896Z] Received 31 unread message(s). Latest from=molly
[ATLAS-POLLER 2026-06-02T21:19:46.899Z] Received 31 unread message(s). Latest from=molly
[ATLAS-POLLER 2026-06-02T21:19:48.902Z] Received 31 unread message(s). Latest from=molly
[ATLAS-POLLER 2026-06-02T21:19:50.904Z] Received 31 unread message(s). Latest from=molly
[ATLAS-POLLER 2026-06-02T21:19:52.908Z] Received 31 unread message(s). Latest from=molly
[ATLAS-POLLER 2026-06-02T21:19:54.911Z] Received 31 unread message(s). Latest from=molly
[ATLAS-POLLER 2026-06-02T21:19:56.914Z] Received 31 unread message(s). Latest from=molly
[ATLAS-POLLER 2026-06-02T21:19:58.917Z] Received 31 unread message(s). Latest from=molly
[ATLAS-POLLER 2026-06-02T21:20:00.919Z] Received 31 unread message(s). Latest from=molly
[ATLAS-POLLER 2026-06-02T21:20:02.922Z] Received 31 unread message(s). Latest from=molly
[ATLAS-POLLER 2026-06-02T21:20:04.926Z] Received 31 unread message(s). Latest from=molly
[ATLAS-POLLER 2026-06-02T21:20:06.928Z] Received 31 unread message(s). Latest from=molly
[ATLAS-POLLER 2026-06-02T21:20:08.932Z] Received 31 unread message(s). Latest from=molly
[ATLAS-POLLER 2026-06-02T21:20:10.934Z] Received 31 unread message(s). Latest from=molly
[ATLAS-POLLER 2026-06-02T21:20:12.938Z] Received 31 unread message(s). Latest from=molly
[ATLAS-POLLER 2026-06-02T21:20:14.940Z] Received 31 unread message(s). Latest from=molly
[ATLAS-POLLER 2026-06-02T21:20:16.944Z] Received 31 unread message(s). Latest from=molly
[ATLAS-POLLER 2026-06-02T21:20:18.946Z] Received 31 unread message(s). Latest from=molly
[ATLAS-POLLER 2026-06-02T21:20:20.949Z] Received 31 unread message(s). Latest from=molly
[ATLAS-POLLER 2026-06-02T21:20:22.952Z] Received 31 unread message(s). Latest from=molly
[ATLAS-POLLER 2026-06-02T21:20:24.956Z] Received 31 unread message(s). Latest from=molly
[ATLAS-POLLER 2026-06-02T21:20:26.960Z] Received 31 unread message(s). Latest from=molly
[ATLAS-POLLER 2026-06-02T21:20:28.963Z] Received 31 unread message(s). Latest from=molly
[ATLAS-POLLER 2026-06-02T21:20:30.966Z] Received 31 unread message(s). Latest from=molly
[ATLAS-POLLER 2026-06-02T21:20:32.968Z] Received 31 unread message(s). Latest from=molly
[ATLAS-POLLER 2026-06-02T21:20:34.972Z] Received 31 unread message(s). Latest from=molly
[ATLAS-POLLER 2026-06-02T21:20:36.976Z] Received 31 unread message(s). Latest from=molly
[ATLAS-POLLER 2026-06-02T21:20:38.978Z] Received 31 unread message(s). Latest from=molly
[ATLAS-POLLER 2026-06-02T21:20:40.981Z] Received 31 unread message(s). Latest from=molly
[ATLAS-POLLER 2026-06-02T21:20:42.985Z] Received 31 unread message(s). Latest from=molly
[ATLAS-POLLER 2026-06-02T21:20:44.988Z] Received 31 unread message(s). Latest from=molly
[ATLAS-POLLER 2026-06-02T21:20:46.991Z] Received 31 unread message(s). Latest from=molly
[ATLAS-POLLER 2026-06-02T21:20:48.994Z] Received 31 unread message(s). Latest from=molly
[ATLAS-POLLER 2026-06-02T21:20:50.998Z] Received 31 unread message(s). Latest from=molly
[ATLAS-POLLER 2026-06-02T21:20:53.002Z] Received 31 unread message(s). Latest from=molly
[ATLAS-POLLER 2026-06-02T21:20:55.006Z] Received 31 unread message(s). Latest from=molly
[ATLAS-POLLER 2026-06-02T21:20:57.008Z] Received 31 unread message(s). Latest from=molly
[ATLAS-POLLER 2026-06-02T21:20:59.011Z] Received 31 unread message(s). Latest from=molly
[ATLAS-POLLER 2026-06-02T21:21:01.014Z] Received 31 unread message(s). Latest from=molly
[ATLAS-POLLER 2026-06-02T21:21:03.018Z] Received 31 unread message(s). Latest from=molly
[ATLAS-POLLER 2026-06-02T21:21:05.021Z] Received 31 unread message(s). Latest from=molly
[ATLAS-POLLER 2026-06-02T21:21:07.023Z] Received 31 unread message(s). Latest from=molly
[ATLAS-POLLER 2026-06-02T21:21:09.025Z] Received 31 unread message(s). Latest from=molly
[ATLAS-POLLER 2026-06-02T21:21:11.029Z] Received 31 unread message(s). Latest from=molly
[ATLAS-POLLER 2026-06-02T21:21:13.032Z] Received 31 unread message(s). Latest from=molly
[ATLAS-POLLER 2026-06-02T21:21:15.035Z] Received 31 unread message(s). Latest from=molly
[ATLAS-POLLER 2026-06-02T21:21:17.039Z] Received 31 unread message(s). Latest from=molly
[ATLAS-POLLER 2026-06-02T21:21:19.042Z] Received 31 unread message(s). Latest from=molly
[ATLAS-POLLER 2026-06-02T21:21:21.044Z] Received 31 unread message(s). Latest from=molly
[ATLAS-POLLER 2026-06-02T21:21:23.048Z] Received 31 unread message(s). Latest from=molly
[ATLAS-POLLER 2026-06-02T21:21:25.051Z] Received 31 unread message(s). Latest from=molly
[ATLAS-POLLER 2026-06-02T21:21:27.053Z] Received 31 unread message(s). Latest from=molly
[ATLAS-POLLER 2026-06-02T21:21:29.056Z] Received 31 unread message(s). Latest from=molly
[ATLAS-POLLER 2026-06-02T21:21:31.060Z] Received 31 unread message(s). Latest from=molly
[ATLAS-POLLER 2026-06-02T21:21:33.062Z] Received 31 unread message(s). Latest from=molly
[ATLAS-POLLER 2026-06-02T21:21:35.065Z] Received 31 unread message(s). Latest from=molly
[ATLAS-POLLER 2026-06-02T21:21:37.068Z] Received 31 unread message(s). Latest from=molly
[ATLAS-POLLER 2026-06-02T21:21:39.072Z] Received 31 unread message(s). Latest from=molly
[ATLAS-POLLER 2026-06-02T21:21:41.075Z] Received 31 unread message(s). Latest from=molly
[ATLAS-POLLER 2026-06-02T21:21:43.076Z] Received 31 unread message(s). Latest from=molly
[ATLAS-POLLER 2026-06-02T21:21:45.080Z] Received 31 unread message(s). Latest from=molly
[ATLAS-POLLER 2026-06-02T21:21:47.082Z] Received 31 unread message(s). Latest from=molly
[ATLAS-POLLER 2026-06-02T21:21:49.085Z] Received 31 unread message(s). Latest from=molly
[ATLAS-POLLER 2026-06-02T21:21:51.087Z] Received 31 unread message(s). Latest from=molly
[ATLAS-POLLER 2026-06-02T21:21:53.090Z] Received 31 unread message(s). Latest from=molly
[ATLAS-POLLER 2026-06-02T21:21:55.094Z] Received 31 unread message(s). Latest from=molly
[ATLAS-POLLER 2026-06-02T21:21:57.098Z] Received 31 unread message(s). Latest from=molly
[ATLAS-POLLER 2026-06-02T21:21:59.101Z] Received 31 unread message(s). Latest from=molly
[ATLAS-POLLER 2026-06-02T21:22:01.104Z] Received 31 unread message(s). Latest from=molly
[ATLAS-POLLER 2026-06-02T21:22:03.107Z] Received 31 unread message(s). Latest from=molly
[ATLAS-POLLER 2026-06-02T21:22:05.110Z] Received 31 unread message(s). Latest from=molly
[ATLAS-POLLER 2026-06-02T21:22:07.112Z] Received 31 unread message(s). Latest from=molly
[ATLAS-POLLER 2026-06-02T21:22:09.116Z] Received 31 unread message(s). Latest from=molly
[ATLAS-POLLER 2026-06-02T21:22:11.120Z] Received 31 unread message(s). Latest from=molly
[ATLAS-POLLER 2026-06-02T21:22:13.123Z] Received 31 unread message(s). Latest from=molly
[ATLAS-POLLER 2026-06-02T21:22:15.125Z] Received 32 unread message(s). Latest from=lazarus
[ATLAS-POLLER 2026-06-02T21:22:17.129Z] Received 32 unread message(s). Latest from=lazarus
[ATLAS-POLLER 2026-06-02T21:22:19.132Z] Received 32 unread message(s). Latest from=lazarus
[ATLAS-POLLER 2026-06-02T21:22:21.136Z] Received 32 unread message(s). Latest from=lazarus
[ATLAS-POLLER 2026-06-02T21:22:23.140Z] Received 32 unread message(s). Latest from=lazarus
[ATLAS-POLLER 2026-06-02T21:22:25.143Z] Received 32 unread message(s). Latest from=lazarus
[ATLAS-POLLER 2026-06-02T21:22:27.144Z] Received 32 unread message(s). Latest from=lazarus
[ATLAS-POLLER 2026-06-02T21:22:29.146Z] Received 32 unread message(s). Latest from=lazarus
[ATLAS-POLLER 2026-06-02T21:22:31.149Z] Received 32 unread message(s). Latest from=lazarus
[ATLAS-POLLER 2026-06-02T21:22:33.153Z] Received 32 unread message(s). Latest from=lazarus
[ATLAS-POLLER 2026-06-02T21:22:35.156Z] Received 32 unread message(s). Latest from=lazarus
[ATLAS-POLLER 2026-06-02T21:22:37.159Z] Received 32 unread message(s). Latest from=lazarus
[ATLAS-POLLER 2026-06-02T21:22:39.162Z] Received 32 unread message(s). Latest from=lazarus
[ATLAS-POLLER 2026-06-02T21:22:41.164Z] Received 32 unread message(s). Latest from=lazarus
[ATLAS-POLLER 2026-06-02T21:22:43.167Z] Received 32 unread message(s). Latest from=lazarus
[ATLAS-POLLER 2026-06-02T21:22:45.170Z] Received 32 unread message(s). Latest from=lazarus
[ATLAS-POLLER 2026-06-02T21:22:47.173Z] Received 32 unread message(s). Latest from=lazarus
[ATLAS-POLLER 2026-06-02T21:22:49.176Z] Received 32 unread message(s). Latest from=lazarus
[ATLAS-POLLER 2026-06-02T21:22:51.180Z] Received 32 unread message(s). Latest from=lazarus
[ATLAS-POLLER 2026-06-02T21:22:53.183Z] Received 32 unread message(s). Latest from=lazarus
[ATLAS-POLLER 2026-06-02T21:22:55.186Z] Received 32 unread message(s). Latest from=lazarus
[ATLAS-POLLER 2026-06-02T21:22:57.189Z] Received 32 unread message(s). Latest from=lazarus
[ATLAS-POLLER 2026-06-02T21:22:59.192Z] Received 32 unread message(s). Latest from=lazarus
[ATLAS-POLLER 2026-06-02T21:23:01.193Z] Received 32 unread message(s). Latest from=lazarus
[ATLAS-POLLER 2026-06-02T21:23:03.196Z] Received 32 unread message(s). Latest from=lazarus
[ATLAS-POLLER 2026-06-02T21:23:05.200Z] Received 32 unread message(s). Latest from=lazarus
[ATLAS-POLLER 2026-06-02T21:23:07.203Z] Received 32 unread message(s). Latest from=lazarus
[ATLAS-POLLER 2026-06-02T21:23:09.205Z] Received 32 unread message(s). Latest from=lazarus
[ATLAS-POLLER 2026-06-02T21:23:11.208Z] Received 32 unread message(s). Latest from=lazarus
[ATLAS-POLLER 2026-06-02T21:23:13.211Z] Received 32 unread message(s). Latest from=lazarus
[ATLAS-POLLER 2026-06-02T21:23:15.213Z] Received 32 unread message(s). Latest from=lazarus
[ATLAS-POLLER 2026-06-02T21:23:17.215Z] Received 32 unread message(s). Latest from=lazarus
[ATLAS-POLLER 2026-06-02T21:23:19.218Z] Received 32 unread message(s). Latest from=lazarus
[ATLAS-POLLER 2026-06-02T21:23:21.222Z] Received 32 unread message(s). Latest from=lazarus
[ATLAS-POLLER 2026-06-02T21:23:23.224Z] Received 32 unread message(s). Latest from=lazarus
[ATLAS-POLLER 2026-06-02T21:23:25.228Z] Received 32 unread message(s). Latest from=lazarus
[ATLAS-POLLER 2026-06-02T21:23:27.230Z] Received 32 unread message(s). Latest from=lazarus
[ATLAS-POLLER 2026-06-02T21:23:29.233Z] Received 32 unread message(s). Latest from=lazarus
[ATLAS-POLLER 2026-06-02T21:23:31.236Z] Received 32 unread message(s). Latest from=lazarus
[ATLAS-POLLER 2026-06-02T21:23:33.238Z] Received 32 unread message(s). Latest from=lazarus
[ATLAS-POLLER 2026-06-02T21:23:35.242Z] Received 32 unread message(s). Latest from=lazarus
[ATLAS-POLLER 2026-06-02T21:23:37.246Z] Received 32 unread message(s). Latest from=lazarus
[ATLAS-POLLER 2026-06-02T21:23:39.248Z] Received 32 unread message(s). Latest from=lazarus
[ATLAS-POLLER 2026-06-02T21:23:41.251Z] Received 32 unread message(s). Latest from=lazarus
[ATLAS-POLLER 2026-06-02T21:23:43.255Z] Received 32 unread message(s). Latest from=lazarus
[ATLAS-POLLER 2026-06-02T21:23:45.259Z] Received 32 unread message(s). Latest from=lazarus
[ATLAS-POLLER 2026-06-02T21:23:47.261Z] Received 32 unread message(s). Latest from=lazarus
[ATLAS-POLLER 2026-06-02T21:23:49.265Z] Received 33 unread message(s). Latest from=lazarus
[ATLAS-POLLER 2026-06-02T21:23:51.268Z] Received 33 unread message(s). Latest from=lazarus
[ATLAS-POLLER 2026-06-02T21:23:53.271Z] Received 33 unread message(s). Latest from=lazarus
[ATLAS-POLLER 2026-06-02T21:23:55.272Z] Received 33 unread message(s). Latest from=lazarus
[ATLAS-POLLER 2026-06-02T21:23:57.275Z] Received 33 unread message(s). Latest from=lazarus
[ATLAS-POLLER 2026-06-02T21:23:59.277Z] Received 33 unread message(s). Latest from=lazarus
[ATLAS-POLLER 2026-06-02T21:24:01.281Z] Received 33 unread message(s). Latest from=lazarus
[ATLAS-POLLER 2026-06-02T21:24:03.283Z] Received 33 unread message(s). Latest from=lazarus
[ATLAS-POLLER 2026-06-02T21:24:05.286Z] Received 33 unread message(s). Latest from=lazarus
[ATLAS-POLLER 2026-06-02T21:24:07.289Z] Received 33 unread message(s). Latest from=lazarus
[ATLAS-POLLER 2026-06-02T21:24:09.293Z] Received 33 unread message(s). Latest from=lazarus
[ATLAS-POLLER 2026-06-02T21:24:11.295Z] Received 33 unread message(s). Latest from=lazarus
[ATLAS-POLLER 2026-06-02T21:24:13.299Z] Received 33 unread message(s). Latest from=lazarus
[ATLAS-POLLER 2026-06-02T21:24:15.302Z] Received 35 unread message(s). Latest from=molly
[ATLAS-POLLER 2026-06-02T21:24:17.306Z] Received 37 unread message(s). Latest from=molly
[ATLAS-POLLER 2026-06-02T21:24:19.309Z] Received 37 unread message(s). Latest from=molly
[ATLAS-POLLER 2026-06-02T21:24:21.311Z] Received 37 unread message(s). Latest from=molly
[ATLAS-POLLER 2026-06-02T21:24:23.313Z] Received 37 unread message(s). Latest from=molly
[ATLAS-POLLER 2026-06-02T21:24:25.316Z] Received 37 unread message(s). Latest from=molly
[ATLAS-POLLER 2026-06-02T21:24:27.320Z] Received 37 unread message(s). Latest from=molly
[ATLAS-POLLER 2026-06-02T21:24:29.322Z] Received 38 unread message(s). Latest from=lazarus
[ATLAS-POLLER 2026-06-02T21:24:31.325Z] Received 38 unread message(s). Latest from=lazarus
[ATLAS-POLLER 2026-06-02T21:24:33.328Z] Received 38 unread message(s). Latest from=lazarus
[ATLAS-POLLER 2026-06-02T21:24:35.332Z] Received 38 unread message(s). Latest from=lazarus
[ATLAS-POLLER 2026-06-02T21:24:37.336Z] Received 38 unread message(s). Latest from=lazarus
[ATLAS-POLLER 2026-06-02T21:24:39.338Z] Received 38 unread message(s). Latest from=lazarus
[ATLAS-POLLER 2026-06-02T21:24:41.341Z] Received 38 unread message(s). Latest from=lazarus
[ATLAS-POLLER 2026-06-02T21:24:43.343Z] Received 38 unread message(s). Latest from=lazarus
[ATLAS-POLLER 2026-06-02T21:24:45.346Z] Received 38 unread message(s). Latest from=lazarus
[ATLAS-POLLER 2026-06-02T21:24:47.349Z] Received 38 unread message(s). Latest from=lazarus
[ATLAS-POLLER 2026-06-02T21:24:49.352Z] Received 38 unread message(s). Latest from=lazarus
[ATLAS-POLLER 2026-06-02T21:24:51.356Z] Received 38 unread message(s). Latest from=lazarus
[ATLAS-POLLER 2026-06-02T21:24:53.359Z] Received 38 unread message(s). Latest from=lazarus
[ATLAS-POLLER 2026-06-02T21:24:55.363Z] Received 38 unread message(s). Latest from=lazarus
[ATLAS-POLLER 2026-06-02T21:24:57.366Z] Received 38 unread message(s). Latest from=lazarus
[ATLAS-POLLER 2026-06-02T21:24:59.369Z] Received 38 unread message(s). Latest from=lazarus
[ATLAS-POLLER 2026-06-02T21:25:01.372Z] Received 38 unread message(s). Latest from=lazarus
[ATLAS-POLLER 2026-06-02T21:25:03.375Z] Received 38 unread message(s). Latest from=lazarus
[ATLAS-POLLER 2026-06-02T21:25:05.378Z] Received 38 unread message(s). Latest from=lazarus
[ATLAS-POLLER 2026-06-02T21:25:07.382Z] Received 38 unread message(s). Latest from=lazarus
[ATLAS-POLLER 2026-06-02T21:25:09.386Z] Received 38 unread message(s). Latest from=lazarus
[ATLAS-POLLER 2026-06-02T21:25:11.389Z] Received 38 unread message(s). Latest from=lazarus
[ATLAS-POLLER 2026-06-02T21:25:13.392Z] Received 39 unread message(s). Latest from=eric
[ATLAS-POLLER 2026-06-02T21:25:15.395Z] Received 39 unread message(s). Latest from=eric
[ATLAS-POLLER 2026-06-02T21:25:17.397Z] Received 39 unread message(s). Latest from=eric
[ATLAS-POLLER 2026-06-02T21:25:19.401Z] Received 39 unread message(s). Latest from=eric
[ATLAS-POLLER 2026-06-02T21:25:21.404Z] Received 39 unread message(s). Latest from=eric
[ATLAS-POLLER 2026-06-02T21:25:23.407Z] Received 39 unread message(s). Latest from=eric
[ATLAS-POLLER 2026-06-02T21:25:25.410Z] Received 39 unread message(s). Latest from=eric
[ATLAS-POLLER 2026-06-02T21:25:27.413Z] Received 39 unread message(s). Latest from=eric
[ATLAS-POLLER 2026-06-02T21:25:29.416Z] Received 39 unread message(s). Latest from=eric
[ATLAS-POLLER 2026-06-02T21:25:31.418Z] Received 39 unread message(s). Latest from=eric
[ATLAS-POLLER 2026-06-02T21:25:33.421Z] Received 39 unread message(s). Latest from=eric
[ATLAS-POLLER 2026-06-02T21:25:35.425Z] Received 39 unread message(s). Latest from=eric
[ATLAS-POLLER 2026-06-02T21:25:37.427Z] Received 39 unread message(s). Latest from=eric
[ATLAS-POLLER 2026-06-02T21:25:39.431Z] Received 39 unread message(s). Latest from=eric
[ATLAS-POLLER 2026-06-02T21:25:41.433Z] Received 39 unread message(s). Latest from=eric
[ATLAS-POLLER 2026-06-02T21:25:43.436Z] Received 39 unread message(s). Latest from=eric
[ATLAS-POLLER 2026-06-02T21:25:45.439Z] Received 39 unread message(s). Latest from=eric
[ATLAS-POLLER 2026-06-02T21:25:47.442Z] Received 39 unread message(s). Latest from=eric
[ATLAS-POLLER 2026-06-02T21:25:49.445Z] Received 39 unread message(s). Latest from=eric
[ATLAS-POLLER 2026-06-02T21:25:51.449Z] Received 39 unread message(s). Latest from=eric
[ATLAS-POLLER 2026-06-02T21:25:53.452Z] Received 39 unread message(s). Latest from=eric
[ATLAS-POLLER 2026-06-02T21:25:55.454Z] Received 39 unread message(s). Latest from=eric
[ATLAS-POLLER 2026-06-02T21:25:57.458Z] Received 39 unread message(s). Latest from=eric
[ATLAS-POLLER 2026-06-02T21:25:59.461Z] Received 39 unread message(s). Latest from=eric
[ATLAS-POLLER 2026-06-02T21:26:01.463Z] Received 40 unread message(s). Latest from=eric
[ATLAS-POLLER 2026-06-02T21:26:03.466Z] Received 40 unread message(s). Latest from=eric
[ATLAS-POLLER 2026-06-02T21:26:05.469Z] Received 40 unread message(s). Latest from=eric
[ATLAS-POLLER 2026-06-02T21:26:07.471Z] Received 41 unread message(s). Latest from=eric
[ATLAS-POLLER 2026-06-02T21:26:09.474Z] Received 41 unread message(s). Latest from=eric
[ATLAS-POLLER 2026-06-02T21:26:11.477Z] Received 41 unread message(s). Latest from=eric
[ATLAS-POLLER 2026-06-02T21:26:13.479Z] Received 41 unread message(s). Latest from=eric
[ATLAS-POLLER 2026-06-02T21:26:15.482Z] Received 42 unread message(s). Latest from=molly
[ATLAS-POLLER 2026-06-02T21:26:17.484Z] Received 42 unread message(s). Latest from=molly
[ATLAS-POLLER 2026-06-02T21:26:19.487Z] Received 42 unread message(s). Latest from=molly
[ATLAS-POLLER 2026-06-02T21:26:21.490Z] Received 42 unread message(s). Latest from=molly
[ATLAS-POLLER 2026-06-02T21:26:23.493Z] Received 42 unread message(s). Latest from=molly
[ATLAS-POLLER 2026-06-02T21:26:25.495Z] Received 42 unread message(s). Latest from=molly
[ATLAS-POLLER 2026-06-02T21:26:27.499Z] Received 42 unread message(s). Latest from=molly
[ATLAS-POLLER 2026-06-02T21:26:29.501Z] Received 42 unread message(s). Latest from=molly
[ATLAS-POLLER 2026-06-02T21:26:31.503Z] Received 42 unread message(s). Latest from=molly
[ATLAS-POLLER 2026-06-02T21:26:33.505Z] Received 42 unread message(s). Latest from=molly
[ATLAS-POLLER 2026-06-02T21:26:35.507Z] Received 42 unread message(s). Latest from=molly
[ATLAS-POLLER 2026-06-02T21:26:37.509Z] Received 42 unread message(s). Latest from=molly
[ATLAS-POLLER 2026-06-02T21:26:39.512Z] Received 42 unread message(s). Latest from=molly
[ATLAS-POLLER 2026-06-02T21:26:41.514Z] Received 42 unread message(s). Latest from=molly
[ATLAS-POLLER 2026-06-02T21:26:43.517Z] Received 42 unread message(s). Latest from=molly
[ATLAS-POLLER 2026-06-02T21:26:45.520Z] Received 42 unread message(s). Latest from=molly
[ATLAS-POLLER 2026-06-02T21:26:47.522Z] Received 42 unread message(s). Latest from=molly
[ATLAS-POLLER 2026-06-02T21:26:49.526Z] Received 42 unread message(s). Latest from=molly
[ATLAS-POLLER 2026-06-02T21:26:51.529Z] Received 42 unread message(s). Latest from=molly
[ATLAS-POLLER 2026-06-02T21:26:53.532Z] Received 42 unread message(s). Latest from=molly
[ATLAS-POLLER 2026-06-02T21:26:55.536Z] Received 42 unread message(s). Latest from=molly
[ATLAS-POLLER 2026-06-02T21:26:57.539Z] Received 42 unread message(s). Latest from=molly
[ATLAS-POLLER 2026-06-02T21:26:59.541Z] Received 42 unread message(s). Latest from=molly
[ATLAS-POLLER 2026-06-02T21:27:01.545Z] Received 42 unread message(s). Latest from=molly
[ATLAS-POLLER 2026-06-02T21:27:03.548Z] Received 42 unread message(s). Latest from=molly
[ATLAS-POLLER 2026-06-02T21:27:05.551Z] Received 42 unread message(s). Latest from=molly
[ATLAS-POLLER 2026-06-02T21:27:07.553Z] Received 42 unread message(s). Latest from=molly
[ATLAS-POLLER 2026-06-02T21:27:09.556Z] Received 42 unread message(s). Latest from=molly
[ATLAS-POLLER 2026-06-02T21:27:11.559Z] Received 42 unread message(s). Latest from=molly
[ATLAS-POLLER 2026-06-02T21:27:13.563Z] Received 42 unread message(s). Latest from=molly
[ATLAS-POLLER 2026-06-02T21:27:15.565Z] Received 42 unread message(s). Latest from=molly
[ATLAS-POLLER 2026-06-02T21:27:17.569Z] Received 42 unread message(s). Latest from=molly
[ATLAS-POLLER 2026-06-02T21:27:19.571Z] Received 42 unread message(s). Latest from=molly
[ATLAS-POLLER 2026-06-02T21:27:21.574Z] Received 42 unread message(s). Latest from=molly
[ATLAS-POLLER 2026-06-02T21:27:23.578Z] Received 42 unread message(s). Latest from=molly
[ATLAS-POLLER 2026-06-02T21:27:25.581Z] Received 42 unread message(s). Latest from=molly
[ATLAS-POLLER 2026-06-02T21:27:27.584Z] Received 42 unread message(s). Latest from=molly
[ATLAS-POLLER 2026-06-02T21:27:29.587Z] Received 42 unread message(s). Latest from=molly
[ATLAS-POLLER 2026-06-02T21:27:31.590Z] Received 42 unread message(s). Latest from=molly
[ATLAS-POLLER 2026-06-02T21:27:33.593Z] Received 42 unread message(s). Latest from=molly
[ATLAS-POLLER 2026-06-02T21:27:35.597Z] Received 42 unread message(s). Latest from=molly
[ATLAS-POLLER 2026-06-02T21:27:37.600Z] Received 42 unread message(s). Latest from=molly
[ATLAS-POLLER 2026-06-02T21:27:39.602Z] Received 42 unread message(s). Latest from=molly
[ATLAS-POLLER 2026-06-02T21:27:41.605Z] Received 42 unread message(s). Latest from=molly
[ATLAS-POLLER 2026-06-02T21:27:43.609Z] Received 42 unread message(s). Latest from=molly
[ATLAS-POLLER 2026-06-02T21:27:45.612Z] Received 42 unread message(s). Latest from=molly
[ATLAS-POLLER 2026-06-02T21:27:47.614Z] Received 42 unread message(s). Latest from=molly
[ATLAS-POLLER 2026-06-02T21:27:49.616Z] Received 42 unread message(s). Latest from=molly
[ATLAS-POLLER 2026-06-02T21:27:51.619Z] Received 42 unread message(s). Latest from=molly
[ATLAS-POLLER 2026-06-02T21:27:53.622Z] Received 42 unread message(s). Latest from=molly
[ATLAS-POLLER 2026-06-02T21:27:55.625Z] Received 42 unread message(s). Latest from=molly
[ATLAS-POLLER 2026-06-02T21:27:57.628Z] Received 42 unread message(s). Latest from=molly
[ATLAS-POLLER 2026-06-02T21:27:59.631Z] Received 42 unread message(s). Latest from=molly
[ATLAS-POLLER 2026-06-02T21:28:01.634Z] Received 42 unread message(s). Latest from=molly
[ATLAS-POLLER 2026-06-02T21:28:03.637Z] Received 42 unread message(s). Latest from=molly
[ATLAS-POLLER 2026-06-02T21:28:05.640Z] Received 42 unread message(s). Latest from=molly
[ATLAS-POLLER 2026-06-02T21:28:07.644Z] Received 42 unread message(s). Latest from=molly
[ATLAS-POLLER 2026-06-02T21:28:09.648Z] Received 42 unread message(s). Latest from=molly
[ATLAS-POLLER 2026-06-02T21:28:11.652Z] Received 42 unread message(s). Latest from=molly
[ATLAS-POLLER 2026-06-02T21:28:13.655Z] Received 42 unread message(s). Latest from=molly
[ATLAS-POLLER 2026-06-02T21:28:15.658Z] Received 42 unread message(s). Latest from=molly
[ATLAS-POLLER 2026-06-02T21:28:17.661Z] Received 43 unread message(s). Latest from=eric
[ATLAS-POLLER 2026-06-02T21:28:19.665Z] Received 43 unread message(s). Latest from=eric
[ATLAS-POLLER 2026-06-02T21:28:21.667Z] Received 43 unread message(s). Latest from=eric
[ATLAS-POLLER 2026-06-02T21:28:23.670Z] Received 43 unread message(s). Latest from=eric
[ATLAS-POLLER 2026-06-02T21:28:25.673Z] Received 43 unread message(s). Latest from=eric
[ATLAS-POLLER 2026-06-02T21:28:27.676Z] Received 43 unread message(s). Latest from=eric
[ATLAS-POLLER 2026-06-02T21:28:29.679Z] Received 43 unread message(s). Latest from=eric
[ATLAS-POLLER 2026-06-02T21:28:31.681Z] Received 43 unread message(s). Latest from=eric
[ATLAS-POLLER 2026-06-02T21:28:33.683Z] Received 43 unread message(s). Latest from=eric
[ATLAS-POLLER 2026-06-02T21:28:35.686Z] Received 43 unread message(s). Latest from=eric
[ATLAS-POLLER 2026-06-02T21:28:37.689Z] Received 43 unread message(s). Latest from=eric
[ATLAS-POLLER 2026-06-02T21:28:39.692Z] Received 43 unread message(s). Latest from=eric
[ATLAS-POLLER 2026-06-02T21:28:41.695Z] Received 43 unread message(s). Latest from=eric
[ATLAS-POLLER 2026-06-02T21:28:43.698Z] Received 43 unread message(s). Latest from=eric
[ATLAS-POLLER 2026-06-02T21:28:45.701Z] Received 43 unread message(s). Latest from=eric
[ATLAS-POLLER 2026-06-02T21:28:47.704Z] Received 43 unread message(s). Latest from=eric
[ATLAS-POLLER 2026-06-02T21:28:49.708Z] Received 43 unread message(s). Latest from=eric
[ATLAS-POLLER 2026-06-02T21:28:51.710Z] Received 43 unread message(s). Latest from=eric
[ATLAS-POLLER 2026-06-02T21:28:53.713Z] Received 43 unread message(s). Latest from=eric
[ATLAS-POLLER 2026-06-02T21:28:55.717Z] Received 43 unread message(s). Latest from=eric
[ATLAS-POLLER 2026-06-02T21:28:57.720Z] Received 43 unread message(s). Latest from=eric
[ATLAS-POLLER 2026-06-02T21:28:59.723Z] Received 43 unread message(s). Latest from=eric
[ATLAS-POLLER 2026-06-02T21:29:01.725Z] Received 43 unread message(s). Latest from=eric
[ATLAS-POLLER 2026-06-02T21:29:03.728Z] Received 43 unread message(s). Latest from=eric
[ATLAS-POLLER 2026-06-02T21:29:05.730Z] Received 43 unread message(s). Latest from=eric
[ATLAS-POLLER 2026-06-02T21:29:07.733Z] Received 43 unread message(s). Latest from=eric
[ATLAS-POLLER 2026-06-02T21:29:09.736Z] Received 43 unread message(s). Latest from=eric
[ATLAS-POLLER 2026-06-02T21:29:11.738Z] Received 43 unread message(s). Latest from=eric
[ATLAS-POLLER 2026-06-02T21:29:13.741Z] Received 43 unread message(s). Latest from=eric
[ATLAS-POLLER 2026-06-02T21:29:15.744Z] Received 43 unread message(s). Latest from=eric
[ATLAS-POLLER 2026-06-02T21:29:17.748Z] Received 43 unread message(s). Latest from=eric
[ATLAS-POLLER 2026-06-02T21:29:19.750Z] Received 43 unread message(s). Latest from=eric
[ATLAS-POLLER 2026-06-02T21:29:21.754Z] Received 43 unread message(s). Latest from=eric
[ATLAS-POLLER 2026-06-02T21:29:23.756Z] Received 43 unread message(s). Latest from=eric
[ATLAS-POLLER 2026-06-02T21:29:25.758Z] Received 43 unread message(s). Latest from=eric
[ATLAS-POLLER 2026-06-02T21:29:27.761Z] Received 43 unread message(s). Latest from=eric
[ATLAS-POLLER 2026-06-02T21:29:29.764Z] Received 43 unread message(s). Latest from=eric
[ATLAS-POLLER 2026-06-02T21:29:31.766Z] Received 43 unread message(s). Latest from=eric
[ATLAS-POLLER 2026-06-02T21:29:33.770Z] Received 43 unread message(s). Latest from=eric
[ATLAS-POLLER 2026-06-02T21:29:35.773Z] Received 43 unread message(s). Latest from=eric
[ATLAS-POLLER 2026-06-02T21:29:37.777Z] Received 43 unread message(s). Latest from=eric
[ATLAS-POLLER 2026-06-02T21:29:39.781Z] Received 43 unread message(s). Latest from=eric
[ATLAS-POLLER 2026-06-02T21:29:41.784Z] Received 43 unread message(s). Latest from=eric
[ATLAS-POLLER 2026-06-02T21:29:43.787Z] Received 43 unread message(s). Latest from=eric
[ATLAS-POLLER 2026-06-02T21:29:45.790Z] Received 43 unread message(s). Latest from=eric
[ATLAS-POLLER 2026-06-02T21:29:47.794Z] Received 43 unread message(s). Latest from=eric
[ATLAS-POLLER 2026-06-02T21:29:49.797Z] Received 43 unread message(s). Latest from=eric
[ATLAS-POLLER 2026-06-02T21:29:51.800Z] Received 43 unread message(s). Latest from=eric
[ATLAS-POLLER 2026-06-02T21:29:53.803Z] Received 43 unread message(s). Latest from=eric
[ATLAS-POLLER 2026-06-02T21:29:55.806Z] Received 43 unread message(s). Latest from=eric
[ATLAS-POLLER 2026-06-02T21:29:57.808Z] Received 43 unread message(s). Latest from=eric
[ATLAS-POLLER 2026-06-02T21:29:59.812Z] Received 43 unread message(s). Latest from=eric
[ATLAS-POLLER 2026-06-02T21:30:01.816Z] Received 43 unread message(s). Latest from=eric
[ATLAS-POLLER 2026-06-02T21:30:03.819Z] Received 43 unread message(s). Latest from=eric
[ATLAS-POLLER 2026-06-02T21:30:05.822Z] Received 43 unread message(s). Latest from=eric
[ATLAS-POLLER 2026-06-02T21:30:07.824Z] Received 43 unread message(s). Latest from=eric
[ATLAS-POLLER 2026-06-02T21:30:09.828Z] Received 43 unread message(s). Latest from=eric
[ATLAS-POLLER 2026-06-02T21:30:11.831Z] Received 43 unread message(s). Latest from=eric
[ATLAS-POLLER 2026-06-02T21:30:13.834Z] Received 44 unread message(s). Latest from=molly
[ATLAS-POLLER 2026-06-02T21:30:15.835Z] Received 46 unread message(s). Latest from=molly
[ATLAS-POLLER 2026-06-02T21:30:17.838Z] Received 47 unread message(s). Latest from=molly
[ATLAS-POLLER 2026-06-02T21:30:19.841Z] Received 47 unread message(s). Latest from=molly
[ATLAS-POLLER 2026-06-02T21:30:21.844Z] Received 47 unread message(s). Latest from=molly
[ATLAS-POLLER 2026-06-02T21:30:23.847Z] Received 47 unread message(s). Latest from=molly
[ATLAS-POLLER 2026-06-02T21:30:25.851Z] Received 47 unread message(s). Latest from=molly
[ATLAS-POLLER 2026-06-02T21:30:27.854Z] Received 47 unread message(s). Latest from=molly
[ATLAS-POLLER 2026-06-02T21:30:29.858Z] Received 47 unread message(s). Latest from=molly
[ATLAS-POLLER 2026-06-02T21:30:31.861Z] Received 47 unread message(s). Latest from=molly
[ATLAS-POLLER 2026-06-02T21:30:33.864Z] Received 47 unread message(s). Latest from=molly
[ATLAS-POLLER 2026-06-02T21:30:35.866Z] Received 47 unread message(s). Latest from=molly
[ATLAS-POLLER 2026-06-02T21:30:37.869Z] Received 47 unread message(s). Latest from=molly
[ATLAS-POLLER 2026-06-02T21:30:39.872Z] Received 47 unread message(s). Latest from=molly
[ATLAS-POLLER 2026-06-02T21:30:41.874Z] Received 47 unread message(s). Latest from=molly
[ATLAS-POLLER 2026-06-02T21:30:43.878Z] Received 47 unread message(s). Latest from=molly
[ATLAS-POLLER 2026-06-02T21:30:45.881Z] Received 47 unread message(s). Latest from=molly
[ATLAS-POLLER 2026-06-02T21:30:47.884Z] Received 47 unread message(s). Latest from=molly
[ATLAS-POLLER 2026-06-02T21:30:49.886Z] Received 48 unread message(s). Latest from=eric
[ATLAS-POLLER 2026-06-02T21:30:51.888Z] Received 48 unread message(s). Latest from=eric
[ATLAS-POLLER 2026-06-02T21:30:53.892Z] Received 48 unread message(s). Latest from=eric
[ATLAS-POLLER 2026-06-02T21:30:55.895Z] Received 48 unread message(s). Latest from=eric
[ATLAS-POLLER 2026-06-02T21:30:57.899Z] Received 48 unread message(s). Latest from=eric
[ATLAS-POLLER 2026-06-02T21:30:59.902Z] Received 48 unread message(s). Latest from=eric
[ATLAS-POLLER 2026-06-02T21:31:01.906Z] Received 48 unread message(s). Latest from=eric
[ATLAS-POLLER 2026-06-02T21:31:03.909Z] Received 48 unread message(s). Latest from=eric
[ATLAS-POLLER 2026-06-02T21:31:05.912Z] Received 48 unread message(s). Latest from=eric
[ATLAS-POLLER 2026-06-02T21:31:07.914Z] Received 48 unread message(s). Latest from=eric
[ATLAS-POLLER 2026-06-02T21:31:09.918Z] Received 48 unread message(s). Latest from=eric
[ATLAS-POLLER 2026-06-02T21:31:11.921Z] Received 48 unread message(s). Latest from=eric
[ATLAS-POLLER 2026-06-02T21:31:13.924Z] Received 48 unread message(s). Latest from=eric
[ATLAS-POLLER 2026-06-02T21:31:15.927Z] Received 48 unread message(s). Latest from=eric
[ATLAS-POLLER 2026-06-02T21:31:17.930Z] Received 48 unread message(s). Latest from=eric
[ATLAS-POLLER 2026-06-02T21:31:19.933Z] Received 48 unread message(s). Latest from=eric
[ATLAS-POLLER 2026-06-02T21:31:21.936Z] Received 48 unread message(s). Latest from=eric
[ATLAS-POLLER 2026-06-02T21:31:23.939Z] Received 48 unread message(s). Latest from=eric
[ATLAS-POLLER 2026-06-02T21:31:25.942Z] Received 48 unread message(s). Latest from=eric
[ATLAS-POLLER 2026-06-02T21:31:27.945Z] Received 48 unread message(s). Latest from=eric
[ATLAS-POLLER 2026-06-02T21:31:29.948Z] Received 48 unread message(s). Latest from=eric
[ATLAS-POLLER 2026-06-02T21:31:31.950Z] Received 48 unread message(s). Latest from=eric
[ATLAS-POLLER 2026-06-02T21:31:33.953Z] Received 48 unread message(s). Latest from=eric
[ATLAS-POLLER 2026-06-02T21:31:35.957Z] Received 48 unread message(s). Latest from=eric
[ATLAS-POLLER 2026-06-02T21:31:37.960Z] Received 48 unread message(s). Latest from=eric
[ATLAS-POLLER 2026-06-02T21:31:39.962Z] Received 48 unread message(s). Latest from=eric
[ATLAS-POLLER 2026-06-02T21:31:41.967Z] Received 48 unread message(s). Latest from=eric
[ATLAS-POLLER 2026-06-02T21:31:43.970Z] Received 48 unread message(s). Latest from=eric
[ATLAS-POLLER 2026-06-02T21:31:45.973Z] Received 48 unread message(s). Latest from=eric
[ATLAS-POLLER 2026-06-02T21:31:47.976Z] Received 48 unread message(s). Latest from=eric
[ATLAS-POLLER 2026-06-02T21:31:49.979Z] Received 48 unread message(s). Latest from=eric
[ATLAS-POLLER 2026-06-02T21:31:51.982Z] Received 48 unread message(s). Latest from=eric
[ATLAS-POLLER 2026-06-02T21:31:53.986Z] Received 48 unread message(s). Latest from=eric
[ATLAS-POLLER 2026-06-02T21:31:55.989Z] Received 48 unread message(s). Latest from=eric
[ATLAS-POLLER 2026-06-02T21:31:57.992Z] Received 48 unread message(s). Latest from=eric
[ATLAS-POLLER 2026-06-02T21:31:59.995Z] Received 48 unread message(s). Latest from=eric
[ATLAS-POLLER 2026-06-02T21:32:01.998Z] Received 48 unread message(s). Latest from=eric
[ATLAS-POLLER 2026-06-02T21:32:04.001Z] Received 48 unread message(s). Latest from=eric
[ATLAS-POLLER 2026-06-02T21:32:06.004Z] Received 48 unread message(s). Latest from=eric
[ATLAS-POLLER 2026-06-02T21:32:08.008Z] Received 48 unread message(s). Latest from=eric
[ATLAS-POLLER 2026-06-02T21:32:10.011Z] Received 48 unread message(s). Latest from=eric
[ATLAS-POLLER 2026-06-02T21:32:12.014Z] Received 48 unread message(s). Latest from=eric
[ATLAS-POLLER 2026-06-02T21:32:14.017Z] Received 49 unread message(s). Latest from=molly
[ATLAS-POLLER 2026-06-02T21:32:16.020Z] Received 49 unread message(s). Latest from=molly
[ATLAS-POLLER 2026-06-02T21:32:18.023Z] Received 49 unread message(s). Latest from=molly
[ATLAS-POLLER 2026-06-02T21:32:20.025Z] Received 49 unread message(s). Latest from=molly
[ATLAS-POLLER 2026-06-02T21:32:22.027Z] Received 49 unread message(s). Latest from=molly
[ATLAS-POLLER 2026-06-02T21:32:24.031Z] Received 49 unread message(s). Latest from=molly
[ATLAS-POLLER 2026-06-02T21:32:26.034Z] Received 49 unread message(s). Latest from=molly
[ATLAS-POLLER 2026-06-02T21:32:28.037Z] Received 49 unread message(s). Latest from=molly
[ATLAS-POLLER 2026-06-02T21:32:30.039Z] Received 49 unread message(s). Latest from=molly
[ATLAS-POLLER 2026-06-02T21:32:32.043Z] Received 49 unread message(s). Latest from=molly
[ATLAS-POLLER 2026-06-02T21:32:34.046Z] Received 49 unread message(s). Latest from=molly
[ATLAS-POLLER 2026-06-02T21:32:36.049Z] Received 49 unread message(s). Latest from=molly
[ATLAS-POLLER 2026-06-02T21:32:38.053Z] Received 49 unread message(s). Latest from=molly
[ATLAS-POLLER 2026-06-02T21:32:40.056Z] Received 49 unread message(s). Latest from=molly
[ATLAS-POLLER 2026-06-02T21:32:42.059Z] Received 49 unread message(s). Latest from=molly
[ATLAS-POLLER 2026-06-02T21:32:44.062Z] Received 49 unread message(s). Latest from=molly
[ATLAS-POLLER 2026-06-02T21:32:46.065Z] Received 49 unread message(s). Latest from=molly
[ATLAS-POLLER 2026-06-02T21:32:48.068Z] Received 49 unread message(s). Latest from=molly
[ATLAS-POLLER 2026-06-02T21:32:50.069Z] Received 49 unread message(s). Latest from=molly
[ATLAS-POLLER 2026-06-02T21:32:52.073Z] Received 49 unread message(s). Latest from=molly
[ATLAS-POLLER 2026-06-02T21:32:54.076Z] Received 49 unread message(s). Latest from=molly
[ATLAS-POLLER 2026-06-02T21:32:56.079Z] Received 50 unread message(s). Latest from=eric
[ATLAS-POLLER 2026-06-02T21:32:58.083Z] Received 50 unread message(s). Latest from=eric
[ATLAS-POLLER 2026-06-02T21:33:00.087Z] Received 50 unread message(s). Latest from=eric
[ATLAS-POLLER 2026-06-02T21:33:02.091Z] Received 51 unread message(s). Latest from=eric
[ATLAS-POLLER 2026-06-02T21:33:04.095Z] Received 51 unread message(s). Latest from=eric
[ATLAS-POLLER 2026-06-02T21:33:06.100Z] Received 51 unread message(s). Latest from=eric
[ATLAS-POLLER 2026-06-02T21:33:08.103Z] Received 51 unread message(s). Latest from=eric
[ATLAS-POLLER 2026-06-02T21:33:10.106Z] Received 51 unread message(s). Latest from=eric
[ATLAS-POLLER 2026-06-02T21:33:12.109Z] Received 51 unread message(s). Latest from=eric
[ATLAS-POLLER 2026-06-02T21:33:14.113Z] Received 51 unread message(s). Latest from=eric
[ATLAS-POLLER 2026-06-02T21:33:16.117Z] Received 51 unread message(s). Latest from=eric
[ATLAS-POLLER 2026-06-02T21:33:18.121Z] Received 51 unread message(s). Latest from=eric
[ATLAS-POLLER 2026-06-02T21:33:20.125Z] Received 51 unread message(s). Latest from=eric
[ATLAS-POLLER 2026-06-02T21:33:22.128Z] Received 51 unread message(s). Latest from=eric
[ATLAS-POLLER 2026-06-02T21:33:24.132Z] Received 51 unread message(s). Latest from=eric
[ATLAS-POLLER 2026-06-02T21:33:26.137Z] Received 51 unread message(s). Latest from=eric
[ATLAS-POLLER 2026-06-02T21:33:28.141Z] Received 51 unread message(s). Latest from=eric
[ATLAS-POLLER 2026-06-02T21:33:30.143Z] Received 51 unread message(s). Latest from=eric
[ATLAS-POLLER 2026-06-02T21:33:32.146Z] Received 51 unread message(s). Latest from=eric
[ATLAS-POLLER 2026-06-02T21:33:34.150Z] Received 51 unread message(s). Latest from=eric
[ATLAS-POLLER 2026-06-02T21:33:36.153Z] Received 51 unread message(s). Latest from=eric
[ATLAS-POLLER 2026-06-02T21:33:38.156Z] Received 51 unread message(s). Latest from=eric
[ATLAS-POLLER 2026-06-02T21:33:40.159Z] Received 51 unread message(s). Latest from=eric
[ATLAS-POLLER 2026-06-02T21:33:42.160Z] Received 51 unread message(s). Latest from=eric
[ATLAS-POLLER 2026-06-02T21:33:44.164Z] Received 51 unread message(s). Latest from=eric
[ATLAS-POLLER 2026-06-02T21:33:46.166Z] Received 51 unread message(s). Latest from=eric
[ATLAS-POLLER 2026-06-02T21:33:48.170Z] Received 51 unread message(s). Latest from=eric
[ATLAS-POLLER 2026-06-02T21:33:50.173Z] Received 51 unread message(s). Latest from=eric
[ATLAS-POLLER 2026-06-02T21:33:52.176Z] Received 51 unread message(s). Latest from=eric
[ATLAS-POLLER 2026-06-02T21:33:54.180Z] Received 51 unread message(s). Latest from=eric
[ATLAS-POLLER 2026-06-02T21:33:56.183Z] Received 51 unread message(s). Latest from=eric
[ATLAS-POLLER 2026-06-02T21:33:58.186Z] Received 51 unread message(s). Latest from=eric
[ATLAS-POLLER 2026-06-02T21:34:00.189Z] Received 51 unread message(s). Latest from=eric
[ATLAS-POLLER 2026-06-02T21:34:02.192Z] Received 51 unread message(s). Latest from=eric
[ATLAS-POLLER 2026-06-02T21:34:04.195Z] Received 51 unread message(s). Latest from=eric
[ATLAS-POLLER 2026-06-02T21:34:06.197Z] Received 51 unread message(s). Latest from=eric
[ATLAS-POLLER 2026-06-02T21:34:08.201Z] Received 51 unread message(s). Latest from=eric
[ATLAS-POLLER 2026-06-02T21:34:10.203Z] Received 51 unread message(s). Latest from=eric
[ATLAS-POLLER 2026-06-02T21:34:12.207Z] Received 51 unread message(s). Latest from=eric
[ATLAS-POLLER 2026-06-02T21:34:14.210Z] Received 52 unread message(s). Latest from=molly
[ATLAS-POLLER 2026-06-02T21:34:16.214Z] Received 52 unread message(s). Latest from=molly
[ATLAS-POLLER 2026-06-02T21:34:18.217Z] Received 53 unread message(s). Latest from=eric
[ATLAS-POLLER 2026-06-02T21:34:20.220Z] Received 53 unread message(s). Latest from=eric
[ATLAS-POLLER 2026-06-02T21:34:22.223Z] Received 53 unread message(s). Latest from=eric
[ATLAS-POLLER 2026-06-02T21:34:24.226Z] Received 53 unread message(s). Latest from=eric
[ATLAS-POLLER 2026-06-02T21:34:26.229Z] Received 53 unread message(s). Latest from=eric
[ATLAS-POLLER 2026-06-02T21:34:28.232Z] Received 53 unread message(s). Latest from=eric
[ATLAS-POLLER 2026-06-02T21:34:30.234Z] Received 53 unread message(s). Latest from=eric
[ATLAS-POLLER 2026-06-02T21:34:32.238Z] Received 53 unread message(s). Latest from=eric
[ATLAS-POLLER 2026-06-02T21:34:34.241Z] Received 53 unread message(s). Latest from=eric
[ATLAS-POLLER 2026-06-02T21:34:36.245Z] Received 53 unread message(s). Latest from=eric
[ATLAS-POLLER 2026-06-02T21:34:38.248Z] Received 53 unread message(s). Latest from=eric
[ATLAS-POLLER 2026-06-02T21:34:40.252Z] Received 53 unread message(s). Latest from=eric
[ATLAS-POLLER 2026-06-02T21:34:42.255Z] Received 53 unread message(s). Latest from=eric
[ATLAS-POLLER 2026-06-02T21:34:44.258Z] Received 53 unread message(s). Latest from=eric
[ATLAS-POLLER 2026-06-02T21:34:46.261Z] Received 53 unread message(s). Latest from=eric
[ATLAS-POLLER 2026-06-02T21:34:48.264Z] Received 53 unread message(s). Latest from=eric
[ATLAS-POLLER 2026-06-02T21:34:50.268Z] Received 53 unread message(s). Latest from=eric
[ATLAS-POLLER 2026-06-02T21:34:52.272Z] Received 53 unread message(s). Latest from=eric
[ATLAS-POLLER 2026-06-02T21:34:54.274Z] Received 53 unread message(s). Latest from=eric
[ATLAS-POLLER 2026-06-02T21:34:56.278Z] Received 53 unread message(s). Latest from=eric
[ATLAS-POLLER 2026-06-02T21:34:58.282Z] Received 53 unread message(s). Latest from=eric
[ATLAS-POLLER 2026-06-02T21:35:00.285Z] Received 53 unread message(s). Latest from=eric
[ATLAS-POLLER 2026-06-02T21:35:02.288Z] Received 53 unread message(s). Latest from=eric
[ATLAS-POLLER 2026-06-02T21:35:04.292Z] Received 53 unread message(s). Latest from=eric
[ATLAS-POLLER 2026-06-02T21:35:06.295Z] Received 53 unread message(s). Latest from=eric
[ATLAS-POLLER 2026-06-02T21:35:08.298Z] Received 53 unread message(s). Latest from=eric
[ATLAS-POLLER 2026-06-02T21:35:10.300Z] Received 53 unread message(s). Latest from=eric
[ATLAS-POLLER 2026-06-02T21:35:12.303Z] Received 53 unread message(s). Latest from=eric
[ATLAS-POLLER 2026-06-02T21:35:14.306Z] Received 53 unread message(s). Latest from=eric
[ATLAS-POLLER 2026-06-02T21:35:16.309Z] Received 53 unread message(s). Latest from=eric
[ATLAS-POLLER 2026-06-02T21:35:18.312Z] Received 55 unread message(s). Latest from=molly
[ATLAS-POLLER 2026-06-02T21:35:20.315Z] Received 55 unread message(s). Latest from=molly
[ATLAS-POLLER 2026-06-02T21:35:22.318Z] Received 55 unread message(s). Latest from=molly
[ATLAS-POLLER 2026-06-02T21:35:24.321Z] Received 56 unread message(s). Latest from=lazarus
[ATLAS-POLLER 2026-06-02T21:35:26.324Z] Received 56 unread message(s). Latest from=lazarus
[ATLAS-POLLER 2026-06-02T21:35:28.327Z] Received 56 unread message(s). Latest from=lazarus
[ATLAS-POLLER 2026-06-02T21:35:30.331Z] Received 56 unread message(s). Latest from=lazarus
[ATLAS-POLLER 2026-06-02T21:35:32.335Z] Received 56 unread message(s). Latest from=lazarus
[ATLAS-POLLER 2026-06-02T21:35:34.338Z] Received 56 unread message(s). Latest from=lazarus
[ATLAS-POLLER 2026-06-02T21:35:36.341Z] Received 56 unread message(s). Latest from=lazarus
[ATLAS-POLLER 2026-06-02T21:35:38.344Z] Received 56 unread message(s). Latest from=lazarus
[ATLAS-POLLER 2026-06-02T21:35:40.347Z] Received 56 unread message(s). Latest from=lazarus
[ATLAS-POLLER 2026-06-02T21:35:42.350Z] Received 56 unread message(s). Latest from=lazarus
[ATLAS-POLLER 2026-06-02T21:35:44.354Z] Received 56 unread message(s). Latest from=lazarus
[ATLAS-POLLER 2026-06-02T21:35:46.357Z] Received 56 unread message(s). Latest from=lazarus
[ATLAS-POLLER 2026-06-02T21:35:48.359Z] Received 56 unread message(s). Latest from=lazarus
[ATLAS-POLLER 2026-06-02T21:35:50.362Z] Received 56 unread message(s). Latest from=lazarus
[ATLAS-POLLER 2026-06-02T21:35:52.366Z] Received 56 unread message(s). Latest from=lazarus
[ATLAS-POLLER 2026-06-02T21:35:54.370Z] Received 56 unread message(s). Latest from=lazarus
[ATLAS-POLLER 2026-06-02T21:35:56.373Z] Received 56 unread message(s). Latest from=lazarus
[ATLAS-POLLER 2026-06-02T21:35:58.376Z] Received 56 unread message(s). Latest from=lazarus
[ATLAS-POLLER 2026-06-02T21:36:00.379Z] Received 56 unread message(s). Latest from=lazarus
[ATLAS-POLLER 2026-06-02T21:36:02.381Z] Received 56 unread message(s). Latest from=lazarus
[ATLAS-POLLER 2026-06-02T21:36:04.385Z] Received 56 unread message(s). Latest from=lazarus
[ATLAS-POLLER 2026-06-02T21:36:06.388Z] Received 56 unread message(s). Latest from=lazarus
[ATLAS-POLLER 2026-06-02T21:36:08.391Z] Received 56 unread message(s). Latest from=lazarus
[ATLAS-POLLER 2026-06-02T21:36:10.395Z] Received 56 unread message(s). Latest from=lazarus
[ATLAS-POLLER 2026-06-02T21:36:12.397Z] Received 56 unread message(s). Latest from=lazarus
[ATLAS-POLLER 2026-06-02T21:36:14.400Z] Received 57 unread message(s). Latest from=molly
[ATLAS-POLLER 2026-06-02T21:36:16.403Z] Received 59 unread message(s). Latest from=molly
[ATLAS-POLLER 2026-06-02T21:36:18.406Z] Received 61 unread message(s). Latest from=molly
[ATLAS-POLLER 2026-06-02T21:36:20.409Z] Received 61 unread message(s). Latest from=molly
[ATLAS-POLLER 2026-06-02T21:36:22.413Z] Received 61 unread message(s). Latest from=molly
[ATLAS-POLLER 2026-06-02T21:36:24.416Z] Received 61 unread message(s). Latest from=molly
[ATLAS-POLLER 2026-06-02T21:36:26.420Z] Received 61 unread message(s). Latest from=molly
[ATLAS-POLLER 2026-06-02T21:36:28.423Z] Received 61 unread message(s). Latest from=molly
[ATLAS-POLLER 2026-06-02T21:36:30.426Z] Received 61 unread message(s). Latest from=molly
[ATLAS-POLLER 2026-06-02T21:36:32.429Z] Received 61 unread message(s). Latest from=molly
[ATLAS-POLLER 2026-06-02T21:36:34.433Z] Received 61 unread message(s). Latest from=molly
[ATLAS-POLLER 2026-06-02T21:36:36.436Z] Received 61 unread message(s). Latest from=molly
[ATLAS-POLLER 2026-06-02T21:36:38.439Z] Received 61 unread message(s). Latest from=molly
[ATLAS-POLLER 2026-06-02T21:36:40.442Z] Received 61 unread message(s). Latest from=molly
[ATLAS-POLLER 2026-06-02T21:36:42.445Z] Received 61 unread message(s). Latest from=molly
[ATLAS-POLLER 2026-06-02T21:36:44.448Z] Received 61 unread message(s). Latest from=molly
[ATLAS-POLLER 2026-06-02T21:36:46.453Z] Received 61 unread message(s). Latest from=molly
[ATLAS-POLLER 2026-06-02T21:36:48.456Z] Received 61 unread message(s). Latest from=molly
[ATLAS-POLLER 2026-06-02T21:36:50.459Z] Received 61 unread message(s). Latest from=molly
[ATLAS-POLLER 2026-06-02T21:36:52.463Z] Received 61 unread message(s). Latest from=molly
[ATLAS-POLLER 2026-06-02T21:36:54.466Z] Received 61 unread message(s). Latest from=molly
[ATLAS-POLLER 2026-06-02T21:36:56.469Z] Received 61 unread message(s). Latest from=molly
[ATLAS-POLLER 2026-06-02T21:36:58.472Z] Received 61 unread message(s). Latest from=molly
[ATLAS-POLLER 2026-06-02T21:37:00.477Z] Received 61 unread message(s). Latest from=molly
[ATLAS-POLLER 2026-06-02T21:37:02.479Z] Received 61 unread message(s). Latest from=molly
[ATLAS-POLLER 2026-06-02T21:37:04.483Z] Received 61 unread message(s). Latest from=molly
[ATLAS-POLLER 2026-06-02T21:37:06.486Z] Received 61 unread message(s). Latest from=molly
[ATLAS-POLLER 2026-06-02T21:37:08.490Z] Received 61 unread message(s). Latest from=molly
[ATLAS-POLLER 2026-06-02T21:37:10.493Z] Received 61 unread message(s). Latest from=molly
[ATLAS-POLLER 2026-06-02T21:37:12.496Z] Received 61 unread message(s). Latest from=molly
[ATLAS-POLLER 2026-06-02T21:37:14.500Z] Received 61 unread message(s). Latest from=molly
[ATLAS-POLLER 2026-06-02T21:37:16.502Z] Received 61 unread message(s). Latest from=molly
[ATLAS-POLLER 2026-06-02T21:37:18.505Z] Received 61 unread message(s). Latest from=molly
[ATLAS-POLLER 2026-06-02T21:37:20.509Z] Received 61 unread message(s). Latest from=molly
[ATLAS-POLLER 2026-06-02T21:37:22.512Z] Received 61 unread message(s). Latest from=molly
[ATLAS-POLLER 2026-06-02T21:37:24.515Z] Received 61 unread message(s). Latest from=molly
[ATLAS-POLLER 2026-06-02T21:37:26.518Z] Received 61 unread message(s). Latest from=molly
[ATLAS-POLLER 2026-06-02T21:37:28.520Z] Received 61 unread message(s). Latest from=molly
[ATLAS-POLLER 2026-06-02T21:37:30.524Z] Received 61 unread message(s). Latest from=molly
[ATLAS-POLLER 2026-06-02T21:37:32.527Z] Received 61 unread message(s). Latest from=molly
[ATLAS-POLLER 2026-06-02T21:37:34.530Z] Received 61 unread message(s). Latest from=molly
[ATLAS-POLLER 2026-06-02T21:37:36.534Z] Received 61 unread message(s). Latest from=molly
[ATLAS-POLLER 2026-06-02T21:37:38.537Z] Received 61 unread message(s). Latest from=molly
[ATLAS-POLLER 2026-06-02T21:37:40.541Z] Received 61 unread message(s). Latest from=molly
[ATLAS-POLLER 2026-06-02T21:37:42.543Z] Received 61 unread message(s). Latest from=molly
[ATLAS-POLLER 2026-06-02T21:37:44.547Z] Received 61 unread message(s). Latest from=molly
[ATLAS-POLLER 2026-06-02T21:37:46.551Z] Received 61 unread message(s). Latest from=molly
[ATLAS-POLLER 2026-06-02T21:37:48.554Z] Received 61 unread message(s). Latest from=molly
[ATLAS-POLLER 2026-06-02T21:37:50.557Z] Received 61 unread message(s). Latest from=molly
[ATLAS-POLLER 2026-06-02T21:37:52.560Z] Received 61 unread message(s). Latest from=molly
[ATLAS-POLLER 2026-06-02T21:37:54.563Z] Received 61 unread message(s). Latest from=molly
[ATLAS-POLLER 2026-06-02T21:37:56.566Z] Received 61 unread message(s). Latest from=molly
[ATLAS-POLLER 2026-06-02T21:37:58.569Z] Received 61 unread message(s). Latest from=molly
[ATLAS-POLLER 2026-06-02T21:38:00.573Z] Received 61 unread message(s). Latest from=molly
[ATLAS-POLLER 2026-06-02T21:38:02.575Z] Received 61 unread message(s). Latest from=molly
[ATLAS-POLLER 2026-06-02T21:38:04.579Z] Received 61 unread message(s). Latest from=molly
[ATLAS-POLLER 2026-06-02T21:38:06.583Z] Received 61 unread message(s). Latest from=molly
[ATLAS-POLLER 2026-06-02T21:38:08.586Z] Received 61 unread message(s). Latest from=molly
[ATLAS-POLLER 2026-06-02T21:38:10.589Z] Received 61 unread message(s). Latest from=molly
[ATLAS-POLLER 2026-06-02T21:38:12.593Z] Received 61 unread message(s). Latest from=molly
[ATLAS-POLLER 2026-06-02T21:38:14.597Z] Received 61 unread message(s). Latest from=molly
[ATLAS-POLLER 2026-06-02T21:38:16.600Z] Received 61 unread message(s). Latest from=molly
[ATLAS-POLLER 2026-06-02T21:38:18.603Z] Received 61 unread message(s). Latest from=molly
[ATLAS-POLLER 2026-06-02T21:38:20.605Z] Received 61 unread message(s). Latest from=molly
[ATLAS-POLLER 2026-06-02T21:38:22.609Z] Received 61 unread message(s). Latest from=molly
[ATLAS-POLLER 2026-06-02T21:38:24.613Z] Received 61 unread message(s). Latest from=molly
[ATLAS-POLLER 2026-06-02T21:38:26.616Z] Received 61 unread message(s). Latest from=molly
[ATLAS-POLLER 2026-06-02T21:38:28.618Z] Received 61 unread message(s). Latest from=molly
[ATLAS-POLLER 2026-06-02T21:38:30.622Z] Received 61 unread message(s). Latest from=molly
[ATLAS-POLLER 2026-06-02T21:38:32.625Z] Received 61 unread message(s). Latest from=molly
[ATLAS-POLLER 2026-06-02T21:38:34.628Z] Received 61 unread message(s). Latest from=molly
[ATLAS-POLLER 2026-06-02T21:38:36.631Z] Received 61 unread message(s). Latest from=molly
[ATLAS-POLLER 2026-06-02T21:38:38.634Z] Received 61 unread message(s). Latest from=molly
[ATLAS-POLLER 2026-06-02T21:38:40.637Z] Received 62 unread message(s). Latest from=lazarus
[ATLAS-POLLER 2026-06-02T21:38:42.641Z] Received 62 unread message(s). Latest from=lazarus
[ATLAS-POLLER 2026-06-02T21:38:44.645Z] Received 62 unread message(s). Latest from=lazarus
[ATLAS-POLLER 2026-06-02T21:38:46.649Z] Received 62 unread message(s). Latest from=lazarus
[ATLAS-POLLER 2026-06-02T21:38:48.652Z] Received 62 unread message(s). Latest from=lazarus
[ATLAS-POLLER 2026-06-02T21:38:50.655Z] Received 62 unread message(s). Latest from=lazarus
[ATLAS-POLLER 2026-06-02T21:38:52.659Z] Received 62 unread message(s). Latest from=lazarus
[ATLAS-POLLER 2026-06-02T21:38:54.663Z] Received 62 unread message(s). Latest from=lazarus
[ATLAS-POLLER 2026-06-02T21:38:56.667Z] Received 62 unread message(s). Latest from=lazarus
[ATLAS-POLLER 2026-06-02T21:38:58.671Z] Received 62 unread message(s). Latest from=lazarus
[ATLAS-POLLER 2026-06-02T21:39:00.674Z] Received 62 unread message(s). Latest from=lazarus
[ATLAS-POLLER 2026-06-02T21:39:02.677Z] Received 62 unread message(s). Latest from=lazarus
[ATLAS-POLLER 2026-06-02T21:39:04.680Z] Received 62 unread message(s). Latest from=lazarus
[ATLAS-POLLER 2026-06-02T21:39:06.683Z] Received 62 unread message(s). Latest from=lazarus
[ATLAS-POLLER 2026-06-02T21:39:08.686Z] Received 62 unread message(s). Latest from=lazarus
[ATLAS-POLLER 2026-06-02T21:39:10.688Z] Received 62 unread message(s). Latest from=lazarus
[ATLAS-POLLER 2026-06-02T21:39:12.692Z] Received 62 unread message(s). Latest from=lazarus
[ATLAS-POLLER 2026-06-02T21:39:14.694Z] Received 63 unread message(s). Latest from=lazarus
[ATLAS-POLLER 2026-06-02T21:39:16.698Z] Received 63 unread message(s). Latest from=lazarus
[ATLAS-POLLER 2026-06-02T21:39:18.701Z] Received 63 unread message(s). Latest from=lazarus
[ATLAS-POLLER 2026-06-02T21:39:20.704Z] Received 63 unread message(s). Latest from=lazarus
[ATLAS-POLLER 2026-06-02T21:39:22.707Z] Received 63 unread message(s). Latest from=lazarus
[ATLAS-POLLER 2026-06-02T21:39:24.709Z] Received 63 unread message(s). Latest from=lazarus
[ATLAS-POLLER 2026-06-02T21:39:26.713Z] Received 63 unread message(s). Latest from=lazarus
[ATLAS-POLLER 2026-06-02T21:39:28.716Z] Received 63 unread message(s). Latest from=lazarus
[ATLAS-POLLER 2026-06-02T21:39:30.720Z] Received 63 unread message(s). Latest from=lazarus
[ATLAS-POLLER 2026-06-02T21:39:32.723Z] Received 63 unread message(s). Latest from=lazarus
[ATLAS-POLLER 2026-06-02T21:39:34.726Z] Received 63 unread message(s). Latest from=lazarus
[ATLAS-POLLER 2026-06-02T21:39:36.731Z] Received 63 unread message(s). Latest from=lazarus
[ATLAS-POLLER 2026-06-02T21:39:38.734Z] Received 63 unread message(s). Latest from=lazarus
[ATLAS-POLLER 2026-06-02T21:39:40.738Z] Received 63 unread message(s). Latest from=lazarus
[ATLAS-POLLER 2026-06-02T21:39:42.741Z] Received 63 unread message(s). Latest from=lazarus
[ATLAS-POLLER 2026-06-02T21:39:44.745Z] Received 63 unread message(s). Latest from=lazarus
[ATLAS-POLLER 2026-06-02T21:39:46.748Z] Received 63 unread message(s). Latest from=lazarus
[ATLAS-POLLER 2026-06-02T21:39:48.751Z] Received 63 unread message(s). Latest from=lazarus
[ATLAS-POLLER 2026-06-02T21:39:50.755Z] Received 63 unread message(s). Latest from=lazarus
[ATLAS-POLLER 2026-06-02T21:39:52.759Z] Received 63 unread message(s). Latest from=lazarus
[ATLAS-POLLER 2026-06-02T21:39:54.764Z] Received 63 unread message(s). Latest from=lazarus
[ATLAS-POLLER 2026-06-02T21:39:56.766Z] Received 63 unread message(s). Latest from=lazarus
[ATLAS-POLLER 2026-06-02T21:39:58.770Z] Received 63 unread message(s). Latest from=lazarus
[ATLAS-POLLER 2026-06-02T21:40:00.773Z] Received 63 unread message(s). Latest from=lazarus
[ATLAS-POLLER 2026-06-02T21:40:02.776Z] Received 63 unread message(s). Latest from=lazarus
[ATLAS-POLLER 2026-06-02T21:40:04.778Z] Received 63 unread message(s). Latest from=lazarus
[ATLAS-POLLER 2026-06-02T21:40:06.782Z] Received 63 unread message(s). Latest from=lazarus
[ATLAS-POLLER 2026-06-02T21:40:08.785Z] Received 63 unread message(s). Latest from=lazarus
[ATLAS-POLLER 2026-06-02T21:40:10.788Z] Received 63 unread message(s). Latest from=lazarus
[ATLAS-POLLER 2026-06-02T21:40:12.792Z] Received 63 unread message(s). Latest from=lazarus
[ATLAS-POLLER 2026-06-02T21:40:14.795Z] Received 65 unread message(s). Latest from=lazarus
[ATLAS-POLLER 2026-06-02T21:40:16.798Z] Received 65 unread message(s). Latest from=lazarus
[ATLAS-POLLER 2026-06-02T21:40:18.802Z] Received 65 unread message(s). Latest from=lazarus
[ATLAS-POLLER 2026-06-02T21:40:20.805Z] Received 65 unread message(s). Latest from=lazarus
[ATLAS-POLLER 2026-06-02T21:40:22.808Z] Received 65 unread message(s). Latest from=lazarus
[ATLAS-POLLER 2026-06-02T21:40:24.812Z] Received 65 unread message(s). Latest from=lazarus
[ATLAS-POLLER 2026-06-02T21:40:26.815Z] Received 65 unread message(s). Latest from=lazarus
[ATLAS-POLLER 2026-06-02T21:40:28.818Z] Received 65 unread message(s). Latest from=lazarus
[ATLAS-POLLER 2026-06-02T21:40:30.820Z] Received 65 unread message(s). Latest from=lazarus
[ATLAS-POLLER 2026-06-02T21:40:32.822Z] Received 65 unread message(s). Latest from=lazarus
[ATLAS-POLLER 2026-06-02T21:40:34.826Z] Received 65 unread message(s). Latest from=lazarus
[ATLAS-POLLER 2026-06-02T21:40:36.830Z] Received 65 unread message(s). Latest from=lazarus
[ATLAS-POLLER 2026-06-02T21:40:38.833Z] Received 65 unread message(s). Latest from=lazarus
[ATLAS-POLLER 2026-06-02T21:40:40.837Z] Received 65 unread message(s). Latest from=lazarus
[ATLAS-POLLER 2026-06-02T21:40:42.840Z] Received 65 unread message(s). Latest from=lazarus
[ATLAS-POLLER 2026-06-02T21:40:44.843Z] Received 65 unread message(s). Latest from=lazarus
[ATLAS-POLLER 2026-06-02T21:40:46.847Z] Received 65 unread message(s). Latest from=lazarus
[ATLAS-POLLER 2026-06-02T21:40:48.850Z] Received 65 unread message(s). Latest from=lazarus
[ATLAS-POLLER 2026-06-02T21:40:50.853Z] Received 65 unread message(s). Latest from=lazarus
[ATLAS-POLLER 2026-06-02T21:40:52.858Z] Received 65 unread message(s). Latest from=lazarus
[ATLAS-POLLER 2026-06-02T21:40:54.860Z] Received 65 unread message(s). Latest from=lazarus
[ATLAS-POLLER 2026-06-02T21:40:56.865Z] Received 65 unread message(s). Latest from=lazarus
[ATLAS-POLLER 2026-06-02T21:40:58.868Z] Received 65 unread message(s). Latest from=lazarus
[ATLAS-POLLER 2026-06-02T21:41:00.871Z] Received 65 unread message(s). Latest from=lazarus
[ATLAS-POLLER 2026-06-02T21:41:02.873Z] Received 65 unread message(s). Latest from=lazarus
[ATLAS-POLLER 2026-06-02T21:41:04.878Z] Received 65 unread message(s). Latest from=lazarus
[ATLAS-POLLER 2026-06-02T21:41:06.881Z] Received 65 unread message(s). Latest from=lazarus
[ATLAS-POLLER 2026-06-02T21:41:08.887Z] Received 65 unread message(s). Latest from=lazarus
[ATLAS-POLLER 2026-06-02T21:41:10.890Z] Received 65 unread message(s). Latest from=lazarus
[ATLAS-POLLER 2026-06-02T21:41:12.892Z] Received 65 unread message(s). Latest from=lazarus
[ATLAS-POLLER 2026-06-02T21:41:14.895Z] Received 65 unread message(s). Latest from=lazarus
[ATLAS-POLLER 2026-06-02T21:41:16.898Z] Received 65 unread message(s). Latest from=lazarus
[ATLAS-POLLER 2026-06-02T21:41:18.901Z] Received 65 unread message(s). Latest from=lazarus
[ATLAS-POLLER 2026-06-02T21:41:20.905Z] Received 65 unread message(s). Latest from=lazarus
[ATLAS-POLLER 2026-06-02T21:41:22.908Z] Received 65 unread message(s). Latest from=lazarus
[ATLAS-POLLER 2026-06-02T21:41:24.912Z] Received 65 unread message(s). Latest from=lazarus
[ATLAS-POLLER 2026-06-02T21:41:26.915Z] Received 65 unread message(s). Latest from=lazarus
[ATLAS-POLLER 2026-06-02T21:41:28.918Z] Received 65 unread message(s). Latest from=lazarus
[ATLAS-POLLER 2026-06-02T21:41:30.921Z] Received 65 unread message(s). Latest from=lazarus
[ATLAS-POLLER 2026-06-02T21:41:32.925Z] Received 65 unread message(s). Latest from=lazarus
[ATLAS-POLLER 2026-06-02T21:41:34.928Z] Received 65 unread message(s). Latest from=lazarus
[ATLAS-POLLER 2026-06-02T21:41:36.931Z] Received 65 unread message(s). Latest from=lazarus
[ATLAS-POLLER 2026-06-02T21:41:38.933Z] Received 65 unread message(s). Latest from=lazarus
[ATLAS-POLLER 2026-06-02T21:41:40.937Z] Received 65 unread message(s). Latest from=lazarus
[ATLAS-POLLER 2026-06-02T21:41:42.940Z] Received 65 unread message(s). Latest from=lazarus
[ATLAS-POLLER 2026-06-02T21:41:44.944Z] Received 65 unread message(s). Latest from=lazarus
[ATLAS-POLLER 2026-06-02T21:41:46.947Z] Received 65 unread message(s). Latest from=lazarus
[ATLAS-POLLER 2026-06-02T21:41:48.950Z] Received 65 unread message(s). Latest from=lazarus
[ATLAS-POLLER 2026-06-02T21:41:50.952Z] Received 65 unread message(s). Latest from=lazarus
[ATLAS-POLLER 2026-06-02T21:41:52.955Z] Received 65 unread message(s). Latest from=lazarus
[ATLAS-POLLER 2026-06-02T21:41:54.958Z] Received 65 unread message(s). Latest from=lazarus
[ATLAS-POLLER 2026-06-02T21:41:56.963Z] Received 65 unread message(s). Latest from=lazarus
[ATLAS-POLLER 2026-06-02T21:41:58.967Z] Received 65 unread message(s). Latest from=lazarus
[ATLAS-POLLER 2026-06-02T21:42:00.970Z] Received 65 unread message(s). Latest from=lazarus
[ATLAS-POLLER 2026-06-02T21:42:02.974Z] Received 65 unread message(s). Latest from=lazarus
[ATLAS-POLLER 2026-06-02T21:42:04.978Z] Received 65 unread message(s). Latest from=lazarus
[ATLAS-POLLER 2026-06-02T21:42:06.982Z] Received 65 unread message(s). Latest from=lazarus
[ATLAS-POLLER 2026-06-02T21:42:08.986Z] Received 65 unread message(s). Latest from=lazarus
[ATLAS-POLLER 2026-06-02T21:42:10.989Z] Received 65 unread message(s). Latest from=lazarus
[ATLAS-POLLER 2026-06-02T21:42:12.992Z] Received 65 unread message(s). Latest from=lazarus
[ATLAS-POLLER 2026-06-02T21:42:14.996Z] Buffered 27 message(s) to wakeup file
[ATLAS-POLLER 2026-06-02T21:42:14.996Z] Received 67 unread message(s). Latest from=molly
[ATLAS-POLLER 2026-06-02T21:42:17.000Z] Received 68 unread message(s). Latest from=molly
[ATLAS-POLLER 2026-06-02T21:42:19.004Z] Received 68 unread message(s). Latest from=molly
[ATLAS-POLLER 2026-06-02T21:42:21.007Z] Received 68 unread message(s). Latest from=molly
[ATLAS-POLLER 2026-06-02T21:42:23.011Z] Received 69 unread message(s). Latest from=eric
[ATLAS-POLLER 2026-06-02T21:42:25.014Z] Received 69 unread message(s). Latest from=eric
[ATLAS-POLLER 2026-06-02T21:42:27.017Z] Received 69 unread message(s). Latest from=eric
[ATLAS-POLLER 2026-06-02T21:42:29.021Z] Received 69 unread message(s). Latest from=eric
[ATLAS-POLLER 2026-06-02T21:42:31.025Z] Received 69 unread message(s). Latest from=eric
[ATLAS-POLLER 2026-06-02T21:42:33.028Z] Received 69 unread message(s). Latest from=eric
[ATLAS-POLLER 2026-06-02T21:42:35.032Z] Received 69 unread message(s). Latest from=eric
[ATLAS-POLLER 2026-06-02T21:42:37.036Z] Received 69 unread message(s). Latest from=eric
[ATLAS-POLLER 2026-06-02T21:42:39.039Z] Received 69 unread message(s). Latest from=eric
[ATLAS-POLLER 2026-06-02T21:42:41.043Z] Received 69 unread message(s). Latest from=eric
[ATLAS-POLLER 2026-06-02T21:42:43.046Z] Received 69 unread message(s). Latest from=eric
[ATLAS-POLLER 2026-06-02T21:42:45.050Z] Received 69 unread message(s). Latest from=eric
[ATLAS-POLLER 2026-06-02T21:42:47.053Z] Received 69 unread message(s). Latest from=eric
[ATLAS-POLLER 2026-06-02T21:42:49.058Z] Received 69 unread message(s). Latest from=eric
[ATLAS-POLLER 2026-06-02T21:42:51.061Z] Received 69 unread message(s). Latest from=eric
[ATLAS-POLLER 2026-06-02T21:42:53.065Z] Received 69 unread message(s). Latest from=eric
[ATLAS-POLLER 2026-06-02T21:42:55.068Z] Received 69 unread message(s). Latest from=eric
[ATLAS-POLLER 2026-06-02T21:42:57.072Z] Received 69 unread message(s). Latest from=eric
[ATLAS-POLLER 2026-06-02T21:42:59.075Z] Received 69 unread message(s). Latest from=eric
[ATLAS-POLLER 2026-06-02T21:43:01.079Z] Received 69 unread message(s). Latest from=eric
[ATLAS-POLLER 2026-06-02T21:43:03.082Z] Received 69 unread message(s). Latest from=eric
[ATLAS-POLLER 2026-06-02T21:43:05.085Z] Received 69 unread message(s). Latest from=eric
[ATLAS-POLLER 2026-06-02T21:43:07.088Z] Received 69 unread message(s). Latest from=eric
[ATLAS-POLLER 2026-06-02T21:43:09.091Z] Received 69 unread message(s). Latest from=eric
[ATLAS-POLLER 2026-06-02T21:43:11.094Z] Received 69 unread message(s). Latest from=eric
[ATLAS-POLLER 2026-06-02T21:43:13.097Z] Received 69 unread message(s). Latest from=eric
[ATLAS-POLLER 2026-06-02T21:43:15.100Z] Received 69 unread message(s). Latest from=eric
[ATLAS-POLLER 2026-06-02T21:43:17.104Z] Received 69 unread message(s). Latest from=eric
[ATLAS-POLLER 2026-06-02T21:43:19.106Z] Received 69 unread message(s). Latest from=eric
[ATLAS-POLLER 2026-06-02T21:43:21.110Z] Received 69 unread message(s). Latest from=eric
[ATLAS-POLLER 2026-06-02T21:43:23.113Z] Received 69 unread message(s). Latest from=eric
[ATLAS-POLLER 2026-06-02T21:43:25.116Z] Received 69 unread message(s). Latest from=eric
[ATLAS-POLLER 2026-06-02T21:43:27.119Z] Received 69 unread message(s). Latest from=eric
[ATLAS-POLLER 2026-06-02T21:43:29.122Z] Received 69 unread message(s). Latest from=eric
[ATLAS-POLLER 2026-06-02T21:43:31.125Z] Received 69 unread message(s). Latest from=eric
[ATLAS-POLLER 2026-06-02T21:43:33.129Z] Received 69 unread message(s). Latest from=eric
[ATLAS-POLLER 2026-06-02T21:43:35.133Z] Received 69 unread message(s). Latest from=eric
[ATLAS-POLLER 2026-06-02T21:43:37.137Z] Received 69 unread message(s). Latest from=eric
[ATLAS-POLLER 2026-06-02T21:43:39.141Z] Received 69 unread message(s). Latest from=eric
[ATLAS-POLLER 2026-06-02T21:43:41.144Z] Received 69 unread message(s). Latest from=eric
[ATLAS-POLLER 2026-06-02T21:43:43.149Z] Received 69 unread message(s). Latest from=eric
