nohup: ignoring input
[LAZARUS-POLLER 2026-06-06T23:14:21.735Z] Starting poller PID=139603, interval=2000ms
[LAZARUS-POLLER 2026-06-06T23:14:21.924Z] Received 1 unread message(s). Latest from=molly
[LAZARUS-POLLER 2026-06-06T23:14:23.929Z] Received 2 unread message(s). Latest from=molly
[LAZARUS-POLLER 2026-06-06T23:14:25.933Z] Received 2 unread message(s). Latest from=molly
[LAZARUS-POLLER 2026-06-06T23:14:27.937Z] Buffered 60 message(s) to wakeup file
[LAZARUS-POLLER 2026-06-06T23:14:27.937Z] Received 100 unread message(s). Latest from=atlas
[LAZARUS-POLLER 2026-06-06T23:14:29.939Z] Received 100 unread message(s). Latest from=atlas
[LAZARUS-POLLER 2026-06-06T23:14:31.942Z] Buffered 60 message(s) to wakeup file
[LAZARUS-POLLER 2026-06-06T23:14:31.942Z] Received 98 unread message(s). Latest from=atlas
[LAZARUS-POLLER 2026-06-06T23:14:33.945Z] Buffered 58 message(s) to wakeup file
[LAZARUS-POLLER 2026-06-06T23:14:33.945Z] Received 98 unread message(s). Latest from=atlas
[LAZARUS-POLLER 2026-06-06T23:14:35.948Z] Buffered 58 message(s) to wakeup file
[LAZARUS-POLLER 2026-06-06T23:14:35.948Z] Received 98 unread message(s). Latest from=molly
[LAZARUS-POLLER 2026-06-06T23:14:37.952Z] Buffered 58 message(s) to wakeup file
[LAZARUS-POLLER 2026-06-06T23:14:37.952Z] Received 98 unread message(s). Latest from=atlas
[LAZARUS-POLLER 2026-06-06T23:14:39.955Z] Buffered 58 message(s) to wakeup file
[LAZARUS-POLLER 2026-06-06T23:14:39.955Z] Received 97 unread message(s). Latest from=atlas
[LAZARUS-POLLER 2026-06-06T23:14:41.958Z] Received 97 unread message(s). Latest from=atlas
[LAZARUS-POLLER 2026-06-06T23:14:43.961Z] Buffered 57 message(s) to wakeup file
[LAZARUS-POLLER 2026-06-06T23:14:43.961Z] Received 97 unread message(s). Latest from=atlas
[LAZARUS-POLLER 2026-06-06T23:14:45.963Z] Received 97 unread message(s). Latest from=atlas
[LAZARUS-POLLER 2026-06-06T23:14:47.966Z] Received 97 unread message(s). Latest from=atlas
[LAZARUS-POLLER 2026-06-06T23:14:49.969Z] Received 97 unread message(s). Latest from=atlas
[LAZARUS-POLLER 2026-06-06T23:14:51.972Z] Received 97 unread message(s). Latest from=atlas
[LAZARUS-POLLER 2026-06-06T23:14:53.974Z] Received 97 unread message(s). Latest from=atlas
[LAZARUS-POLLER 2026-06-06T23:14:55.977Z] Received 97 unread message(s). Latest from=atlas
[LAZARUS-POLLER 2026-06-06T23:14:57.981Z] Received 97 unread message(s). Latest from=atlas
[LAZARUS-POLLER 2026-06-06T23:14:59.984Z] Received 97 unread message(s). Latest from=atlas
[LAZARUS-POLLER 2026-06-06T23:15:01.986Z] Received 97 unread message(s). Latest from=atlas
[LAZARUS-POLLER 2026-06-06T23:15:03.990Z] Received 97 unread message(s). Latest from=atlas
[LAZARUS-POLLER 2026-06-06T23:15:05.992Z] Received 97 unread message(s). Latest from=atlas
[LAZARUS-POLLER 2026-06-06T23:15:07.995Z] Buffered 57 message(s) to wakeup file
[LAZARUS-POLLER 2026-06-06T23:15:07.995Z] Received 97 unread message(s). Latest from=atlas
[LAZARUS-POLLER 2026-06-06T23:15:09.998Z] Received 97 unread message(s). Latest from=atlas
[LAZARUS-POLLER 2026-06-06T23:15:12.000Z] Buffered 57 message(s) to wakeup file
[LAZARUS-POLLER 2026-06-06T23:15:12.000Z] Received 97 unread message(s). Latest from=molly
[LAZARUS-POLLER 2026-06-06T23:15:14.004Z] Buffered 57 message(s) to wakeup file
[LAZARUS-POLLER 2026-06-06T23:15:14.004Z] Received 97 unread message(s). Latest from=atlas
[LAZARUS-POLLER 2026-06-06T23:15:16.008Z] Buffered 57 message(s) to wakeup file
[LAZARUS-POLLER 2026-06-06T23:15:16.008Z] Received 97 unread message(s). Latest from=molly
[LAZARUS-POLLER 2026-06-06T23:15:18.011Z] Buffered 57 message(s) to wakeup file
[LAZARUS-POLLER 2026-06-06T23:15:18.011Z] Received 97 unread message(s). Latest from=atlas
[LAZARUS-POLLER 2026-06-06T23:15:20.014Z] Received 97 unread message(s). Latest from=atlas
[LAZARUS-POLLER 2026-06-06T23:15:22.017Z] Received 97 unread message(s). Latest from=atlas
[LAZARUS-POLLER 2026-06-06T23:15:24.022Z] Received 97 unread message(s). Latest from=atlas
[LAZARUS-POLLER 2026-06-06T23:15:26.025Z] Received 97 unread message(s). Latest from=atlas
[LAZARUS-POLLER 2026-06-06T23:15:28.028Z] Received 97 unread message(s). Latest from=atlas
[LAZARUS-POLLER 2026-06-06T23:15:30.030Z] Received 97 unread message(s). Latest from=atlas
[LAZARUS-POLLER 2026-06-06T23:15:32.034Z] Received 97 unread message(s). Latest from=atlas
[LAZARUS-POLLER 2026-06-06T23:15:34.037Z] Received 97 unread message(s). Latest from=atlas
[LAZARUS-POLLER 2026-06-06T23:15:36.039Z] Buffered 57 message(s) to wakeup file
[LAZARUS-POLLER 2026-06-06T23:15:36.040Z] Received 97 unread message(s). Latest from=molly
[LAZARUS-POLLER 2026-06-06T23:15:38.042Z] Buffered 57 message(s) to wakeup file
[LAZARUS-POLLER 2026-06-06T23:15:38.042Z] Received 97 unread message(s). Latest from=atlas
[LAZARUS-POLLER 2026-06-06T23:15:40.046Z] Buffered 57 message(s) to wakeup file
[LAZARUS-POLLER 2026-06-06T23:15:40.046Z] Received 97 unread message(s). Latest from=molly
[LAZARUS-POLLER 2026-06-06T23:15:42.048Z] Received 97 unread message(s). Latest from=molly
[LAZARUS-POLLER 2026-06-06T23:15:44.051Z] Buffered 57 message(s) to wakeup file
[LAZARUS-POLLER 2026-06-06T23:15:44.051Z] Received 97 unread message(s). Latest from=atlas
[LAZARUS-POLLER 2026-06-06T23:15:46.053Z] Received 97 unread message(s). Latest from=atlas
[LAZARUS-POLLER 2026-06-06T23:15:48.055Z] Received 97 unread message(s). Latest from=atlas
[LAZARUS-POLLER 2026-06-06T23:15:50.058Z] Buffered 57 message(s) to wakeup file
[LAZARUS-POLLER 2026-06-06T23:15:50.059Z] Received 97 unread message(s). Latest from=molly
[LAZARUS-POLLER 2026-06-06T23:15:52.061Z] Received 97 unread message(s). Latest from=molly
[LAZARUS-POLLER 2026-06-06T23:15:54.064Z] Buffered 57 message(s) to wakeup file
[LAZARUS-POLLER 2026-06-06T23:15:54.064Z] Received 97 unread message(s). Latest from=atlas
[LAZARUS-POLLER 2026-06-06T23:15:56.066Z] Received 97 unread message(s). Latest from=atlas
[LAZARUS-POLLER 2026-06-06T23:15:58.068Z] Received 97 unread message(s). Latest from=atlas
[LAZARUS-POLLER 2026-06-06T23:16:00.070Z] Received 97 unread message(s). Latest from=atlas
[LAZARUS-POLLER 2026-06-06T23:16:02.073Z] Buffered 57 message(s) to wakeup file
[LAZARUS-POLLER 2026-06-06T23:16:02.073Z] Received 97 unread message(s). Latest from=molly
[LAZARUS-POLLER 2026-06-06T23:16:04.076Z] Buffered 57 message(s) to wakeup file
[LAZARUS-POLLER 2026-06-06T23:16:04.076Z] Received 97 unread message(s). Latest from=atlas
[LAZARUS-POLLER 2026-06-06T23:16:06.079Z] Buffered 57 message(s) to wakeup file
[LAZARUS-POLLER 2026-06-06T23:16:06.079Z] Received 97 unread message(s). Latest from=molly
[LAZARUS-POLLER 2026-06-06T23:16:08.081Z] Buffered 57 message(s) to wakeup file
[LAZARUS-POLLER 2026-06-06T23:16:08.081Z] Received 97 unread message(s). Latest from=atlas
[LAZARUS-POLLER 2026-06-06T23:16:10.083Z] Received 97 unread message(s). Latest from=atlas
[LAZARUS-POLLER 2026-06-06T23:16:12.086Z] Received 97 unread message(s). Latest from=atlas
[LAZARUS-POLLER 2026-06-06T23:16:14.089Z] Buffered 57 message(s) to wakeup file
[LAZARUS-POLLER 2026-06-06T23:16:14.089Z] Received 96 unread message(s). Latest from=atlas
[LAZARUS-POLLER 2026-06-06T23:16:16.091Z] Received 96 unread message(s). Latest from=atlas
[LAZARUS-POLLER 2026-06-06T23:16:18.094Z] Buffered 56 message(s) to wakeup file
[LAZARUS-POLLER 2026-06-06T23:16:18.094Z] Received 96 unread message(s). Latest from=atlas
[LAZARUS-POLLER 2026-06-06T23:16:20.096Z] Received 96 unread message(s). Latest from=atlas
[LAZARUS-POLLER 2026-06-06T23:16:22.099Z] Received 96 unread message(s). Latest from=atlas
[LAZARUS-POLLER 2026-06-06T23:16:24.101Z] Received 96 unread message(s). Latest from=atlas
[LAZARUS-POLLER 2026-06-06T23:16:26.103Z] Received 96 unread message(s). Latest from=atlas
[LAZARUS-POLLER 2026-06-06T23:16:28.106Z] Received 96 unread message(s). Latest from=atlas
[LAZARUS-POLLER 2026-06-06T23:16:30.109Z] Received 96 unread message(s). Latest from=atlas
[LAZARUS-POLLER 2026-06-06T23:16:32.111Z] Received 96 unread message(s). Latest from=atlas
[LAZARUS-POLLER 2026-06-06T23:16:34.115Z] Received 96 unread message(s). Latest from=atlas
[LAZARUS-POLLER 2026-06-06T23:16:36.117Z] Received 96 unread message(s). Latest from=atlas
[LAZARUS-POLLER 2026-06-06T23:16:38.121Z] Received 96 unread message(s). Latest from=atlas
[LAZARUS-POLLER 2026-06-06T23:16:40.123Z] Received 96 unread message(s). Latest from=atlas
[LAZARUS-POLLER 2026-06-06T23:16:42.127Z] Received 96 unread message(s). Latest from=atlas
[LAZARUS-POLLER 2026-06-06T23:16:44.130Z] Received 96 unread message(s). Latest from=atlas
[LAZARUS-POLLER 2026-06-06T23:16:46.134Z] Received 96 unread message(s). Latest from=atlas
[LAZARUS-POLLER 2026-06-06T23:16:48.136Z] Received 96 unread message(s). Latest from=atlas
[LAZARUS-POLLER 2026-06-06T23:16:50.139Z] Received 96 unread message(s). Latest from=atlas
[LAZARUS-POLLER 2026-06-06T23:16:52.142Z] Received 96 unread message(s). Latest from=atlas
[LAZARUS-POLLER 2026-06-06T23:16:54.143Z] Received 96 unread message(s). Latest from=atlas
[LAZARUS-POLLER 2026-06-06T23:16:56.146Z] Received 96 unread message(s). Latest from=atlas
[LAZARUS-POLLER 2026-06-06T23:16:58.149Z] Received 96 unread message(s). Latest from=atlas
[LAZARUS-POLLER 2026-06-06T23:17:00.151Z] Received 96 unread message(s). Latest from=atlas
[LAZARUS-POLLER 2026-06-06T23:17:02.155Z] Received 96 unread message(s). Latest from=atlas
[LAZARUS-POLLER 2026-06-06T23:17:04.158Z] Received 96 unread message(s). Latest from=atlas
[LAZARUS-POLLER 2026-06-06T23:17:06.161Z] Received 96 unread message(s). Latest from=atlas
[LAZARUS-POLLER 2026-06-06T23:17:08.164Z] Received 96 unread message(s). Latest from=atlas
[LAZARUS-POLLER 2026-06-06T23:17:10.167Z] Received 96 unread message(s). Latest from=atlas
[LAZARUS-POLLER 2026-06-06T23:17:12.169Z] Received 96 unread message(s). Latest from=atlas
[LAZARUS-POLLER 2026-06-06T23:17:14.171Z] Received 96 unread message(s). Latest from=atlas
[LAZARUS-POLLER 2026-06-06T23:17:16.174Z] Received 96 unread message(s). Latest from=atlas
[LAZARUS-POLLER 2026-06-06T23:17:18.178Z] Received 96 unread message(s). Latest from=atlas
[LAZARUS-POLLER 2026-06-06T23:17:20.180Z] Received 96 unread message(s). Latest from=atlas
[LAZARUS-POLLER 2026-06-06T23:17:22.183Z] Received 96 unread message(s). Latest from=atlas
[LAZARUS-POLLER 2026-06-06T23:17:24.185Z] Received 96 unread message(s). Latest from=atlas
[LAZARUS-POLLER 2026-06-06T23:17:26.188Z] Received 96 unread message(s). Latest from=atlas
[LAZARUS-POLLER 2026-06-06T23:17:28.190Z] Received 96 unread message(s). Latest from=atlas
[LAZARUS-POLLER 2026-06-06T23:17:30.192Z] Received 96 unread message(s). Latest from=atlas
[LAZARUS-POLLER 2026-06-06T23:17:32.195Z] Received 96 unread message(s). Latest from=atlas
[LAZARUS-POLLER 2026-06-06T23:17:34.198Z] Received 96 unread message(s). Latest from=atlas
[LAZARUS-POLLER 2026-06-06T23:17:36.201Z] Received 96 unread message(s). Latest from=atlas
[LAZARUS-POLLER 2026-06-06T23:17:38.204Z] Received 96 unread message(s). Latest from=atlas
[LAZARUS-POLLER 2026-06-06T23:17:40.207Z] Received 96 unread message(s). Latest from=atlas
[LAZARUS-POLLER 2026-06-06T23:17:42.210Z] Received 96 unread message(s). Latest from=atlas
[LAZARUS-POLLER 2026-06-06T23:17:44.214Z] Received 96 unread message(s). Latest from=atlas
[LAZARUS-POLLER 2026-06-06T23:17:46.218Z] Received 96 unread message(s). Latest from=atlas
[LAZARUS-POLLER 2026-06-06T23:17:48.220Z] Received 96 unread message(s). Latest from=atlas
[LAZARUS-POLLER 2026-06-06T23:17:50.224Z] Received 96 unread message(s). Latest from=atlas
[LAZARUS-POLLER 2026-06-06T23:17:52.228Z] Buffered 56 message(s) to wakeup file
[LAZARUS-POLLER 2026-06-06T23:17:52.228Z] Received 96 unread message(s). Latest from=gemini
[LAZARUS-POLLER 2026-06-06T23:17:54.231Z] Buffered 56 message(s) to wakeup file
[LAZARUS-POLLER 2026-06-06T23:17:54.231Z] Received 96 unread message(s). Latest from=atlas
[LAZARUS-POLLER 2026-06-06T23:17:56.232Z] Received 96 unread message(s). Latest from=atlas
[LAZARUS-POLLER 2026-06-06T23:17:58.234Z] Received 96 unread message(s). Latest from=atlas
[LAZARUS-POLLER 2026-06-06T23:18:00.238Z] Buffered 56 message(s) to wakeup file
[LAZARUS-POLLER 2026-06-06T23:18:00.238Z] Received 95 unread message(s). Latest from=atlas
[LAZARUS-POLLER 2026-06-06T23:18:02.242Z] Received 95 unread message(s). Latest from=atlas
[LAZARUS-POLLER 2026-06-06T23:18:04.244Z] Buffered 55 message(s) to wakeup file
[LAZARUS-POLLER 2026-06-06T23:18:04.245Z] Received 95 unread message(s). Latest from=atlas
[LAZARUS-POLLER 2026-06-06T23:18:06.248Z] Received 95 unread message(s). Latest from=atlas
[LAZARUS-POLLER 2026-06-06T23:18:08.251Z] Received 95 unread message(s). Latest from=atlas
[LAZARUS-POLLER 2026-06-06T23:18:10.253Z] Received 95 unread message(s). Latest from=atlas
[LAZARUS-POLLER 2026-06-06T23:18:12.256Z] Received 95 unread message(s). Latest from=atlas
[LAZARUS-POLLER 2026-06-06T23:18:14.258Z] Received 95 unread message(s). Latest from=atlas
[LAZARUS-POLLER 2026-06-06T23:18:16.261Z] Received 95 unread message(s). Latest from=atlas
[LAZARUS-POLLER 2026-06-06T23:18:18.265Z] Received 95 unread message(s). Latest from=atlas
[LAZARUS-POLLER 2026-06-06T23:18:20.267Z] Received 95 unread message(s). Latest from=atlas
[LAZARUS-POLLER 2026-06-06T23:18:22.270Z] Received 95 unread message(s). Latest from=atlas
[LAZARUS-POLLER 2026-06-06T23:18:24.272Z] Received 95 unread message(s). Latest from=atlas
[LAZARUS-POLLER 2026-06-06T23:18:26.275Z] Received 95 unread message(s). Latest from=atlas
[LAZARUS-POLLER 2026-06-06T23:18:28.277Z] Received 95 unread message(s). Latest from=atlas
[LAZARUS-POLLER 2026-06-06T23:18:30.279Z] Received 95 unread message(s). Latest from=atlas
[LAZARUS-POLLER 2026-06-06T23:18:32.281Z] Received 95 unread message(s). Latest from=atlas
[LAZARUS-POLLER 2026-06-06T23:18:34.284Z] Received 95 unread message(s). Latest from=atlas
[LAZARUS-POLLER 2026-06-06T23:18:36.288Z] Buffered 55 message(s) to wakeup file
[LAZARUS-POLLER 2026-06-06T23:18:36.288Z] Received 95 unread message(s). Latest from=molly
[LAZARUS-POLLER 2026-06-06T23:18:38.291Z] Buffered 55 message(s) to wakeup file
[LAZARUS-POLLER 2026-06-06T23:18:38.291Z] Received 95 unread message(s). Latest from=atlas
[LAZARUS-POLLER 2026-06-06T23:18:40.293Z] Received 95 unread message(s). Latest from=atlas
[LAZARUS-POLLER 2026-06-06T23:18:42.295Z] Received 95 unread message(s). Latest from=atlas
[LAZARUS-POLLER 2026-06-06T23:18:44.297Z] Received 95 unread message(s). Latest from=atlas
[LAZARUS-POLLER 2026-06-06T23:18:46.300Z] Received 95 unread message(s). Latest from=atlas
[LAZARUS-POLLER 2026-06-06T23:18:48.304Z] Received 95 unread message(s). Latest from=atlas
[LAZARUS-POLLER 2026-06-06T23:18:50.307Z] Received 95 unread message(s). Latest from=atlas
[LAZARUS-POLLER 2026-06-06T23:18:52.311Z] Received 95 unread message(s). Latest from=atlas
[LAZARUS-POLLER 2026-06-06T23:18:54.314Z] Received 95 unread message(s). Latest from=atlas
[LAZARUS-POLLER 2026-06-06T23:18:56.317Z] Received 95 unread message(s). Latest from=atlas
[LAZARUS-POLLER 2026-06-06T23:18:58.320Z] Received 95 unread message(s). Latest from=atlas
[LAZARUS-POLLER 2026-06-06T23:19:00.322Z] Received 95 unread message(s). Latest from=atlas
[LAZARUS-POLLER 2026-06-06T23:19:02.326Z] Received 95 unread message(s). Latest from=atlas
[LAZARUS-POLLER 2026-06-06T23:19:04.328Z] Received 95 unread message(s). Latest from=atlas
[LAZARUS-POLLER 2026-06-06T23:19:06.331Z] Received 95 unread message(s). Latest from=atlas
[LAZARUS-POLLER 2026-06-06T23:19:08.335Z] Received 95 unread message(s). Latest from=atlas
[LAZARUS-POLLER 2026-06-06T23:19:10.337Z] Received 95 unread message(s). Latest from=atlas
[LAZARUS-POLLER 2026-06-06T23:19:12.341Z] Received 95 unread message(s). Latest from=atlas
[LAZARUS-POLLER 2026-06-06T23:19:14.343Z] Received 95 unread message(s). Latest from=atlas
[LAZARUS-POLLER 2026-06-06T23:19:16.346Z] Received 95 unread message(s). Latest from=atlas
[LAZARUS-POLLER 2026-06-06T23:19:18.349Z] Received 95 unread message(s). Latest from=atlas
[LAZARUS-POLLER 2026-06-06T23:19:20.352Z] Received 95 unread message(s). Latest from=atlas
[LAZARUS-POLLER 2026-06-06T23:19:22.354Z] Received 95 unread message(s). Latest from=atlas
[LAZARUS-POLLER 2026-06-06T23:19:24.356Z] Received 95 unread message(s). Latest from=atlas
[LAZARUS-POLLER 2026-06-06T23:19:26.360Z] Received 95 unread message(s). Latest from=atlas
[LAZARUS-POLLER 2026-06-06T23:19:28.363Z] Buffered 55 message(s) to wakeup file
[LAZARUS-POLLER 2026-06-06T23:19:28.363Z] Received 95 unread message(s). Latest from=atlas
[LAZARUS-POLLER 2026-06-06T23:19:30.365Z] Received 95 unread message(s). Latest from=atlas
[LAZARUS-POLLER 2026-06-06T23:19:32.369Z] Received 95 unread message(s). Latest from=atlas
[LAZARUS-POLLER 2026-06-06T23:19:34.371Z] Received 95 unread message(s). Latest from=atlas
[LAZARUS-POLLER 2026-06-06T23:19:36.375Z] Received 95 unread message(s). Latest from=atlas
[LAZARUS-POLLER 2026-06-06T23:19:38.378Z] Received 95 unread message(s). Latest from=atlas
[LAZARUS-POLLER 2026-06-06T23:19:40.381Z] Received 95 unread message(s). Latest from=atlas
[LAZARUS-POLLER 2026-06-06T23:19:42.383Z] Received 95 unread message(s). Latest from=atlas
[LAZARUS-POLLER 2026-06-06T23:19:44.387Z] Received 95 unread message(s). Latest from=atlas
[LAZARUS-POLLER 2026-06-06T23:19:46.389Z] Received 95 unread message(s). Latest from=atlas
[LAZARUS-POLLER 2026-06-06T23:19:48.393Z] Received 95 unread message(s). Latest from=atlas
[LAZARUS-POLLER 2026-06-06T23:19:50.396Z] Received 95 unread message(s). Latest from=atlas
[LAZARUS-POLLER 2026-06-06T23:19:52.399Z] Buffered 55 message(s) to wakeup file
[LAZARUS-POLLER 2026-06-06T23:19:52.399Z] Received 95 unread message(s). Latest from=eric
[LAZARUS-POLLER 2026-06-06T23:19:54.402Z] Buffered 55 message(s) to wakeup file
[LAZARUS-POLLER 2026-06-06T23:19:54.402Z] Received 95 unread message(s). Latest from=atlas
[LAZARUS-POLLER 2026-06-06T23:19:56.404Z] Received 95 unread message(s). Latest from=atlas
[LAZARUS-POLLER 2026-06-06T23:19:58.409Z] Received 95 unread message(s). Latest from=atlas
[LAZARUS-POLLER 2026-06-06T23:20:00.412Z] Received 95 unread message(s). Latest from=atlas
[LAZARUS-POLLER 2026-06-06T23:20:02.414Z] Received 95 unread message(s). Latest from=atlas
[LAZARUS-POLLER 2026-06-06T23:20:04.417Z] Received 95 unread message(s). Latest from=atlas
[LAZARUS-POLLER 2026-06-06T23:20:06.421Z] Received 95 unread message(s). Latest from=atlas
[LAZARUS-POLLER 2026-06-06T23:20:08.424Z] Received 95 unread message(s). Latest from=atlas
[LAZARUS-POLLER 2026-06-06T23:20:10.426Z] Received 95 unread message(s). Latest from=atlas
[LAZARUS-POLLER 2026-06-06T23:20:12.429Z] Received 95 unread message(s). Latest from=atlas
[LAZARUS-POLLER 2026-06-06T23:20:14.432Z] Received 95 unread message(s). Latest from=atlas
[LAZARUS-POLLER 2026-06-06T23:20:16.434Z] Received 95 unread message(s). Latest from=atlas
[LAZARUS-POLLER 2026-06-06T23:20:18.437Z] Received 95 unread message(s). Latest from=atlas
[LAZARUS-POLLER 2026-06-06T23:20:20.440Z] Received 95 unread message(s). Latest from=atlas
[LAZARUS-POLLER 2026-06-06T23:20:22.443Z] Buffered 55 message(s) to wakeup file
[LAZARUS-POLLER 2026-06-06T23:20:22.443Z] Received 95 unread message(s). Latest from=eric
[LAZARUS-POLLER 2026-06-06T23:20:24.446Z] Buffered 55 message(s) to wakeup file
[LAZARUS-POLLER 2026-06-06T23:20:24.446Z] Received 95 unread message(s). Latest from=atlas
[LAZARUS-POLLER 2026-06-06T23:20:26.447Z] Received 95 unread message(s). Latest from=atlas
[LAZARUS-POLLER 2026-06-06T23:20:28.451Z] Received 95 unread message(s). Latest from=atlas
[LAZARUS-POLLER 2026-06-06T23:20:30.455Z] Received 95 unread message(s). Latest from=atlas
[LAZARUS-POLLER 2026-06-06T23:20:32.457Z] Received 95 unread message(s). Latest from=atlas
[LAZARUS-POLLER 2026-06-06T23:20:34.460Z] Received 95 unread message(s). Latest from=atlas
[LAZARUS-POLLER 2026-06-06T23:20:36.463Z] Received 95 unread message(s). Latest from=atlas
[LAZARUS-POLLER 2026-06-06T23:20:38.466Z] Received 95 unread message(s). Latest from=atlas
[LAZARUS-POLLER 2026-06-06T23:20:40.469Z] Received 95 unread message(s). Latest from=atlas
[LAZARUS-POLLER 2026-06-06T23:20:42.472Z] Received 95 unread message(s). Latest from=atlas
[LAZARUS-POLLER 2026-06-06T23:20:44.475Z] Received 95 unread message(s). Latest from=atlas
[LAZARUS-POLLER 2026-06-06T23:20:46.477Z] Received 95 unread message(s). Latest from=atlas
[LAZARUS-POLLER 2026-06-06T23:20:48.479Z] Received 95 unread message(s). Latest from=atlas
[LAZARUS-POLLER 2026-06-06T23:20:50.481Z] Received 95 unread message(s). Latest from=atlas
[LAZARUS-POLLER 2026-06-06T23:20:52.483Z] Received 95 unread message(s). Latest from=atlas
[LAZARUS-POLLER 2026-06-06T23:20:54.486Z] Received 95 unread message(s). Latest from=atlas
[LAZARUS-POLLER 2026-06-06T23:20:56.488Z] Received 95 unread message(s). Latest from=atlas
[LAZARUS-POLLER 2026-06-06T23:20:58.491Z] Received 95 unread message(s). Latest from=atlas
[LAZARUS-POLLER 2026-06-06T23:21:00.495Z] Received 95 unread message(s). Latest from=atlas
[LAZARUS-POLLER 2026-06-06T23:21:02.498Z] Received 95 unread message(s). Latest from=atlas
[LAZARUS-POLLER 2026-06-06T23:21:04.501Z] Received 95 unread message(s). Latest from=atlas
[LAZARUS-POLLER 2026-06-06T23:21:06.503Z] Received 95 unread message(s). Latest from=atlas
[LAZARUS-POLLER 2026-06-06T23:21:08.506Z] Received 95 unread message(s). Latest from=atlas
[LAZARUS-POLLER 2026-06-06T23:21:10.509Z] Received 95 unread message(s). Latest from=atlas
[LAZARUS-POLLER 2026-06-06T23:21:12.513Z] Received 95 unread message(s). Latest from=atlas
[LAZARUS-POLLER 2026-06-06T23:21:14.516Z] Received 95 unread message(s). Latest from=atlas
[LAZARUS-POLLER 2026-06-06T23:21:16.519Z] Received 95 unread message(s). Latest from=atlas
[LAZARUS-POLLER 2026-06-06T23:21:18.522Z] Received 95 unread message(s). Latest from=atlas
[LAZARUS-POLLER 2026-06-06T23:21:20.525Z] Received 95 unread message(s). Latest from=atlas
[LAZARUS-POLLER 2026-06-06T23:21:22.528Z] Received 95 unread message(s). Latest from=atlas
[LAZARUS-POLLER 2026-06-06T23:21:24.531Z] Received 95 unread message(s). Latest from=atlas
[LAZARUS-POLLER 2026-06-06T23:21:26.534Z] Received 95 unread message(s). Latest from=atlas
[LAZARUS-POLLER 2026-06-06T23:21:28.542Z] Received 95 unread message(s). Latest from=atlas
[LAZARUS-POLLER 2026-06-06T23:21:30.545Z] Received 95 unread message(s). Latest from=atlas
[LAZARUS-POLLER 2026-06-06T23:21:32.548Z] Received 95 unread message(s). Latest from=atlas
[LAZARUS-POLLER 2026-06-06T23:21:34.551Z] Received 95 unread message(s). Latest from=atlas
[LAZARUS-POLLER 2026-06-06T23:21:36.553Z] Received 95 unread message(s). Latest from=atlas
[LAZARUS-POLLER 2026-06-06T23:21:38.557Z] Received 95 unread message(s). Latest from=atlas
[LAZARUS-POLLER 2026-06-06T23:21:40.559Z] Received 95 unread message(s). Latest from=atlas
[LAZARUS-POLLER 2026-06-06T23:21:42.561Z] Received 95 unread message(s). Latest from=atlas
[LAZARUS-POLLER 2026-06-06T23:21:44.563Z] Received 95 unread message(s). Latest from=atlas
[LAZARUS-POLLER 2026-06-06T23:21:46.567Z] Received 95 unread message(s). Latest from=atlas
[LAZARUS-POLLER 2026-06-06T23:21:48.570Z] Received 95 unread message(s). Latest from=atlas
[LAZARUS-POLLER 2026-06-06T23:21:50.573Z] Received 95 unread message(s). Latest from=atlas
[LAZARUS-POLLER 2026-06-06T23:21:52.575Z] Buffered 1 message(s) to wakeup file
[LAZARUS-POLLER 2026-06-06T23:21:52.575Z] Received 96 unread message(s). Latest from=molly
[LAZARUS-POLLER 2026-06-06T23:21:54.578Z] Buffered 55 message(s) to wakeup file
[LAZARUS-POLLER 2026-06-06T23:21:54.578Z] Received 95 unread message(s). Latest from=atlas
[LAZARUS-POLLER 2026-06-06T23:21:56.580Z] Received 95 unread message(s). Latest from=atlas
[LAZARUS-POLLER 2026-06-06T23:21:58.582Z] Received 95 unread message(s). Latest from=atlas
[LAZARUS-POLLER 2026-06-06T23:22:00.585Z] Received 95 unread message(s). Latest from=atlas
[LAZARUS-POLLER 2026-06-06T23:22:02.588Z] Received 95 unread message(s). Latest from=atlas
[LAZARUS-POLLER 2026-06-06T23:22:04.591Z] Buffered 55 message(s) to wakeup file
[LAZARUS-POLLER 2026-06-06T23:22:04.591Z] Received 95 unread message(s). Latest from=atlas
[LAZARUS-POLLER 2026-06-06T23:22:06.595Z] Received 95 unread message(s). Latest from=atlas
[LAZARUS-POLLER 2026-06-06T23:22:08.597Z] Received 95 unread message(s). Latest from=atlas
[LAZARUS-POLLER 2026-06-06T23:22:10.599Z] Received 95 unread message(s). Latest from=atlas
[LAZARUS-POLLER 2026-06-06T23:22:12.601Z] Received 95 unread message(s). Latest from=atlas
[LAZARUS-POLLER 2026-06-06T23:22:14.606Z] Received 95 unread message(s). Latest from=atlas
[LAZARUS-POLLER 2026-06-06T23:22:16.608Z] Received 95 unread message(s). Latest from=atlas
[LAZARUS-POLLER 2026-06-06T23:22:18.612Z] Received 95 unread message(s). Latest from=atlas
[LAZARUS-POLLER 2026-06-06T23:22:20.614Z] Received 95 unread message(s). Latest from=atlas
[LAZARUS-POLLER 2026-06-06T23:22:22.617Z] Received 95 unread message(s). Latest from=atlas
[LAZARUS-POLLER 2026-06-06T23:22:24.620Z] Received 95 unread message(s). Latest from=atlas
[LAZARUS-POLLER 2026-06-06T23:22:26.623Z] Received 95 unread message(s). Latest from=atlas
[LAZARUS-POLLER 2026-06-06T23:23:04.663Z] Received 1 unread message(s). Latest from=atlas
[LAZARUS-POLLER 2026-06-06T23:23:06.667Z] Received 1 unread message(s). Latest from=atlas
[LAZARUS-POLLER 2026-06-06T23:23:08.669Z] Received 1 unread message(s). Latest from=atlas
[LAZARUS-POLLER 2026-06-06T23:23:10.671Z] Received 1 unread message(s). Latest from=atlas
[LAZARUS-POLLER 2026-06-06T23:23:12.673Z] Received 1 unread message(s). Latest from=atlas
[LAZARUS-POLLER 2026-06-06T23:23:14.675Z] Received 1 unread message(s). Latest from=atlas
[LAZARUS-POLLER 2026-06-06T23:23:16.676Z] Received 1 unread message(s). Latest from=atlas
[LAZARUS-POLLER 2026-06-06T23:23:18.678Z] Received 1 unread message(s). Latest from=atlas
[LAZARUS-POLLER 2026-06-06T23:23:20.680Z] Received 1 unread message(s). Latest from=atlas
[LAZARUS-POLLER 2026-06-06T23:23:22.682Z] Received 1 unread message(s). Latest from=atlas
[LAZARUS-POLLER 2026-06-06T23:23:24.683Z] Received 1 unread message(s). Latest from=atlas
[LAZARUS-POLLER 2026-06-06T23:23:26.687Z] Received 1 unread message(s). Latest from=atlas
[LAZARUS-POLLER 2026-06-06T23:23:28.688Z] Received 1 unread message(s). Latest from=atlas
[LAZARUS-POLLER 2026-06-06T23:23:30.689Z] Received 1 unread message(s). Latest from=atlas
[LAZARUS-POLLER 2026-06-06T23:23:32.692Z] Received 1 unread message(s). Latest from=atlas
[LAZARUS-POLLER 2026-06-06T23:23:34.695Z] Received 1 unread message(s). Latest from=atlas
[LAZARUS-POLLER 2026-06-06T23:23:36.696Z] Received 1 unread message(s). Latest from=atlas
[LAZARUS-POLLER 2026-06-06T23:23:38.698Z] Received 1 unread message(s). Latest from=atlas
[LAZARUS-POLLER 2026-06-06T23:23:40.700Z] Received 1 unread message(s). Latest from=atlas
[LAZARUS-POLLER 2026-06-06T23:23:42.702Z] Received 1 unread message(s). Latest from=atlas
[LAZARUS-POLLER 2026-06-06T23:23:44.704Z] Received 1 unread message(s). Latest from=atlas
[LAZARUS-POLLER 2026-06-06T23:23:46.708Z] Received 1 unread message(s). Latest from=atlas
[LAZARUS-POLLER 2026-06-06T23:23:48.710Z] Received 1 unread message(s). Latest from=atlas
[LAZARUS-POLLER 2026-06-06T23:23:50.712Z] Received 1 unread message(s). Latest from=atlas
[LAZARUS-POLLER 2026-06-06T23:23:52.716Z] Received 1 unread message(s). Latest from=atlas
[LAZARUS-POLLER 2026-06-06T23:23:54.719Z] Buffered 1 message(s) to wakeup file
[LAZARUS-POLLER 2026-06-06T23:23:54.719Z] Received 2 unread message(s). Latest from=molly
[LAZARUS-POLLER 2026-06-06T23:23:56.721Z] Received 2 unread message(s). Latest from=molly
[LAZARUS-POLLER 2026-06-06T23:23:58.724Z] Received 3 unread message(s). Latest from=atlas
[LAZARUS-POLLER 2026-06-06T23:24:00.726Z] Received 3 unread message(s). Latest from=atlas
[LAZARUS-POLLER 2026-06-06T23:24:02.729Z] Received 3 unread message(s). Latest from=atlas
[LAZARUS-POLLER 2026-06-06T23:24:04.731Z] Received 3 unread message(s). Latest from=atlas
[LAZARUS-POLLER 2026-06-06T23:24:06.734Z] Received 3 unread message(s). Latest from=atlas
[LAZARUS-POLLER 2026-06-06T23:24:08.736Z] Received 3 unread message(s). Latest from=atlas
[LAZARUS-POLLER 2026-06-06T23:24:10.738Z] Received 3 unread message(s). Latest from=atlas
[LAZARUS-POLLER 2026-06-06T23:24:12.742Z] Received 3 unread message(s). Latest from=atlas
[LAZARUS-POLLER 2026-06-06T23:24:14.745Z] Received 3 unread message(s). Latest from=atlas
[LAZARUS-POLLER 2026-06-06T23:24:16.747Z] Received 3 unread message(s). Latest from=atlas
[LAZARUS-POLLER 2026-06-06T23:24:18.748Z] Received 3 unread message(s). Latest from=atlas
[LAZARUS-POLLER 2026-06-06T23:24:20.750Z] Received 3 unread message(s). Latest from=atlas
[LAZARUS-POLLER 2026-06-06T23:24:22.754Z] Received 3 unread message(s). Latest from=atlas
[LAZARUS-POLLER 2026-06-06T23:24:24.756Z] Received 3 unread message(s). Latest from=atlas
[LAZARUS-POLLER 2026-06-06T23:24:26.759Z] Received 3 unread message(s). Latest from=atlas
[LAZARUS-POLLER 2026-06-06T23:24:28.761Z] Received 4 unread message(s). Latest from=atlas
[LAZARUS-POLLER 2026-06-06T23:24:30.763Z] Received 4 unread message(s). Latest from=atlas
[LAZARUS-POLLER 2026-06-06T23:24:32.766Z] Received 4 unread message(s). Latest from=atlas
[LAZARUS-POLLER 2026-06-06T23:24:34.768Z] Received 4 unread message(s). Latest from=atlas
[LAZARUS-POLLER 2026-06-06T23:24:36.769Z] Received 4 unread message(s). Latest from=atlas
[LAZARUS-POLLER 2026-06-06T23:24:38.771Z] Received 4 unread message(s). Latest from=atlas
[LAZARUS-POLLER 2026-06-06T23:24:40.773Z] Received 4 unread message(s). Latest from=atlas
[LAZARUS-POLLER 2026-06-06T23:24:42.776Z] Received 4 unread message(s). Latest from=atlas
[LAZARUS-POLLER 2026-06-06T23:24:44.778Z] Received 4 unread message(s). Latest from=atlas
[LAZARUS-POLLER 2026-06-06T23:24:46.780Z] Received 4 unread message(s). Latest from=atlas
[LAZARUS-POLLER 2026-06-06T23:24:48.782Z] Received 4 unread message(s). Latest from=atlas
[LAZARUS-POLLER 2026-06-06T23:24:50.784Z] Received 4 unread message(s). Latest from=atlas
[LAZARUS-POLLER 2026-06-06T23:24:52.787Z] Received 4 unread message(s). Latest from=atlas
[LAZARUS-POLLER 2026-06-06T23:24:54.789Z] Received 4 unread message(s). Latest from=atlas
[LAZARUS-POLLER 2026-06-06T23:24:56.791Z] Received 4 unread message(s). Latest from=atlas
[LAZARUS-POLLER 2026-06-06T23:24:58.793Z] Received 4 unread message(s). Latest from=atlas
[LAZARUS-POLLER 2026-06-06T23:25:00.796Z] Received 4 unread message(s). Latest from=atlas
[LAZARUS-POLLER 2026-06-06T23:25:02.799Z] Received 5 unread message(s). Latest from=eric
[LAZARUS-POLLER 2026-06-06T23:25:04.801Z] Received 6 unread message(s). Latest from=atlas
[LAZARUS-POLLER 2026-06-06T23:25:06.803Z] Received 6 unread message(s). Latest from=atlas
[LAZARUS-POLLER 2026-06-06T23:25:08.805Z] Received 6 unread message(s). Latest from=atlas
[LAZARUS-POLLER 2026-06-06T23:25:10.807Z] Received 6 unread message(s). Latest from=atlas
[LAZARUS-POLLER 2026-06-06T23:25:12.810Z] Received 6 unread message(s). Latest from=atlas
[LAZARUS-POLLER 2026-06-06T23:25:14.812Z] Received 6 unread message(s). Latest from=atlas
[LAZARUS-POLLER 2026-06-06T23:25:16.816Z] Received 6 unread message(s). Latest from=atlas
[LAZARUS-POLLER 2026-06-06T23:25:18.818Z] Received 6 unread message(s). Latest from=atlas
[LAZARUS-POLLER 2026-06-06T23:25:20.821Z] Received 6 unread message(s). Latest from=atlas
[LAZARUS-POLLER 2026-06-06T23:25:22.824Z] Received 6 unread message(s). Latest from=atlas
[LAZARUS-POLLER 2026-06-06T23:25:24.826Z] Received 6 unread message(s). Latest from=atlas
[LAZARUS-POLLER 2026-06-06T23:25:26.828Z] Received 6 unread message(s). Latest from=atlas
[LAZARUS-POLLER 2026-06-06T23:25:28.831Z] Received 6 unread message(s). Latest from=atlas
[LAZARUS-POLLER 2026-06-06T23:25:30.833Z] Received 6 unread message(s). Latest from=atlas
[LAZARUS-POLLER 2026-06-06T23:25:32.835Z] Received 6 unread message(s). Latest from=atlas
[LAZARUS-POLLER 2026-06-06T23:25:34.837Z] Received 6 unread message(s). Latest from=atlas
[LAZARUS-POLLER 2026-06-06T23:25:36.841Z] Received 8 unread message(s). Latest from=molly
[LAZARUS-POLLER 2026-06-06T23:25:38.843Z] Received 10 unread message(s). Latest from=atlas
[LAZARUS-POLLER 2026-06-06T23:25:40.844Z] Received 11 unread message(s). Latest from=molly
[LAZARUS-POLLER 2026-06-06T23:25:42.846Z] Received 11 unread message(s). Latest from=molly
[LAZARUS-POLLER 2026-06-06T23:25:44.848Z] Received 12 unread message(s). Latest from=atlas
[LAZARUS-POLLER 2026-06-06T23:25:46.851Z] Received 12 unread message(s). Latest from=atlas
[LAZARUS-POLLER 2026-06-06T23:25:48.854Z] Received 12 unread message(s). Latest from=atlas
[LAZARUS-POLLER 2026-06-06T23:25:50.856Z] Received 12 unread message(s). Latest from=atlas
[LAZARUS-POLLER 2026-06-06T23:25:52.858Z] Buffered 1 message(s) to wakeup file
[LAZARUS-POLLER 2026-06-06T23:25:52.859Z] Received 13 unread message(s). Latest from=molly
[LAZARUS-POLLER 2026-06-06T23:25:54.861Z] Received 14 unread message(s). Latest from=atlas
[LAZARUS-POLLER 2026-06-06T23:25:56.864Z] Received 14 unread message(s). Latest from=atlas
[LAZARUS-POLLER 2026-06-06T23:25:58.866Z] Received 14 unread message(s). Latest from=atlas
[LAZARUS-POLLER 2026-06-06T23:26:00.868Z] Received 14 unread message(s). Latest from=atlas
[LAZARUS-POLLER 2026-06-06T23:26:02.872Z] Received 14 unread message(s). Latest from=atlas
[LAZARUS-POLLER 2026-06-06T23:26:04.874Z] Received 14 unread message(s). Latest from=atlas
[LAZARUS-POLLER 2026-06-06T23:26:06.876Z] Received 14 unread message(s). Latest from=atlas
[LAZARUS-POLLER 2026-06-06T23:26:08.879Z] Received 14 unread message(s). Latest from=atlas
[LAZARUS-POLLER 2026-06-06T23:26:10.882Z] Received 14 unread message(s). Latest from=atlas
[LAZARUS-POLLER 2026-06-06T23:26:12.885Z] Received 14 unread message(s). Latest from=atlas
[LAZARUS-POLLER 2026-06-06T23:26:14.886Z] Received 14 unread message(s). Latest from=atlas
[LAZARUS-POLLER 2026-06-06T23:26:16.890Z] Received 14 unread message(s). Latest from=atlas
[LAZARUS-POLLER 2026-06-06T23:26:18.892Z] Received 14 unread message(s). Latest from=atlas
[LAZARUS-POLLER 2026-06-06T23:26:20.894Z] Received 14 unread message(s). Latest from=atlas
[LAZARUS-POLLER 2026-06-06T23:26:22.897Z] Received 14 unread message(s). Latest from=atlas
[LAZARUS-POLLER 2026-06-06T23:26:24.899Z] Received 14 unread message(s). Latest from=atlas
[LAZARUS-POLLER 2026-06-06T23:26:26.902Z] Received 14 unread message(s). Latest from=atlas
[LAZARUS-POLLER 2026-06-06T23:26:28.904Z] Received 14 unread message(s). Latest from=atlas
[LAZARUS-POLLER 2026-06-06T23:26:30.906Z] Received 14 unread message(s). Latest from=atlas
[LAZARUS-POLLER 2026-06-06T23:26:32.910Z] Received 14 unread message(s). Latest from=atlas
[LAZARUS-POLLER 2026-06-06T23:26:34.912Z] Received 14 unread message(s). Latest from=atlas
[LAZARUS-POLLER 2026-06-06T23:26:36.915Z] Received 14 unread message(s). Latest from=atlas
[LAZARUS-POLLER 2026-06-06T23:26:38.917Z] Received 14 unread message(s). Latest from=atlas
[LAZARUS-POLLER 2026-06-06T23:26:40.918Z] Received 14 unread message(s). Latest from=atlas
[LAZARUS-POLLER 2026-06-06T23:26:42.921Z] Received 14 unread message(s). Latest from=atlas
[LAZARUS-POLLER 2026-06-06T23:26:44.922Z] Received 14 unread message(s). Latest from=atlas
[LAZARUS-POLLER 2026-06-06T23:26:46.924Z] Received 14 unread message(s). Latest from=atlas
[LAZARUS-POLLER 2026-06-06T23:26:48.927Z] Received 14 unread message(s). Latest from=atlas
[LAZARUS-POLLER 2026-06-06T23:26:50.930Z] Received 14 unread message(s). Latest from=atlas
[LAZARUS-POLLER 2026-06-06T23:26:52.932Z] Received 14 unread message(s). Latest from=atlas
[LAZARUS-POLLER 2026-06-06T23:26:54.936Z] Received 14 unread message(s). Latest from=atlas
[LAZARUS-POLLER 2026-06-06T23:26:56.939Z] Received 14 unread message(s). Latest from=atlas
[LAZARUS-POLLER 2026-06-06T23:26:58.940Z] Received 14 unread message(s). Latest from=atlas
[LAZARUS-POLLER 2026-06-06T23:27:00.942Z] Received 14 unread message(s). Latest from=atlas
[LAZARUS-POLLER 2026-06-06T23:27:02.944Z] Received 15 unread message(s). Latest from=molly
[LAZARUS-POLLER 2026-06-06T23:27:04.947Z] Received 17 unread message(s). Latest from=atlas
[LAZARUS-POLLER 2026-06-06T23:27:06.949Z] Received 18 unread message(s). Latest from=molly
[LAZARUS-POLLER 2026-06-06T23:27:08.952Z] Received 21 unread message(s). Latest from=molly
[LAZARUS-POLLER 2026-06-06T23:27:10.954Z] Received 21 unread message(s). Latest from=molly
[LAZARUS-POLLER 2026-06-06T23:27:12.956Z] Received 22 unread message(s). Latest from=molly
[LAZARUS-POLLER 2026-06-06T23:27:14.960Z] Received 25 unread message(s). Latest from=atlas
[LAZARUS-POLLER 2026-06-06T23:27:16.961Z] Received 25 unread message(s). Latest from=atlas
[LAZARUS-POLLER 2026-06-06T23:27:18.963Z] Received 25 unread message(s). Latest from=atlas
[LAZARUS-POLLER 2026-06-06T23:27:20.965Z] Received 25 unread message(s). Latest from=atlas
[LAZARUS-POLLER 2026-06-06T23:27:22.968Z] Received 25 unread message(s). Latest from=atlas
[LAZARUS-POLLER 2026-06-06T23:27:24.971Z] Received 25 unread message(s). Latest from=atlas
[LAZARUS-POLLER 2026-06-06T23:27:26.973Z] Received 25 unread message(s). Latest from=atlas
[LAZARUS-POLLER 2026-06-06T23:27:28.975Z] Received 25 unread message(s). Latest from=atlas
[LAZARUS-POLLER 2026-06-06T23:27:30.977Z] Received 25 unread message(s). Latest from=atlas
[LAZARUS-POLLER 2026-06-06T23:27:32.980Z] Received 25 unread message(s). Latest from=atlas
[LAZARUS-POLLER 2026-06-06T23:27:34.983Z] Received 25 unread message(s). Latest from=atlas
[LAZARUS-POLLER 2026-06-06T23:27:36.986Z] Received 25 unread message(s). Latest from=atlas
[LAZARUS-POLLER 2026-06-06T23:27:38.988Z] Received 25 unread message(s). Latest from=atlas
[LAZARUS-POLLER 2026-06-06T23:27:40.991Z] Received 25 unread message(s). Latest from=atlas
[LAZARUS-POLLER 2026-06-06T23:27:42.992Z] Received 25 unread message(s). Latest from=atlas
[LAZARUS-POLLER 2026-06-06T23:27:44.995Z] Received 25 unread message(s). Latest from=atlas
[LAZARUS-POLLER 2026-06-06T23:27:46.997Z] Received 25 unread message(s). Latest from=atlas
[LAZARUS-POLLER 2026-06-06T23:27:48.999Z] Received 25 unread message(s). Latest from=atlas
[LAZARUS-POLLER 2026-06-06T23:27:51.000Z] Received 25 unread message(s). Latest from=atlas
[LAZARUS-POLLER 2026-06-06T23:27:53.004Z] Buffered 1 message(s) to wakeup file
[LAZARUS-POLLER 2026-06-06T23:27:53.004Z] Received 26 unread message(s). Latest from=molly
[LAZARUS-POLLER 2026-06-06T23:27:55.007Z] Received 27 unread message(s). Latest from=atlas
[LAZARUS-POLLER 2026-06-06T23:27:57.009Z] Received 27 unread message(s). Latest from=atlas
[LAZARUS-POLLER 2026-06-06T23:27:59.013Z] Received 27 unread message(s). Latest from=atlas
[LAZARUS-POLLER 2026-06-06T23:28:01.015Z] Received 27 unread message(s). Latest from=atlas
[LAZARUS-POLLER 2026-06-06T23:28:03.017Z] Received 27 unread message(s). Latest from=atlas
[LAZARUS-POLLER 2026-06-06T23:28:05.020Z] Received 27 unread message(s). Latest from=atlas
[LAZARUS-POLLER 2026-06-06T23:28:07.023Z] Received 27 unread message(s). Latest from=atlas
[LAZARUS-POLLER 2026-06-06T23:28:09.025Z] Received 27 unread message(s). Latest from=atlas
[LAZARUS-POLLER 2026-06-06T23:28:11.028Z] Received 27 unread message(s). Latest from=atlas
[LAZARUS-POLLER 2026-06-06T23:28:13.031Z] Received 27 unread message(s). Latest from=atlas
[LAZARUS-POLLER 2026-06-06T23:28:15.033Z] Received 27 unread message(s). Latest from=atlas
[LAZARUS-POLLER 2026-06-06T23:28:17.035Z] Received 27 unread message(s). Latest from=atlas
[LAZARUS-POLLER 2026-06-06T23:28:19.037Z] Received 27 unread message(s). Latest from=atlas
[LAZARUS-POLLER 2026-06-06T23:28:21.039Z] Received 27 unread message(s). Latest from=atlas
[LAZARUS-POLLER 2026-06-06T23:28:23.042Z] Received 27 unread message(s). Latest from=atlas
[LAZARUS-POLLER 2026-06-06T23:28:25.043Z] Received 27 unread message(s). Latest from=atlas
[LAZARUS-POLLER 2026-06-06T23:28:27.046Z] Received 27 unread message(s). Latest from=atlas
[LAZARUS-POLLER 2026-06-06T23:28:29.048Z] Received 27 unread message(s). Latest from=atlas
[LAZARUS-POLLER 2026-06-06T23:28:31.050Z] Received 27 unread message(s). Latest from=atlas
[LAZARUS-POLLER 2026-06-06T23:28:33.052Z] Received 27 unread message(s). Latest from=atlas
[LAZARUS-POLLER 2026-06-06T23:28:35.055Z] Received 27 unread message(s). Latest from=atlas
[LAZARUS-POLLER 2026-06-06T23:28:37.057Z] Received 27 unread message(s). Latest from=atlas
[LAZARUS-POLLER 2026-06-06T23:28:39.059Z] Received 27 unread message(s). Latest from=atlas
[LAZARUS-POLLER 2026-06-06T23:28:41.061Z] Received 27 unread message(s). Latest from=atlas
[LAZARUS-POLLER 2026-06-06T23:28:43.064Z] Received 27 unread message(s). Latest from=atlas
[LAZARUS-POLLER 2026-06-06T23:28:45.066Z] Received 27 unread message(s). Latest from=atlas
[LAZARUS-POLLER 2026-06-06T23:28:47.068Z] Received 27 unread message(s). Latest from=atlas
[LAZARUS-POLLER 2026-06-06T23:28:49.069Z] Received 27 unread message(s). Latest from=atlas
[LAZARUS-POLLER 2026-06-06T23:28:51.072Z] Received 27 unread message(s). Latest from=atlas
[LAZARUS-POLLER 2026-06-06T23:28:53.074Z] Received 27 unread message(s). Latest from=atlas
[LAZARUS-POLLER 2026-06-06T23:28:55.076Z] Received 27 unread message(s). Latest from=atlas
[LAZARUS-POLLER 2026-06-06T23:28:57.078Z] Received 27 unread message(s). Latest from=atlas
[LAZARUS-POLLER 2026-06-06T23:28:59.080Z] Received 27 unread message(s). Latest from=atlas
[LAZARUS-POLLER 2026-06-06T23:29:01.082Z] Received 27 unread message(s). Latest from=atlas
[LAZARUS-POLLER 2026-06-06T23:29:03.085Z] Received 27 unread message(s). Latest from=atlas
[LAZARUS-POLLER 2026-06-06T23:29:05.087Z] Received 27 unread message(s). Latest from=atlas
[LAZARUS-POLLER 2026-06-06T23:29:07.090Z] Received 27 unread message(s). Latest from=atlas
[LAZARUS-POLLER 2026-06-06T23:29:09.093Z] Received 27 unread message(s). Latest from=atlas
[LAZARUS-POLLER 2026-06-06T23:29:11.095Z] Received 27 unread message(s). Latest from=atlas
[LAZARUS-POLLER 2026-06-06T23:29:13.098Z] Received 27 unread message(s). Latest from=atlas
[LAZARUS-POLLER 2026-06-06T23:29:15.100Z] Received 27 unread message(s). Latest from=atlas
[LAZARUS-POLLER 2026-06-06T23:29:17.102Z] Received 27 unread message(s). Latest from=atlas
[LAZARUS-POLLER 2026-06-06T23:29:19.104Z] Received 27 unread message(s). Latest from=atlas
[LAZARUS-POLLER 2026-06-06T23:29:21.106Z] Received 27 unread message(s). Latest from=atlas
[LAZARUS-POLLER 2026-06-06T23:29:23.109Z] Received 27 unread message(s). Latest from=atlas
[LAZARUS-POLLER 2026-06-06T23:29:25.112Z] Received 27 unread message(s). Latest from=atlas
[LAZARUS-POLLER 2026-06-06T23:29:27.114Z] Received 27 unread message(s). Latest from=atlas
[LAZARUS-POLLER 2026-06-06T23:29:29.116Z] Received 28 unread message(s). Latest from=atlas
[LAZARUS-POLLER 2026-06-06T23:29:31.118Z] Received 28 unread message(s). Latest from=atlas
[LAZARUS-POLLER 2026-06-06T23:29:33.121Z] Received 28 unread message(s). Latest from=atlas
[LAZARUS-POLLER 2026-06-06T23:29:35.124Z] Received 28 unread message(s). Latest from=atlas
[LAZARUS-POLLER 2026-06-06T23:29:37.127Z] Received 28 unread message(s). Latest from=atlas
[LAZARUS-POLLER 2026-06-06T23:29:39.129Z] Received 28 unread message(s). Latest from=atlas
[LAZARUS-POLLER 2026-06-06T23:29:41.132Z] Received 28 unread message(s). Latest from=atlas
[LAZARUS-POLLER 2026-06-06T23:29:43.134Z] Received 28 unread message(s). Latest from=atlas
[LAZARUS-POLLER 2026-06-06T23:29:45.136Z] Received 28 unread message(s). Latest from=atlas
[LAZARUS-POLLER 2026-06-06T23:29:47.138Z] Received 28 unread message(s). Latest from=atlas
[LAZARUS-POLLER 2026-06-06T23:29:49.140Z] Received 28 unread message(s). Latest from=atlas
[LAZARUS-POLLER 2026-06-06T23:29:51.142Z] Received 28 unread message(s). Latest from=atlas
[LAZARUS-POLLER 2026-06-06T23:29:53.144Z] Buffered 1 message(s) to wakeup file
[LAZARUS-POLLER 2026-06-06T23:29:53.144Z] Received 29 unread message(s). Latest from=molly
[LAZARUS-POLLER 2026-06-06T23:29:55.148Z] Received 30 unread message(s). Latest from=atlas
[LAZARUS-POLLER 2026-06-06T23:29:57.150Z] Received 30 unread message(s). Latest from=atlas
[LAZARUS-POLLER 2026-06-06T23:29:59.154Z] Received 30 unread message(s). Latest from=atlas
[LAZARUS-POLLER 2026-06-06T23:30:01.156Z] Received 30 unread message(s). Latest from=atlas
[LAZARUS-POLLER 2026-06-06T23:30:03.158Z] Received 30 unread message(s). Latest from=atlas
[LAZARUS-POLLER 2026-06-06T23:30:05.160Z] Received 30 unread message(s). Latest from=atlas
[LAZARUS-POLLER 2026-06-06T23:30:07.162Z] Received 30 unread message(s). Latest from=atlas
[LAZARUS-POLLER 2026-06-06T23:30:09.165Z] Received 30 unread message(s). Latest from=atlas
[LAZARUS-POLLER 2026-06-06T23:30:11.167Z] Received 30 unread message(s). Latest from=atlas
[LAZARUS-POLLER 2026-06-06T23:30:13.171Z] Received 30 unread message(s). Latest from=atlas
[LAZARUS-POLLER 2026-06-06T23:30:15.173Z] Received 30 unread message(s). Latest from=atlas
[LAZARUS-POLLER 2026-06-06T23:30:17.176Z] Received 30 unread message(s). Latest from=atlas
[LAZARUS-POLLER 2026-06-06T23:30:19.178Z] Received 30 unread message(s). Latest from=atlas
[LAZARUS-POLLER 2026-06-06T23:30:21.182Z] Received 30 unread message(s). Latest from=atlas
[LAZARUS-POLLER 2026-06-06T23:30:23.186Z] Received 30 unread message(s). Latest from=atlas
[LAZARUS-POLLER 2026-06-06T23:30:25.188Z] Received 30 unread message(s). Latest from=atlas
[LAZARUS-POLLER 2026-06-06T23:30:27.191Z] Received 30 unread message(s). Latest from=atlas
[LAZARUS-POLLER 2026-06-06T23:30:29.194Z] Received 30 unread message(s). Latest from=atlas
[LAZARUS-POLLER 2026-06-06T23:30:31.197Z] Received 30 unread message(s). Latest from=atlas
[LAZARUS-POLLER 2026-06-06T23:30:33.200Z] Received 30 unread message(s). Latest from=atlas
[LAZARUS-POLLER 2026-06-06T23:30:35.203Z] Received 30 unread message(s). Latest from=atlas
[LAZARUS-POLLER 2026-06-06T23:30:37.205Z] Received 30 unread message(s). Latest from=atlas
[LAZARUS-POLLER 2026-06-06T23:30:39.209Z] Received 30 unread message(s). Latest from=atlas
[LAZARUS-POLLER 2026-06-06T23:30:41.213Z] Received 30 unread message(s). Latest from=atlas
[LAZARUS-POLLER 2026-06-06T23:30:43.216Z] Received 30 unread message(s). Latest from=atlas
[LAZARUS-POLLER 2026-06-06T23:30:45.219Z] Received 30 unread message(s). Latest from=atlas
[LAZARUS-POLLER 2026-06-06T23:30:47.221Z] Received 30 unread message(s). Latest from=atlas
[LAZARUS-POLLER 2026-06-06T23:30:49.223Z] Received 30 unread message(s). Latest from=atlas
[LAZARUS-POLLER 2026-06-06T23:30:51.225Z] Received 30 unread message(s). Latest from=atlas
[LAZARUS-POLLER 2026-06-06T23:30:53.228Z] Received 30 unread message(s). Latest from=atlas
[LAZARUS-POLLER 2026-06-06T23:30:55.230Z] Received 30 unread message(s). Latest from=atlas
[LAZARUS-POLLER 2026-06-06T23:30:57.232Z] Received 30 unread message(s). Latest from=atlas
[LAZARUS-POLLER 2026-06-06T23:30:59.234Z] Received 30 unread message(s). Latest from=atlas
[LAZARUS-POLLER 2026-06-06T23:31:01.236Z] Received 30 unread message(s). Latest from=atlas
[LAZARUS-POLLER 2026-06-06T23:31:03.239Z] Received 30 unread message(s). Latest from=atlas
[LAZARUS-POLLER 2026-06-06T23:31:05.241Z] Received 31 unread message(s). Latest from=atlas
[LAZARUS-POLLER 2026-06-06T23:31:07.243Z] Received 31 unread message(s). Latest from=atlas
[LAZARUS-POLLER 2026-06-06T23:31:09.245Z] Received 31 unread message(s). Latest from=atlas
[LAZARUS-POLLER 2026-06-06T23:31:11.248Z] Received 31 unread message(s). Latest from=atlas
[LAZARUS-POLLER 2026-06-06T23:31:13.250Z] Received 31 unread message(s). Latest from=atlas
[LAZARUS-POLLER 2026-06-06T23:31:15.253Z] Received 31 unread message(s). Latest from=atlas
[LAZARUS-POLLER 2026-06-06T23:31:17.255Z] Received 31 unread message(s). Latest from=atlas
[LAZARUS-POLLER 2026-06-06T23:31:19.258Z] Received 31 unread message(s). Latest from=atlas
[LAZARUS-POLLER 2026-06-06T23:31:21.260Z] Received 31 unread message(s). Latest from=atlas
[LAZARUS-POLLER 2026-06-06T23:31:23.263Z] Received 31 unread message(s). Latest from=atlas
[LAZARUS-POLLER 2026-06-06T23:31:25.265Z] Received 31 unread message(s). Latest from=atlas
[LAZARUS-POLLER 2026-06-06T23:31:27.268Z] Received 31 unread message(s). Latest from=atlas
[LAZARUS-POLLER 2026-06-06T23:31:29.270Z] Received 31 unread message(s). Latest from=atlas
[LAZARUS-POLLER 2026-06-06T23:31:31.272Z] Received 31 unread message(s). Latest from=atlas
[LAZARUS-POLLER 2026-06-06T23:31:33.275Z] Received 31 unread message(s). Latest from=atlas
[LAZARUS-POLLER 2026-06-06T23:31:35.277Z] Received 31 unread message(s). Latest from=atlas
[LAZARUS-POLLER 2026-06-06T23:31:37.279Z] Received 31 unread message(s). Latest from=atlas
[LAZARUS-POLLER 2026-06-06T23:31:39.281Z] Received 31 unread message(s). Latest from=atlas
[LAZARUS-POLLER 2026-06-06T23:31:41.283Z] Received 31 unread message(s). Latest from=atlas
[LAZARUS-POLLER 2026-06-06T23:31:43.286Z] Received 31 unread message(s). Latest from=atlas
[LAZARUS-POLLER 2026-06-06T23:31:45.287Z] Received 31 unread message(s). Latest from=atlas
[LAZARUS-POLLER 2026-06-06T23:31:47.289Z] Received 31 unread message(s). Latest from=atlas
[LAZARUS-POLLER 2026-06-06T23:31:49.291Z] Received 31 unread message(s). Latest from=atlas
[LAZARUS-POLLER 2026-06-06T23:31:51.295Z] Received 31 unread message(s). Latest from=atlas
[LAZARUS-POLLER 2026-06-06T23:31:53.298Z] Buffered 1 message(s) to wakeup file
[LAZARUS-POLLER 2026-06-06T23:31:53.298Z] Received 32 unread message(s). Latest from=molly
[LAZARUS-POLLER 2026-06-06T23:31:55.299Z] Received 33 unread message(s). Latest from=atlas
[LAZARUS-POLLER 2026-06-06T23:31:57.301Z] Received 33 unread message(s). Latest from=atlas
[LAZARUS-POLLER 2026-06-06T23:31:59.303Z] Received 33 unread message(s). Latest from=atlas
[LAZARUS-POLLER 2026-06-06T23:32:01.305Z] Received 33 unread message(s). Latest from=atlas
[LAZARUS-POLLER 2026-06-06T23:32:03.307Z] Received 33 unread message(s). Latest from=atlas
[LAZARUS-POLLER 2026-06-06T23:32:05.309Z] Received 33 unread message(s). Latest from=atlas
[LAZARUS-POLLER 2026-06-06T23:32:07.312Z] Received 33 unread message(s). Latest from=atlas
[LAZARUS-POLLER 2026-06-06T23:32:09.313Z] Received 33 unread message(s). Latest from=atlas
[LAZARUS-POLLER 2026-06-06T23:32:11.315Z] Received 33 unread message(s). Latest from=atlas
[LAZARUS-POLLER 2026-06-06T23:32:13.319Z] Received 33 unread message(s). Latest from=atlas
[LAZARUS-POLLER 2026-06-06T23:32:15.321Z] Received 33 unread message(s). Latest from=atlas
[LAZARUS-POLLER 2026-06-06T23:32:17.324Z] Received 33 unread message(s). Latest from=atlas
[LAZARUS-POLLER 2026-06-06T23:32:19.328Z] Received 33 unread message(s). Latest from=atlas
[LAZARUS-POLLER 2026-06-06T23:32:21.330Z] Received 33 unread message(s). Latest from=atlas
[LAZARUS-POLLER 2026-06-06T23:32:23.332Z] Received 33 unread message(s). Latest from=atlas
[LAZARUS-POLLER 2026-06-06T23:32:25.333Z] Received 33 unread message(s). Latest from=atlas
[LAZARUS-POLLER 2026-06-06T23:32:27.336Z] Received 33 unread message(s). Latest from=atlas
[LAZARUS-POLLER 2026-06-06T23:32:29.339Z] Received 33 unread message(s). Latest from=atlas
[LAZARUS-POLLER 2026-06-06T23:32:31.341Z] Received 33 unread message(s). Latest from=atlas
[LAZARUS-POLLER 2026-06-06T23:32:33.343Z] Received 33 unread message(s). Latest from=atlas
[LAZARUS-POLLER 2026-06-06T23:32:35.345Z] Received 33 unread message(s). Latest from=atlas
[LAZARUS-POLLER 2026-06-06T23:32:37.347Z] Received 33 unread message(s). Latest from=atlas
[LAZARUS-POLLER 2026-06-06T23:32:39.349Z] Received 34 unread message(s). Latest from=atlas
[LAZARUS-POLLER 2026-06-06T23:32:41.353Z] Received 34 unread message(s). Latest from=atlas
[LAZARUS-POLLER 2026-06-06T23:32:43.355Z] Received 34 unread message(s). Latest from=atlas
[LAZARUS-POLLER 2026-06-06T23:32:45.357Z] Received 34 unread message(s). Latest from=atlas
[LAZARUS-POLLER 2026-06-06T23:32:47.359Z] Received 34 unread message(s). Latest from=atlas
[LAZARUS-POLLER 2026-06-06T23:32:49.361Z] Received 34 unread message(s). Latest from=atlas
[LAZARUS-POLLER 2026-06-06T23:32:51.363Z] Received 34 unread message(s). Latest from=atlas
[LAZARUS-POLLER 2026-06-06T23:32:53.366Z] Received 34 unread message(s). Latest from=atlas
[LAZARUS-POLLER 2026-06-06T23:32:55.368Z] Received 34 unread message(s). Latest from=atlas
[LAZARUS-POLLER 2026-06-06T23:32:57.371Z] Received 34 unread message(s). Latest from=atlas
[LAZARUS-POLLER 2026-06-06T23:32:59.373Z] Received 34 unread message(s). Latest from=atlas
[LAZARUS-POLLER 2026-06-06T23:33:01.377Z] Received 34 unread message(s). Latest from=atlas
[LAZARUS-POLLER 2026-06-06T23:33:03.379Z] Received 34 unread message(s). Latest from=atlas
[LAZARUS-POLLER 2026-06-06T23:33:05.382Z] Received 34 unread message(s). Latest from=atlas
[LAZARUS-POLLER 2026-06-06T23:33:07.384Z] Received 34 unread message(s). Latest from=atlas
[LAZARUS-POLLER 2026-06-06T23:33:09.386Z] Received 34 unread message(s). Latest from=atlas
[LAZARUS-POLLER 2026-06-06T23:33:11.390Z] Received 34 unread message(s). Latest from=atlas
[LAZARUS-POLLER 2026-06-06T23:33:13.393Z] Received 34 unread message(s). Latest from=atlas
[LAZARUS-POLLER 2026-06-06T23:33:15.396Z] Received 34 unread message(s). Latest from=atlas
[LAZARUS-POLLER 2026-06-06T23:33:17.398Z] Received 34 unread message(s). Latest from=atlas
[LAZARUS-POLLER 2026-06-06T23:33:19.401Z] Received 34 unread message(s). Latest from=atlas
[LAZARUS-POLLER 2026-06-06T23:33:21.403Z] Received 34 unread message(s). Latest from=atlas
[LAZARUS-POLLER 2026-06-06T23:33:23.406Z] Received 34 unread message(s). Latest from=atlas
[LAZARUS-POLLER 2026-06-06T23:33:25.408Z] Received 34 unread message(s). Latest from=atlas
[LAZARUS-POLLER 2026-06-06T23:33:27.411Z] Received 34 unread message(s). Latest from=atlas
[LAZARUS-POLLER 2026-06-06T23:33:29.413Z] Received 34 unread message(s). Latest from=atlas
[LAZARUS-POLLER 2026-06-06T23:33:31.415Z] Received 34 unread message(s). Latest from=atlas
[LAZARUS-POLLER 2026-06-06T23:33:33.417Z] Received 34 unread message(s). Latest from=atlas
[LAZARUS-POLLER 2026-06-06T23:33:35.420Z] Received 34 unread message(s). Latest from=atlas
[LAZARUS-POLLER 2026-06-06T23:33:37.422Z] Received 34 unread message(s). Latest from=atlas
[LAZARUS-POLLER 2026-06-06T23:33:39.424Z] Received 34 unread message(s). Latest from=atlas
[LAZARUS-POLLER 2026-06-06T23:33:41.427Z] Received 34 unread message(s). Latest from=atlas
[LAZARUS-POLLER 2026-06-06T23:33:43.430Z] Received 34 unread message(s). Latest from=atlas
[LAZARUS-POLLER 2026-06-06T23:33:45.432Z] Received 34 unread message(s). Latest from=atlas
[LAZARUS-POLLER 2026-06-06T23:33:47.435Z] Received 34 unread message(s). Latest from=atlas
[LAZARUS-POLLER 2026-06-06T23:33:49.438Z] Received 34 unread message(s). Latest from=atlas
[LAZARUS-POLLER 2026-06-06T23:33:51.439Z] Received 34 unread message(s). Latest from=atlas
[LAZARUS-POLLER 2026-06-06T23:33:53.442Z] Buffered 1 message(s) to wakeup file
[LAZARUS-POLLER 2026-06-06T23:33:53.442Z] Received 35 unread message(s). Latest from=molly
[LAZARUS-POLLER 2026-06-06T23:33:55.445Z] Received 36 unread message(s). Latest from=atlas
[LAZARUS-POLLER 2026-06-06T23:33:57.448Z] Received 36 unread message(s). Latest from=atlas
[LAZARUS-POLLER 2026-06-06T23:33:59.451Z] Received 36 unread message(s). Latest from=atlas
[LAZARUS-POLLER 2026-06-06T23:34:01.452Z] Received 36 unread message(s). Latest from=atlas
[LAZARUS-POLLER 2026-06-06T23:34:03.454Z] Received 36 unread message(s). Latest from=atlas
[LAZARUS-POLLER 2026-06-06T23:34:05.455Z] Received 36 unread message(s). Latest from=atlas
[LAZARUS-POLLER 2026-06-06T23:34:07.457Z] Received 36 unread message(s). Latest from=atlas
[LAZARUS-POLLER 2026-06-06T23:34:09.459Z] Received 36 unread message(s). Latest from=atlas
[LAZARUS-POLLER 2026-06-06T23:34:11.461Z] Received 36 unread message(s). Latest from=atlas
[LAZARUS-POLLER 2026-06-06T23:34:13.464Z] Received 36 unread message(s). Latest from=atlas
[LAZARUS-POLLER 2026-06-06T23:34:15.466Z] Received 36 unread message(s). Latest from=atlas
[LAZARUS-POLLER 2026-06-06T23:34:17.468Z] Received 36 unread message(s). Latest from=atlas
[LAZARUS-POLLER 2026-06-06T23:34:19.471Z] Received 36 unread message(s). Latest from=atlas
[LAZARUS-POLLER 2026-06-06T23:34:21.473Z] Received 36 unread message(s). Latest from=atlas
[LAZARUS-POLLER 2026-06-06T23:34:23.475Z] Received 36 unread message(s). Latest from=atlas
[LAZARUS-POLLER 2026-06-06T23:34:25.479Z] Received 36 unread message(s). Latest from=atlas
[LAZARUS-POLLER 2026-06-06T23:34:27.481Z] Received 36 unread message(s). Latest from=atlas
[LAZARUS-POLLER 2026-06-06T23:34:29.484Z] Received 37 unread message(s). Latest from=atlas
[LAZARUS-POLLER 2026-06-06T23:34:31.487Z] Received 37 unread message(s). Latest from=atlas
[LAZARUS-POLLER 2026-06-06T23:34:33.490Z] Received 37 unread message(s). Latest from=atlas
[LAZARUS-POLLER 2026-06-06T23:34:35.492Z] Received 37 unread message(s). Latest from=atlas
[LAZARUS-POLLER 2026-06-06T23:34:37.494Z] Received 37 unread message(s). Latest from=atlas
[LAZARUS-POLLER 2026-06-06T23:34:39.496Z] Received 37 unread message(s). Latest from=atlas
[LAZARUS-POLLER 2026-06-06T23:34:41.499Z] Received 37 unread message(s). Latest from=atlas
[LAZARUS-POLLER 2026-06-06T23:34:43.501Z] Received 37 unread message(s). Latest from=atlas
[LAZARUS-POLLER 2026-06-06T23:34:45.503Z] Received 37 unread message(s). Latest from=atlas
[LAZARUS-POLLER 2026-06-06T23:34:47.506Z] Received 37 unread message(s). Latest from=atlas
[LAZARUS-POLLER 2026-06-06T23:34:49.509Z] Received 37 unread message(s). Latest from=atlas
[LAZARUS-POLLER 2026-06-06T23:34:51.511Z] Received 37 unread message(s). Latest from=atlas
[LAZARUS-POLLER 2026-06-06T23:34:53.514Z] Received 37 unread message(s). Latest from=atlas
[LAZARUS-POLLER 2026-06-06T23:34:55.516Z] Received 37 unread message(s). Latest from=atlas
[LAZARUS-POLLER 2026-06-06T23:34:57.520Z] Received 37 unread message(s). Latest from=atlas
[LAZARUS-POLLER 2026-06-06T23:34:59.522Z] Received 37 unread message(s). Latest from=atlas
[LAZARUS-POLLER 2026-06-06T23:35:01.524Z] Received 37 unread message(s). Latest from=atlas
[LAZARUS-POLLER 2026-06-06T23:35:03.526Z] Received 37 unread message(s). Latest from=atlas
[LAZARUS-POLLER 2026-06-06T23:35:05.528Z] Received 37 unread message(s). Latest from=atlas
[LAZARUS-POLLER 2026-06-06T23:35:07.531Z] Received 37 unread message(s). Latest from=atlas
[LAZARUS-POLLER 2026-06-06T23:35:09.534Z] Received 37 unread message(s). Latest from=atlas
[LAZARUS-POLLER 2026-06-06T23:35:11.537Z] Received 37 unread message(s). Latest from=atlas
[LAZARUS-POLLER 2026-06-06T23:35:13.539Z] Received 37 unread message(s). Latest from=atlas
[LAZARUS-POLLER 2026-06-06T23:35:15.541Z] Received 37 unread message(s). Latest from=atlas
[LAZARUS-POLLER 2026-06-06T23:35:17.542Z] Received 39 unread message(s). Latest from=atlas
[LAZARUS-POLLER 2026-06-06T23:35:19.544Z] Received 39 unread message(s). Latest from=atlas
[LAZARUS-POLLER 2026-06-06T23:35:21.546Z] Received 39 unread message(s). Latest from=atlas
[LAZARUS-POLLER 2026-06-06T23:35:23.549Z] Received 39 unread message(s). Latest from=atlas
[LAZARUS-POLLER 2026-06-06T23:35:25.552Z] Received 39 unread message(s). Latest from=atlas
[LAZARUS-POLLER 2026-06-06T23:35:27.555Z] Received 39 unread message(s). Latest from=atlas
[LAZARUS-POLLER 2026-06-06T23:35:29.557Z] Received 39 unread message(s). Latest from=atlas
[LAZARUS-POLLER 2026-06-06T23:35:31.560Z] Received 39 unread message(s). Latest from=atlas
[LAZARUS-POLLER 2026-06-06T23:35:33.562Z] Received 39 unread message(s). Latest from=atlas
[LAZARUS-POLLER 2026-06-06T23:35:35.564Z] Received 39 unread message(s). Latest from=atlas
[LAZARUS-POLLER 2026-06-06T23:35:37.566Z] Received 39 unread message(s). Latest from=atlas
[LAZARUS-POLLER 2026-06-06T23:35:39.569Z] Received 39 unread message(s). Latest from=atlas
[LAZARUS-POLLER 2026-06-06T23:35:41.571Z] Received 39 unread message(s). Latest from=atlas
[LAZARUS-POLLER 2026-06-06T23:35:43.573Z] Received 39 unread message(s). Latest from=atlas
[LAZARUS-POLLER 2026-06-06T23:35:45.575Z] Received 39 unread message(s). Latest from=atlas
[LAZARUS-POLLER 2026-06-06T23:35:47.579Z] Received 39 unread message(s). Latest from=atlas
[LAZARUS-POLLER 2026-06-06T23:35:49.581Z] Received 39 unread message(s). Latest from=atlas
[LAZARUS-POLLER 2026-06-06T23:35:51.583Z] Received 39 unread message(s). Latest from=atlas
[LAZARUS-POLLER 2026-06-06T23:35:53.587Z] Buffered 1 message(s) to wakeup file
[LAZARUS-POLLER 2026-06-06T23:35:53.587Z] Received 40 unread message(s). Latest from=molly
[LAZARUS-POLLER 2026-06-06T23:35:55.590Z] Received 40 unread message(s). Latest from=molly
[LAZARUS-POLLER 2026-06-06T23:35:57.593Z] Received 40 unread message(s). Latest from=molly
[LAZARUS-POLLER 2026-06-06T23:35:59.595Z] Received 40 unread message(s). Latest from=molly
[LAZARUS-POLLER 2026-06-06T23:36:01.598Z] Received 40 unread message(s). Latest from=molly
[LAZARUS-POLLER 2026-06-06T23:36:03.601Z] Received 40 unread message(s). Latest from=molly
[LAZARUS-POLLER 2026-06-06T23:36:05.604Z] Received 40 unread message(s). Latest from=molly
[LAZARUS-POLLER 2026-06-06T23:36:07.606Z] Received 40 unread message(s). Latest from=molly
[LAZARUS-POLLER 2026-06-06T23:36:09.608Z] Received 40 unread message(s). Latest from=molly
[LAZARUS-POLLER 2026-06-06T23:36:11.612Z] Received 40 unread message(s). Latest from=molly
[LAZARUS-POLLER 2026-06-06T23:36:13.615Z] Received 40 unread message(s). Latest from=molly
[LAZARUS-POLLER 2026-06-06T23:36:15.617Z] Received 40 unread message(s). Latest from=molly
[LAZARUS-POLLER 2026-06-06T23:36:17.619Z] Received 40 unread message(s). Latest from=molly
[LAZARUS-POLLER 2026-06-06T23:36:19.621Z] Received 40 unread message(s). Latest from=molly
[LAZARUS-POLLER 2026-06-06T23:36:21.624Z] Received 40 unread message(s). Latest from=molly
[LAZARUS-POLLER 2026-06-06T23:36:23.626Z] Received 40 unread message(s). Latest from=molly
[LAZARUS-POLLER 2026-06-06T23:36:25.629Z] Received 40 unread message(s). Latest from=molly
[LAZARUS-POLLER 2026-06-06T23:36:27.631Z] Received 40 unread message(s). Latest from=molly
[LAZARUS-POLLER 2026-06-06T23:36:29.634Z] Received 40 unread message(s). Latest from=molly
[LAZARUS-POLLER 2026-06-06T23:36:31.636Z] Received 40 unread message(s). Latest from=molly
[LAZARUS-POLLER 2026-06-06T23:36:33.638Z] Received 40 unread message(s). Latest from=molly
[LAZARUS-POLLER 2026-06-06T23:36:35.639Z] Received 40 unread message(s). Latest from=molly
[LAZARUS-POLLER 2026-06-06T23:36:37.640Z] Received 40 unread message(s). Latest from=molly
[LAZARUS-POLLER 2026-06-06T23:36:39.643Z] Received 40 unread message(s). Latest from=molly
[LAZARUS-POLLER 2026-06-06T23:36:41.646Z] Received 40 unread message(s). Latest from=molly
[LAZARUS-POLLER 2026-06-06T23:36:43.648Z] Received 40 unread message(s). Latest from=molly
[LAZARUS-POLLER 2026-06-06T23:36:45.651Z] Received 40 unread message(s). Latest from=molly
[LAZARUS-POLLER 2026-06-06T23:36:47.653Z] Received 40 unread message(s). Latest from=molly
[LAZARUS-POLLER 2026-06-06T23:36:49.656Z] Received 40 unread message(s). Latest from=molly
[LAZARUS-POLLER 2026-06-06T23:36:51.658Z] Received 40 unread message(s). Latest from=molly
[LAZARUS-POLLER 2026-06-06T23:36:53.660Z] Received 40 unread message(s). Latest from=molly
[LAZARUS-POLLER 2026-06-06T23:36:55.662Z] Received 40 unread message(s). Latest from=molly
[LAZARUS-POLLER 2026-06-06T23:36:57.663Z] Received 40 unread message(s). Latest from=molly
[LAZARUS-POLLER 2026-06-06T23:36:59.665Z] Received 40 unread message(s). Latest from=molly
[LAZARUS-POLLER 2026-06-06T23:37:01.667Z] Received 40 unread message(s). Latest from=molly
[LAZARUS-POLLER 2026-06-06T23:37:03.669Z] Received 40 unread message(s). Latest from=molly
[LAZARUS-POLLER 2026-06-06T23:37:05.672Z] Received 40 unread message(s). Latest from=molly
[LAZARUS-POLLER 2026-06-06T23:37:07.673Z] Received 40 unread message(s). Latest from=molly
[LAZARUS-POLLER 2026-06-06T23:37:09.676Z] Received 40 unread message(s). Latest from=molly
[LAZARUS-POLLER 2026-06-06T23:37:11.679Z] Received 40 unread message(s). Latest from=molly
[LAZARUS-POLLER 2026-06-06T23:37:13.681Z] Received 40 unread message(s). Latest from=molly
[LAZARUS-POLLER 2026-06-06T23:37:15.684Z] Received 40 unread message(s). Latest from=molly
[LAZARUS-POLLER 2026-06-06T23:37:17.687Z] Received 40 unread message(s). Latest from=molly
[LAZARUS-POLLER 2026-06-06T23:37:19.689Z] Received 40 unread message(s). Latest from=molly
[LAZARUS-POLLER 2026-06-06T23:37:21.692Z] Received 40 unread message(s). Latest from=molly
[LAZARUS-POLLER 2026-06-06T23:37:23.694Z] Received 40 unread message(s). Latest from=molly
[LAZARUS-POLLER 2026-06-06T23:37:25.696Z] Received 40 unread message(s). Latest from=molly
[LAZARUS-POLLER 2026-06-06T23:37:27.699Z] Received 40 unread message(s). Latest from=molly
[LAZARUS-POLLER 2026-06-06T23:37:29.702Z] Received 40 unread message(s). Latest from=molly
[LAZARUS-POLLER 2026-06-06T23:37:31.704Z] Received 40 unread message(s). Latest from=molly
[LAZARUS-POLLER 2026-06-06T23:37:33.705Z] Received 40 unread message(s). Latest from=molly
[LAZARUS-POLLER 2026-06-06T23:37:35.709Z] Received 40 unread message(s). Latest from=molly
[LAZARUS-POLLER 2026-06-06T23:37:37.711Z] Received 40 unread message(s). Latest from=molly
[LAZARUS-POLLER 2026-06-06T23:37:39.714Z] Received 40 unread message(s). Latest from=molly
[LAZARUS-POLLER 2026-06-06T23:37:41.716Z] Received 40 unread message(s). Latest from=molly
[LAZARUS-POLLER 2026-06-06T23:37:43.718Z] Received 40 unread message(s). Latest from=molly
[LAZARUS-POLLER 2026-06-06T23:37:45.720Z] Received 40 unread message(s). Latest from=molly
[LAZARUS-POLLER 2026-06-06T23:37:47.723Z] Received 40 unread message(s). Latest from=molly
[LAZARUS-POLLER 2026-06-06T23:37:49.725Z] Received 40 unread message(s). Latest from=molly
[LAZARUS-POLLER 2026-06-06T23:37:51.728Z] Received 40 unread message(s). Latest from=molly
[LAZARUS-POLLER 2026-06-06T23:37:53.730Z] Received 40 unread message(s). Latest from=molly
[LAZARUS-POLLER 2026-06-06T23:37:55.733Z] Received 40 unread message(s). Latest from=molly
[LAZARUS-POLLER 2026-06-06T23:37:57.735Z] Received 40 unread message(s). Latest from=molly
[LAZARUS-POLLER 2026-06-06T23:37:59.737Z] Received 40 unread message(s). Latest from=molly
[LAZARUS-POLLER 2026-06-06T23:38:01.739Z] Received 40 unread message(s). Latest from=molly
[LAZARUS-POLLER 2026-06-06T23:38:03.741Z] Received 40 unread message(s). Latest from=molly
[LAZARUS-POLLER 2026-06-06T23:38:05.743Z] Received 40 unread message(s). Latest from=molly
[LAZARUS-POLLER 2026-06-06T23:38:07.746Z] Received 40 unread message(s). Latest from=molly
[LAZARUS-POLLER 2026-06-06T23:38:09.748Z] Received 40 unread message(s). Latest from=molly
[LAZARUS-POLLER 2026-06-06T23:38:11.750Z] Received 40 unread message(s). Latest from=molly
[LAZARUS-POLLER 2026-06-06T23:38:13.753Z] Received 40 unread message(s). Latest from=molly
[LAZARUS-POLLER 2026-06-06T23:38:15.756Z] Received 40 unread message(s). Latest from=molly
[LAZARUS-POLLER 2026-06-06T23:38:17.758Z] Received 40 unread message(s). Latest from=molly
[LAZARUS-POLLER 2026-06-06T23:38:19.760Z] Received 40 unread message(s). Latest from=molly
[LAZARUS-POLLER 2026-06-06T23:38:21.762Z] Received 40 unread message(s). Latest from=molly
[LAZARUS-POLLER 2026-06-06T23:38:23.765Z] Received 40 unread message(s). Latest from=molly
[LAZARUS-POLLER 2026-06-06T23:38:25.768Z] Received 40 unread message(s). Latest from=molly
[LAZARUS-POLLER 2026-06-06T23:38:27.770Z] Received 40 unread message(s). Latest from=molly
[LAZARUS-POLLER 2026-06-06T23:38:29.772Z] Received 40 unread message(s). Latest from=molly
[LAZARUS-POLLER 2026-06-06T23:38:31.774Z] Received 40 unread message(s). Latest from=molly
[LAZARUS-POLLER 2026-06-06T23:38:33.776Z] Received 40 unread message(s). Latest from=molly
[LAZARUS-POLLER 2026-06-06T23:38:35.778Z] Received 40 unread message(s). Latest from=molly
[LAZARUS-POLLER 2026-06-06T23:38:37.781Z] Received 40 unread message(s). Latest from=molly
[LAZARUS-POLLER 2026-06-06T23:38:39.783Z] Received 40 unread message(s). Latest from=molly
[LAZARUS-POLLER 2026-06-06T23:38:41.786Z] Received 40 unread message(s). Latest from=molly
[LAZARUS-POLLER 2026-06-06T23:38:43.788Z] Received 40 unread message(s). Latest from=molly
[LAZARUS-POLLER 2026-06-06T23:38:45.790Z] Received 40 unread message(s). Latest from=molly
[LAZARUS-POLLER 2026-06-06T23:38:47.793Z] Received 40 unread message(s). Latest from=molly
[LAZARUS-POLLER 2026-06-06T23:38:49.796Z] Received 40 unread message(s). Latest from=molly
[LAZARUS-POLLER 2026-06-06T23:38:51.798Z] Received 40 unread message(s). Latest from=molly
[LAZARUS-POLLER 2026-06-06T23:38:53.802Z] Received 40 unread message(s). Latest from=molly
[LAZARUS-POLLER 2026-06-06T23:38:55.804Z] Received 40 unread message(s). Latest from=molly
[LAZARUS-POLLER 2026-06-06T23:38:57.807Z] Buffered 1 message(s) to wakeup file
[LAZARUS-POLLER 2026-06-06T23:38:57.808Z] Received 41 unread message(s). Latest from=atlas
[LAZARUS-POLLER 2026-06-06T23:38:59.810Z] Received 41 unread message(s). Latest from=atlas
[LAZARUS-POLLER 2026-06-06T23:39:01.812Z] Received 41 unread message(s). Latest from=atlas
[LAZARUS-POLLER 2026-06-06T23:39:03.814Z] Received 41 unread message(s). Latest from=atlas
[LAZARUS-POLLER 2026-06-06T23:39:05.816Z] Received 41 unread message(s). Latest from=atlas
[LAZARUS-POLLER 2026-06-06T23:39:07.819Z] Received 41 unread message(s). Latest from=atlas
[LAZARUS-POLLER 2026-06-06T23:39:09.820Z] Received 41 unread message(s). Latest from=atlas
[LAZARUS-POLLER 2026-06-06T23:39:11.824Z] Received 41 unread message(s). Latest from=atlas
[LAZARUS-POLLER 2026-06-06T23:39:13.826Z] Received 41 unread message(s). Latest from=atlas
[LAZARUS-POLLER 2026-06-06T23:39:15.828Z] Received 41 unread message(s). Latest from=atlas
[LAZARUS-POLLER 2026-06-06T23:39:17.830Z] Buffered 2 message(s) to wakeup file
[LAZARUS-POLLER 2026-06-06T23:39:17.830Z] Received 42 unread message(s). Latest from=atlas
[LAZARUS-POLLER 2026-06-06T23:39:19.833Z] Received 42 unread message(s). Latest from=atlas
[LAZARUS-POLLER 2026-06-06T23:39:21.835Z] Received 42 unread message(s). Latest from=atlas
[LAZARUS-POLLER 2026-06-06T23:39:23.839Z] Received 42 unread message(s). Latest from=atlas
[LAZARUS-POLLER 2026-06-06T23:39:25.841Z] Received 42 unread message(s). Latest from=atlas
[LAZARUS-POLLER 2026-06-06T23:39:27.843Z] Received 42 unread message(s). Latest from=atlas
[LAZARUS-POLLER 2026-06-06T23:39:29.845Z] Received 42 unread message(s). Latest from=atlas
[LAZARUS-POLLER 2026-06-06T23:39:31.848Z] Buffered 3 message(s) to wakeup file
[LAZARUS-POLLER 2026-06-06T23:39:31.848Z] Received 43 unread message(s). Latest from=atlas
[LAZARUS-POLLER 2026-06-06T23:39:33.851Z] Received 43 unread message(s). Latest from=atlas
[LAZARUS-POLLER 2026-06-06T23:39:35.854Z] Received 43 unread message(s). Latest from=atlas
[LAZARUS-POLLER 2026-06-06T23:39:37.856Z] Received 43 unread message(s). Latest from=atlas
[LAZARUS-POLLER 2026-06-06T23:39:39.859Z] Received 43 unread message(s). Latest from=atlas
[LAZARUS-POLLER 2026-06-06T23:39:41.862Z] Received 43 unread message(s). Latest from=atlas
[LAZARUS-POLLER 2026-06-06T23:39:43.864Z] Received 43 unread message(s). Latest from=atlas
[LAZARUS-POLLER 2026-06-06T23:39:45.866Z] Received 43 unread message(s). Latest from=atlas
[LAZARUS-POLLER 2026-06-06T23:39:47.869Z] Received 43 unread message(s). Latest from=atlas
[LAZARUS-POLLER 2026-06-06T23:39:49.871Z] Received 43 unread message(s). Latest from=atlas
[LAZARUS-POLLER 2026-06-06T23:39:51.873Z] Received 43 unread message(s). Latest from=atlas
[LAZARUS-POLLER 2026-06-06T23:39:53.877Z] Buffered 1 message(s) to wakeup file
[LAZARUS-POLLER 2026-06-06T23:39:53.877Z] Received 44 unread message(s). Latest from=molly
[LAZARUS-POLLER 2026-06-06T23:39:55.879Z] Received 44 unread message(s). Latest from=molly
[LAZARUS-POLLER 2026-06-06T23:39:57.881Z] Received 44 unread message(s). Latest from=molly
[LAZARUS-POLLER 2026-06-06T23:39:59.884Z] Received 44 unread message(s). Latest from=molly
[LAZARUS-POLLER 2026-06-06T23:40:01.886Z] Received 44 unread message(s). Latest from=molly
[LAZARUS-POLLER 2026-06-06T23:40:03.887Z] Received 44 unread message(s). Latest from=molly
[LAZARUS-POLLER 2026-06-06T23:40:05.891Z] Received 44 unread message(s). Latest from=molly
[LAZARUS-POLLER 2026-06-06T23:40:07.893Z] Received 44 unread message(s). Latest from=molly
[LAZARUS-POLLER 2026-06-06T23:40:09.895Z] Received 44 unread message(s). Latest from=molly
[LAZARUS-POLLER 2026-06-06T23:40:11.898Z] Received 44 unread message(s). Latest from=molly
[LAZARUS-POLLER 2026-06-06T23:40:13.900Z] Received 44 unread message(s). Latest from=molly
[LAZARUS-POLLER 2026-06-06T23:40:15.903Z] Received 44 unread message(s). Latest from=molly
[LAZARUS-POLLER 2026-06-06T23:40:17.905Z] Received 44 unread message(s). Latest from=molly
[LAZARUS-POLLER 2026-06-06T23:40:19.907Z] Received 44 unread message(s). Latest from=molly
[LAZARUS-POLLER 2026-06-06T23:40:21.909Z] Received 44 unread message(s). Latest from=molly
[LAZARUS-POLLER 2026-06-06T23:40:23.911Z] Received 44 unread message(s). Latest from=molly
[LAZARUS-POLLER 2026-06-06T23:40:25.913Z] Received 44 unread message(s). Latest from=molly
[LAZARUS-POLLER 2026-06-06T23:40:27.917Z] Received 44 unread message(s). Latest from=molly
[LAZARUS-POLLER 2026-06-06T23:40:29.920Z] Received 44 unread message(s). Latest from=molly
[LAZARUS-POLLER 2026-06-06T23:40:31.923Z] Received 44 unread message(s). Latest from=molly
[LAZARUS-POLLER 2026-06-06T23:40:33.925Z] Received 44 unread message(s). Latest from=molly
[LAZARUS-POLLER 2026-06-06T23:40:35.927Z] Received 44 unread message(s). Latest from=molly
[LAZARUS-POLLER 2026-06-06T23:40:37.929Z] Received 44 unread message(s). Latest from=molly
[LAZARUS-POLLER 2026-06-06T23:40:39.932Z] Received 44 unread message(s). Latest from=molly
[LAZARUS-POLLER 2026-06-06T23:40:41.933Z] Received 44 unread message(s). Latest from=molly
[LAZARUS-POLLER 2026-06-06T23:40:43.935Z] Received 44 unread message(s). Latest from=molly
[LAZARUS-POLLER 2026-06-06T23:40:45.939Z] Received 44 unread message(s). Latest from=molly
[LAZARUS-POLLER 2026-06-06T23:40:47.941Z] Received 44 unread message(s). Latest from=molly
[LAZARUS-POLLER 2026-06-06T23:40:49.943Z] Received 44 unread message(s). Latest from=molly
[LAZARUS-POLLER 2026-06-06T23:40:51.946Z] Received 44 unread message(s). Latest from=molly
[LAZARUS-POLLER 2026-06-06T23:40:53.949Z] Received 44 unread message(s). Latest from=molly
[LAZARUS-POLLER 2026-06-06T23:40:55.951Z] Received 44 unread message(s). Latest from=molly
[LAZARUS-POLLER 2026-06-06T23:40:57.954Z] Received 44 unread message(s). Latest from=molly
[LAZARUS-POLLER 2026-06-06T23:40:59.957Z] Received 44 unread message(s). Latest from=molly
[LAZARUS-POLLER 2026-06-06T23:41:01.959Z] Received 44 unread message(s). Latest from=molly
[LAZARUS-POLLER 2026-06-06T23:41:03.961Z] Received 44 unread message(s). Latest from=molly
[LAZARUS-POLLER 2026-06-06T23:41:05.963Z] Received 44 unread message(s). Latest from=molly
[LAZARUS-POLLER 2026-06-06T23:41:07.966Z] Received 44 unread message(s). Latest from=molly
[LAZARUS-POLLER 2026-06-06T23:41:09.968Z] Received 44 unread message(s). Latest from=molly
[LAZARUS-POLLER 2026-06-06T23:41:11.971Z] Received 44 unread message(s). Latest from=molly
[LAZARUS-POLLER 2026-06-06T23:41:13.974Z] Received 44 unread message(s). Latest from=molly
[LAZARUS-POLLER 2026-06-06T23:41:15.977Z] Received 44 unread message(s). Latest from=molly
[LAZARUS-POLLER 2026-06-06T23:41:17.980Z] Received 44 unread message(s). Latest from=molly
[LAZARUS-POLLER 2026-06-06T23:41:19.982Z] Received 44 unread message(s). Latest from=molly
[LAZARUS-POLLER 2026-06-06T23:41:21.986Z] Received 44 unread message(s). Latest from=molly
[LAZARUS-POLLER 2026-06-06T23:41:23.988Z] Received 44 unread message(s). Latest from=molly
[LAZARUS-POLLER 2026-06-06T23:41:25.992Z] Received 44 unread message(s). Latest from=molly
[LAZARUS-POLLER 2026-06-06T23:41:27.994Z] Received 44 unread message(s). Latest from=molly
[LAZARUS-POLLER 2026-06-06T23:41:29.996Z] Received 44 unread message(s). Latest from=molly
[LAZARUS-POLLER 2026-06-06T23:41:32.000Z] Received 44 unread message(s). Latest from=molly
[LAZARUS-POLLER 2026-06-06T23:41:34.003Z] Received 44 unread message(s). Latest from=molly
[LAZARUS-POLLER 2026-06-06T23:41:36.005Z] Received 44 unread message(s). Latest from=molly
[LAZARUS-POLLER 2026-06-06T23:41:38.006Z] Received 44 unread message(s). Latest from=molly
[LAZARUS-POLLER 2026-06-06T23:41:40.009Z] Received 44 unread message(s). Latest from=molly
[LAZARUS-POLLER 2026-06-06T23:41:42.011Z] Received 44 unread message(s). Latest from=molly
[LAZARUS-POLLER 2026-06-06T23:41:44.013Z] Received 44 unread message(s). Latest from=molly
[LAZARUS-POLLER 2026-06-06T23:41:46.015Z] Received 44 unread message(s). Latest from=molly
[LAZARUS-POLLER 2026-06-06T23:41:48.019Z] Received 44 unread message(s). Latest from=molly
[LAZARUS-POLLER 2026-06-06T23:41:50.021Z] Received 44 unread message(s). Latest from=molly
[LAZARUS-POLLER 2026-06-06T23:41:52.024Z] Received 44 unread message(s). Latest from=molly
[LAZARUS-POLLER 2026-06-06T23:41:54.026Z] Received 44 unread message(s). Latest from=molly
[LAZARUS-POLLER 2026-06-06T23:41:56.028Z] Received 44 unread message(s). Latest from=molly
[LAZARUS-POLLER 2026-06-06T23:41:58.032Z] Received 44 unread message(s). Latest from=molly
[LAZARUS-POLLER 2026-06-06T23:42:00.034Z] Received 44 unread message(s). Latest from=molly
[LAZARUS-POLLER 2026-06-06T23:42:02.036Z] Received 44 unread message(s). Latest from=molly
[LAZARUS-POLLER 2026-06-06T23:42:04.039Z] Received 44 unread message(s). Latest from=molly
[LAZARUS-POLLER 2026-06-06T23:42:06.041Z] Received 44 unread message(s). Latest from=molly
[LAZARUS-POLLER 2026-06-06T23:42:08.044Z] Received 44 unread message(s). Latest from=molly
[LAZARUS-POLLER 2026-06-06T23:42:10.046Z] Received 44 unread message(s). Latest from=molly
[LAZARUS-POLLER 2026-06-06T23:42:12.047Z] Received 44 unread message(s). Latest from=molly
[LAZARUS-POLLER 2026-06-06T23:42:14.049Z] Received 44 unread message(s). Latest from=molly
[LAZARUS-POLLER 2026-06-06T23:42:16.051Z] Received 44 unread message(s). Latest from=molly
[LAZARUS-POLLER 2026-06-06T23:42:18.053Z] Received 44 unread message(s). Latest from=molly
[LAZARUS-POLLER 2026-06-06T23:42:20.056Z] Received 44 unread message(s). Latest from=molly
[LAZARUS-POLLER 2026-06-06T23:42:22.058Z] Received 44 unread message(s). Latest from=molly
[LAZARUS-POLLER 2026-06-06T23:42:24.060Z] Received 44 unread message(s). Latest from=molly
[LAZARUS-POLLER 2026-06-06T23:42:26.063Z] Received 44 unread message(s). Latest from=molly
[LAZARUS-POLLER 2026-06-06T23:42:28.065Z] Received 44 unread message(s). Latest from=molly
[LAZARUS-POLLER 2026-06-06T23:42:30.067Z] Received 44 unread message(s). Latest from=molly
[LAZARUS-POLLER 2026-06-06T23:42:32.070Z] Received 44 unread message(s). Latest from=molly
[LAZARUS-POLLER 2026-06-06T23:42:34.073Z] Received 44 unread message(s). Latest from=molly
[LAZARUS-POLLER 2026-06-06T23:42:36.075Z] Received 44 unread message(s). Latest from=molly
[LAZARUS-POLLER 2026-06-06T23:42:38.077Z] Received 44 unread message(s). Latest from=molly
[LAZARUS-POLLER 2026-06-06T23:42:40.080Z] Received 44 unread message(s). Latest from=molly
[LAZARUS-POLLER 2026-06-06T23:42:42.083Z] Received 44 unread message(s). Latest from=molly
[LAZARUS-POLLER 2026-06-06T23:42:44.086Z] Received 44 unread message(s). Latest from=molly
[LAZARUS-POLLER 2026-06-06T23:42:46.088Z] Received 44 unread message(s). Latest from=molly
[LAZARUS-POLLER 2026-06-06T23:42:48.090Z] Received 44 unread message(s). Latest from=molly
[LAZARUS-POLLER 2026-06-06T23:42:50.093Z] Received 44 unread message(s). Latest from=molly
[LAZARUS-POLLER 2026-06-06T23:42:52.095Z] Received 44 unread message(s). Latest from=molly
[LAZARUS-POLLER 2026-06-06T23:42:54.097Z] Received 44 unread message(s). Latest from=molly
[LAZARUS-POLLER 2026-06-06T23:42:56.100Z] Received 44 unread message(s). Latest from=molly
[LAZARUS-POLLER 2026-06-06T23:42:58.102Z] Buffered 5 message(s) to wakeup file
[LAZARUS-POLLER 2026-06-06T23:42:58.103Z] Received 45 unread message(s). Latest from=atlas
[LAZARUS-POLLER 2026-06-06T23:43:00.106Z] Received 45 unread message(s). Latest from=atlas
[LAZARUS-POLLER 2026-06-06T23:43:02.108Z] Received 45 unread message(s). Latest from=atlas
[LAZARUS-POLLER 2026-06-06T23:43:04.112Z] Received 45 unread message(s). Latest from=atlas
[LAZARUS-POLLER 2026-06-06T23:43:06.114Z] Received 45 unread message(s). Latest from=atlas
[LAZARUS-POLLER 2026-06-06T23:43:08.116Z] Received 45 unread message(s). Latest from=atlas
[LAZARUS-POLLER 2026-06-06T23:43:10.118Z] Received 45 unread message(s). Latest from=atlas
[LAZARUS-POLLER 2026-06-06T23:43:12.122Z] Received 45 unread message(s). Latest from=atlas
[LAZARUS-POLLER 2026-06-06T23:43:14.124Z] Received 45 unread message(s). Latest from=atlas
[LAZARUS-POLLER 2026-06-06T23:43:16.127Z] Received 45 unread message(s). Latest from=atlas
[LAZARUS-POLLER 2026-06-06T23:43:18.130Z] Buffered 6 message(s) to wakeup file
[LAZARUS-POLLER 2026-06-06T23:43:18.130Z] Received 46 unread message(s). Latest from=atlas
[LAZARUS-POLLER 2026-06-06T23:43:20.132Z] Received 46 unread message(s). Latest from=atlas
[LAZARUS-POLLER 2026-06-06T23:43:22.135Z] Received 46 unread message(s). Latest from=atlas
[LAZARUS-POLLER 2026-06-06T23:43:24.138Z] Received 46 unread message(s). Latest from=atlas
[LAZARUS-POLLER 2026-06-06T23:43:26.140Z] Received 46 unread message(s). Latest from=atlas
[LAZARUS-POLLER 2026-06-06T23:43:28.142Z] Received 46 unread message(s). Latest from=atlas
[LAZARUS-POLLER 2026-06-06T23:43:30.145Z] Received 46 unread message(s). Latest from=atlas
[LAZARUS-POLLER 2026-06-06T23:43:32.147Z] Received 46 unread message(s). Latest from=atlas
[LAZARUS-POLLER 2026-06-06T23:43:34.151Z] Received 46 unread message(s). Latest from=atlas
[LAZARUS-POLLER 2026-06-06T23:43:36.153Z] Received 46 unread message(s). Latest from=atlas
[LAZARUS-POLLER 2026-06-06T23:43:38.156Z] Received 46 unread message(s). Latest from=atlas
[LAZARUS-POLLER 2026-06-06T23:43:40.159Z] Received 46 unread message(s). Latest from=atlas
[LAZARUS-POLLER 2026-06-06T23:43:42.161Z] Received 46 unread message(s). Latest from=atlas
[LAZARUS-POLLER 2026-06-06T23:43:44.164Z] Received 46 unread message(s). Latest from=atlas
[LAZARUS-POLLER 2026-06-06T23:43:46.166Z] Received 46 unread message(s). Latest from=atlas
[LAZARUS-POLLER 2026-06-06T23:43:48.168Z] Received 46 unread message(s). Latest from=atlas
[LAZARUS-POLLER 2026-06-06T23:43:50.170Z] Received 46 unread message(s). Latest from=atlas
[LAZARUS-POLLER 2026-06-06T23:43:52.173Z] Buffered 7 message(s) to wakeup file
[LAZARUS-POLLER 2026-06-06T23:43:52.173Z] Received 47 unread message(s). Latest from=eric
[LAZARUS-POLLER 2026-06-06T23:43:54.176Z] Buffered 1 message(s) to wakeup file
[LAZARUS-POLLER 2026-06-06T23:43:54.176Z] Received 48 unread message(s). Latest from=molly
[LAZARUS-POLLER 2026-06-06T23:43:56.178Z] Received 48 unread message(s). Latest from=molly
[LAZARUS-POLLER 2026-06-06T23:43:58.182Z] Received 48 unread message(s). Latest from=molly
[LAZARUS-POLLER 2026-06-06T23:44:00.184Z] Received 48 unread message(s). Latest from=molly
[LAZARUS-POLLER 2026-06-06T23:44:02.187Z] Received 48 unread message(s). Latest from=molly
[LAZARUS-POLLER 2026-06-06T23:44:04.190Z] Received 48 unread message(s). Latest from=molly
[LAZARUS-POLLER 2026-06-06T23:44:06.193Z] Received 48 unread message(s). Latest from=molly
[LAZARUS-POLLER 2026-06-06T23:44:08.195Z] Received 48 unread message(s). Latest from=molly
[LAZARUS-POLLER 2026-06-06T23:44:10.197Z] Received 48 unread message(s). Latest from=molly
[LAZARUS-POLLER 2026-06-06T23:44:12.198Z] Received 48 unread message(s). Latest from=molly
[LAZARUS-POLLER 2026-06-06T23:44:14.201Z] Received 48 unread message(s). Latest from=molly
[LAZARUS-POLLER 2026-06-06T23:44:16.204Z] Received 48 unread message(s). Latest from=molly
[LAZARUS-POLLER 2026-06-06T23:44:18.207Z] Received 48 unread message(s). Latest from=molly
[LAZARUS-POLLER 2026-06-06T23:44:20.210Z] Received 48 unread message(s). Latest from=molly
[LAZARUS-POLLER 2026-06-06T23:44:22.214Z] Received 48 unread message(s). Latest from=molly
[LAZARUS-POLLER 2026-06-06T23:44:24.216Z] Received 48 unread message(s). Latest from=molly
[LAZARUS-POLLER 2026-06-06T23:44:26.219Z] Received 48 unread message(s). Latest from=molly
[LAZARUS-POLLER 2026-06-06T23:44:28.221Z] Received 48 unread message(s). Latest from=molly
[LAZARUS-POLLER 2026-06-06T23:44:30.225Z] Received 48 unread message(s). Latest from=molly
[LAZARUS-POLLER 2026-06-06T23:44:32.227Z] Buffered 9 message(s) to wakeup file
[LAZARUS-POLLER 2026-06-06T23:44:32.227Z] Received 49 unread message(s). Latest from=atlas
[LAZARUS-POLLER 2026-06-06T23:44:34.229Z] Received 49 unread message(s). Latest from=atlas
[LAZARUS-POLLER 2026-06-06T23:44:36.232Z] Received 49 unread message(s). Latest from=atlas
[LAZARUS-POLLER 2026-06-06T23:44:38.234Z] Received 49 unread message(s). Latest from=atlas
[LAZARUS-POLLER 2026-06-06T23:44:40.236Z] Received 49 unread message(s). Latest from=atlas
[LAZARUS-POLLER 2026-06-06T23:44:42.238Z] Received 49 unread message(s). Latest from=atlas
[LAZARUS-POLLER 2026-06-06T23:44:44.241Z] Received 49 unread message(s). Latest from=atlas
[LAZARUS-POLLER 2026-06-06T23:44:46.245Z] Received 49 unread message(s). Latest from=atlas
[LAZARUS-POLLER 2026-06-06T23:44:48.248Z] Buffered 10 message(s) to wakeup file
[LAZARUS-POLLER 2026-06-06T23:44:48.248Z] Received 50 unread message(s). Latest from=eric
[LAZARUS-POLLER 2026-06-06T23:44:50.250Z] Received 50 unread message(s). Latest from=eric
[LAZARUS-POLLER 2026-06-06T23:44:52.253Z] Received 50 unread message(s). Latest from=eric
[LAZARUS-POLLER 2026-06-06T23:44:54.255Z] Received 50 unread message(s). Latest from=eric
[LAZARUS-POLLER 2026-06-06T23:44:56.258Z] Received 50 unread message(s). Latest from=eric
[LAZARUS-POLLER 2026-06-06T23:44:58.261Z] Received 50 unread message(s). Latest from=eric
[LAZARUS-POLLER 2026-06-06T23:45:00.263Z] Received 50 unread message(s). Latest from=eric
[LAZARUS-POLLER 2026-06-06T23:45:02.267Z] Received 50 unread message(s). Latest from=eric
[LAZARUS-POLLER 2026-06-06T23:45:04.269Z] Received 50 unread message(s). Latest from=eric
[LAZARUS-POLLER 2026-06-06T23:45:06.272Z] Received 50 unread message(s). Latest from=eric
[LAZARUS-POLLER 2026-06-06T23:45:08.274Z] Received 50 unread message(s). Latest from=eric
[LAZARUS-POLLER 2026-06-06T23:45:10.277Z] Received 50 unread message(s). Latest from=eric
[LAZARUS-POLLER 2026-06-06T23:45:12.280Z] Received 50 unread message(s). Latest from=eric
[LAZARUS-POLLER 2026-06-06T23:45:14.283Z] Received 50 unread message(s). Latest from=eric
[LAZARUS-POLLER 2026-06-06T23:45:16.286Z] Received 50 unread message(s). Latest from=eric
[LAZARUS-POLLER 2026-06-06T23:45:18.290Z] Received 50 unread message(s). Latest from=eric
[LAZARUS-POLLER 2026-06-06T23:45:20.292Z] Received 50 unread message(s). Latest from=eric
[LAZARUS-POLLER 2026-06-06T23:45:22.296Z] Received 50 unread message(s). Latest from=eric
[LAZARUS-POLLER 2026-06-06T23:45:24.298Z] Received 50 unread message(s). Latest from=eric
[LAZARUS-POLLER 2026-06-06T23:45:26.300Z] Received 50 unread message(s). Latest from=eric
[LAZARUS-POLLER 2026-06-06T23:45:28.304Z] Received 50 unread message(s). Latest from=eric
[LAZARUS-POLLER 2026-06-06T23:45:30.307Z] Buffered 11 message(s) to wakeup file
[LAZARUS-POLLER 2026-06-06T23:45:30.307Z] Received 51 unread message(s). Latest from=eric
[LAZARUS-POLLER 2026-06-06T23:45:32.310Z] Buffered 13 message(s) to wakeup file
[LAZARUS-POLLER 2026-06-06T23:45:32.310Z] Received 53 unread message(s). Latest from=molly
[LAZARUS-POLLER 2026-06-06T23:45:34.313Z] Received 53 unread message(s). Latest from=molly
[LAZARUS-POLLER 2026-06-06T23:45:36.315Z] Received 53 unread message(s). Latest from=molly
[LAZARUS-POLLER 2026-06-06T23:45:38.319Z] Received 53 unread message(s). Latest from=molly
[LAZARUS-POLLER 2026-06-06T23:45:40.322Z] Received 53 unread message(s). Latest from=molly
[LAZARUS-POLLER 2026-06-06T23:45:42.324Z] Received 53 unread message(s). Latest from=molly
[LAZARUS-POLLER 2026-06-06T23:45:44.328Z] Received 53 unread message(s). Latest from=molly
[LAZARUS-POLLER 2026-06-06T23:45:46.331Z] Received 53 unread message(s). Latest from=molly
[LAZARUS-POLLER 2026-06-06T23:45:48.333Z] Received 53 unread message(s). Latest from=molly
[LAZARUS-POLLER 2026-06-06T23:45:50.335Z] Received 53 unread message(s). Latest from=molly
[LAZARUS-POLLER 2026-06-06T23:45:52.338Z] Buffered 14 message(s) to wakeup file
[LAZARUS-POLLER 2026-06-06T23:45:52.339Z] Received 54 unread message(s). Latest from=eric
[LAZARUS-POLLER 2026-06-06T23:45:54.342Z] Buffered 1 message(s) to wakeup file
[LAZARUS-POLLER 2026-06-06T23:45:54.342Z] Received 55 unread message(s). Latest from=molly
[LAZARUS-POLLER 2026-06-06T23:45:56.345Z] Received 55 unread message(s). Latest from=molly
[LAZARUS-POLLER 2026-06-06T23:45:58.348Z] Received 55 unread message(s). Latest from=molly
[LAZARUS-POLLER 2026-06-06T23:46:00.351Z] Received 55 unread message(s). Latest from=molly
[LAZARUS-POLLER 2026-06-06T23:47:52.472Z] Buffered 1 message(s) to wakeup file
[LAZARUS-POLLER 2026-06-06T23:47:52.472Z] Received 1 unread message(s). Latest from=molly
[LAZARUS-POLLER 2026-06-06T23:47:54.474Z] Received 1 unread message(s). Latest from=molly
[LAZARUS-POLLER 2026-06-06T23:47:56.476Z] Received 1 unread message(s). Latest from=molly
[LAZARUS-POLLER 2026-06-06T23:47:58.478Z] Received 1 unread message(s). Latest from=molly
[LAZARUS-POLLER 2026-06-06T23:48:00.479Z] Received 1 unread message(s). Latest from=molly
[LAZARUS-POLLER 2026-06-06T23:48:02.481Z] Received 1 unread message(s). Latest from=molly
[LAZARUS-POLLER 2026-06-06T23:48:04.484Z] Received 1 unread message(s). Latest from=molly
[LAZARUS-POLLER 2026-06-06T23:48:06.486Z] Received 1 unread message(s). Latest from=molly
[LAZARUS-POLLER 2026-06-06T23:48:08.489Z] Received 1 unread message(s). Latest from=molly
[LAZARUS-POLLER 2026-06-06T23:48:10.491Z] Received 1 unread message(s). Latest from=molly
[LAZARUS-POLLER 2026-06-06T23:48:12.494Z] Received 1 unread message(s). Latest from=molly
[LAZARUS-POLLER 2026-06-06T23:48:14.496Z] Received 1 unread message(s). Latest from=molly
[LAZARUS-POLLER 2026-06-06T23:48:16.498Z] Received 1 unread message(s). Latest from=molly
[LAZARUS-POLLER 2026-06-06T23:48:18.500Z] Received 1 unread message(s). Latest from=molly
[LAZARUS-POLLER 2026-06-06T23:48:20.502Z] Received 1 unread message(s). Latest from=molly
[LAZARUS-POLLER 2026-06-06T23:48:22.504Z] Received 1 unread message(s). Latest from=molly
[LAZARUS-POLLER 2026-06-06T23:48:24.506Z] Received 1 unread message(s). Latest from=molly
[LAZARUS-POLLER 2026-06-06T23:48:26.509Z] Received 1 unread message(s). Latest from=molly
[LAZARUS-POLLER 2026-06-06T23:48:28.512Z] Received 1 unread message(s). Latest from=molly
[LAZARUS-POLLER 2026-06-06T23:48:30.514Z] Received 1 unread message(s). Latest from=molly
[LAZARUS-POLLER 2026-06-06T23:48:32.516Z] Received 1 unread message(s). Latest from=molly
[LAZARUS-POLLER 2026-06-06T23:48:34.518Z] Received 1 unread message(s). Latest from=molly
[LAZARUS-POLLER 2026-06-06T23:48:36.521Z] Received 1 unread message(s). Latest from=molly
[LAZARUS-POLLER 2026-06-06T23:48:38.523Z] Received 1 unread message(s). Latest from=molly
[LAZARUS-POLLER 2026-06-06T23:48:40.525Z] Received 1 unread message(s). Latest from=molly
[LAZARUS-POLLER 2026-06-06T23:48:42.528Z] Received 1 unread message(s). Latest from=molly
[LAZARUS-POLLER 2026-06-06T23:48:44.531Z] Received 1 unread message(s). Latest from=molly
[LAZARUS-POLLER 2026-06-06T23:48:46.533Z] Received 1 unread message(s). Latest from=molly
[LAZARUS-POLLER 2026-06-06T23:48:48.536Z] Received 1 unread message(s). Latest from=molly
[LAZARUS-POLLER 2026-06-06T23:48:50.538Z] Received 1 unread message(s). Latest from=molly
[LAZARUS-POLLER 2026-06-06T23:48:52.540Z] Received 1 unread message(s). Latest from=molly
[LAZARUS-POLLER 2026-06-06T23:48:54.542Z] Received 1 unread message(s). Latest from=molly
[LAZARUS-POLLER 2026-06-06T23:48:56.544Z] Received 1 unread message(s). Latest from=molly
[LAZARUS-POLLER 2026-06-06T23:48:58.548Z] Received 1 unread message(s). Latest from=molly
[LAZARUS-POLLER 2026-06-06T23:49:00.550Z] Received 1 unread message(s). Latest from=molly
[LAZARUS-POLLER 2026-06-06T23:49:02.552Z] Received 1 unread message(s). Latest from=molly
[LAZARUS-POLLER 2026-06-06T23:49:04.554Z] Received 1 unread message(s). Latest from=molly
[LAZARUS-POLLER 2026-06-06T23:49:06.556Z] Received 1 unread message(s). Latest from=molly
[LAZARUS-POLLER 2026-06-06T23:49:08.559Z] Received 1 unread message(s). Latest from=molly
[LAZARUS-POLLER 2026-06-06T23:49:10.561Z] Received 1 unread message(s). Latest from=molly
[LAZARUS-POLLER 2026-06-06T23:49:12.563Z] Received 1 unread message(s). Latest from=molly
[LAZARUS-POLLER 2026-06-06T23:49:14.565Z] Received 1 unread message(s). Latest from=molly
[LAZARUS-POLLER 2026-06-06T23:49:16.568Z] Received 1 unread message(s). Latest from=molly
[LAZARUS-POLLER 2026-06-06T23:49:18.571Z] Received 1 unread message(s). Latest from=molly
[LAZARUS-POLLER 2026-06-06T23:49:20.573Z] Received 1 unread message(s). Latest from=molly
[LAZARUS-POLLER 2026-06-06T23:49:22.575Z] Received 1 unread message(s). Latest from=molly
[LAZARUS-POLLER 2026-06-06T23:49:24.578Z] Received 1 unread message(s). Latest from=molly
[LAZARUS-POLLER 2026-06-06T23:49:26.581Z] Received 1 unread message(s). Latest from=molly
[LAZARUS-POLLER 2026-06-06T23:49:28.583Z] Received 1 unread message(s). Latest from=molly
[LAZARUS-POLLER 2026-06-06T23:49:30.585Z] Received 1 unread message(s). Latest from=molly
[LAZARUS-POLLER 2026-06-06T23:49:32.587Z] Received 2 unread message(s). Latest from=atlas
[LAZARUS-POLLER 2026-06-06T23:49:34.589Z] Received 2 unread message(s). Latest from=atlas
[LAZARUS-POLLER 2026-06-06T23:49:36.591Z] Received 2 unread message(s). Latest from=atlas
[LAZARUS-POLLER 2026-06-06T23:49:38.594Z] Received 2 unread message(s). Latest from=atlas
[LAZARUS-POLLER 2026-06-06T23:49:40.596Z] Received 2 unread message(s). Latest from=atlas
[LAZARUS-POLLER 2026-06-06T23:49:42.598Z] Received 2 unread message(s). Latest from=atlas
[LAZARUS-POLLER 2026-06-06T23:49:44.600Z] Received 2 unread message(s). Latest from=atlas
[LAZARUS-POLLER 2026-06-06T23:49:46.602Z] Received 2 unread message(s). Latest from=atlas
[LAZARUS-POLLER 2026-06-06T23:49:48.605Z] Received 2 unread message(s). Latest from=atlas
[LAZARUS-POLLER 2026-06-06T23:49:50.607Z] Received 2 unread message(s). Latest from=atlas
[LAZARUS-POLLER 2026-06-06T23:49:52.610Z] Buffered 1 message(s) to wakeup file
[LAZARUS-POLLER 2026-06-06T23:49:52.610Z] Received 3 unread message(s). Latest from=molly
[LAZARUS-POLLER 2026-06-06T23:49:54.612Z] Received 3 unread message(s). Latest from=molly
[LAZARUS-POLLER 2026-06-06T23:49:56.614Z] Received 3 unread message(s). Latest from=molly
[LAZARUS-POLLER 2026-06-06T23:49:58.617Z] Received 3 unread message(s). Latest from=molly
[LAZARUS-POLLER 2026-06-06T23:50:00.620Z] Received 3 unread message(s). Latest from=molly
[LAZARUS-POLLER 2026-06-06T23:50:02.622Z] Received 3 unread message(s). Latest from=molly
[LAZARUS-POLLER 2026-06-06T23:50:04.623Z] Received 3 unread message(s). Latest from=molly
[LAZARUS-POLLER 2026-06-06T23:50:06.625Z] Received 3 unread message(s). Latest from=molly
[LAZARUS-POLLER 2026-06-06T23:50:08.628Z] Received 3 unread message(s). Latest from=molly
[LAZARUS-POLLER 2026-06-06T23:51:54.741Z] Buffered 1 message(s) to wakeup file
[LAZARUS-POLLER 2026-06-06T23:51:54.741Z] Received 1 unread message(s). Latest from=molly
[LAZARUS-POLLER 2026-06-06T23:51:56.744Z] Received 1 unread message(s). Latest from=molly
[LAZARUS-POLLER 2026-06-06T23:51:58.746Z] Received 1 unread message(s). Latest from=molly
[LAZARUS-POLLER 2026-06-06T23:52:00.748Z] Received 1 unread message(s). Latest from=molly
[LAZARUS-POLLER 2026-06-06T23:52:02.749Z] Received 1 unread message(s). Latest from=molly
[LAZARUS-POLLER 2026-06-06T23:52:04.752Z] Received 1 unread message(s). Latest from=molly
[LAZARUS-POLLER 2026-06-06T23:52:06.755Z] Received 1 unread message(s). Latest from=molly
[LAZARUS-POLLER 2026-06-06T23:52:08.758Z] Received 1 unread message(s). Latest from=molly
[LAZARUS-POLLER 2026-06-06T23:52:10.761Z] Received 1 unread message(s). Latest from=molly
[LAZARUS-POLLER 2026-06-06T23:52:12.764Z] Received 1 unread message(s). Latest from=molly
[LAZARUS-POLLER 2026-06-06T23:52:14.766Z] Received 1 unread message(s). Latest from=molly
[LAZARUS-POLLER 2026-06-06T23:52:16.768Z] Received 1 unread message(s). Latest from=molly
[LAZARUS-POLLER 2026-06-06T23:52:18.771Z] Received 1 unread message(s). Latest from=molly
[LAZARUS-POLLER 2026-06-06T23:52:20.774Z] Received 1 unread message(s). Latest from=molly
[LAZARUS-POLLER 2026-06-06T23:52:22.776Z] Received 1 unread message(s). Latest from=molly
[LAZARUS-POLLER 2026-06-06T23:52:24.777Z] Received 1 unread message(s). Latest from=molly
[LAZARUS-POLLER 2026-06-06T23:52:26.780Z] Received 1 unread message(s). Latest from=molly
[LAZARUS-POLLER 2026-06-06T23:52:28.782Z] Received 1 unread message(s). Latest from=molly
[LAZARUS-POLLER 2026-06-06T23:52:30.784Z] Received 1 unread message(s). Latest from=molly
[LAZARUS-POLLER 2026-06-06T23:52:32.786Z] Received 1 unread message(s). Latest from=molly
[LAZARUS-POLLER 2026-06-06T23:52:34.788Z] Received 1 unread message(s). Latest from=molly
[LAZARUS-POLLER 2026-06-06T23:52:36.790Z] Received 1 unread message(s). Latest from=molly
[LAZARUS-POLLER 2026-06-06T23:52:38.793Z] Received 2 unread message(s). Latest from=eric
[LAZARUS-POLLER 2026-06-06T23:52:40.796Z] Received 2 unread message(s). Latest from=eric
[LAZARUS-POLLER 2026-06-06T23:52:42.798Z] Received 2 unread message(s). Latest from=eric
[LAZARUS-POLLER 2026-06-06T23:52:44.800Z] Received 2 unread message(s). Latest from=eric
[LAZARUS-POLLER 2026-06-06T23:52:46.803Z] Received 2 unread message(s). Latest from=eric
[LAZARUS-POLLER 2026-06-06T23:52:48.806Z] Received 2 unread message(s). Latest from=eric
[LAZARUS-POLLER 2026-06-06T23:52:50.808Z] Received 2 unread message(s). Latest from=eric
[LAZARUS-POLLER 2026-06-06T23:52:52.812Z] Received 2 unread message(s). Latest from=eric
[LAZARUS-POLLER 2026-06-06T23:52:54.814Z] Received 2 unread message(s). Latest from=eric
[LAZARUS-POLLER 2026-06-06T23:52:56.817Z] Received 2 unread message(s). Latest from=eric
[LAZARUS-POLLER 2026-06-06T23:52:58.819Z] Received 3 unread message(s). Latest from=eric
[LAZARUS-POLLER 2026-06-06T23:53:00.821Z] Received 3 unread message(s). Latest from=eric
[LAZARUS-POLLER 2026-06-06T23:53:02.823Z] Received 3 unread message(s). Latest from=eric
[LAZARUS-POLLER 2026-06-06T23:53:04.824Z] Received 3 unread message(s). Latest from=eric
[LAZARUS-POLLER 2026-06-06T23:53:06.826Z] Received 3 unread message(s). Latest from=eric
[LAZARUS-POLLER 2026-06-06T23:53:08.828Z] Received 3 unread message(s). Latest from=eric
[LAZARUS-POLLER 2026-06-06T23:53:10.831Z] Received 3 unread message(s). Latest from=eric
[LAZARUS-POLLER 2026-06-06T23:53:12.835Z] Received 3 unread message(s). Latest from=eric
[LAZARUS-POLLER 2026-06-06T23:53:14.837Z] Received 3 unread message(s). Latest from=eric
[LAZARUS-POLLER 2026-06-06T23:53:16.838Z] Received 3 unread message(s). Latest from=eric
[LAZARUS-POLLER 2026-06-06T23:53:18.841Z] Received 3 unread message(s). Latest from=eric
[LAZARUS-POLLER 2026-06-06T23:53:20.843Z] Received 3 unread message(s). Latest from=eric
[LAZARUS-POLLER 2026-06-06T23:53:22.845Z] Received 4 unread message(s). Latest from=eric
[LAZARUS-POLLER 2026-06-06T23:53:24.847Z] Received 4 unread message(s). Latest from=eric
[LAZARUS-POLLER 2026-06-06T23:53:26.849Z] Received 4 unread message(s). Latest from=eric
[LAZARUS-POLLER 2026-06-06T23:53:28.851Z] Received 4 unread message(s). Latest from=eric
[LAZARUS-POLLER 2026-06-06T23:53:30.853Z] Received 4 unread message(s). Latest from=eric
[LAZARUS-POLLER 2026-06-06T23:53:32.855Z] Received 4 unread message(s). Latest from=eric
[LAZARUS-POLLER 2026-06-06T23:53:34.857Z] Received 4 unread message(s). Latest from=eric
[LAZARUS-POLLER 2026-06-06T23:53:36.860Z] Received 4 unread message(s). Latest from=eric
[LAZARUS-POLLER 2026-06-06T23:53:38.862Z] Received 4 unread message(s). Latest from=eric
[LAZARUS-POLLER 2026-06-06T23:53:40.864Z] Received 4 unread message(s). Latest from=eric
[LAZARUS-POLLER 2026-06-06T23:53:42.866Z] Received 4 unread message(s). Latest from=eric
[LAZARUS-POLLER 2026-06-06T23:53:44.868Z] Received 4 unread message(s). Latest from=eric
[LAZARUS-POLLER 2026-06-06T23:53:46.870Z] Received 5 unread message(s). Latest from=eric
[LAZARUS-POLLER 2026-06-06T23:53:48.872Z] Received 5 unread message(s). Latest from=eric
[LAZARUS-POLLER 2026-06-06T23:53:50.874Z] Received 5 unread message(s). Latest from=eric
[LAZARUS-POLLER 2026-06-06T23:53:52.876Z] Received 5 unread message(s). Latest from=eric
[LAZARUS-POLLER 2026-06-06T23:53:54.879Z] Buffered 1 message(s) to wakeup file
[LAZARUS-POLLER 2026-06-06T23:53:54.879Z] Received 6 unread message(s). Latest from=molly
[LAZARUS-POLLER 2026-06-06T23:53:56.881Z] Received 6 unread message(s). Latest from=molly
[LAZARUS-POLLER 2026-06-06T23:53:58.883Z] Received 6 unread message(s). Latest from=molly
[LAZARUS-POLLER 2026-06-06T23:54:00.885Z] Received 6 unread message(s). Latest from=molly
[LAZARUS-POLLER 2026-06-06T23:54:02.888Z] Received 6 unread message(s). Latest from=molly
[LAZARUS-POLLER 2026-06-06T23:54:04.890Z] Received 6 unread message(s). Latest from=molly
[LAZARUS-POLLER 2026-06-06T23:54:06.893Z] Received 6 unread message(s). Latest from=molly
[LAZARUS-POLLER 2026-06-06T23:54:08.895Z] Received 6 unread message(s). Latest from=molly
[LAZARUS-POLLER 2026-06-06T23:54:10.898Z] Received 6 unread message(s). Latest from=molly
[LAZARUS-POLLER 2026-06-06T23:54:12.901Z] Received 6 unread message(s). Latest from=molly
[LAZARUS-POLLER 2026-06-06T23:54:14.904Z] Received 6 unread message(s). Latest from=molly
[LAZARUS-POLLER 2026-06-06T23:54:16.906Z] Received 6 unread message(s). Latest from=molly
[LAZARUS-POLLER 2026-06-06T23:54:18.908Z] Received 7 unread message(s). Latest from=eric
[LAZARUS-POLLER 2026-06-06T23:54:20.910Z] Received 7 unread message(s). Latest from=eric
[LAZARUS-POLLER 2026-06-06T23:54:22.912Z] Received 7 unread message(s). Latest from=eric
[LAZARUS-POLLER 2026-06-06T23:54:24.914Z] Received 7 unread message(s). Latest from=eric
[LAZARUS-POLLER 2026-06-06T23:54:26.916Z] Received 7 unread message(s). Latest from=eric
[LAZARUS-POLLER 2026-06-06T23:54:28.919Z] Received 7 unread message(s). Latest from=eric
[LAZARUS-POLLER 2026-06-06T23:54:30.921Z] Received 7 unread message(s). Latest from=eric
[LAZARUS-POLLER 2026-06-06T23:54:32.923Z] Received 8 unread message(s). Latest from=atlas
[LAZARUS-POLLER 2026-06-06T23:54:34.926Z] Received 8 unread message(s). Latest from=atlas
[LAZARUS-POLLER 2026-06-06T23:54:36.928Z] Received 8 unread message(s). Latest from=atlas
[LAZARUS-POLLER 2026-06-06T23:54:38.930Z] Received 8 unread message(s). Latest from=atlas
[LAZARUS-POLLER 2026-06-06T23:54:40.933Z] Received 8 unread message(s). Latest from=atlas
[LAZARUS-POLLER 2026-06-06T23:54:42.935Z] Received 8 unread message(s). Latest from=atlas
[LAZARUS-POLLER 2026-06-06T23:54:44.937Z] Received 8 unread message(s). Latest from=atlas
[LAZARUS-POLLER 2026-06-06T23:54:46.939Z] Received 8 unread message(s). Latest from=atlas
[LAZARUS-POLLER 2026-06-06T23:54:48.942Z] Received 8 unread message(s). Latest from=atlas
[LAZARUS-POLLER 2026-06-06T23:54:50.944Z] Received 8 unread message(s). Latest from=atlas
[LAZARUS-POLLER 2026-06-06T23:54:52.946Z] Received 8 unread message(s). Latest from=atlas
[LAZARUS-POLLER 2026-06-06T23:54:54.948Z] Received 8 unread message(s). Latest from=atlas
[LAZARUS-POLLER 2026-06-06T23:54:56.950Z] Received 8 unread message(s). Latest from=atlas
[LAZARUS-POLLER 2026-06-06T23:54:58.953Z] Received 8 unread message(s). Latest from=atlas
[LAZARUS-POLLER 2026-06-06T23:55:00.955Z] Received 8 unread message(s). Latest from=atlas
[LAZARUS-POLLER 2026-06-06T23:55:02.958Z] Received 8 unread message(s). Latest from=atlas
[LAZARUS-POLLER 2026-06-06T23:55:04.961Z] Received 8 unread message(s). Latest from=atlas
[LAZARUS-POLLER 2026-06-06T23:55:06.963Z] Received 8 unread message(s). Latest from=atlas
[LAZARUS-POLLER 2026-06-06T23:55:08.965Z] Received 8 unread message(s). Latest from=atlas
[LAZARUS-POLLER 2026-06-06T23:55:10.967Z] Received 8 unread message(s). Latest from=atlas
[LAZARUS-POLLER 2026-06-06T23:55:12.970Z] Received 8 unread message(s). Latest from=atlas
[LAZARUS-POLLER 2026-06-06T23:55:14.972Z] Received 8 unread message(s). Latest from=atlas
[LAZARUS-POLLER 2026-06-06T23:55:16.974Z] Received 8 unread message(s). Latest from=atlas
[LAZARUS-POLLER 2026-06-06T23:55:18.977Z] Received 8 unread message(s). Latest from=atlas
[LAZARUS-POLLER 2026-06-06T23:55:20.979Z] Received 8 unread message(s). Latest from=atlas
[LAZARUS-POLLER 2026-06-06T23:55:22.982Z] Received 8 unread message(s). Latest from=atlas
[LAZARUS-POLLER 2026-06-06T23:55:24.984Z] Received 8 unread message(s). Latest from=atlas
[LAZARUS-POLLER 2026-06-06T23:55:26.985Z] Received 8 unread message(s). Latest from=atlas
[LAZARUS-POLLER 2026-06-06T23:55:28.987Z] Received 9 unread message(s). Latest from=atlas
[LAZARUS-POLLER 2026-06-06T23:55:30.989Z] Received 9 unread message(s). Latest from=atlas
[LAZARUS-POLLER 2026-06-06T23:55:32.991Z] Received 9 unread message(s). Latest from=atlas
[LAZARUS-POLLER 2026-06-06T23:55:34.993Z] Received 10 unread message(s). Latest from=gemini
[LAZARUS-POLLER 2026-06-06T23:55:36.996Z] Received 10 unread message(s). Latest from=gemini
[LAZARUS-POLLER 2026-06-06T23:55:38.998Z] Received 10 unread message(s). Latest from=gemini
[LAZARUS-POLLER 2026-06-06T23:55:41.000Z] Received 10 unread message(s). Latest from=gemini
[LAZARUS-POLLER 2026-06-06T23:55:43.003Z] Received 10 unread message(s). Latest from=gemini
[LAZARUS-POLLER 2026-06-06T23:55:45.006Z] Received 10 unread message(s). Latest from=gemini
[LAZARUS-POLLER 2026-06-06T23:55:47.007Z] Received 10 unread message(s). Latest from=gemini
[LAZARUS-POLLER 2026-06-06T23:55:49.011Z] Received 10 unread message(s). Latest from=gemini
[LAZARUS-POLLER 2026-06-06T23:55:51.014Z] Received 10 unread message(s). Latest from=gemini
[LAZARUS-POLLER 2026-06-06T23:55:53.016Z] Received 10 unread message(s). Latest from=gemini
[LAZARUS-POLLER 2026-06-06T23:55:55.019Z] Buffered 1 message(s) to wakeup file
[LAZARUS-POLLER 2026-06-06T23:55:55.019Z] Received 11 unread message(s). Latest from=molly
[LAZARUS-POLLER 2026-06-06T23:55:57.022Z] Received 11 unread message(s). Latest from=molly
[LAZARUS-POLLER 2026-06-06T23:55:59.023Z] Received 11 unread message(s). Latest from=molly
[LAZARUS-POLLER 2026-06-06T23:56:01.025Z] Received 11 unread message(s). Latest from=molly
[LAZARUS-POLLER 2026-06-06T23:56:03.028Z] Received 11 unread message(s). Latest from=molly
[LAZARUS-POLLER 2026-06-06T23:56:05.030Z] Received 11 unread message(s). Latest from=molly
[LAZARUS-POLLER 2026-06-06T23:56:07.033Z] Received 11 unread message(s). Latest from=molly
[LAZARUS-POLLER 2026-06-06T23:56:09.035Z] Received 11 unread message(s). Latest from=molly
[LAZARUS-POLLER 2026-06-06T23:56:11.038Z] Received 11 unread message(s). Latest from=molly
[LAZARUS-POLLER 2026-06-06T23:56:13.040Z] Received 11 unread message(s). Latest from=molly
[LAZARUS-POLLER 2026-06-06T23:56:15.044Z] Received 11 unread message(s). Latest from=molly
[LAZARUS-POLLER 2026-06-06T23:56:17.046Z] Received 11 unread message(s). Latest from=molly
[LAZARUS-POLLER 2026-06-06T23:56:19.048Z] Received 11 unread message(s). Latest from=molly
[LAZARUS-POLLER 2026-06-06T23:56:21.050Z] Received 11 unread message(s). Latest from=molly
[LAZARUS-POLLER 2026-06-06T23:56:23.054Z] Received 11 unread message(s). Latest from=molly
[LAZARUS-POLLER 2026-06-06T23:56:25.056Z] Received 11 unread message(s). Latest from=molly
[LAZARUS-POLLER 2026-06-06T23:56:27.059Z] Received 11 unread message(s). Latest from=molly
[LAZARUS-POLLER 2026-06-06T23:56:29.062Z] Received 11 unread message(s). Latest from=molly
[LAZARUS-POLLER 2026-06-06T23:56:31.065Z] Received 11 unread message(s). Latest from=molly
[LAZARUS-POLLER 2026-06-06T23:56:33.067Z] Received 11 unread message(s). Latest from=molly
[LAZARUS-POLLER 2026-06-06T23:56:35.069Z] Received 11 unread message(s). Latest from=molly
[LAZARUS-POLLER 2026-06-06T23:56:37.071Z] Received 11 unread message(s). Latest from=molly
[LAZARUS-POLLER 2026-06-06T23:56:39.073Z] Received 11 unread message(s). Latest from=molly
[LAZARUS-POLLER 2026-06-06T23:56:41.076Z] Received 11 unread message(s). Latest from=molly
[LAZARUS-POLLER 2026-06-06T23:56:43.078Z] Received 11 unread message(s). Latest from=molly
[LAZARUS-POLLER 2026-06-06T23:56:45.080Z] Received 11 unread message(s). Latest from=molly
[LAZARUS-POLLER 2026-06-06T23:56:47.082Z] Received 11 unread message(s). Latest from=molly
[LAZARUS-POLLER 2026-06-06T23:56:49.084Z] Received 11 unread message(s). Latest from=molly
[LAZARUS-POLLER 2026-06-06T23:56:51.086Z] Received 11 unread message(s). Latest from=molly
[LAZARUS-POLLER 2026-06-06T23:56:53.089Z] Received 11 unread message(s). Latest from=molly
[LAZARUS-POLLER 2026-06-06T23:56:55.091Z] Received 11 unread message(s). Latest from=molly
[LAZARUS-POLLER 2026-06-06T23:56:57.093Z] Received 11 unread message(s). Latest from=molly
[LAZARUS-POLLER 2026-06-06T23:56:59.096Z] Received 11 unread message(s). Latest from=molly
[LAZARUS-POLLER 2026-06-06T23:57:01.098Z] Received 11 unread message(s). Latest from=molly
[LAZARUS-POLLER 2026-06-06T23:57:03.101Z] Received 11 unread message(s). Latest from=molly
[LAZARUS-POLLER 2026-06-06T23:57:05.102Z] Received 11 unread message(s). Latest from=molly
[LAZARUS-POLLER 2026-06-06T23:57:07.105Z] Received 11 unread message(s). Latest from=molly
[LAZARUS-POLLER 2026-06-06T23:57:09.107Z] Received 11 unread message(s). Latest from=molly
[LAZARUS-POLLER 2026-06-06T23:57:11.110Z] Received 11 unread message(s). Latest from=molly
[LAZARUS-POLLER 2026-06-06T23:57:13.112Z] Received 11 unread message(s). Latest from=molly
[LAZARUS-POLLER 2026-06-06T23:57:15.114Z] Received 11 unread message(s). Latest from=molly
[LAZARUS-POLLER 2026-06-06T23:57:17.116Z] Received 11 unread message(s). Latest from=molly
[LAZARUS-POLLER 2026-06-06T23:57:19.118Z] Received 11 unread message(s). Latest from=molly
[LAZARUS-POLLER 2026-06-06T23:57:21.120Z] Received 11 unread message(s). Latest from=molly
[LAZARUS-POLLER 2026-06-06T23:57:23.123Z] Received 11 unread message(s). Latest from=molly
[LAZARUS-POLLER 2026-06-06T23:57:25.126Z] Received 11 unread message(s). Latest from=molly
[LAZARUS-POLLER 2026-06-06T23:57:27.128Z] Received 11 unread message(s). Latest from=molly
[LAZARUS-POLLER 2026-06-06T23:57:29.132Z] Received 11 unread message(s). Latest from=molly
[LAZARUS-POLLER 2026-06-06T23:57:31.134Z] Received 11 unread message(s). Latest from=molly
[LAZARUS-POLLER 2026-06-06T23:57:33.137Z] Received 11 unread message(s). Latest from=molly
[LAZARUS-POLLER 2026-06-06T23:57:35.139Z] Received 11 unread message(s). Latest from=molly
[LAZARUS-POLLER 2026-06-06T23:57:37.142Z] Received 11 unread message(s). Latest from=molly
[LAZARUS-POLLER 2026-06-06T23:57:39.144Z] Received 11 unread message(s). Latest from=molly
[LAZARUS-POLLER 2026-06-06T23:57:41.146Z] Received 12 unread message(s). Latest from=eric
[LAZARUS-POLLER 2026-06-06T23:57:43.149Z] Received 12 unread message(s). Latest from=eric
[LAZARUS-POLLER 2026-06-06T23:57:45.152Z] Received 12 unread message(s). Latest from=eric
[LAZARUS-POLLER 2026-06-06T23:57:47.155Z] Received 12 unread message(s). Latest from=eric
[LAZARUS-POLLER 2026-06-06T23:57:49.157Z] Received 12 unread message(s). Latest from=eric
[LAZARUS-POLLER 2026-06-06T23:57:51.159Z] Received 12 unread message(s). Latest from=eric
[LAZARUS-POLLER 2026-06-06T23:57:53.161Z] Received 12 unread message(s). Latest from=eric
[LAZARUS-POLLER 2026-06-06T23:57:55.163Z] Buffered 1 message(s) to wakeup file
[LAZARUS-POLLER 2026-06-06T23:57:55.164Z] Received 13 unread message(s). Latest from=molly
[LAZARUS-POLLER 2026-06-06T23:57:57.167Z] Received 13 unread message(s). Latest from=molly
[LAZARUS-POLLER 2026-06-06T23:57:59.169Z] Received 13 unread message(s). Latest from=molly
[LAZARUS-POLLER 2026-06-06T23:58:01.171Z] Received 13 unread message(s). Latest from=molly
[LAZARUS-POLLER 2026-06-06T23:58:03.174Z] Received 13 unread message(s). Latest from=molly
[LAZARUS-POLLER 2026-06-06T23:58:05.176Z] Received 13 unread message(s). Latest from=molly
[LAZARUS-POLLER 2026-06-06T23:58:07.178Z] Received 13 unread message(s). Latest from=molly
[LAZARUS-POLLER 2026-06-06T23:58:09.180Z] Received 13 unread message(s). Latest from=molly
[LAZARUS-POLLER 2026-06-06T23:58:11.182Z] Received 13 unread message(s). Latest from=molly
[LAZARUS-POLLER 2026-06-06T23:58:13.185Z] Received 13 unread message(s). Latest from=molly
[LAZARUS-POLLER 2026-06-06T23:58:15.187Z] Received 13 unread message(s). Latest from=molly
[LAZARUS-POLLER 2026-06-06T23:58:17.189Z] Received 13 unread message(s). Latest from=molly
[LAZARUS-POLLER 2026-06-06T23:58:19.192Z] Received 13 unread message(s). Latest from=molly
[LAZARUS-POLLER 2026-06-06T23:58:21.194Z] Received 13 unread message(s). Latest from=molly
[LAZARUS-POLLER 2026-06-06T23:58:23.196Z] Received 14 unread message(s). Latest from=eric
[LAZARUS-POLLER 2026-06-06T23:58:25.198Z] Received 14 unread message(s). Latest from=eric
[LAZARUS-POLLER 2026-06-06T23:58:27.200Z] Received 14 unread message(s). Latest from=eric
[LAZARUS-POLLER 2026-06-06T23:58:29.203Z] Received 14 unread message(s). Latest from=eric
[LAZARUS-POLLER 2026-06-06T23:58:31.205Z] Received 14 unread message(s). Latest from=eric
[LAZARUS-POLLER 2026-06-06T23:58:33.207Z] Received 14 unread message(s). Latest from=eric
[LAZARUS-POLLER 2026-06-06T23:58:35.209Z] Received 14 unread message(s). Latest from=eric
[LAZARUS-POLLER 2026-06-06T23:58:37.211Z] Received 14 unread message(s). Latest from=eric
[LAZARUS-POLLER 2026-06-06T23:58:39.214Z] Received 14 unread message(s). Latest from=eric
[LAZARUS-POLLER 2026-06-06T23:58:41.216Z] Received 14 unread message(s). Latest from=eric
[LAZARUS-POLLER 2026-06-06T23:58:43.218Z] Received 14 unread message(s). Latest from=eric
[LAZARUS-POLLER 2026-06-06T23:58:45.222Z] Received 14 unread message(s). Latest from=eric
[LAZARUS-POLLER 2026-06-06T23:58:47.225Z] Received 14 unread message(s). Latest from=eric
[LAZARUS-POLLER 2026-06-06T23:58:49.226Z] Received 14 unread message(s). Latest from=eric
[LAZARUS-POLLER 2026-06-06T23:58:51.228Z] Received 14 unread message(s). Latest from=eric
[LAZARUS-POLLER 2026-06-06T23:58:53.232Z] Received 14 unread message(s). Latest from=eric
[LAZARUS-POLLER 2026-06-06T23:58:55.235Z] Received 14 unread message(s). Latest from=eric
[LAZARUS-POLLER 2026-06-06T23:58:57.237Z] Received 14 unread message(s). Latest from=eric
[LAZARUS-POLLER 2026-06-06T23:58:59.240Z] Received 14 unread message(s). Latest from=eric
[LAZARUS-POLLER 2026-06-06T23:59:01.242Z] Received 14 unread message(s). Latest from=eric
[LAZARUS-POLLER 2026-06-06T23:59:03.243Z] Received 14 unread message(s). Latest from=eric
[LAZARUS-POLLER 2026-06-06T23:59:05.245Z] Received 14 unread message(s). Latest from=eric
[LAZARUS-POLLER 2026-06-06T23:59:07.248Z] Received 14 unread message(s). Latest from=eric
[LAZARUS-POLLER 2026-06-06T23:59:09.250Z] Received 14 unread message(s). Latest from=eric
[LAZARUS-POLLER 2026-06-06T23:59:11.252Z] Received 15 unread message(s). Latest from=eric
[LAZARUS-POLLER 2026-06-06T23:59:13.255Z] Received 15 unread message(s). Latest from=eric
[LAZARUS-POLLER 2026-06-06T23:59:15.257Z] Received 15 unread message(s). Latest from=eric
[LAZARUS-POLLER 2026-06-06T23:59:17.258Z] Received 15 unread message(s). Latest from=eric
[LAZARUS-POLLER 2026-06-06T23:59:19.260Z] Received 15 unread message(s). Latest from=eric
[LAZARUS-POLLER 2026-06-06T23:59:21.262Z] Received 15 unread message(s). Latest from=eric
[LAZARUS-POLLER 2026-06-06T23:59:23.264Z] Received 15 unread message(s). Latest from=eric
[LAZARUS-POLLER 2026-06-06T23:59:25.267Z] Received 15 unread message(s). Latest from=eric
[LAZARUS-POLLER 2026-06-06T23:59:27.269Z] Received 15 unread message(s). Latest from=eric
[LAZARUS-POLLER 2026-06-06T23:59:29.270Z] Received 15 unread message(s). Latest from=eric
[LAZARUS-POLLER 2026-06-06T23:59:31.272Z] Received 15 unread message(s). Latest from=eric
[LAZARUS-POLLER 2026-06-06T23:59:33.274Z] Received 15 unread message(s). Latest from=eric
[LAZARUS-POLLER 2026-06-06T23:59:35.276Z] Received 15 unread message(s). Latest from=eric
[LAZARUS-POLLER 2026-06-06T23:59:37.278Z] Received 16 unread message(s). Latest from=eric
[LAZARUS-POLLER 2026-06-06T23:59:39.280Z] Received 16 unread message(s). Latest from=eric
[LAZARUS-POLLER 2026-06-06T23:59:41.282Z] Received 16 unread message(s). Latest from=eric
[LAZARUS-POLLER 2026-06-06T23:59:43.285Z] Received 16 unread message(s). Latest from=eric
[LAZARUS-POLLER 2026-06-06T23:59:45.287Z] Received 16 unread message(s). Latest from=eric
[LAZARUS-POLLER 2026-06-06T23:59:47.289Z] Received 16 unread message(s). Latest from=eric
[LAZARUS-POLLER 2026-06-06T23:59:49.292Z] Received 16 unread message(s). Latest from=eric
[LAZARUS-POLLER 2026-06-06T23:59:51.294Z] Received 16 unread message(s). Latest from=eric
[LAZARUS-POLLER 2026-06-06T23:59:53.296Z] Received 16 unread message(s). Latest from=eric
[LAZARUS-POLLER 2026-06-06T23:59:55.298Z] Buffered 1 message(s) to wakeup file
[LAZARUS-POLLER 2026-06-06T23:59:55.298Z] Received 17 unread message(s). Latest from=molly
[LAZARUS-POLLER 2026-06-06T23:59:57.301Z] Received 17 unread message(s). Latest from=molly
[LAZARUS-POLLER 2026-06-06T23:59:59.303Z] Received 17 unread message(s). Latest from=molly
[LAZARUS-POLLER 2026-06-07T00:00:01.305Z] Received 17 unread message(s). Latest from=molly
[LAZARUS-POLLER 2026-06-07T00:00:03.307Z] Received 17 unread message(s). Latest from=molly
[LAZARUS-POLLER 2026-06-07T00:00:05.309Z] Received 17 unread message(s). Latest from=molly
[LAZARUS-POLLER 2026-06-07T00:00:07.312Z] Received 18 unread message(s). Latest from=eric
[LAZARUS-POLLER 2026-06-07T00:00:09.315Z] Received 18 unread message(s). Latest from=eric
[LAZARUS-POLLER 2026-06-07T00:00:11.317Z] Received 18 unread message(s). Latest from=eric
[LAZARUS-POLLER 2026-06-07T00:00:13.320Z] Received 18 unread message(s). Latest from=eric
[LAZARUS-POLLER 2026-06-07T00:00:15.322Z] Received 18 unread message(s). Latest from=eric
[LAZARUS-POLLER 2026-06-07T00:00:17.324Z] Received 18 unread message(s). Latest from=eric
[LAZARUS-POLLER 2026-06-07T00:00:19.327Z] Received 18 unread message(s). Latest from=eric
[LAZARUS-POLLER 2026-06-07T00:00:21.330Z] Received 18 unread message(s). Latest from=eric
[LAZARUS-POLLER 2026-06-07T00:00:23.332Z] Received 18 unread message(s). Latest from=eric
[LAZARUS-POLLER 2026-06-07T00:00:25.334Z] Received 18 unread message(s). Latest from=eric
[LAZARUS-POLLER 2026-06-07T00:00:27.336Z] Received 18 unread message(s). Latest from=eric
[LAZARUS-POLLER 2026-06-07T00:00:29.338Z] Received 18 unread message(s). Latest from=eric
[LAZARUS-POLLER 2026-06-07T00:00:31.341Z] Received 18 unread message(s). Latest from=eric
[LAZARUS-POLLER 2026-06-07T00:00:33.343Z] Received 19 unread message(s). Latest from=eric
[LAZARUS-POLLER 2026-06-07T00:00:35.346Z] Received 19 unread message(s). Latest from=eric
[LAZARUS-POLLER 2026-06-07T00:00:37.348Z] Received 19 unread message(s). Latest from=eric
[LAZARUS-POLLER 2026-06-07T00:00:39.350Z] Received 19 unread message(s). Latest from=eric
[LAZARUS-POLLER 2026-06-07T00:00:41.353Z] Received 19 unread message(s). Latest from=eric
[LAZARUS-POLLER 2026-06-07T00:00:43.355Z] Received 19 unread message(s). Latest from=eric
[LAZARUS-POLLER 2026-06-07T00:00:45.357Z] Received 19 unread message(s). Latest from=eric
[LAZARUS-POLLER 2026-06-07T00:00:47.359Z] Received 19 unread message(s). Latest from=eric
[LAZARUS-POLLER 2026-06-07T00:00:49.362Z] Received 19 unread message(s). Latest from=eric
[LAZARUS-POLLER 2026-06-07T00:00:51.365Z] Received 19 unread message(s). Latest from=eric
[LAZARUS-POLLER 2026-06-07T00:00:53.368Z] Received 19 unread message(s). Latest from=eric
[LAZARUS-POLLER 2026-06-07T00:00:55.370Z] Received 19 unread message(s). Latest from=eric
[LAZARUS-POLLER 2026-06-07T00:00:57.372Z] Received 19 unread message(s). Latest from=eric
[LAZARUS-POLLER 2026-06-07T00:00:59.376Z] Received 19 unread message(s). Latest from=eric
[LAZARUS-POLLER 2026-06-07T00:01:01.378Z] Received 19 unread message(s). Latest from=eric
[LAZARUS-POLLER 2026-06-07T00:01:03.381Z] Received 19 unread message(s). Latest from=eric
[LAZARUS-POLLER 2026-06-07T00:01:05.383Z] Received 19 unread message(s). Latest from=eric
[LAZARUS-POLLER 2026-06-07T00:01:07.385Z] Received 19 unread message(s). Latest from=eric
[LAZARUS-POLLER 2026-06-07T00:01:09.388Z] Received 19 unread message(s). Latest from=eric
[LAZARUS-POLLER 2026-06-07T00:01:11.390Z] Received 19 unread message(s). Latest from=eric
[LAZARUS-POLLER 2026-06-07T00:01:13.393Z] Received 19 unread message(s). Latest from=eric
[LAZARUS-POLLER 2026-06-07T00:01:15.396Z] Received 19 unread message(s). Latest from=eric
[LAZARUS-POLLER 2026-06-07T00:01:17.397Z] Received 19 unread message(s). Latest from=eric
[LAZARUS-POLLER 2026-06-07T00:01:19.398Z] Received 19 unread message(s). Latest from=eric
[LAZARUS-POLLER 2026-06-07T00:01:21.400Z] Received 19 unread message(s). Latest from=eric
[LAZARUS-POLLER 2026-06-07T00:01:23.402Z] Received 19 unread message(s). Latest from=eric
[LAZARUS-POLLER 2026-06-07T00:01:25.406Z] Received 19 unread message(s). Latest from=eric
[LAZARUS-POLLER 2026-06-07T00:01:27.408Z] Received 19 unread message(s). Latest from=eric
[LAZARUS-POLLER 2026-06-07T00:01:29.410Z] Received 19 unread message(s). Latest from=eric
[LAZARUS-POLLER 2026-06-07T00:01:31.413Z] Received 19 unread message(s). Latest from=eric
[LAZARUS-POLLER 2026-06-07T00:01:33.415Z] Received 19 unread message(s). Latest from=eric
[LAZARUS-POLLER 2026-06-07T00:01:35.417Z] Received 19 unread message(s). Latest from=eric
[LAZARUS-POLLER 2026-06-07T00:01:37.419Z] Received 19 unread message(s). Latest from=eric
[LAZARUS-POLLER 2026-06-07T00:01:39.422Z] Received 19 unread message(s). Latest from=eric
[LAZARUS-POLLER 2026-06-07T00:01:41.424Z] Received 19 unread message(s). Latest from=eric
[LAZARUS-POLLER 2026-06-07T00:01:43.426Z] Received 19 unread message(s). Latest from=eric
[LAZARUS-POLLER 2026-06-07T00:01:45.428Z] Received 19 unread message(s). Latest from=eric
[LAZARUS-POLLER 2026-06-07T00:01:47.430Z] Received 19 unread message(s). Latest from=eric
[LAZARUS-POLLER 2026-06-07T00:01:49.432Z] Received 19 unread message(s). Latest from=eric
[LAZARUS-POLLER 2026-06-07T00:01:51.434Z] Received 19 unread message(s). Latest from=eric
[LAZARUS-POLLER 2026-06-07T00:01:53.436Z] Received 19 unread message(s). Latest from=eric
[LAZARUS-POLLER 2026-06-07T00:01:55.439Z] Buffered 1 message(s) to wakeup file
[LAZARUS-POLLER 2026-06-07T00:01:55.439Z] Received 20 unread message(s). Latest from=molly
[LAZARUS-POLLER 2026-06-07T00:01:57.441Z] Received 20 unread message(s). Latest from=molly
[LAZARUS-POLLER 2026-06-07T00:01:59.443Z] Received 20 unread message(s). Latest from=molly
[LAZARUS-POLLER 2026-06-07T00:02:01.447Z] Received 20 unread message(s). Latest from=molly
[LAZARUS-POLLER 2026-06-07T00:02:03.449Z] Received 20 unread message(s). Latest from=molly
[LAZARUS-POLLER 2026-06-07T00:02:05.452Z] Received 20 unread message(s). Latest from=molly
[LAZARUS-POLLER 2026-06-07T00:02:07.454Z] Received 20 unread message(s). Latest from=molly
[LAZARUS-POLLER 2026-06-07T00:02:09.457Z] Received 20 unread message(s). Latest from=molly
[LAZARUS-POLLER 2026-06-07T00:02:11.459Z] Received 20 unread message(s). Latest from=molly
[LAZARUS-POLLER 2026-06-07T00:02:13.461Z] Received 20 unread message(s). Latest from=molly
[LAZARUS-POLLER 2026-06-07T00:02:15.464Z] Received 20 unread message(s). Latest from=molly
[LAZARUS-POLLER 2026-06-07T00:02:17.466Z] Received 20 unread message(s). Latest from=molly
[LAZARUS-POLLER 2026-06-07T00:02:19.467Z] Received 20 unread message(s). Latest from=molly
[LAZARUS-POLLER 2026-06-07T00:02:21.470Z] Received 20 unread message(s). Latest from=molly
[LAZARUS-POLLER 2026-06-07T00:02:23.472Z] Received 20 unread message(s). Latest from=molly
[LAZARUS-POLLER 2026-06-07T00:02:25.475Z] Received 20 unread message(s). Latest from=molly
[LAZARUS-POLLER 2026-06-07T00:02:27.477Z] Received 20 unread message(s). Latest from=molly
[LAZARUS-POLLER 2026-06-07T00:02:29.480Z] Received 20 unread message(s). Latest from=molly
[LAZARUS-POLLER 2026-06-07T00:02:31.483Z] Received 20 unread message(s). Latest from=molly
[LAZARUS-POLLER 2026-06-07T00:02:33.485Z] Received 20 unread message(s). Latest from=molly
[LAZARUS-POLLER 2026-06-07T00:02:35.487Z] Received 20 unread message(s). Latest from=molly
[LAZARUS-POLLER 2026-06-07T00:02:37.489Z] Received 20 unread message(s). Latest from=molly
[LAZARUS-POLLER 2026-06-07T00:02:39.491Z] Received 20 unread message(s). Latest from=molly
[LAZARUS-POLLER 2026-06-07T00:02:41.494Z] Received 20 unread message(s). Latest from=molly
[LAZARUS-POLLER 2026-06-07T00:02:43.496Z] Received 20 unread message(s). Latest from=molly
[LAZARUS-POLLER 2026-06-07T00:02:45.498Z] Received 20 unread message(s). Latest from=molly
[LAZARUS-POLLER 2026-06-07T00:02:47.501Z] Received 20 unread message(s). Latest from=molly
[LAZARUS-POLLER 2026-06-07T00:02:49.503Z] Received 20 unread message(s). Latest from=molly
[LAZARUS-POLLER 2026-06-07T00:02:51.505Z] Received 20 unread message(s). Latest from=molly
[LAZARUS-POLLER 2026-06-07T00:02:53.507Z] Received 20 unread message(s). Latest from=molly
[LAZARUS-POLLER 2026-06-07T00:02:55.510Z] Received 20 unread message(s). Latest from=molly
[LAZARUS-POLLER 2026-06-07T00:02:57.512Z] Received 20 unread message(s). Latest from=molly
[LAZARUS-POLLER 2026-06-07T00:02:59.514Z] Received 20 unread message(s). Latest from=molly
[LAZARUS-POLLER 2026-06-07T00:03:01.517Z] Received 20 unread message(s). Latest from=molly
[LAZARUS-POLLER 2026-06-07T00:03:03.519Z] Received 20 unread message(s). Latest from=molly
[LAZARUS-POLLER 2026-06-07T00:03:05.522Z] Received 20 unread message(s). Latest from=molly
[LAZARUS-POLLER 2026-06-07T00:03:07.524Z] Received 20 unread message(s). Latest from=molly
[LAZARUS-POLLER 2026-06-07T00:03:09.526Z] Received 20 unread message(s). Latest from=molly
[LAZARUS-POLLER 2026-06-07T00:03:11.529Z] Received 20 unread message(s). Latest from=molly
[LAZARUS-POLLER 2026-06-07T00:03:13.531Z] Received 20 unread message(s). Latest from=molly
[LAZARUS-POLLER 2026-06-07T00:03:15.533Z] Received 20 unread message(s). Latest from=molly
[LAZARUS-POLLER 2026-06-07T00:03:17.535Z] Received 20 unread message(s). Latest from=molly
[LAZARUS-POLLER 2026-06-07T00:03:19.536Z] Received 20 unread message(s). Latest from=molly
[LAZARUS-POLLER 2026-06-07T00:03:21.538Z] Received 20 unread message(s). Latest from=molly
[LAZARUS-POLLER 2026-06-07T00:03:23.540Z] Received 20 unread message(s). Latest from=molly
[LAZARUS-POLLER 2026-06-07T00:03:25.544Z] Received 20 unread message(s). Latest from=molly
[LAZARUS-POLLER 2026-06-07T00:03:27.546Z] Received 20 unread message(s). Latest from=molly
[LAZARUS-POLLER 2026-06-07T00:03:29.548Z] Received 20 unread message(s). Latest from=molly
[LAZARUS-POLLER 2026-06-07T00:03:31.551Z] Received 20 unread message(s). Latest from=molly
[LAZARUS-POLLER 2026-06-07T00:03:33.554Z] Received 20 unread message(s). Latest from=molly
[LAZARUS-POLLER 2026-06-07T00:03:35.557Z] Received 20 unread message(s). Latest from=molly
[LAZARUS-POLLER 2026-06-07T00:03:37.559Z] Received 20 unread message(s). Latest from=molly
[LAZARUS-POLLER 2026-06-07T00:03:39.561Z] Received 20 unread message(s). Latest from=molly
[LAZARUS-POLLER 2026-06-07T00:03:41.563Z] Received 20 unread message(s). Latest from=molly
[LAZARUS-POLLER 2026-06-07T00:03:43.566Z] Received 20 unread message(s). Latest from=molly
[LAZARUS-POLLER 2026-06-07T00:03:45.568Z] Received 20 unread message(s). Latest from=molly
[LAZARUS-POLLER 2026-06-07T00:03:47.570Z] Received 20 unread message(s). Latest from=molly
[LAZARUS-POLLER 2026-06-07T00:03:49.572Z] Received 20 unread message(s). Latest from=molly
[LAZARUS-POLLER 2026-06-07T00:03:51.574Z] Received 20 unread message(s). Latest from=molly
[LAZARUS-POLLER 2026-06-07T00:03:53.577Z] Received 20 unread message(s). Latest from=molly
[LAZARUS-POLLER 2026-06-07T00:03:55.579Z] Received 20 unread message(s). Latest from=molly
[LAZARUS-POLLER 2026-06-07T00:03:57.581Z] Received 20 unread message(s). Latest from=molly
[LAZARUS-POLLER 2026-06-07T00:03:59.583Z] Received 20 unread message(s). Latest from=molly
[LAZARUS-POLLER 2026-06-07T00:04:01.585Z] Received 20 unread message(s). Latest from=molly
[LAZARUS-POLLER 2026-06-07T00:04:03.587Z] Received 20 unread message(s). Latest from=molly
[LAZARUS-POLLER 2026-06-07T00:04:05.589Z] Received 20 unread message(s). Latest from=molly
[LAZARUS-POLLER 2026-06-07T00:04:07.592Z] Received 20 unread message(s). Latest from=molly
[LAZARUS-POLLER 2026-06-07T00:04:09.594Z] Received 20 unread message(s). Latest from=molly
[LAZARUS-POLLER 2026-06-07T00:04:11.597Z] Received 20 unread message(s). Latest from=molly
[LAZARUS-POLLER 2026-06-07T00:04:13.600Z] Received 20 unread message(s). Latest from=molly
[LAZARUS-POLLER 2026-06-07T00:04:15.602Z] Received 20 unread message(s). Latest from=molly
[LAZARUS-POLLER 2026-06-07T00:04:17.604Z] Received 20 unread message(s). Latest from=molly
[LAZARUS-POLLER 2026-06-07T00:04:19.606Z] Received 20 unread message(s). Latest from=molly
[LAZARUS-POLLER 2026-06-07T00:04:21.609Z] Received 20 unread message(s). Latest from=molly
[LAZARUS-POLLER 2026-06-07T00:04:23.611Z] Received 20 unread message(s). Latest from=molly
[LAZARUS-POLLER 2026-06-07T00:04:25.612Z] Received 20 unread message(s). Latest from=molly
[LAZARUS-POLLER 2026-06-07T00:04:27.614Z] Received 20 unread message(s). Latest from=molly
[LAZARUS-POLLER 2026-06-07T00:04:29.616Z] Received 20 unread message(s). Latest from=molly
[LAZARUS-POLLER 2026-06-07T00:04:31.619Z] Received 20 unread message(s). Latest from=molly
[LAZARUS-POLLER 2026-06-07T00:04:33.621Z] Received 20 unread message(s). Latest from=molly
[LAZARUS-POLLER 2026-06-07T00:04:35.623Z] Received 20 unread message(s). Latest from=molly
[LAZARUS-POLLER 2026-06-07T00:04:37.625Z] Received 20 unread message(s). Latest from=molly
[LAZARUS-POLLER 2026-06-07T00:04:39.628Z] Received 20 unread message(s). Latest from=molly
[LAZARUS-POLLER 2026-06-07T00:04:41.629Z] Received 20 unread message(s). Latest from=molly
[LAZARUS-POLLER 2026-06-07T00:04:43.631Z] Received 20 unread message(s). Latest from=molly
[LAZARUS-POLLER 2026-06-07T00:04:45.633Z] Received 20 unread message(s). Latest from=molly
[LAZARUS-POLLER 2026-06-07T00:04:47.635Z] Received 20 unread message(s). Latest from=molly
[LAZARUS-POLLER 2026-06-07T00:04:49.636Z] Received 20 unread message(s). Latest from=molly
[LAZARUS-POLLER 2026-06-07T00:04:51.640Z] Received 20 unread message(s). Latest from=molly
[LAZARUS-POLLER 2026-06-07T00:04:53.642Z] Received 20 unread message(s). Latest from=molly
[LAZARUS-POLLER 2026-06-07T00:04:55.644Z] Received 20 unread message(s). Latest from=molly
[LAZARUS-POLLER 2026-06-07T00:04:57.646Z] Received 20 unread message(s). Latest from=molly
[LAZARUS-POLLER 2026-06-07T00:04:59.648Z] Received 20 unread message(s). Latest from=molly
[LAZARUS-POLLER 2026-06-07T00:05:01.649Z] Received 20 unread message(s). Latest from=molly
[LAZARUS-POLLER 2026-06-07T00:05:03.652Z] Received 20 unread message(s). Latest from=molly
[LAZARUS-POLLER 2026-06-07T00:05:05.654Z] Received 20 unread message(s). Latest from=molly
[LAZARUS-POLLER 2026-06-07T00:05:07.658Z] Received 20 unread message(s). Latest from=molly
[LAZARUS-POLLER 2026-06-07T00:05:09.661Z] Received 20 unread message(s). Latest from=molly
[LAZARUS-POLLER 2026-06-07T00:05:11.663Z] Received 20 unread message(s). Latest from=molly
[LAZARUS-POLLER 2026-06-07T00:05:13.665Z] Received 20 unread message(s). Latest from=molly
[LAZARUS-POLLER 2026-06-07T00:05:15.667Z] Received 20 unread message(s). Latest from=molly
[LAZARUS-POLLER 2026-06-07T00:05:17.669Z] Received 20 unread message(s). Latest from=molly
[LAZARUS-POLLER 2026-06-07T00:05:19.671Z] Received 20 unread message(s). Latest from=molly
[LAZARUS-POLLER 2026-06-07T00:05:21.674Z] Received 20 unread message(s). Latest from=molly
[LAZARUS-POLLER 2026-06-07T00:05:23.676Z] Received 20 unread message(s). Latest from=molly
[LAZARUS-POLLER 2026-06-07T00:05:25.678Z] Received 20 unread message(s). Latest from=molly
[LAZARUS-POLLER 2026-06-07T00:05:27.680Z] Received 20 unread message(s). Latest from=molly
[LAZARUS-POLLER 2026-06-07T00:05:29.683Z] Received 20 unread message(s). Latest from=molly
[LAZARUS-POLLER 2026-06-07T00:05:31.685Z] Received 20 unread message(s). Latest from=molly
[LAZARUS-POLLER 2026-06-07T00:05:33.687Z] Received 20 unread message(s). Latest from=molly
[LAZARUS-POLLER 2026-06-07T00:05:35.689Z] Received 20 unread message(s). Latest from=molly
[LAZARUS-POLLER 2026-06-07T00:05:37.691Z] Received 20 unread message(s). Latest from=molly
[LAZARUS-POLLER 2026-06-07T00:05:39.694Z] Received 20 unread message(s). Latest from=molly
[LAZARUS-POLLER 2026-06-07T00:05:41.696Z] Received 20 unread message(s). Latest from=molly
[LAZARUS-POLLER 2026-06-07T00:05:43.700Z] Received 20 unread message(s). Latest from=molly
[LAZARUS-POLLER 2026-06-07T00:05:45.702Z] Received 20 unread message(s). Latest from=molly
[LAZARUS-POLLER 2026-06-07T00:05:47.704Z] Received 20 unread message(s). Latest from=molly
[LAZARUS-POLLER 2026-06-07T00:05:49.707Z] Received 20 unread message(s). Latest from=molly
[LAZARUS-POLLER 2026-06-07T00:05:51.710Z] Received 20 unread message(s). Latest from=molly
[LAZARUS-POLLER 2026-06-07T00:05:53.712Z] Received 20 unread message(s). Latest from=molly
[LAZARUS-POLLER 2026-06-07T00:05:55.714Z] Received 20 unread message(s). Latest from=molly
[LAZARUS-POLLER 2026-06-07T00:05:57.715Z] Received 20 unread message(s). Latest from=molly
[LAZARUS-POLLER 2026-06-07T00:05:59.718Z] Received 20 unread message(s). Latest from=molly
[LAZARUS-POLLER 2026-06-07T00:06:01.720Z] Received 20 unread message(s). Latest from=molly
[LAZARUS-POLLER 2026-06-07T00:06:03.722Z] Received 20 unread message(s). Latest from=molly
[LAZARUS-POLLER 2026-06-07T00:06:05.725Z] Received 20 unread message(s). Latest from=molly
[LAZARUS-POLLER 2026-06-07T00:06:07.728Z] Received 20 unread message(s). Latest from=molly
[LAZARUS-POLLER 2026-06-07T00:06:09.730Z] Received 20 unread message(s). Latest from=molly
[LAZARUS-POLLER 2026-06-07T00:06:11.732Z] Received 20 unread message(s). Latest from=molly
[LAZARUS-POLLER 2026-06-07T00:06:13.733Z] Received 20 unread message(s). Latest from=molly
[LAZARUS-POLLER 2026-06-07T00:06:15.735Z] Received 20 unread message(s). Latest from=molly
[LAZARUS-POLLER 2026-06-07T00:06:17.739Z] Received 20 unread message(s). Latest from=molly
[LAZARUS-POLLER 2026-06-07T00:06:19.743Z] Received 20 unread message(s). Latest from=molly
[LAZARUS-POLLER 2026-06-07T00:06:21.745Z] Received 20 unread message(s). Latest from=molly
[LAZARUS-POLLER 2026-06-07T00:06:23.747Z] Received 20 unread message(s). Latest from=molly
[LAZARUS-POLLER 2026-06-07T00:06:25.750Z] Received 20 unread message(s). Latest from=molly
[LAZARUS-POLLER 2026-06-07T00:06:27.751Z] Received 20 unread message(s). Latest from=molly
[LAZARUS-POLLER 2026-06-07T00:06:29.753Z] Received 20 unread message(s). Latest from=molly
[LAZARUS-POLLER 2026-06-07T00:06:31.756Z] Received 20 unread message(s). Latest from=molly
[LAZARUS-POLLER 2026-06-07T00:06:33.758Z] Received 20 unread message(s). Latest from=molly
[LAZARUS-POLLER 2026-06-07T00:06:35.760Z] Received 20 unread message(s). Latest from=molly
[LAZARUS-POLLER 2026-06-07T00:06:37.764Z] Received 20 unread message(s). Latest from=molly
[LAZARUS-POLLER 2026-06-07T00:06:39.767Z] Received 20 unread message(s). Latest from=molly
[LAZARUS-POLLER 2026-06-07T00:06:41.770Z] Received 20 unread message(s). Latest from=molly
[LAZARUS-POLLER 2026-06-07T00:06:43.772Z] Received 20 unread message(s). Latest from=molly
[LAZARUS-POLLER 2026-06-07T00:06:45.774Z] Received 20 unread message(s). Latest from=molly
[LAZARUS-POLLER 2026-06-07T00:06:47.777Z] Received 20 unread message(s). Latest from=molly
[LAZARUS-POLLER 2026-06-07T00:06:49.779Z] Received 20 unread message(s). Latest from=molly
[LAZARUS-POLLER 2026-06-07T00:06:51.781Z] Received 20 unread message(s). Latest from=molly
[LAZARUS-POLLER 2026-06-07T00:06:53.783Z] Received 20 unread message(s). Latest from=molly
[LAZARUS-POLLER 2026-06-07T00:06:55.785Z] Received 20 unread message(s). Latest from=molly
[LAZARUS-POLLER 2026-06-07T00:06:57.788Z] Received 20 unread message(s). Latest from=molly
[LAZARUS-POLLER 2026-06-07T00:06:59.789Z] Received 20 unread message(s). Latest from=molly
[LAZARUS-POLLER 2026-06-07T00:07:01.792Z] Received 20 unread message(s). Latest from=molly
[LAZARUS-POLLER 2026-06-07T00:07:03.794Z] Received 20 unread message(s). Latest from=molly
[LAZARUS-POLLER 2026-06-07T00:07:05.797Z] Received 20 unread message(s). Latest from=molly
[LAZARUS-POLLER 2026-06-07T00:07:07.800Z] Received 20 unread message(s). Latest from=molly
[LAZARUS-POLLER 2026-06-07T00:07:09.802Z] Received 20 unread message(s). Latest from=molly
[LAZARUS-POLLER 2026-06-07T00:12:46.131Z] Received 1 unread message(s). Latest from=eric
[LAZARUS-POLLER 2026-06-07T00:12:48.133Z] Received 1 unread message(s). Latest from=eric
[LAZARUS-POLLER 2026-06-07T00:12:50.135Z] Received 1 unread message(s). Latest from=eric
[LAZARUS-POLLER 2026-06-07T00:12:52.138Z] Received 1 unread message(s). Latest from=eric
[LAZARUS-POLLER 2026-06-07T00:12:54.141Z] Received 1 unread message(s). Latest from=eric
[LAZARUS-POLLER 2026-06-07T00:12:56.143Z] Received 1 unread message(s). Latest from=eric
[LAZARUS-POLLER 2026-06-07T00:12:58.146Z] Received 1 unread message(s). Latest from=eric
[LAZARUS-POLLER 2026-06-07T00:13:00.148Z] Received 1 unread message(s). Latest from=eric
[LAZARUS-POLLER 2026-06-07T00:13:02.150Z] Received 1 unread message(s). Latest from=eric
[LAZARUS-POLLER 2026-06-07T00:13:04.152Z] Received 1 unread message(s). Latest from=eric
[LAZARUS-POLLER 2026-06-07T00:13:06.155Z] Received 1 unread message(s). Latest from=eric
[LAZARUS-POLLER 2026-06-07T00:13:08.159Z] Received 1 unread message(s). Latest from=eric
[LAZARUS-POLLER 2026-06-07T00:13:10.161Z] Received 1 unread message(s). Latest from=eric
[LAZARUS-POLLER 2026-06-07T00:13:14.166Z] Received 1 unread message(s). Latest from=eric
[LAZARUS-POLLER 2026-06-07T00:13:16.170Z] Received 1 unread message(s). Latest from=eric
[LAZARUS-POLLER 2026-06-07T00:13:18.172Z] Received 1 unread message(s). Latest from=eric
[LAZARUS-POLLER 2026-06-07T00:13:20.173Z] Received 1 unread message(s). Latest from=eric
[LAZARUS-POLLER 2026-06-07T00:13:22.176Z] Received 1 unread message(s). Latest from=eric
[LAZARUS-POLLER 2026-06-07T00:13:24.179Z] Received 1 unread message(s). Latest from=eric
[LAZARUS-POLLER 2026-06-07T00:13:26.181Z] Received 1 unread message(s). Latest from=eric
[LAZARUS-POLLER 2026-06-07T00:13:28.184Z] Received 1 unread message(s). Latest from=eric
[LAZARUS-POLLER 2026-06-07T00:13:30.185Z] Received 1 unread message(s). Latest from=eric
[LAZARUS-POLLER 2026-06-07T00:13:32.187Z] Received 1 unread message(s). Latest from=eric
[LAZARUS-POLLER 2026-06-07T00:13:34.189Z] Received 1 unread message(s). Latest from=eric
[LAZARUS-POLLER 2026-06-07T00:13:36.192Z] Received 1 unread message(s). Latest from=eric
[LAZARUS-POLLER 2026-06-07T00:13:38.194Z] Received 1 unread message(s). Latest from=eric
[LAZARUS-POLLER 2026-06-07T00:13:40.196Z] Received 1 unread message(s). Latest from=eric
[LAZARUS-POLLER 2026-06-07T00:13:42.198Z] Received 1 unread message(s). Latest from=eric
[LAZARUS-POLLER 2026-06-07T00:13:44.201Z] Received 1 unread message(s). Latest from=eric
[LAZARUS-POLLER 2026-06-07T00:13:46.203Z] Received 1 unread message(s). Latest from=eric
[LAZARUS-POLLER 2026-06-07T00:13:48.205Z] Received 1 unread message(s). Latest from=eric
[LAZARUS-POLLER 2026-06-07T00:13:50.207Z] Received 1 unread message(s). Latest from=eric
[LAZARUS-POLLER 2026-06-07T00:13:52.209Z] Received 1 unread message(s). Latest from=eric
[LAZARUS-POLLER 2026-06-07T00:13:54.212Z] Buffered 1 message(s) to wakeup file
[LAZARUS-POLLER 2026-06-07T00:13:54.212Z] Received 2 unread message(s). Latest from=molly
[LAZARUS-POLLER 2026-06-07T00:13:56.214Z] Received 2 unread message(s). Latest from=molly
[LAZARUS-POLLER 2026-06-07T00:13:58.216Z] Received 2 unread message(s). Latest from=molly
[LAZARUS-POLLER 2026-06-07T00:14:00.218Z] Received 2 unread message(s). Latest from=molly
[LAZARUS-POLLER 2026-06-07T00:14:02.220Z] Received 2 unread message(s). Latest from=molly
[LAZARUS-POLLER 2026-06-07T00:14:04.224Z] Received 2 unread message(s). Latest from=molly
[LAZARUS-POLLER 2026-06-07T00:14:06.226Z] Received 2 unread message(s). Latest from=molly
[LAZARUS-POLLER 2026-06-07T00:14:08.228Z] Received 2 unread message(s). Latest from=molly
[LAZARUS-POLLER 2026-06-07T00:14:10.230Z] Received 2 unread message(s). Latest from=molly
[LAZARUS-POLLER 2026-06-07T00:14:12.233Z] Received 2 unread message(s). Latest from=molly
[LAZARUS-POLLER 2026-06-07T00:14:14.235Z] Received 2 unread message(s). Latest from=molly
[LAZARUS-POLLER 2026-06-07T00:14:16.239Z] Received 2 unread message(s). Latest from=molly
[LAZARUS-POLLER 2026-06-07T00:14:18.241Z] Received 2 unread message(s). Latest from=molly
[LAZARUS-POLLER 2026-06-07T00:14:20.243Z] Received 2 unread message(s). Latest from=molly
[LAZARUS-POLLER 2026-06-07T00:14:22.245Z] Received 2 unread message(s). Latest from=molly
[LAZARUS-POLLER 2026-06-07T00:14:24.248Z] Received 2 unread message(s). Latest from=molly
[LAZARUS-POLLER 2026-06-07T00:14:26.250Z] Received 2 unread message(s). Latest from=molly
[LAZARUS-POLLER 2026-06-07T00:14:28.253Z] Received 2 unread message(s). Latest from=molly
[LAZARUS-POLLER 2026-06-07T00:14:30.255Z] Received 2 unread message(s). Latest from=molly
[LAZARUS-POLLER 2026-06-07T00:14:32.257Z] Received 2 unread message(s). Latest from=molly
[LAZARUS-POLLER 2026-06-07T00:14:34.259Z] Received 2 unread message(s). Latest from=molly
[LAZARUS-POLLER 2026-06-07T00:14:36.261Z] Received 2 unread message(s). Latest from=molly
[LAZARUS-POLLER 2026-06-07T00:14:38.264Z] Received 2 unread message(s). Latest from=molly
[LAZARUS-POLLER 2026-06-07T00:14:40.266Z] Received 2 unread message(s). Latest from=molly
[LAZARUS-POLLER 2026-06-07T00:14:42.268Z] Received 2 unread message(s). Latest from=molly
[LAZARUS-POLLER 2026-06-07T00:14:44.270Z] Received 2 unread message(s). Latest from=molly
[LAZARUS-POLLER 2026-06-07T00:14:46.272Z] Received 2 unread message(s). Latest from=molly
[LAZARUS-POLLER 2026-06-07T00:14:48.274Z] Received 2 unread message(s). Latest from=molly
[LAZARUS-POLLER 2026-06-07T00:14:50.276Z] Received 2 unread message(s). Latest from=molly
[LAZARUS-POLLER 2026-06-07T00:14:52.278Z] Received 2 unread message(s). Latest from=molly
[LAZARUS-POLLER 2026-06-07T00:14:54.281Z] Received 2 unread message(s). Latest from=molly
[LAZARUS-POLLER 2026-06-07T00:14:56.282Z] Received 2 unread message(s). Latest from=molly
[LAZARUS-POLLER 2026-06-07T00:14:58.284Z] Received 2 unread message(s). Latest from=molly
[LAZARUS-POLLER 2026-06-07T00:15:00.285Z] Received 2 unread message(s). Latest from=molly
[LAZARUS-POLLER 2026-06-07T00:15:02.287Z] Received 2 unread message(s). Latest from=molly
[LAZARUS-POLLER 2026-06-07T00:15:04.289Z] Received 2 unread message(s). Latest from=molly
[LAZARUS-POLLER 2026-06-07T00:15:06.292Z] Received 2 unread message(s). Latest from=molly
[LAZARUS-POLLER 2026-06-07T00:15:08.294Z] Received 2 unread message(s). Latest from=molly
[LAZARUS-POLLER 2026-06-07T00:15:10.297Z] Received 2 unread message(s). Latest from=molly
[LAZARUS-POLLER 2026-06-07T00:16:22.366Z] Received 1 unread message(s). Latest from=eric
[LAZARUS-POLLER 2026-06-07T00:16:24.368Z] Received 1 unread message(s). Latest from=eric
[LAZARUS-POLLER 2026-06-07T00:16:26.371Z] Received 1 unread message(s). Latest from=eric
[LAZARUS-POLLER 2026-06-07T00:16:28.373Z] Received 1 unread message(s). Latest from=eric
[LAZARUS-POLLER 2026-06-07T00:16:30.375Z] Received 1 unread message(s). Latest from=eric
[LAZARUS-POLLER 2026-06-07T00:16:32.377Z] Received 1 unread message(s). Latest from=eric
[LAZARUS-POLLER 2026-06-07T00:17:14.421Z] Received 1 unread message(s). Latest from=eric
[LAZARUS-POLLER 2026-06-07T00:17:16.423Z] Received 1 unread message(s). Latest from=eric
[LAZARUS-POLLER 2026-06-07T00:17:18.425Z] Received 1 unread message(s). Latest from=eric
[LAZARUS-POLLER 2026-06-07T00:17:20.427Z] Received 1 unread message(s). Latest from=eric
[LAZARUS-POLLER 2026-06-07T00:17:22.429Z] Received 1 unread message(s). Latest from=eric
[LAZARUS-POLLER 2026-06-07T00:17:24.431Z] Received 1 unread message(s). Latest from=eric
[LAZARUS-POLLER 2026-06-07T00:17:26.433Z] Received 1 unread message(s). Latest from=eric
[LAZARUS-POLLER 2026-06-07T00:17:28.435Z] Received 1 unread message(s). Latest from=eric
[LAZARUS-POLLER 2026-06-07T00:17:30.438Z] Received 1 unread message(s). Latest from=eric
[LAZARUS-POLLER 2026-06-07T00:17:32.440Z] Received 1 unread message(s). Latest from=eric
[LAZARUS-POLLER 2026-06-07T00:17:34.442Z] Received 1 unread message(s). Latest from=eric
[LAZARUS-POLLER 2026-06-07T00:17:36.445Z] Received 1 unread message(s). Latest from=eric
[LAZARUS-POLLER 2026-06-07T00:17:38.447Z] Received 1 unread message(s). Latest from=eric
[LAZARUS-POLLER 2026-06-07T00:17:40.449Z] Received 1 unread message(s). Latest from=eric
[LAZARUS-POLLER 2026-06-07T00:17:42.451Z] Received 1 unread message(s). Latest from=eric
[LAZARUS-POLLER 2026-06-07T00:17:44.454Z] Received 1 unread message(s). Latest from=eric
[LAZARUS-POLLER 2026-06-07T00:17:46.456Z] Received 1 unread message(s). Latest from=eric
[LAZARUS-POLLER 2026-06-07T00:17:48.458Z] Received 1 unread message(s). Latest from=eric
[LAZARUS-POLLER 2026-06-07T00:17:50.462Z] Received 1 unread message(s). Latest from=eric
[LAZARUS-POLLER 2026-06-07T00:17:52.464Z] Received 1 unread message(s). Latest from=eric
[LAZARUS-POLLER 2026-06-07T00:17:54.467Z] Buffered 1 message(s) to wakeup file
[LAZARUS-POLLER 2026-06-07T00:17:54.467Z] Received 2 unread message(s). Latest from=molly
[LAZARUS-POLLER 2026-06-07T00:17:56.470Z] Received 2 unread message(s). Latest from=molly
[LAZARUS-POLLER 2026-06-07T00:17:58.472Z] Received 2 unread message(s). Latest from=molly
[LAZARUS-POLLER 2026-06-07T00:18:00.474Z] Received 2 unread message(s). Latest from=molly
[LAZARUS-POLLER 2026-06-07T00:18:02.476Z] Received 2 unread message(s). Latest from=molly
[LAZARUS-POLLER 2026-06-07T00:18:04.478Z] Received 2 unread message(s). Latest from=molly
[LAZARUS-POLLER 2026-06-07T00:18:06.480Z] Received 2 unread message(s). Latest from=molly
[LAZARUS-POLLER 2026-06-07T00:18:08.482Z] Received 2 unread message(s). Latest from=molly
[LAZARUS-POLLER 2026-06-07T00:18:10.485Z] Received 2 unread message(s). Latest from=molly
[LAZARUS-POLLER 2026-06-07T00:18:12.487Z] Received 2 unread message(s). Latest from=molly
[LAZARUS-POLLER 2026-06-07T00:18:14.489Z] Received 2 unread message(s). Latest from=molly
[LAZARUS-POLLER 2026-06-07T00:18:16.491Z] Received 2 unread message(s). Latest from=molly
[LAZARUS-POLLER 2026-06-07T00:18:18.494Z] Received 2 unread message(s). Latest from=molly
[LAZARUS-POLLER 2026-06-07T00:18:20.496Z] Received 2 unread message(s). Latest from=molly
[LAZARUS-POLLER 2026-06-07T00:18:22.498Z] Received 2 unread message(s). Latest from=molly
[LAZARUS-POLLER 2026-06-07T00:18:24.501Z] Received 2 unread message(s). Latest from=molly
[LAZARUS-POLLER 2026-06-07T00:18:26.503Z] Received 2 unread message(s). Latest from=molly
[LAZARUS-POLLER 2026-06-07T00:18:28.505Z] Received 2 unread message(s). Latest from=molly
[LAZARUS-POLLER 2026-06-07T00:18:30.507Z] Received 2 unread message(s). Latest from=molly
[LAZARUS-POLLER 2026-06-07T00:18:32.510Z] Received 2 unread message(s). Latest from=molly
[LAZARUS-POLLER 2026-06-07T00:18:34.512Z] Received 2 unread message(s). Latest from=molly
[LAZARUS-POLLER 2026-06-07T00:18:36.515Z] Received 2 unread message(s). Latest from=molly
[LAZARUS-POLLER 2026-06-07T00:18:38.517Z] Received 2 unread message(s). Latest from=molly
[LAZARUS-POLLER 2026-06-07T00:18:40.519Z] Received 3 unread message(s). Latest from=eric
[LAZARUS-POLLER 2026-06-07T00:18:42.521Z] Received 3 unread message(s). Latest from=eric
[LAZARUS-POLLER 2026-06-07T00:18:44.525Z] Received 3 unread message(s). Latest from=eric
[LAZARUS-POLLER 2026-06-07T00:18:46.527Z] Received 3 unread message(s). Latest from=eric
[LAZARUS-POLLER 2026-06-07T00:18:48.530Z] Received 3 unread message(s). Latest from=eric
[LAZARUS-POLLER 2026-06-07T00:18:50.532Z] Received 3 unread message(s). Latest from=eric
[LAZARUS-POLLER 2026-06-07T00:18:52.536Z] Received 3 unread message(s). Latest from=eric
[LAZARUS-POLLER 2026-06-07T00:18:54.539Z] Received 3 unread message(s). Latest from=eric
[LAZARUS-POLLER 2026-06-07T00:18:56.541Z] Received 3 unread message(s). Latest from=eric
[LAZARUS-POLLER 2026-06-07T00:18:58.543Z] Received 3 unread message(s). Latest from=eric
[LAZARUS-POLLER 2026-06-07T00:19:00.545Z] Received 3 unread message(s). Latest from=eric
[LAZARUS-POLLER 2026-06-07T00:19:02.547Z] Received 3 unread message(s). Latest from=eric
[LAZARUS-POLLER 2026-06-07T00:19:04.549Z] Received 3 unread message(s). Latest from=eric
[LAZARUS-POLLER 2026-06-07T00:19:06.551Z] Received 3 unread message(s). Latest from=eric
[LAZARUS-POLLER 2026-06-07T00:19:08.555Z] Received 3 unread message(s). Latest from=eric
[LAZARUS-POLLER 2026-06-07T00:19:10.558Z] Received 3 unread message(s). Latest from=eric
[LAZARUS-POLLER 2026-06-07T00:19:12.560Z] Received 3 unread message(s). Latest from=eric
[LAZARUS-POLLER 2026-06-07T00:19:14.562Z] Received 3 unread message(s). Latest from=eric
[LAZARUS-POLLER 2026-06-07T00:19:16.564Z] Received 3 unread message(s). Latest from=eric
[LAZARUS-POLLER 2026-06-07T00:19:18.567Z] Received 3 unread message(s). Latest from=eric
[LAZARUS-POLLER 2026-06-07T00:19:20.570Z] Received 3 unread message(s). Latest from=eric
[LAZARUS-POLLER 2026-06-07T00:19:22.572Z] Received 3 unread message(s). Latest from=eric
[LAZARUS-POLLER 2026-06-07T00:19:24.575Z] Received 3 unread message(s). Latest from=eric
[LAZARUS-POLLER 2026-06-07T00:19:26.578Z] Received 3 unread message(s). Latest from=eric
[LAZARUS-POLLER 2026-06-07T00:19:28.581Z] Received 3 unread message(s). Latest from=eric
[LAZARUS-POLLER 2026-06-07T00:19:30.583Z] Received 3 unread message(s). Latest from=eric
[LAZARUS-POLLER 2026-06-07T00:19:54.607Z] Buffered 1 message(s) to wakeup file
[LAZARUS-POLLER 2026-06-07T00:19:54.607Z] Received 1 unread message(s). Latest from=molly
[LAZARUS-POLLER 2026-06-07T00:19:56.608Z] Received 1 unread message(s). Latest from=molly
[LAZARUS-POLLER 2026-06-07T00:19:58.612Z] Received 1 unread message(s). Latest from=molly
[LAZARUS-POLLER 2026-06-07T00:20:00.614Z] Received 1 unread message(s). Latest from=molly
[LAZARUS-POLLER 2026-06-07T00:20:02.616Z] Received 1 unread message(s). Latest from=molly
[LAZARUS-POLLER 2026-06-07T00:20:04.618Z] Received 1 unread message(s). Latest from=molly
[LAZARUS-POLLER 2026-06-07T00:20:06.619Z] Received 1 unread message(s). Latest from=molly
[LAZARUS-POLLER 2026-06-07T00:20:08.622Z] Received 1 unread message(s). Latest from=molly
[LAZARUS-POLLER 2026-06-07T00:20:10.624Z] Received 1 unread message(s). Latest from=molly
[LAZARUS-POLLER 2026-06-07T00:20:12.627Z] Received 1 unread message(s). Latest from=molly
[LAZARUS-POLLER 2026-06-07T00:20:14.629Z] Received 1 unread message(s). Latest from=molly
[LAZARUS-POLLER 2026-06-07T00:20:16.631Z] Received 1 unread message(s). Latest from=molly
[LAZARUS-POLLER 2026-06-07T00:20:18.634Z] Received 1 unread message(s). Latest from=molly
[LAZARUS-POLLER 2026-06-07T00:20:20.637Z] Received 1 unread message(s). Latest from=molly
[LAZARUS-POLLER 2026-06-07T00:20:22.639Z] Received 1 unread message(s). Latest from=molly
[LAZARUS-POLLER 2026-06-07T00:20:24.642Z] Received 1 unread message(s). Latest from=molly
[LAZARUS-POLLER 2026-06-07T00:23:24.817Z] Received 1 unread message(s). Latest from=eric
[LAZARUS-POLLER 2026-06-07T00:23:26.820Z] Received 1 unread message(s). Latest from=eric
[LAZARUS-POLLER 2026-06-07T00:23:28.823Z] Received 1 unread message(s). Latest from=eric
[LAZARUS-POLLER 2026-06-07T00:23:30.825Z] Received 1 unread message(s). Latest from=eric
[LAZARUS-POLLER 2026-06-07T00:23:32.826Z] Received 1 unread message(s). Latest from=eric
[LAZARUS-POLLER 2026-06-07T00:23:34.828Z] Received 1 unread message(s). Latest from=eric
[LAZARUS-POLLER 2026-06-07T00:23:36.830Z] Received 1 unread message(s). Latest from=eric
[LAZARUS-POLLER 2026-06-07T00:23:38.832Z] Received 1 unread message(s). Latest from=eric
[LAZARUS-POLLER 2026-06-07T00:23:40.834Z] Received 1 unread message(s). Latest from=eric
[LAZARUS-POLLER 2026-06-07T00:23:42.836Z] Received 1 unread message(s). Latest from=eric
[LAZARUS-POLLER 2026-06-07T00:23:44.838Z] Received 1 unread message(s). Latest from=eric
[LAZARUS-POLLER 2026-06-07T00:23:46.840Z] Received 1 unread message(s). Latest from=eric
[LAZARUS-POLLER 2026-06-07T00:23:48.843Z] Received 1 unread message(s). Latest from=eric
[LAZARUS-POLLER 2026-06-07T00:23:50.845Z] Received 1 unread message(s). Latest from=eric
[LAZARUS-POLLER 2026-06-07T00:23:52.847Z] Buffered 1 message(s) to wakeup file
[LAZARUS-POLLER 2026-06-07T00:23:52.847Z] Received 2 unread message(s). Latest from=molly
[LAZARUS-POLLER 2026-06-07T00:23:54.849Z] Received 2 unread message(s). Latest from=molly
[LAZARUS-POLLER 2026-06-07T00:23:56.851Z] Received 2 unread message(s). Latest from=molly
[LAZARUS-POLLER 2026-06-07T00:23:58.853Z] Received 2 unread message(s). Latest from=molly
[LAZARUS-POLLER 2026-06-07T00:24:00.855Z] Received 2 unread message(s). Latest from=molly
[LAZARUS-POLLER 2026-06-07T00:24:02.857Z] Received 2 unread message(s). Latest from=molly
[LAZARUS-POLLER 2026-06-07T00:24:04.860Z] Received 2 unread message(s). Latest from=molly
[LAZARUS-POLLER 2026-06-07T00:24:06.863Z] Received 2 unread message(s). Latest from=molly
[LAZARUS-POLLER 2026-06-07T00:24:08.865Z] Received 2 unread message(s). Latest from=molly
[LAZARUS-POLLER 2026-06-07T00:24:10.867Z] Received 2 unread message(s). Latest from=molly
[LAZARUS-POLLER 2026-06-07T00:24:18.874Z] Received 1 unread message(s). Latest from=eric
[LAZARUS-POLLER 2026-06-07T00:24:20.877Z] Received 1 unread message(s). Latest from=eric
[LAZARUS-POLLER 2026-06-07T00:24:22.881Z] Received 3 unread message(s). Latest from=molly
[LAZARUS-POLLER 2026-06-07T00:24:24.884Z] Received 3 unread message(s). Latest from=molly
[LAZARUS-POLLER 2026-06-07T00:24:26.891Z] Received 3 unread message(s). Latest from=molly
[LAZARUS-POLLER 2026-06-07T00:24:28.894Z] Received 3 unread message(s). Latest from=molly
[LAZARUS-POLLER 2026-06-07T00:24:30.897Z] Received 3 unread message(s). Latest from=molly
[LAZARUS-POLLER 2026-06-07T00:24:32.899Z] Received 4 unread message(s). Latest from=eric
[LAZARUS-POLLER 2026-06-07T00:24:34.901Z] Received 4 unread message(s). Latest from=eric
[LAZARUS-POLLER 2026-06-07T00:24:36.903Z] Received 4 unread message(s). Latest from=eric
[LAZARUS-POLLER 2026-06-07T00:24:38.907Z] Received 4 unread message(s). Latest from=eric
[LAZARUS-POLLER 2026-06-07T00:24:40.909Z] Received 4 unread message(s). Latest from=eric
[LAZARUS-POLLER 2026-06-07T00:24:42.911Z] Received 4 unread message(s). Latest from=eric
[LAZARUS-POLLER 2026-06-07T00:24:44.913Z] Received 4 unread message(s). Latest from=eric
[LAZARUS-POLLER 2026-06-07T00:24:46.914Z] Received 4 unread message(s). Latest from=eric
[LAZARUS-POLLER 2026-06-07T00:24:48.916Z] Received 5 unread message(s). Latest from=eric
[LAZARUS-POLLER 2026-06-07T00:24:50.919Z] Received 5 unread message(s). Latest from=eric
[LAZARUS-POLLER 2026-06-07T00:24:52.921Z] Received 5 unread message(s). Latest from=eric
[LAZARUS-POLLER 2026-06-07T00:24:54.924Z] Received 5 unread message(s). Latest from=eric
[LAZARUS-POLLER 2026-06-07T00:24:56.925Z] Received 6 unread message(s). Latest from=eric
[LAZARUS-POLLER 2026-06-07T00:24:58.927Z] Received 6 unread message(s). Latest from=eric
[LAZARUS-POLLER 2026-06-07T00:25:00.929Z] Received 6 unread message(s). Latest from=eric
[LAZARUS-POLLER 2026-06-07T00:25:02.931Z] Received 6 unread message(s). Latest from=eric
[LAZARUS-POLLER 2026-06-07T00:25:04.933Z] Received 6 unread message(s). Latest from=eric
[LAZARUS-POLLER 2026-06-07T00:25:06.935Z] Received 6 unread message(s). Latest from=eric
[LAZARUS-POLLER 2026-06-07T00:25:52.983Z] Buffered 1 message(s) to wakeup file
[LAZARUS-POLLER 2026-06-07T00:25:52.983Z] Received 1 unread message(s). Latest from=molly
[LAZARUS-POLLER 2026-06-07T00:25:54.986Z] Received 1 unread message(s). Latest from=molly
[LAZARUS-POLLER 2026-06-07T00:25:56.988Z] Received 1 unread message(s). Latest from=molly
[LAZARUS-POLLER 2026-06-07T00:25:58.992Z] Received 1 unread message(s). Latest from=molly
[LAZARUS-POLLER 2026-06-07T00:26:00.994Z] Received 1 unread message(s). Latest from=molly
[LAZARUS-POLLER 2026-06-07T00:26:02.997Z] Received 1 unread message(s). Latest from=molly
[LAZARUS-POLLER 2026-06-07T00:26:05.000Z] Received 1 unread message(s). Latest from=molly
[LAZARUS-POLLER 2026-06-07T00:26:07.002Z] Received 1 unread message(s). Latest from=molly
[LAZARUS-POLLER 2026-06-07T00:26:09.004Z] Received 1 unread message(s). Latest from=molly
[LAZARUS-POLLER 2026-06-07T00:26:11.006Z] Received 1 unread message(s). Latest from=molly
[LAZARUS-POLLER 2026-06-07T00:26:13.010Z] Received 1 unread message(s). Latest from=molly
[LAZARUS-POLLER 2026-06-07T00:26:15.012Z] Received 1 unread message(s). Latest from=molly
[LAZARUS-POLLER 2026-06-07T00:26:17.014Z] Received 1 unread message(s). Latest from=molly
[LAZARUS-POLLER 2026-06-07T00:26:19.017Z] Received 1 unread message(s). Latest from=molly
[LAZARUS-POLLER 2026-06-07T00:26:21.019Z] Received 1 unread message(s). Latest from=molly
[LAZARUS-POLLER 2026-06-07T00:26:23.021Z] Received 1 unread message(s). Latest from=molly
[LAZARUS-POLLER 2026-06-07T00:26:25.022Z] Received 1 unread message(s). Latest from=molly
[LAZARUS-POLLER 2026-06-07T00:26:27.025Z] Received 1 unread message(s). Latest from=molly
[LAZARUS-POLLER 2026-06-07T00:26:29.027Z] Received 2 unread message(s). Latest from=eric
[LAZARUS-POLLER 2026-06-07T00:26:31.029Z] Received 2 unread message(s). Latest from=eric
[LAZARUS-POLLER 2026-06-07T00:26:33.032Z] Received 2 unread message(s). Latest from=eric
[LAZARUS-POLLER 2026-06-07T00:26:35.035Z] Received 2 unread message(s). Latest from=eric
[LAZARUS-POLLER 2026-06-07T00:26:37.037Z] Received 2 unread message(s). Latest from=eric
[LAZARUS-POLLER 2026-06-07T00:26:39.039Z] Received 2 unread message(s). Latest from=eric
[LAZARUS-POLLER 2026-06-07T00:26:41.041Z] Received 2 unread message(s). Latest from=eric
[LAZARUS-POLLER 2026-06-07T00:26:43.044Z] Received 2 unread message(s). Latest from=eric
[LAZARUS-POLLER 2026-06-07T00:26:45.047Z] Received 2 unread message(s). Latest from=eric
[LAZARUS-POLLER 2026-06-07T00:26:47.049Z] Received 2 unread message(s). Latest from=eric
[LAZARUS-POLLER 2026-06-07T00:26:49.051Z] Received 2 unread message(s). Latest from=eric
[LAZARUS-POLLER 2026-06-07T00:26:51.053Z] Received 3 unread message(s). Latest from=eric
[LAZARUS-POLLER 2026-06-07T00:26:53.055Z] Received 3 unread message(s). Latest from=eric
[LAZARUS-POLLER 2026-06-07T00:26:55.058Z] Received 3 unread message(s). Latest from=eric
[LAZARUS-POLLER 2026-06-07T00:26:57.060Z] Received 3 unread message(s). Latest from=eric
[LAZARUS-POLLER 2026-06-07T00:26:59.062Z] Received 3 unread message(s). Latest from=eric
[LAZARUS-POLLER 2026-06-07T00:27:01.065Z] Received 3 unread message(s). Latest from=eric
[LAZARUS-POLLER 2026-06-07T00:27:03.067Z] Received 3 unread message(s). Latest from=eric
[LAZARUS-POLLER 2026-06-07T00:27:05.069Z] Received 3 unread message(s). Latest from=eric
[LAZARUS-POLLER 2026-06-07T00:27:07.072Z] Received 4 unread message(s). Latest from=eric
[LAZARUS-POLLER 2026-06-07T00:27:09.075Z] Received 6 unread message(s). Latest from=molly
[LAZARUS-POLLER 2026-06-07T00:27:11.077Z] Received 6 unread message(s). Latest from=molly
[LAZARUS-POLLER 2026-06-07T00:27:13.080Z] Received 6 unread message(s). Latest from=molly
[LAZARUS-POLLER 2026-06-07T00:27:15.083Z] Received 6 unread message(s). Latest from=molly
[LAZARUS-POLLER 2026-06-07T00:27:17.085Z] Received 6 unread message(s). Latest from=molly
[LAZARUS-POLLER 2026-06-07T00:27:19.087Z] Received 6 unread message(s). Latest from=molly
[LAZARUS-POLLER 2026-06-07T00:27:21.090Z] Received 6 unread message(s). Latest from=molly
[LAZARUS-POLLER 2026-06-07T00:27:23.093Z] Received 6 unread message(s). Latest from=molly
[LAZARUS-POLLER 2026-06-07T00:27:25.095Z] Received 7 unread message(s). Latest from=eric
[LAZARUS-POLLER 2026-06-07T00:27:27.096Z] Received 7 unread message(s). Latest from=eric
[LAZARUS-POLLER 2026-06-07T00:27:29.100Z] Received 7 unread message(s). Latest from=eric
[LAZARUS-POLLER 2026-06-07T00:27:31.102Z] Received 7 unread message(s). Latest from=eric
[LAZARUS-POLLER 2026-06-07T00:27:33.104Z] Received 7 unread message(s). Latest from=eric
[LAZARUS-POLLER 2026-06-07T00:27:35.106Z] Received 7 unread message(s). Latest from=eric
[LAZARUS-POLLER 2026-06-07T00:27:37.109Z] Received 7 unread message(s). Latest from=eric
[LAZARUS-POLLER 2026-06-07T00:27:39.111Z] Received 7 unread message(s). Latest from=eric
[LAZARUS-POLLER 2026-06-07T00:27:41.113Z] Received 7 unread message(s). Latest from=eric
[LAZARUS-POLLER 2026-06-07T00:27:43.115Z] Received 7 unread message(s). Latest from=eric
[LAZARUS-POLLER 2026-06-07T00:27:45.117Z] Received 8 unread message(s). Latest from=eric
[LAZARUS-POLLER 2026-06-07T00:27:47.119Z] Received 8 unread message(s). Latest from=eric
[LAZARUS-POLLER 2026-06-07T00:27:49.121Z] Received 8 unread message(s). Latest from=eric
[LAZARUS-POLLER 2026-06-07T00:27:51.123Z] Received 8 unread message(s). Latest from=eric
[LAZARUS-POLLER 2026-06-07T00:27:53.125Z] Buffered 1 message(s) to wakeup file
[LAZARUS-POLLER 2026-06-07T00:27:53.125Z] Received 9 unread message(s). Latest from=molly
[LAZARUS-POLLER 2026-06-07T00:27:55.127Z] Received 9 unread message(s). Latest from=molly
[LAZARUS-POLLER 2026-06-07T00:27:57.129Z] Received 9 unread message(s). Latest from=molly
[LAZARUS-POLLER 2026-06-07T00:27:59.131Z] Received 9 unread message(s). Latest from=molly
[LAZARUS-POLLER 2026-06-07T00:28:01.133Z] Received 9 unread message(s). Latest from=molly
[LAZARUS-POLLER 2026-06-07T00:28:03.135Z] Received 9 unread message(s). Latest from=molly
[LAZARUS-POLLER 2026-06-07T00:28:05.137Z] Received 9 unread message(s). Latest from=molly
[LAZARUS-POLLER 2026-06-07T00:28:07.139Z] Received 9 unread message(s). Latest from=molly
[LAZARUS-POLLER 2026-06-07T00:28:09.142Z] Received 9 unread message(s). Latest from=molly
[LAZARUS-POLLER 2026-06-07T00:28:11.144Z] Received 9 unread message(s). Latest from=molly
[LAZARUS-POLLER 2026-06-07T00:28:13.146Z] Received 9 unread message(s). Latest from=molly
[LAZARUS-POLLER 2026-06-07T00:28:15.148Z] Received 9 unread message(s). Latest from=molly
[LAZARUS-POLLER 2026-06-07T00:28:17.150Z] Received 9 unread message(s). Latest from=molly
[LAZARUS-POLLER 2026-06-07T00:28:19.153Z] Received 9 unread message(s). Latest from=molly
[LAZARUS-POLLER 2026-06-07T00:28:21.155Z] Received 9 unread message(s). Latest from=molly
[LAZARUS-POLLER 2026-06-07T00:28:23.157Z] Received 9 unread message(s). Latest from=molly
[LAZARUS-POLLER 2026-06-07T00:28:25.160Z] Received 9 unread message(s). Latest from=molly
[LAZARUS-POLLER 2026-06-07T00:28:27.162Z] Received 9 unread message(s). Latest from=molly
[LAZARUS-POLLER 2026-06-07T00:28:29.165Z] Received 10 unread message(s). Latest from=eric
[LAZARUS-POLLER 2026-06-07T00:28:31.167Z] Received 11 unread message(s). Latest from=molly
[LAZARUS-POLLER 2026-06-07T00:28:33.169Z] Received 12 unread message(s). Latest from=molly
[LAZARUS-POLLER 2026-06-07T00:28:35.171Z] Received 12 unread message(s). Latest from=molly
[LAZARUS-POLLER 2026-06-07T00:28:37.173Z] Received 12 unread message(s). Latest from=molly
[LAZARUS-POLLER 2026-06-07T00:28:39.175Z] Received 12 unread message(s). Latest from=molly
[LAZARUS-POLLER 2026-06-07T00:28:41.177Z] Received 12 unread message(s). Latest from=molly
[LAZARUS-POLLER 2026-06-07T00:28:43.180Z] Received 12 unread message(s). Latest from=molly
[LAZARUS-POLLER 2026-06-07T00:28:45.183Z] Received 12 unread message(s). Latest from=molly
[LAZARUS-POLLER 2026-06-07T00:28:47.184Z] Received 12 unread message(s). Latest from=molly
[LAZARUS-POLLER 2026-06-07T00:28:49.186Z] Received 13 unread message(s). Latest from=eric
[LAZARUS-POLLER 2026-06-07T00:28:51.189Z] Received 13 unread message(s). Latest from=eric
[LAZARUS-POLLER 2026-06-07T00:28:53.190Z] Received 13 unread message(s). Latest from=eric
[LAZARUS-POLLER 2026-06-07T00:28:55.191Z] Received 13 unread message(s). Latest from=eric
[LAZARUS-POLLER 2026-06-07T00:28:57.193Z] Received 13 unread message(s). Latest from=eric
[LAZARUS-POLLER 2026-06-07T00:28:59.196Z] Received 13 unread message(s). Latest from=eric
[LAZARUS-POLLER 2026-06-07T00:29:01.198Z] Received 13 unread message(s). Latest from=eric
[LAZARUS-POLLER 2026-06-07T00:29:03.200Z] Received 13 unread message(s). Latest from=eric
[LAZARUS-POLLER 2026-06-07T00:29:05.202Z] Received 13 unread message(s). Latest from=eric
[LAZARUS-POLLER 2026-06-07T00:29:07.203Z] Received 13 unread message(s). Latest from=eric
[LAZARUS-POLLER 2026-06-07T00:29:09.205Z] Received 13 unread message(s). Latest from=eric
[LAZARUS-POLLER 2026-06-07T00:29:11.207Z] Received 13 unread message(s). Latest from=eric
[LAZARUS-POLLER 2026-06-07T00:29:13.209Z] Received 13 unread message(s). Latest from=eric
[LAZARUS-POLLER 2026-06-07T00:29:15.211Z] Received 13 unread message(s). Latest from=eric
[LAZARUS-POLLER 2026-06-07T00:29:17.213Z] Received 13 unread message(s). Latest from=eric
[LAZARUS-POLLER 2026-06-07T00:29:19.215Z] Received 13 unread message(s). Latest from=eric
[LAZARUS-POLLER 2026-06-07T00:29:21.217Z] Received 14 unread message(s). Latest from=eric
[LAZARUS-POLLER 2026-06-07T00:29:23.219Z] Received 16 unread message(s). Latest from=molly
[LAZARUS-POLLER 2026-06-07T00:29:25.221Z] Received 16 unread message(s). Latest from=molly
[LAZARUS-POLLER 2026-06-07T00:29:27.224Z] Received 16 unread message(s). Latest from=molly
[LAZARUS-POLLER 2026-06-07T00:29:29.226Z] Received 16 unread message(s). Latest from=molly
[LAZARUS-POLLER 2026-06-07T00:29:31.228Z] Received 16 unread message(s). Latest from=molly
[LAZARUS-POLLER 2026-06-07T00:29:33.230Z] Received 17 unread message(s). Latest from=eric
[LAZARUS-POLLER 2026-06-07T00:29:35.233Z] Received 17 unread message(s). Latest from=eric
[LAZARUS-POLLER 2026-06-07T00:29:37.237Z] Received 19 unread message(s). Latest from=molly
[LAZARUS-POLLER 2026-06-07T00:29:39.238Z] Received 19 unread message(s). Latest from=molly
[LAZARUS-POLLER 2026-06-07T00:29:41.241Z] Received 19 unread message(s). Latest from=molly
[LAZARUS-POLLER 2026-06-07T00:29:43.242Z] Received 19 unread message(s). Latest from=molly
[LAZARUS-POLLER 2026-06-07T00:29:45.244Z] Received 19 unread message(s). Latest from=molly
[LAZARUS-POLLER 2026-06-07T00:29:47.246Z] Received 19 unread message(s). Latest from=molly
[LAZARUS-POLLER 2026-06-07T00:29:49.248Z] Received 19 unread message(s). Latest from=molly
[LAZARUS-POLLER 2026-06-07T00:29:51.249Z] Received 20 unread message(s). Latest from=eric
[LAZARUS-POLLER 2026-06-07T00:29:53.252Z] Received 20 unread message(s). Latest from=eric
[LAZARUS-POLLER 2026-06-07T00:29:55.254Z] Received 20 unread message(s). Latest from=eric
[LAZARUS-POLLER 2026-06-07T00:29:57.256Z] Received 20 unread message(s). Latest from=eric
[LAZARUS-POLLER 2026-06-07T00:29:59.257Z] Received 20 unread message(s). Latest from=eric
[LAZARUS-POLLER 2026-06-07T00:30:01.259Z] Received 20 unread message(s). Latest from=eric
[LAZARUS-POLLER 2026-06-07T00:30:03.261Z] Received 20 unread message(s). Latest from=eric
[LAZARUS-POLLER 2026-06-07T00:30:05.262Z] Received 21 unread message(s). Latest from=eric
[LAZARUS-POLLER 2026-06-07T00:30:07.265Z] Received 21 unread message(s). Latest from=eric
[LAZARUS-POLLER 2026-06-07T00:30:09.267Z] Received 21 unread message(s). Latest from=eric
[LAZARUS-POLLER 2026-06-07T00:30:11.269Z] Received 21 unread message(s). Latest from=eric
[LAZARUS-POLLER 2026-06-07T00:30:13.271Z] Received 21 unread message(s). Latest from=eric
[LAZARUS-POLLER 2026-06-07T00:30:15.273Z] Received 21 unread message(s). Latest from=eric
[LAZARUS-POLLER 2026-06-07T00:30:17.275Z] Received 21 unread message(s). Latest from=eric
[LAZARUS-POLLER 2026-06-07T00:30:19.277Z] Received 21 unread message(s). Latest from=eric
[LAZARUS-POLLER 2026-06-07T00:30:21.279Z] Received 21 unread message(s). Latest from=eric
[LAZARUS-POLLER 2026-06-07T00:30:23.281Z] Received 21 unread message(s). Latest from=eric
[LAZARUS-POLLER 2026-06-07T00:30:25.283Z] Received 21 unread message(s). Latest from=eric
[LAZARUS-POLLER 2026-06-07T00:30:27.285Z] Received 21 unread message(s). Latest from=eric
[LAZARUS-POLLER 2026-06-07T00:30:29.287Z] Received 21 unread message(s). Latest from=eric
[LAZARUS-POLLER 2026-06-07T00:30:31.289Z] Received 21 unread message(s). Latest from=eric
[LAZARUS-POLLER 2026-06-07T00:30:33.292Z] Received 21 unread message(s). Latest from=eric
[LAZARUS-POLLER 2026-06-07T00:30:35.294Z] Received 21 unread message(s). Latest from=eric
[LAZARUS-POLLER 2026-06-07T00:30:37.296Z] Received 21 unread message(s). Latest from=eric
[LAZARUS-POLLER 2026-06-07T00:30:39.299Z] Received 21 unread message(s). Latest from=eric
[LAZARUS-POLLER 2026-06-07T00:30:41.302Z] Received 21 unread message(s). Latest from=eric
[LAZARUS-POLLER 2026-06-07T00:30:43.304Z] Received 21 unread message(s). Latest from=eric
[LAZARUS-POLLER 2026-06-07T00:31:53.365Z] Buffered 1 message(s) to wakeup file
[LAZARUS-POLLER 2026-06-07T00:31:53.365Z] Received 1 unread message(s). Latest from=molly
[LAZARUS-POLLER 2026-06-07T00:31:55.367Z] Received 1 unread message(s). Latest from=molly
[LAZARUS-POLLER 2026-06-07T00:31:57.369Z] Received 1 unread message(s). Latest from=molly
[LAZARUS-POLLER 2026-06-07T00:31:59.371Z] Received 1 unread message(s). Latest from=molly
[LAZARUS-POLLER 2026-06-07T00:32:01.373Z] Received 1 unread message(s). Latest from=molly
[LAZARUS-POLLER 2026-06-07T00:32:03.376Z] Received 1 unread message(s). Latest from=molly
[LAZARUS-POLLER 2026-06-07T00:32:07.381Z] Received 2 unread message(s). Latest from=molly
[LAZARUS-POLLER 2026-06-07T00:32:09.383Z] Received 2 unread message(s). Latest from=molly
[LAZARUS-POLLER 2026-06-07T00:32:11.385Z] Received 2 unread message(s). Latest from=molly
[LAZARUS-POLLER 2026-06-07T00:32:13.387Z] Received 2 unread message(s). Latest from=molly
[LAZARUS-POLLER 2026-06-07T00:32:15.389Z] Received 2 unread message(s). Latest from=molly
[LAZARUS-POLLER 2026-06-07T00:32:17.392Z] Received 2 unread message(s). Latest from=molly
[LAZARUS-POLLER 2026-06-07T00:32:19.395Z] Received 2 unread message(s). Latest from=molly
[LAZARUS-POLLER 2026-06-07T00:32:21.398Z] Received 2 unread message(s). Latest from=molly
[LAZARUS-POLLER 2026-06-07T00:32:23.400Z] Received 2 unread message(s). Latest from=molly
[LAZARUS-POLLER 2026-06-07T00:32:25.402Z] Received 2 unread message(s). Latest from=molly
[LAZARUS-POLLER 2026-06-07T00:32:27.404Z] Received 2 unread message(s). Latest from=molly
[LAZARUS-POLLER 2026-06-07T00:32:29.406Z] Received 2 unread message(s). Latest from=molly
[LAZARUS-POLLER 2026-06-07T00:32:31.409Z] Received 2 unread message(s). Latest from=molly
[LAZARUS-POLLER 2026-06-07T00:32:33.411Z] Received 2 unread message(s). Latest from=molly
[LAZARUS-POLLER 2026-06-07T00:32:35.413Z] Received 2 unread message(s). Latest from=molly
[LAZARUS-POLLER 2026-06-07T00:33:53.489Z] Buffered 1 message(s) to wakeup file
[LAZARUS-POLLER 2026-06-07T00:33:53.489Z] Received 1 unread message(s). Latest from=molly
[LAZARUS-POLLER 2026-06-07T00:33:55.492Z] Received 1 unread message(s). Latest from=molly
[LAZARUS-POLLER 2026-06-07T00:33:57.494Z] Received 1 unread message(s). Latest from=molly
[LAZARUS-POLLER 2026-06-07T00:33:59.497Z] Received 1 unread message(s). Latest from=molly
[LAZARUS-POLLER 2026-06-07T00:34:01.499Z] Received 1 unread message(s). Latest from=molly
[LAZARUS-POLLER 2026-06-07T00:34:03.501Z] Received 1 unread message(s). Latest from=molly
[LAZARUS-POLLER 2026-06-07T00:34:05.504Z] Received 1 unread message(s). Latest from=molly
[LAZARUS-POLLER 2026-06-07T00:34:07.506Z] Received 1 unread message(s). Latest from=molly
[LAZARUS-POLLER 2026-06-07T00:34:09.508Z] Received 1 unread message(s). Latest from=molly
[LAZARUS-POLLER 2026-06-07T00:34:11.511Z] Received 1 unread message(s). Latest from=molly
[LAZARUS-POLLER 2026-06-07T00:34:13.513Z] Received 1 unread message(s). Latest from=molly
[LAZARUS-POLLER 2026-06-07T00:34:15.515Z] Received 1 unread message(s). Latest from=molly
[LAZARUS-POLLER 2026-06-07T00:37:41.707Z] Received 1 unread message(s). Latest from=eric
[LAZARUS-POLLER 2026-06-07T00:37:43.710Z] Received 3 unread message(s). Latest from=molly
[LAZARUS-POLLER 2026-06-07T00:37:45.712Z] Received 3 unread message(s). Latest from=molly
[LAZARUS-POLLER 2026-06-07T00:37:47.714Z] Received 3 unread message(s). Latest from=molly
[LAZARUS-POLLER 2026-06-07T00:37:49.717Z] Received 3 unread message(s). Latest from=molly
[LAZARUS-POLLER 2026-06-07T00:37:51.720Z] Received 3 unread message(s). Latest from=molly
[LAZARUS-POLLER 2026-06-07T00:37:53.723Z] Received 3 unread message(s). Latest from=molly
[LAZARUS-POLLER 2026-06-07T00:37:55.725Z] Received 3 unread message(s). Latest from=molly
[LAZARUS-POLLER 2026-06-07T00:37:57.727Z] Received 3 unread message(s). Latest from=molly
[LAZARUS-POLLER 2026-06-07T00:37:59.729Z] Received 3 unread message(s). Latest from=molly
[LAZARUS-POLLER 2026-06-07T00:38:01.731Z] Received 4 unread message(s). Latest from=eric
[LAZARUS-POLLER 2026-06-07T00:38:03.733Z] Received 4 unread message(s). Latest from=eric
[LAZARUS-POLLER 2026-06-07T00:38:05.735Z] Received 4 unread message(s). Latest from=eric
[LAZARUS-POLLER 2026-06-07T00:38:07.737Z] Received 4 unread message(s). Latest from=eric
[LAZARUS-POLLER 2026-06-07T00:38:09.739Z] Received 4 unread message(s). Latest from=eric
[LAZARUS-POLLER 2026-06-07T00:38:11.741Z] Received 4 unread message(s). Latest from=eric
[LAZARUS-POLLER 2026-06-07T00:38:13.743Z] Received 4 unread message(s). Latest from=eric
[LAZARUS-POLLER 2026-06-07T00:38:15.745Z] Received 4 unread message(s). Latest from=eric
[LAZARUS-POLLER 2026-06-07T00:38:17.746Z] Received 4 unread message(s). Latest from=eric
[LAZARUS-POLLER 2026-06-07T00:38:19.749Z] Received 4 unread message(s). Latest from=eric
[LAZARUS-POLLER 2026-06-07T00:38:21.751Z] Received 4 unread message(s). Latest from=eric
[LAZARUS-POLLER 2026-06-07T00:38:23.753Z] Received 4 unread message(s). Latest from=eric
[LAZARUS-POLLER 2026-06-07T00:38:25.755Z] Received 4 unread message(s). Latest from=eric
[LAZARUS-POLLER 2026-06-07T00:38:27.758Z] Received 4 unread message(s). Latest from=eric
[LAZARUS-POLLER 2026-06-07T00:38:29.761Z] Received 4 unread message(s). Latest from=eric
[LAZARUS-POLLER 2026-06-07T00:38:31.764Z] Received 4 unread message(s). Latest from=eric
[LAZARUS-POLLER 2026-06-07T00:38:33.766Z] Received 4 unread message(s). Latest from=eric
[LAZARUS-POLLER 2026-06-07T00:38:35.767Z] Received 4 unread message(s). Latest from=eric
[LAZARUS-POLLER 2026-06-07T00:38:37.769Z] Received 4 unread message(s). Latest from=eric
[LAZARUS-POLLER 2026-06-07T00:38:39.772Z] Received 4 unread message(s). Latest from=eric
[LAZARUS-POLLER 2026-06-07T00:38:41.774Z] Received 4 unread message(s). Latest from=eric
[LAZARUS-POLLER 2026-06-07T00:38:43.776Z] Received 4 unread message(s). Latest from=eric
[LAZARUS-POLLER 2026-06-07T00:38:45.779Z] Received 4 unread message(s). Latest from=eric
[LAZARUS-POLLER 2026-06-07T00:38:47.781Z] Received 4 unread message(s). Latest from=eric
[LAZARUS-POLLER 2026-06-07T00:38:49.783Z] Received 4 unread message(s). Latest from=eric
[LAZARUS-POLLER 2026-06-07T00:38:51.785Z] Received 4 unread message(s). Latest from=eric
[LAZARUS-POLLER 2026-06-07T00:38:53.787Z] Received 4 unread message(s). Latest from=eric
[LAZARUS-POLLER 2026-06-07T00:38:55.790Z] Received 4 unread message(s). Latest from=eric
[LAZARUS-POLLER 2026-06-07T00:38:57.792Z] Received 4 unread message(s). Latest from=eric
[LAZARUS-POLLER 2026-06-07T00:38:59.794Z] Received 4 unread message(s). Latest from=eric
[LAZARUS-POLLER 2026-06-07T00:39:01.796Z] Received 4 unread message(s). Latest from=eric
[LAZARUS-POLLER 2026-06-07T00:39:03.798Z] Received 4 unread message(s). Latest from=eric
[LAZARUS-POLLER 2026-06-07T00:39:05.800Z] Received 4 unread message(s). Latest from=eric
[LAZARUS-POLLER 2026-06-07T00:39:07.802Z] Received 4 unread message(s). Latest from=eric
[LAZARUS-POLLER 2026-06-07T00:39:09.804Z] Received 4 unread message(s). Latest from=eric
[LAZARUS-POLLER 2026-06-07T00:39:11.806Z] Received 4 unread message(s). Latest from=eric
[LAZARUS-POLLER 2026-06-07T00:39:13.808Z] Received 4 unread message(s). Latest from=eric
[LAZARUS-POLLER 2026-06-07T00:39:15.811Z] Received 4 unread message(s). Latest from=eric
[LAZARUS-POLLER 2026-06-07T00:39:17.813Z] Received 4 unread message(s). Latest from=eric
[LAZARUS-POLLER 2026-06-07T00:39:19.815Z] Received 4 unread message(s). Latest from=eric
[LAZARUS-POLLER 2026-06-07T00:39:21.817Z] Received 4 unread message(s). Latest from=eric
[LAZARUS-POLLER 2026-06-07T00:39:23.819Z] Received 4 unread message(s). Latest from=eric
[LAZARUS-POLLER 2026-06-07T00:39:25.822Z] Received 4 unread message(s). Latest from=eric
[LAZARUS-POLLER 2026-06-07T00:39:27.823Z] Received 4 unread message(s). Latest from=eric
[LAZARUS-POLLER 2026-06-07T00:39:29.825Z] Received 4 unread message(s). Latest from=eric
[LAZARUS-POLLER 2026-06-07T00:39:31.827Z] Received 4 unread message(s). Latest from=eric
[LAZARUS-POLLER 2026-06-07T00:39:33.829Z] Received 4 unread message(s). Latest from=eric
[LAZARUS-POLLER 2026-06-07T00:39:35.831Z] Received 4 unread message(s). Latest from=eric
[LAZARUS-POLLER 2026-06-07T00:39:37.833Z] Received 4 unread message(s). Latest from=eric
[LAZARUS-POLLER 2026-06-07T00:39:39.835Z] Received 4 unread message(s). Latest from=eric
[LAZARUS-POLLER 2026-06-07T00:39:41.837Z] Received 4 unread message(s). Latest from=eric
[LAZARUS-POLLER 2026-06-07T00:39:43.839Z] Received 4 unread message(s). Latest from=eric
[LAZARUS-POLLER 2026-06-07T00:39:45.841Z] Received 4 unread message(s). Latest from=eric
[LAZARUS-POLLER 2026-06-07T00:39:47.843Z] Received 4 unread message(s). Latest from=eric
[LAZARUS-POLLER 2026-06-07T00:39:49.845Z] Received 4 unread message(s). Latest from=eric
[LAZARUS-POLLER 2026-06-07T00:39:51.847Z] Received 4 unread message(s). Latest from=eric
[LAZARUS-POLLER 2026-06-07T00:39:53.849Z] Buffered 1 message(s) to wakeup file
[LAZARUS-POLLER 2026-06-07T00:39:53.849Z] Received 5 unread message(s). Latest from=molly
[LAZARUS-POLLER 2026-06-07T00:39:55.852Z] Received 5 unread message(s). Latest from=molly
[LAZARUS-POLLER 2026-06-07T00:39:57.854Z] Received 5 unread message(s). Latest from=molly
[LAZARUS-POLLER 2026-06-07T00:39:59.856Z] Received 5 unread message(s). Latest from=molly
[LAZARUS-POLLER 2026-06-07T00:40:01.859Z] Received 5 unread message(s). Latest from=molly
[LAZARUS-POLLER 2026-06-07T00:40:03.861Z] Received 5 unread message(s). Latest from=molly
[LAZARUS-POLLER 2026-06-07T00:40:05.863Z] Received 5 unread message(s). Latest from=molly
[LAZARUS-POLLER 2026-06-07T00:40:07.864Z] Received 5 unread message(s). Latest from=molly
[LAZARUS-POLLER 2026-06-07T00:40:09.865Z] Received 5 unread message(s). Latest from=molly
[LAZARUS-POLLER 2026-06-07T00:40:11.868Z] Received 5 unread message(s). Latest from=molly
[LAZARUS-POLLER 2026-06-07T00:40:13.871Z] Received 5 unread message(s). Latest from=molly
[LAZARUS-POLLER 2026-06-07T00:40:15.873Z] Received 5 unread message(s). Latest from=molly
[LAZARUS-POLLER 2026-06-07T00:40:17.875Z] Received 5 unread message(s). Latest from=molly
[LAZARUS-POLLER 2026-06-07T00:40:19.877Z] Received 5 unread message(s). Latest from=molly
[LAZARUS-POLLER 2026-06-07T00:40:21.879Z] Received 5 unread message(s). Latest from=molly
[LAZARUS-POLLER 2026-06-07T00:40:23.881Z] Received 5 unread message(s). Latest from=molly
[LAZARUS-POLLER 2026-06-07T00:40:25.883Z] Received 5 unread message(s). Latest from=molly
[LAZARUS-POLLER 2026-06-07T00:40:27.886Z] Received 5 unread message(s). Latest from=molly
[LAZARUS-POLLER 2026-06-07T00:40:57.915Z] Received 2 unread message(s). Latest from=molly
[LAZARUS-POLLER 2026-06-07T00:40:59.917Z] Received 2 unread message(s). Latest from=molly
[LAZARUS-POLLER 2026-06-07T00:41:01.920Z] Received 2 unread message(s). Latest from=molly
[LAZARUS-POLLER 2026-06-07T00:41:03.922Z] Received 2 unread message(s). Latest from=molly
[LAZARUS-POLLER 2026-06-07T00:41:05.923Z] Received 2 unread message(s). Latest from=molly
[LAZARUS-POLLER 2026-06-07T00:41:07.926Z] Received 2 unread message(s). Latest from=molly
[LAZARUS-POLLER 2026-06-07T00:41:09.928Z] Received 2 unread message(s). Latest from=molly
[LAZARUS-POLLER 2026-06-07T00:41:11.930Z] Received 2 unread message(s). Latest from=molly
[LAZARUS-POLLER 2026-06-07T00:41:13.932Z] Received 2 unread message(s). Latest from=molly
[LAZARUS-POLLER 2026-06-07T00:41:15.934Z] Received 2 unread message(s). Latest from=molly
[LAZARUS-POLLER 2026-06-07T00:41:17.936Z] Received 2 unread message(s). Latest from=molly
[LAZARUS-POLLER 2026-06-07T00:41:19.937Z] Received 2 unread message(s). Latest from=molly
[LAZARUS-POLLER 2026-06-07T00:41:21.940Z] Received 2 unread message(s). Latest from=molly
[LAZARUS-POLLER 2026-06-07T00:41:23.943Z] Received 2 unread message(s). Latest from=molly
[LAZARUS-POLLER 2026-06-07T00:41:25.945Z] Received 2 unread message(s). Latest from=molly
[LAZARUS-POLLER 2026-06-07T00:41:27.947Z] Received 2 unread message(s). Latest from=molly
[LAZARUS-POLLER 2026-06-07T00:41:29.951Z] Received 2 unread message(s). Latest from=molly
[LAZARUS-POLLER 2026-06-07T00:41:31.953Z] Received 2 unread message(s). Latest from=molly
[LAZARUS-POLLER 2026-06-07T00:41:33.955Z] Received 2 unread message(s). Latest from=molly
[LAZARUS-POLLER 2026-06-07T00:41:35.957Z] Received 2 unread message(s). Latest from=molly
[LAZARUS-POLLER 2026-06-07T00:41:37.960Z] Received 2 unread message(s). Latest from=molly
[LAZARUS-POLLER 2026-06-07T00:41:39.962Z] Received 2 unread message(s). Latest from=molly
[LAZARUS-POLLER 2026-06-07T00:41:41.964Z] Received 2 unread message(s). Latest from=molly
[LAZARUS-POLLER 2026-06-07T00:41:43.966Z] Received 2 unread message(s). Latest from=molly
[LAZARUS-POLLER 2026-06-07T00:41:45.968Z] Received 2 unread message(s). Latest from=molly
[LAZARUS-POLLER 2026-06-07T00:41:47.970Z] Received 3 unread message(s). Latest from=molly
[LAZARUS-POLLER 2026-06-07T00:41:49.972Z] Received 3 unread message(s). Latest from=molly
[LAZARUS-POLLER 2026-06-07T00:41:51.974Z] Received 3 unread message(s). Latest from=molly
[LAZARUS-POLLER 2026-06-07T00:41:53.976Z] Received 3 unread message(s). Latest from=molly
[LAZARUS-POLLER 2026-06-07T00:41:55.978Z] Received 3 unread message(s). Latest from=molly
[LAZARUS-POLLER 2026-06-07T00:41:57.980Z] Received 3 unread message(s). Latest from=molly
[LAZARUS-POLLER 2026-06-07T00:41:59.982Z] Received 3 unread message(s). Latest from=molly
[LAZARUS-POLLER 2026-06-07T00:42:01.984Z] Received 3 unread message(s). Latest from=molly
[LAZARUS-POLLER 2026-06-07T00:42:03.986Z] Received 3 unread message(s). Latest from=molly
[LAZARUS-POLLER 2026-06-07T00:42:05.988Z] Received 3 unread message(s). Latest from=molly
[LAZARUS-POLLER 2026-06-07T00:42:07.990Z] Received 3 unread message(s). Latest from=molly
[LAZARUS-POLLER 2026-06-07T00:42:09.992Z] Received 3 unread message(s). Latest from=molly
[LAZARUS-POLLER 2026-06-07T00:42:11.994Z] Received 3 unread message(s). Latest from=molly
[LAZARUS-POLLER 2026-06-07T00:42:13.996Z] Received 3 unread message(s). Latest from=molly
[LAZARUS-POLLER 2026-06-07T00:42:15.998Z] Received 3 unread message(s). Latest from=molly
[LAZARUS-POLLER 2026-06-07T00:42:17.999Z] Received 3 unread message(s). Latest from=molly
[LAZARUS-POLLER 2026-06-07T00:42:20.001Z] Received 3 unread message(s). Latest from=molly
[LAZARUS-POLLER 2026-06-07T00:42:22.003Z] Received 3 unread message(s). Latest from=molly
[LAZARUS-POLLER 2026-06-07T00:42:24.005Z] Received 3 unread message(s). Latest from=molly
[LAZARUS-POLLER 2026-06-07T00:42:26.007Z] Received 3 unread message(s). Latest from=molly
[LAZARUS-POLLER 2026-06-07T00:42:28.009Z] Received 3 unread message(s). Latest from=molly
[LAZARUS-POLLER 2026-06-07T00:42:30.011Z] Received 4 unread message(s). Latest from=molly
[LAZARUS-POLLER 2026-06-07T00:42:32.014Z] Received 4 unread message(s). Latest from=molly
[LAZARUS-POLLER 2026-06-07T00:42:34.015Z] Received 4 unread message(s). Latest from=molly
[LAZARUS-POLLER 2026-06-07T00:42:36.017Z] Received 4 unread message(s). Latest from=molly
[LAZARUS-POLLER 2026-06-07T00:42:38.019Z] Received 4 unread message(s). Latest from=molly
[LAZARUS-POLLER 2026-06-07T00:42:40.021Z] Received 4 unread message(s). Latest from=molly
[LAZARUS-POLLER 2026-06-07T00:42:42.023Z] Received 4 unread message(s). Latest from=molly
[LAZARUS-POLLER 2026-06-07T00:42:44.025Z] Received 4 unread message(s). Latest from=molly
[LAZARUS-POLLER 2026-06-07T00:42:46.027Z] Received 4 unread message(s). Latest from=molly
[LAZARUS-POLLER 2026-06-07T00:42:48.029Z] Received 4 unread message(s). Latest from=molly
[LAZARUS-POLLER 2026-06-07T00:42:50.031Z] Received 4 unread message(s). Latest from=molly
[LAZARUS-POLLER 2026-06-07T00:42:52.034Z] Received 4 unread message(s). Latest from=molly
[LAZARUS-POLLER 2026-06-07T00:42:54.036Z] Received 4 unread message(s). Latest from=molly
[LAZARUS-POLLER 2026-06-07T00:42:56.038Z] Received 4 unread message(s). Latest from=molly
[LAZARUS-POLLER 2026-06-07T00:42:58.039Z] Received 4 unread message(s). Latest from=molly
[LAZARUS-POLLER 2026-06-07T00:43:00.042Z] Received 4 unread message(s). Latest from=molly
[LAZARUS-POLLER 2026-06-07T00:43:02.044Z] Received 4 unread message(s). Latest from=molly
[LAZARUS-POLLER 2026-06-07T00:43:04.046Z] Received 4 unread message(s). Latest from=molly
[LAZARUS-POLLER 2026-06-07T00:43:06.047Z] Received 4 unread message(s). Latest from=molly
[LAZARUS-POLLER 2026-06-07T00:43:08.049Z] Received 4 unread message(s). Latest from=molly
[LAZARUS-POLLER 2026-06-07T00:43:10.051Z] Received 4 unread message(s). Latest from=molly
[LAZARUS-POLLER 2026-06-07T00:43:12.053Z] Received 4 unread message(s). Latest from=molly
[LAZARUS-POLLER 2026-06-07T00:43:14.055Z] Received 4 unread message(s). Latest from=molly
[LAZARUS-POLLER 2026-06-07T00:43:16.057Z] Received 4 unread message(s). Latest from=molly
[LAZARUS-POLLER 2026-06-07T00:43:18.059Z] Received 4 unread message(s). Latest from=molly
[LAZARUS-POLLER 2026-06-07T00:43:20.062Z] Received 4 unread message(s). Latest from=molly
[LAZARUS-POLLER 2026-06-07T00:43:22.064Z] Received 4 unread message(s). Latest from=molly
[LAZARUS-POLLER 2026-06-07T00:43:24.066Z] Received 4 unread message(s). Latest from=molly
[LAZARUS-POLLER 2026-06-07T00:43:26.068Z] Received 4 unread message(s). Latest from=molly
[LAZARUS-POLLER 2026-06-07T00:43:28.069Z] Received 4 unread message(s). Latest from=molly
[LAZARUS-POLLER 2026-06-07T00:43:30.072Z] Received 4 unread message(s). Latest from=molly
[LAZARUS-POLLER 2026-06-07T00:43:32.074Z] Received 4 unread message(s). Latest from=molly
[LAZARUS-POLLER 2026-06-07T00:43:34.077Z] Received 4 unread message(s). Latest from=molly
[LAZARUS-POLLER 2026-06-07T00:43:36.079Z] Received 4 unread message(s). Latest from=molly
[LAZARUS-POLLER 2026-06-07T00:43:38.081Z] Received 4 unread message(s). Latest from=molly
[LAZARUS-POLLER 2026-06-07T00:43:40.084Z] Received 4 unread message(s). Latest from=molly
[LAZARUS-POLLER 2026-06-07T00:43:42.085Z] Received 4 unread message(s). Latest from=molly
[LAZARUS-POLLER 2026-06-07T00:43:44.087Z] Received 4 unread message(s). Latest from=molly
[LAZARUS-POLLER 2026-06-07T00:43:46.090Z] Received 4 unread message(s). Latest from=molly
[LAZARUS-POLLER 2026-06-07T00:43:48.091Z] Received 4 unread message(s). Latest from=molly
[LAZARUS-POLLER 2026-06-07T00:43:50.095Z] Received 4 unread message(s). Latest from=molly
[LAZARUS-POLLER 2026-06-07T00:43:52.097Z] Received 4 unread message(s). Latest from=molly
[LAZARUS-POLLER 2026-06-07T00:43:54.098Z] Received 4 unread message(s). Latest from=molly
[LAZARUS-POLLER 2026-06-07T00:43:56.100Z] Received 4 unread message(s). Latest from=molly
[LAZARUS-POLLER 2026-06-07T00:43:58.102Z] Received 4 unread message(s). Latest from=molly
[LAZARUS-POLLER 2026-06-07T00:44:00.104Z] Received 4 unread message(s). Latest from=molly
[LAZARUS-POLLER 2026-06-07T00:44:02.107Z] Received 4 unread message(s). Latest from=molly
[LAZARUS-POLLER 2026-06-07T00:44:04.109Z] Received 4 unread message(s). Latest from=molly
[LAZARUS-POLLER 2026-06-07T00:44:06.111Z] Received 4 unread message(s). Latest from=molly
[LAZARUS-POLLER 2026-06-07T00:44:08.113Z] Received 4 unread message(s). Latest from=molly
[LAZARUS-POLLER 2026-06-07T00:44:10.115Z] Received 4 unread message(s). Latest from=molly
[LAZARUS-POLLER 2026-06-07T00:44:12.117Z] Received 4 unread message(s). Latest from=molly
[LAZARUS-POLLER 2026-06-07T00:44:14.120Z] Received 4 unread message(s). Latest from=molly
[LAZARUS-POLLER 2026-06-07T00:44:16.122Z] Received 4 unread message(s). Latest from=molly
[LAZARUS-POLLER 2026-06-07T00:44:18.124Z] Received 4 unread message(s). Latest from=molly
[LAZARUS-POLLER 2026-06-07T00:44:20.126Z] Received 4 unread message(s). Latest from=molly
[LAZARUS-POLLER 2026-06-07T00:44:22.128Z] Received 4 unread message(s). Latest from=molly
[LAZARUS-POLLER 2026-06-07T00:44:24.130Z] Received 4 unread message(s). Latest from=molly
[LAZARUS-POLLER 2026-06-07T00:44:26.132Z] Received 4 unread message(s). Latest from=molly
[LAZARUS-POLLER 2026-06-07T00:44:28.135Z] Received 4 unread message(s). Latest from=molly
[LAZARUS-POLLER 2026-06-07T00:44:30.137Z] Received 4 unread message(s). Latest from=molly
[LAZARUS-POLLER 2026-06-07T00:44:32.139Z] Received 4 unread message(s). Latest from=molly
[LAZARUS-POLLER 2026-06-07T00:44:34.142Z] Received 4 unread message(s). Latest from=molly
[LAZARUS-POLLER 2026-06-07T00:44:36.144Z] Received 4 unread message(s). Latest from=molly
[LAZARUS-POLLER 2026-06-07T00:44:38.146Z] Received 4 unread message(s). Latest from=molly
[LAZARUS-POLLER 2026-06-07T00:44:40.148Z] Received 4 unread message(s). Latest from=molly
[LAZARUS-POLLER 2026-06-07T00:44:42.150Z] Received 4 unread message(s). Latest from=molly
[LAZARUS-POLLER 2026-06-07T00:44:44.152Z] Received 4 unread message(s). Latest from=molly
[LAZARUS-POLLER 2026-06-07T00:44:46.154Z] Received 4 unread message(s). Latest from=molly
[LAZARUS-POLLER 2026-06-07T00:44:48.156Z] Received 4 unread message(s). Latest from=molly
[LAZARUS-POLLER 2026-06-07T00:44:50.159Z] Received 4 unread message(s). Latest from=molly
[LAZARUS-POLLER 2026-06-07T00:44:52.161Z] Received 4 unread message(s). Latest from=molly
[LAZARUS-POLLER 2026-06-07T00:44:54.163Z] Received 4 unread message(s). Latest from=molly
[LAZARUS-POLLER 2026-06-07T00:44:56.165Z] Received 4 unread message(s). Latest from=molly
[LAZARUS-POLLER 2026-06-07T00:44:58.167Z] Received 4 unread message(s). Latest from=molly
[LAZARUS-POLLER 2026-06-07T00:45:00.169Z] Received 4 unread message(s). Latest from=molly
[LAZARUS-POLLER 2026-06-07T00:45:02.171Z] Received 4 unread message(s). Latest from=molly
[LAZARUS-POLLER 2026-06-07T00:45:04.173Z] Received 4 unread message(s). Latest from=molly
[LAZARUS-POLLER 2026-06-07T00:45:06.175Z] Received 4 unread message(s). Latest from=molly
[LAZARUS-POLLER 2026-06-07T00:45:08.177Z] Received 4 unread message(s). Latest from=molly
[LAZARUS-POLLER 2026-06-07T00:45:10.179Z] Received 4 unread message(s). Latest from=molly
[LAZARUS-POLLER 2026-06-07T00:45:12.182Z] Received 4 unread message(s). Latest from=molly
[LAZARUS-POLLER 2026-06-07T00:45:14.185Z] Received 4 unread message(s). Latest from=molly
[LAZARUS-POLLER 2026-06-07T00:45:16.187Z] Received 4 unread message(s). Latest from=molly
[LAZARUS-POLLER 2026-06-07T00:45:18.189Z] Received 4 unread message(s). Latest from=molly
[LAZARUS-POLLER 2026-06-07T00:45:20.191Z] Received 4 unread message(s). Latest from=molly
[LAZARUS-POLLER 2026-06-07T00:45:22.193Z] Received 4 unread message(s). Latest from=molly
[LAZARUS-POLLER 2026-06-07T00:45:24.195Z] Received 4 unread message(s). Latest from=molly
[LAZARUS-POLLER 2026-06-07T00:45:26.197Z] Received 4 unread message(s). Latest from=molly
[LAZARUS-POLLER 2026-06-07T00:45:28.200Z] Received 4 unread message(s). Latest from=molly
[LAZARUS-POLLER 2026-06-07T00:45:30.202Z] Received 4 unread message(s). Latest from=molly
[LAZARUS-POLLER 2026-06-07T00:45:32.204Z] Received 4 unread message(s). Latest from=molly
[LAZARUS-POLLER 2026-06-07T00:45:34.207Z] Received 4 unread message(s). Latest from=molly
[LAZARUS-POLLER 2026-06-07T00:45:36.209Z] Received 4 unread message(s). Latest from=molly
[LAZARUS-POLLER 2026-06-07T00:45:38.211Z] Received 4 unread message(s). Latest from=molly
[LAZARUS-POLLER 2026-06-07T00:45:40.213Z] Received 4 unread message(s). Latest from=molly
[LAZARUS-POLLER 2026-06-07T00:45:42.215Z] Received 4 unread message(s). Latest from=molly
[LAZARUS-POLLER 2026-06-07T00:45:44.216Z] Received 4 unread message(s). Latest from=molly
[LAZARUS-POLLER 2026-06-07T00:45:46.219Z] Received 4 unread message(s). Latest from=molly
[LAZARUS-POLLER 2026-06-07T00:45:48.220Z] Received 4 unread message(s). Latest from=molly
[LAZARUS-POLLER 2026-06-07T00:45:50.223Z] Received 4 unread message(s). Latest from=molly
[LAZARUS-POLLER 2026-06-07T00:45:52.226Z] Received 4 unread message(s). Latest from=molly
[LAZARUS-POLLER 2026-06-07T00:45:54.229Z] Received 4 unread message(s). Latest from=molly
[LAZARUS-POLLER 2026-06-07T00:45:56.231Z] Received 4 unread message(s). Latest from=molly
[LAZARUS-POLLER 2026-06-07T00:45:58.233Z] Received 4 unread message(s). Latest from=molly
[LAZARUS-POLLER 2026-06-07T00:46:00.235Z] Received 4 unread message(s). Latest from=molly
[LAZARUS-POLLER 2026-06-07T00:46:02.239Z] Received 4 unread message(s). Latest from=molly
[LAZARUS-POLLER 2026-06-07T00:46:04.241Z] Received 4 unread message(s). Latest from=molly
[LAZARUS-POLLER 2026-06-07T00:46:06.243Z] Received 4 unread message(s). Latest from=molly
[LAZARUS-POLLER 2026-06-07T00:46:08.246Z] Received 4 unread message(s). Latest from=molly
[LAZARUS-POLLER 2026-06-07T00:46:10.248Z] Received 4 unread message(s). Latest from=molly
[LAZARUS-POLLER 2026-06-07T00:46:12.251Z] Received 4 unread message(s). Latest from=molly
[LAZARUS-POLLER 2026-06-07T00:46:14.254Z] Received 4 unread message(s). Latest from=molly
[LAZARUS-POLLER 2026-06-07T00:46:16.257Z] Received 4 unread message(s). Latest from=molly
[LAZARUS-POLLER 2026-06-07T00:46:18.260Z] Received 4 unread message(s). Latest from=molly
[LAZARUS-POLLER 2026-06-07T00:46:20.262Z] Received 4 unread message(s). Latest from=molly
[LAZARUS-POLLER 2026-06-07T00:46:22.264Z] Received 4 unread message(s). Latest from=molly
[LAZARUS-POLLER 2026-06-07T00:46:24.267Z] Received 4 unread message(s). Latest from=molly
[LAZARUS-POLLER 2026-06-07T00:46:26.269Z] Received 4 unread message(s). Latest from=molly
[LAZARUS-POLLER 2026-06-07T00:46:28.271Z] Received 4 unread message(s). Latest from=molly
[LAZARUS-POLLER 2026-06-07T00:46:30.273Z] Received 4 unread message(s). Latest from=molly
[LAZARUS-POLLER 2026-06-07T00:46:32.275Z] Received 4 unread message(s). Latest from=molly
[LAZARUS-POLLER 2026-06-07T00:46:34.277Z] Received 4 unread message(s). Latest from=molly
[LAZARUS-POLLER 2026-06-07T00:46:36.279Z] Received 4 unread message(s). Latest from=molly
[LAZARUS-POLLER 2026-06-07T00:46:38.282Z] Received 4 unread message(s). Latest from=molly
[LAZARUS-POLLER 2026-06-07T00:46:40.284Z] Received 4 unread message(s). Latest from=molly
[LAZARUS-POLLER 2026-06-07T00:46:42.287Z] Received 4 unread message(s). Latest from=molly
[LAZARUS-POLLER 2026-06-07T00:46:44.290Z] Received 4 unread message(s). Latest from=molly
[LAZARUS-POLLER 2026-06-07T00:46:46.292Z] Received 4 unread message(s). Latest from=molly
[LAZARUS-POLLER 2026-06-07T00:46:48.294Z] Received 4 unread message(s). Latest from=molly
[LAZARUS-POLLER 2026-06-07T00:46:50.296Z] Received 4 unread message(s). Latest from=molly
[LAZARUS-POLLER 2026-06-07T00:46:52.299Z] Received 4 unread message(s). Latest from=molly
[LAZARUS-POLLER 2026-06-07T00:46:54.300Z] Received 4 unread message(s). Latest from=molly
[LAZARUS-POLLER 2026-06-07T00:46:56.303Z] Received 4 unread message(s). Latest from=molly
[LAZARUS-POLLER 2026-06-07T00:46:58.305Z] Received 4 unread message(s). Latest from=molly
[LAZARUS-POLLER 2026-06-07T00:47:00.308Z] Received 4 unread message(s). Latest from=molly
[LAZARUS-POLLER 2026-06-07T00:47:02.309Z] Received 4 unread message(s). Latest from=molly
[LAZARUS-POLLER 2026-06-07T00:47:04.312Z] Received 4 unread message(s). Latest from=molly
[LAZARUS-POLLER 2026-06-07T00:47:06.314Z] Received 4 unread message(s). Latest from=molly
[LAZARUS-POLLER 2026-06-07T00:47:08.316Z] Received 4 unread message(s). Latest from=molly
[LAZARUS-POLLER 2026-06-07T00:47:10.318Z] Received 4 unread message(s). Latest from=molly
[LAZARUS-POLLER 2026-06-07T00:47:12.320Z] Received 4 unread message(s). Latest from=molly
[LAZARUS-POLLER 2026-06-07T00:47:14.322Z] Received 5 unread message(s). Latest from=molly
[LAZARUS-POLLER 2026-06-07T00:47:16.326Z] Received 5 unread message(s). Latest from=molly
[LAZARUS-POLLER 2026-06-07T00:47:18.329Z] Received 5 unread message(s). Latest from=molly
[LAZARUS-POLLER 2026-06-07T00:47:20.331Z] Received 5 unread message(s). Latest from=molly
[LAZARUS-POLLER 2026-06-07T00:47:22.333Z] Received 5 unread message(s). Latest from=molly
[LAZARUS-POLLER 2026-06-07T00:47:24.335Z] Received 5 unread message(s). Latest from=molly
[LAZARUS-POLLER 2026-06-07T00:47:26.337Z] Received 5 unread message(s). Latest from=molly
[LAZARUS-POLLER 2026-06-07T00:47:28.339Z] Received 5 unread message(s). Latest from=molly
[LAZARUS-POLLER 2026-06-07T00:47:30.341Z] Received 5 unread message(s). Latest from=molly
[LAZARUS-POLLER 2026-06-07T00:47:32.343Z] Received 5 unread message(s). Latest from=molly
[LAZARUS-POLLER 2026-06-07T00:47:34.346Z] Received 5 unread message(s). Latest from=molly
[LAZARUS-POLLER 2026-06-07T00:47:36.348Z] Received 5 unread message(s). Latest from=molly
[LAZARUS-POLLER 2026-06-07T00:47:38.350Z] Received 5 unread message(s). Latest from=molly
[LAZARUS-POLLER 2026-06-07T00:47:40.352Z] Received 5 unread message(s). Latest from=molly
[LAZARUS-POLLER 2026-06-07T00:47:42.354Z] Received 5 unread message(s). Latest from=molly
[LAZARUS-POLLER 2026-06-07T00:47:44.356Z] Received 5 unread message(s). Latest from=molly
[LAZARUS-POLLER 2026-06-07T00:47:46.358Z] Received 5 unread message(s). Latest from=molly
[LAZARUS-POLLER 2026-06-07T00:47:48.360Z] Received 5 unread message(s). Latest from=molly
[LAZARUS-POLLER 2026-06-07T00:47:50.362Z] Received 5 unread message(s). Latest from=molly
[LAZARUS-POLLER 2026-06-07T00:47:52.364Z] Received 5 unread message(s). Latest from=molly
[LAZARUS-POLLER 2026-06-07T00:47:54.366Z] Received 5 unread message(s). Latest from=molly
[LAZARUS-POLLER 2026-06-07T00:47:56.368Z] Received 5 unread message(s). Latest from=molly
[LAZARUS-POLLER 2026-06-07T00:47:58.370Z] Received 5 unread message(s). Latest from=molly
[LAZARUS-POLLER 2026-06-07T00:48:00.372Z] Received 5 unread message(s). Latest from=molly
[LAZARUS-POLLER 2026-06-07T00:48:02.374Z] Received 5 unread message(s). Latest from=molly
[LAZARUS-POLLER 2026-06-07T00:48:04.377Z] Received 5 unread message(s). Latest from=molly
[LAZARUS-POLLER 2026-06-07T00:48:06.379Z] Received 5 unread message(s). Latest from=molly
[LAZARUS-POLLER 2026-06-07T00:48:08.381Z] Received 5 unread message(s). Latest from=molly
[LAZARUS-POLLER 2026-06-07T00:48:10.383Z] Received 5 unread message(s). Latest from=molly
[LAZARUS-POLLER 2026-06-07T00:48:12.386Z] Received 5 unread message(s). Latest from=molly
[LAZARUS-POLLER 2026-06-07T00:48:14.389Z] Received 5 unread message(s). Latest from=molly
[LAZARUS-POLLER 2026-06-07T00:48:16.391Z] Received 5 unread message(s). Latest from=molly
[LAZARUS-POLLER 2026-06-07T00:48:18.393Z] Received 5 unread message(s). Latest from=molly
[LAZARUS-POLLER 2026-06-07T00:48:20.396Z] Received 5 unread message(s). Latest from=molly
[LAZARUS-POLLER 2026-06-07T00:48:22.400Z] Received 5 unread message(s). Latest from=molly
[LAZARUS-POLLER 2026-06-07T00:48:24.402Z] Received 5 unread message(s). Latest from=molly
[LAZARUS-POLLER 2026-06-07T00:48:26.404Z] Received 5 unread message(s). Latest from=molly
[LAZARUS-POLLER 2026-06-07T00:48:28.406Z] Received 5 unread message(s). Latest from=molly
[LAZARUS-POLLER 2026-06-07T00:48:30.408Z] Received 5 unread message(s). Latest from=molly
[LAZARUS-POLLER 2026-06-07T00:48:32.410Z] Received 5 unread message(s). Latest from=molly
[LAZARUS-POLLER 2026-06-07T00:48:34.412Z] Received 5 unread message(s). Latest from=molly
[LAZARUS-POLLER 2026-06-07T00:48:36.414Z] Received 5 unread message(s). Latest from=molly
[LAZARUS-POLLER 2026-06-07T00:48:38.416Z] Received 5 unread message(s). Latest from=molly
[LAZARUS-POLLER 2026-06-07T00:48:40.418Z] Received 5 unread message(s). Latest from=molly
[LAZARUS-POLLER 2026-06-07T00:48:42.421Z] Received 5 unread message(s). Latest from=molly
[LAZARUS-POLLER 2026-06-07T00:48:44.423Z] Received 5 unread message(s). Latest from=molly
[LAZARUS-POLLER 2026-06-07T00:48:46.425Z] Received 5 unread message(s). Latest from=molly
[LAZARUS-POLLER 2026-06-07T00:48:48.427Z] Received 5 unread message(s). Latest from=molly
[LAZARUS-POLLER 2026-06-07T00:48:50.429Z] Received 5 unread message(s). Latest from=molly
[LAZARUS-POLLER 2026-06-07T00:48:52.432Z] Received 5 unread message(s). Latest from=molly
[LAZARUS-POLLER 2026-06-07T00:48:54.434Z] Received 5 unread message(s). Latest from=molly
[LAZARUS-POLLER 2026-06-07T00:48:56.436Z] Received 6 unread message(s). Latest from=molly
[LAZARUS-POLLER 2026-06-07T00:48:58.440Z] Received 6 unread message(s). Latest from=molly
[LAZARUS-POLLER 2026-06-07T00:49:00.442Z] Received 6 unread message(s). Latest from=molly
[LAZARUS-POLLER 2026-06-07T00:49:02.444Z] Received 6 unread message(s). Latest from=molly
[LAZARUS-POLLER 2026-06-07T00:49:04.446Z] Received 6 unread message(s). Latest from=molly
[LAZARUS-POLLER 2026-06-07T00:49:06.449Z] Received 6 unread message(s). Latest from=molly
[LAZARUS-POLLER 2026-06-07T00:49:08.451Z] Received 6 unread message(s). Latest from=molly
[LAZARUS-POLLER 2026-06-07T00:49:10.453Z] Received 6 unread message(s). Latest from=molly
[LAZARUS-POLLER 2026-06-07T00:49:12.455Z] Received 6 unread message(s). Latest from=molly
[LAZARUS-POLLER 2026-06-07T00:49:14.459Z] Received 6 unread message(s). Latest from=molly
[LAZARUS-POLLER 2026-06-07T00:49:16.461Z] Received 6 unread message(s). Latest from=molly
[LAZARUS-POLLER 2026-06-07T00:49:18.464Z] Received 6 unread message(s). Latest from=molly
[LAZARUS-POLLER 2026-06-07T00:49:20.467Z] Received 6 unread message(s). Latest from=molly
[LAZARUS-POLLER 2026-06-07T00:49:22.469Z] Received 6 unread message(s). Latest from=molly
[LAZARUS-POLLER 2026-06-07T00:49:24.471Z] Received 6 unread message(s). Latest from=molly
[LAZARUS-POLLER 2026-06-07T00:49:26.473Z] Received 6 unread message(s). Latest from=molly
[LAZARUS-POLLER 2026-06-07T00:49:28.475Z] Received 6 unread message(s). Latest from=molly
[LAZARUS-POLLER 2026-06-07T00:49:30.478Z] Received 6 unread message(s). Latest from=molly
[LAZARUS-POLLER 2026-06-07T00:49:32.480Z] Received 6 unread message(s). Latest from=molly
[LAZARUS-POLLER 2026-06-07T00:49:34.482Z] Received 6 unread message(s). Latest from=molly
[LAZARUS-POLLER 2026-06-07T00:49:36.484Z] Received 6 unread message(s). Latest from=molly
[LAZARUS-POLLER 2026-06-07T00:49:38.486Z] Received 6 unread message(s). Latest from=molly
[LAZARUS-POLLER 2026-06-07T00:49:40.488Z] Received 6 unread message(s). Latest from=molly
[LAZARUS-POLLER 2026-06-07T00:49:42.490Z] Received 6 unread message(s). Latest from=molly
[LAZARUS-POLLER 2026-06-07T00:49:44.492Z] Received 6 unread message(s). Latest from=molly
[LAZARUS-POLLER 2026-06-07T00:49:46.494Z] Received 6 unread message(s). Latest from=molly
[LAZARUS-POLLER 2026-06-07T00:49:48.497Z] Received 6 unread message(s). Latest from=molly
[LAZARUS-POLLER 2026-06-07T00:49:50.499Z] Received 6 unread message(s). Latest from=molly
[LAZARUS-POLLER 2026-06-07T00:49:52.501Z] Received 6 unread message(s). Latest from=molly
[LAZARUS-POLLER 2026-06-07T00:49:54.504Z] Received 6 unread message(s). Latest from=molly
[LAZARUS-POLLER 2026-06-07T00:49:56.506Z] Received 6 unread message(s). Latest from=molly
[LAZARUS-POLLER 2026-06-07T00:49:58.508Z] Received 6 unread message(s). Latest from=molly
[LAZARUS-POLLER 2026-06-07T00:50:00.511Z] Received 6 unread message(s). Latest from=molly
[LAZARUS-POLLER 2026-06-07T00:50:02.513Z] Received 6 unread message(s). Latest from=molly
[LAZARUS-POLLER 2026-06-07T00:50:04.515Z] Received 6 unread message(s). Latest from=molly
[LAZARUS-POLLER 2026-06-07T00:50:06.517Z] Received 6 unread message(s). Latest from=molly
[LAZARUS-POLLER 2026-06-07T00:50:08.519Z] Received 6 unread message(s). Latest from=molly
[LAZARUS-POLLER 2026-06-07T00:50:10.521Z] Received 6 unread message(s). Latest from=molly
[LAZARUS-POLLER 2026-06-07T00:50:12.523Z] Received 6 unread message(s). Latest from=molly
[LAZARUS-POLLER 2026-06-07T00:50:14.525Z] Received 6 unread message(s). Latest from=molly
[LAZARUS-POLLER 2026-06-07T00:50:16.528Z] Received 6 unread message(s). Latest from=molly
[LAZARUS-POLLER 2026-06-07T00:50:18.530Z] Received 6 unread message(s). Latest from=molly
[LAZARUS-POLLER 2026-06-07T00:50:20.533Z] Received 6 unread message(s). Latest from=molly
[LAZARUS-POLLER 2026-06-07T00:50:22.535Z] Received 6 unread message(s). Latest from=molly
[LAZARUS-POLLER 2026-06-07T00:50:24.538Z] Received 6 unread message(s). Latest from=molly
[LAZARUS-POLLER 2026-06-07T00:50:26.541Z] Received 6 unread message(s). Latest from=molly
[LAZARUS-POLLER 2026-06-07T00:50:28.543Z] Received 6 unread message(s). Latest from=molly
[LAZARUS-POLLER 2026-06-07T00:50:30.545Z] Received 6 unread message(s). Latest from=molly
[LAZARUS-POLLER 2026-06-07T00:50:32.548Z] Received 6 unread message(s). Latest from=molly
[LAZARUS-POLLER 2026-06-07T00:50:34.551Z] Received 6 unread message(s). Latest from=molly
[LAZARUS-POLLER 2026-06-07T00:50:36.553Z] Received 6 unread message(s). Latest from=molly
[LAZARUS-POLLER 2026-06-07T00:50:38.555Z] Received 6 unread message(s). Latest from=molly
[LAZARUS-POLLER 2026-06-07T00:50:40.557Z] Received 7 unread message(s). Latest from=molly
[LAZARUS-POLLER 2026-06-07T00:50:42.559Z] Received 7 unread message(s). Latest from=molly
[LAZARUS-POLLER 2026-06-07T00:50:44.561Z] Received 7 unread message(s). Latest from=molly
[LAZARUS-POLLER 2026-06-07T00:50:46.563Z] Received 8 unread message(s). Latest from=molly
[LAZARUS-POLLER 2026-06-07T00:50:48.566Z] Received 8 unread message(s). Latest from=molly
[LAZARUS-POLLER 2026-06-07T00:50:50.568Z] Received 8 unread message(s). Latest from=molly
[LAZARUS-POLLER 2026-06-07T00:50:52.571Z] Received 8 unread message(s). Latest from=molly
[LAZARUS-POLLER 2026-06-07T00:50:54.574Z] Received 8 unread message(s). Latest from=molly
[LAZARUS-POLLER 2026-06-07T00:50:56.576Z] Received 8 unread message(s). Latest from=molly
[LAZARUS-POLLER 2026-06-07T00:50:58.579Z] Received 8 unread message(s). Latest from=molly
[LAZARUS-POLLER 2026-06-07T00:51:00.581Z] Received 8 unread message(s). Latest from=molly
[LAZARUS-POLLER 2026-06-07T00:51:02.583Z] Received 8 unread message(s). Latest from=molly
[LAZARUS-POLLER 2026-06-07T00:51:04.586Z] Received 8 unread message(s). Latest from=molly
[LAZARUS-POLLER 2026-06-07T00:51:06.588Z] Received 8 unread message(s). Latest from=molly
[LAZARUS-POLLER 2026-06-07T00:51:08.590Z] Received 8 unread message(s). Latest from=molly
[LAZARUS-POLLER 2026-06-07T00:51:10.593Z] Received 8 unread message(s). Latest from=molly
[LAZARUS-POLLER 2026-06-07T00:51:12.595Z] Received 8 unread message(s). Latest from=molly
[LAZARUS-POLLER 2026-06-07T00:51:14.597Z] Received 8 unread message(s). Latest from=molly
[LAZARUS-POLLER 2026-06-07T00:51:16.599Z] Received 8 unread message(s). Latest from=molly
[LAZARUS-POLLER 2026-06-07T00:51:18.603Z] Received 8 unread message(s). Latest from=molly
[LAZARUS-POLLER 2026-06-07T00:51:20.606Z] Received 8 unread message(s). Latest from=molly
[LAZARUS-POLLER 2026-06-07T00:51:22.608Z] Received 8 unread message(s). Latest from=molly
[LAZARUS-POLLER 2026-06-07T00:51:24.611Z] Received 8 unread message(s). Latest from=molly
[LAZARUS-POLLER 2026-06-07T00:51:26.613Z] Received 8 unread message(s). Latest from=molly
[LAZARUS-POLLER 2026-06-07T00:51:28.615Z] Received 9 unread message(s). Latest from=molly
[LAZARUS-POLLER 2026-06-07T00:51:30.617Z] Received 9 unread message(s). Latest from=molly
[LAZARUS-POLLER 2026-06-07T00:51:32.619Z] Received 9 unread message(s). Latest from=molly
[LAZARUS-POLLER 2026-06-07T00:51:34.621Z] Received 9 unread message(s). Latest from=molly
[LAZARUS-POLLER 2026-06-07T00:51:36.623Z] Received 9 unread message(s). Latest from=molly
[LAZARUS-POLLER 2026-06-07T00:51:38.625Z] Received 9 unread message(s). Latest from=molly
[LAZARUS-POLLER 2026-06-07T00:51:40.627Z] Received 9 unread message(s). Latest from=molly
[LAZARUS-POLLER 2026-06-07T00:51:42.630Z] Received 9 unread message(s). Latest from=molly
[LAZARUS-POLLER 2026-06-07T00:51:44.632Z] Received 9 unread message(s). Latest from=molly
[LAZARUS-POLLER 2026-06-07T00:51:46.634Z] Received 9 unread message(s). Latest from=molly
[LAZARUS-POLLER 2026-06-07T00:51:48.637Z] Received 9 unread message(s). Latest from=molly
[LAZARUS-POLLER 2026-06-07T00:51:50.639Z] Received 9 unread message(s). Latest from=molly
[LAZARUS-POLLER 2026-06-07T00:51:52.641Z] Received 9 unread message(s). Latest from=molly
[LAZARUS-POLLER 2026-06-07T00:51:54.643Z] Received 9 unread message(s). Latest from=molly
[LAZARUS-POLLER 2026-06-07T00:51:56.646Z] Received 9 unread message(s). Latest from=molly
[LAZARUS-POLLER 2026-06-07T00:51:58.649Z] Received 9 unread message(s). Latest from=molly
[LAZARUS-POLLER 2026-06-07T00:52:00.651Z] Received 9 unread message(s). Latest from=molly
[LAZARUS-POLLER 2026-06-07T00:52:02.653Z] Received 9 unread message(s). Latest from=molly
[LAZARUS-POLLER 2026-06-07T00:52:04.655Z] Received 9 unread message(s). Latest from=molly
[LAZARUS-POLLER 2026-06-07T00:52:06.658Z] Received 9 unread message(s). Latest from=molly
[LAZARUS-POLLER 2026-06-07T00:52:08.661Z] Received 9 unread message(s). Latest from=molly
[LAZARUS-POLLER 2026-06-07T00:52:10.664Z] Received 9 unread message(s). Latest from=molly
[LAZARUS-POLLER 2026-06-07T00:52:12.666Z] Received 9 unread message(s). Latest from=molly
[LAZARUS-POLLER 2026-06-07T00:52:14.667Z] Received 9 unread message(s). Latest from=molly
[LAZARUS-POLLER 2026-06-07T00:52:16.670Z] Received 9 unread message(s). Latest from=molly
[LAZARUS-POLLER 2026-06-07T00:52:18.672Z] Received 9 unread message(s). Latest from=molly
[LAZARUS-POLLER 2026-06-07T00:52:20.675Z] Received 9 unread message(s). Latest from=molly
[LAZARUS-POLLER 2026-06-07T00:52:22.676Z] Received 9 unread message(s). Latest from=molly
[LAZARUS-POLLER 2026-06-07T00:52:24.678Z] Received 9 unread message(s). Latest from=molly
[LAZARUS-POLLER 2026-06-07T00:52:26.680Z] Received 9 unread message(s). Latest from=molly
[LAZARUS-POLLER 2026-06-07T00:52:28.683Z] Received 9 unread message(s). Latest from=molly
[LAZARUS-POLLER 2026-06-07T00:52:30.685Z] Received 9 unread message(s). Latest from=molly
[LAZARUS-POLLER 2026-06-07T00:52:32.687Z] Received 9 unread message(s). Latest from=molly
[LAZARUS-POLLER 2026-06-07T00:52:34.689Z] Received 9 unread message(s). Latest from=molly
[LAZARUS-POLLER 2026-06-07T00:52:36.691Z] Received 9 unread message(s). Latest from=molly
[LAZARUS-POLLER 2026-06-07T00:52:38.694Z] Received 9 unread message(s). Latest from=molly
[LAZARUS-POLLER 2026-06-07T00:52:40.696Z] Received 9 unread message(s). Latest from=molly
[LAZARUS-POLLER 2026-06-07T00:52:42.698Z] Received 9 unread message(s). Latest from=molly
[LAZARUS-POLLER 2026-06-07T00:52:44.701Z] Received 9 unread message(s). Latest from=molly
[LAZARUS-POLLER 2026-06-07T00:52:46.704Z] Received 9 unread message(s). Latest from=molly
[LAZARUS-POLLER 2026-06-07T00:52:48.707Z] Received 9 unread message(s). Latest from=molly
[LAZARUS-POLLER 2026-06-07T00:52:50.708Z] Received 9 unread message(s). Latest from=molly
[LAZARUS-POLLER 2026-06-07T00:52:52.710Z] Received 9 unread message(s). Latest from=molly
[LAZARUS-POLLER 2026-06-07T00:52:54.712Z] Received 9 unread message(s). Latest from=molly
[LAZARUS-POLLER 2026-06-07T00:52:56.715Z] Received 9 unread message(s). Latest from=molly
[LAZARUS-POLLER 2026-06-07T00:52:58.718Z] Received 9 unread message(s). Latest from=molly
[LAZARUS-POLLER 2026-06-07T00:53:00.720Z] Received 9 unread message(s). Latest from=molly
[LAZARUS-POLLER 2026-06-07T00:53:02.722Z] Received 9 unread message(s). Latest from=molly
[LAZARUS-POLLER 2026-06-07T00:53:04.724Z] Received 9 unread message(s). Latest from=molly
[LAZARUS-POLLER 2026-06-07T00:53:06.725Z] Received 9 unread message(s). Latest from=molly
[LAZARUS-POLLER 2026-06-07T00:53:08.728Z] Received 9 unread message(s). Latest from=molly
[LAZARUS-POLLER 2026-06-07T00:53:10.731Z] Received 9 unread message(s). Latest from=molly
[LAZARUS-POLLER 2026-06-07T00:53:12.734Z] Received 9 unread message(s). Latest from=molly
[LAZARUS-POLLER 2026-06-07T00:53:14.736Z] Received 9 unread message(s). Latest from=molly
[LAZARUS-POLLER 2026-06-07T00:53:16.738Z] Received 9 unread message(s). Latest from=molly
[LAZARUS-POLLER 2026-06-07T00:53:18.741Z] Received 9 unread message(s). Latest from=molly
[LAZARUS-POLLER 2026-06-07T00:53:20.744Z] Received 9 unread message(s). Latest from=molly
[LAZARUS-POLLER 2026-06-07T00:53:22.746Z] Received 9 unread message(s). Latest from=molly
[LAZARUS-POLLER 2026-06-07T00:53:24.748Z] Received 11 unread message(s). Latest from=molly
[LAZARUS-POLLER 2026-06-07T00:53:26.751Z] Received 11 unread message(s). Latest from=molly
[LAZARUS-POLLER 2026-06-07T00:53:28.753Z] Received 11 unread message(s). Latest from=molly
[LAZARUS-POLLER 2026-06-07T00:53:30.755Z] Received 11 unread message(s). Latest from=molly
[LAZARUS-POLLER 2026-06-07T00:53:32.757Z] Received 11 unread message(s). Latest from=molly
[LAZARUS-POLLER 2026-06-07T00:53:34.760Z] Received 11 unread message(s). Latest from=molly
[LAZARUS-POLLER 2026-06-07T00:53:36.762Z] Received 11 unread message(s). Latest from=molly
[LAZARUS-POLLER 2026-06-07T00:53:38.764Z] Received 11 unread message(s). Latest from=molly
[LAZARUS-POLLER 2026-06-07T00:53:40.766Z] Received 11 unread message(s). Latest from=molly
[LAZARUS-POLLER 2026-06-07T00:53:42.768Z] Received 11 unread message(s). Latest from=molly
[LAZARUS-POLLER 2026-06-07T00:53:44.770Z] Received 11 unread message(s). Latest from=molly
[LAZARUS-POLLER 2026-06-07T00:53:46.772Z] Received 11 unread message(s). Latest from=molly
[LAZARUS-POLLER 2026-06-07T00:53:48.775Z] Received 11 unread message(s). Latest from=molly
[LAZARUS-POLLER 2026-06-07T00:53:50.777Z] Received 11 unread message(s). Latest from=molly
[LAZARUS-POLLER 2026-06-07T00:53:52.779Z] Received 11 unread message(s). Latest from=molly
[LAZARUS-POLLER 2026-06-07T00:53:54.781Z] Received 11 unread message(s). Latest from=molly
[LAZARUS-POLLER 2026-06-07T00:53:56.783Z] Received 11 unread message(s). Latest from=molly
[LAZARUS-POLLER 2026-06-07T00:53:58.786Z] Received 11 unread message(s). Latest from=molly
[LAZARUS-POLLER 2026-06-07T00:54:00.788Z] Received 11 unread message(s). Latest from=molly
[LAZARUS-POLLER 2026-06-07T00:54:02.790Z] Received 11 unread message(s). Latest from=molly
[LAZARUS-POLLER 2026-06-07T00:54:04.792Z] Received 11 unread message(s). Latest from=molly
[LAZARUS-POLLER 2026-06-07T00:54:06.795Z] Received 11 unread message(s). Latest from=molly
[LAZARUS-POLLER 2026-06-07T00:54:08.797Z] Received 11 unread message(s). Latest from=molly
[LAZARUS-POLLER 2026-06-07T00:54:10.799Z] Received 11 unread message(s). Latest from=molly
[LAZARUS-POLLER 2026-06-07T00:54:12.801Z] Received 11 unread message(s). Latest from=molly
[LAZARUS-POLLER 2026-06-07T00:54:14.803Z] Received 11 unread message(s). Latest from=molly
[LAZARUS-POLLER 2026-06-07T00:54:16.805Z] Received 11 unread message(s). Latest from=molly
[LAZARUS-POLLER 2026-06-07T00:54:18.807Z] Received 11 unread message(s). Latest from=molly
[LAZARUS-POLLER 2026-06-07T00:54:20.809Z] Received 11 unread message(s). Latest from=molly
[LAZARUS-POLLER 2026-06-07T00:54:22.811Z] Received 11 unread message(s). Latest from=molly
[LAZARUS-POLLER 2026-06-07T00:54:24.813Z] Received 11 unread message(s). Latest from=molly
[LAZARUS-POLLER 2026-06-07T00:54:26.815Z] Received 11 unread message(s). Latest from=molly
[LAZARUS-POLLER 2026-06-07T00:54:28.817Z] Received 11 unread message(s). Latest from=molly
[LAZARUS-POLLER 2026-06-07T00:54:30.819Z] Received 11 unread message(s). Latest from=molly
[LAZARUS-POLLER 2026-06-07T00:54:32.821Z] Received 11 unread message(s). Latest from=molly
[LAZARUS-POLLER 2026-06-07T00:54:34.823Z] Received 11 unread message(s). Latest from=molly
[LAZARUS-POLLER 2026-06-07T00:54:36.824Z] Received 12 unread message(s). Latest from=molly
[LAZARUS-POLLER 2026-06-07T00:54:38.827Z] Received 12 unread message(s). Latest from=molly
[LAZARUS-POLLER 2026-06-07T00:54:40.829Z] Received 12 unread message(s). Latest from=molly
[LAZARUS-POLLER 2026-06-07T00:54:42.831Z] Received 12 unread message(s). Latest from=molly
[LAZARUS-POLLER 2026-06-07T00:54:44.833Z] Received 12 unread message(s). Latest from=molly
[LAZARUS-POLLER 2026-06-07T00:54:46.835Z] Received 12 unread message(s). Latest from=molly
[LAZARUS-POLLER 2026-06-07T00:54:48.837Z] Received 13 unread message(s). Latest from=molly
[LAZARUS-POLLER 2026-06-07T00:54:50.839Z] Received 13 unread message(s). Latest from=molly
[LAZARUS-POLLER 2026-06-07T00:54:52.841Z] Received 13 unread message(s). Latest from=molly
[LAZARUS-POLLER 2026-06-07T00:54:54.842Z] Received 13 unread message(s). Latest from=molly
[LAZARUS-POLLER 2026-06-07T00:54:56.844Z] Received 13 unread message(s). Latest from=molly
[LAZARUS-POLLER 2026-06-07T00:54:58.846Z] Received 13 unread message(s). Latest from=molly
[LAZARUS-POLLER 2026-06-07T00:55:00.849Z] Received 14 unread message(s). Latest from=molly
[LAZARUS-POLLER 2026-06-07T00:55:02.851Z] Received 14 unread message(s). Latest from=molly
[LAZARUS-POLLER 2026-06-07T00:55:04.853Z] Received 14 unread message(s). Latest from=molly
[LAZARUS-POLLER 2026-06-07T00:55:06.855Z] Received 14 unread message(s). Latest from=molly
[LAZARUS-POLLER 2026-06-07T00:55:08.857Z] Received 15 unread message(s). Latest from=molly
[LAZARUS-POLLER 2026-06-07T00:55:10.859Z] Received 16 unread message(s). Latest from=molly
[LAZARUS-POLLER 2026-06-07T00:55:12.862Z] Received 16 unread message(s). Latest from=molly
[LAZARUS-POLLER 2026-06-07T00:55:14.865Z] Received 17 unread message(s). Latest from=molly
[LAZARUS-POLLER 2026-06-07T00:55:16.867Z] Received 17 unread message(s). Latest from=molly
[LAZARUS-POLLER 2026-06-07T00:55:18.869Z] Received 18 unread message(s). Latest from=molly
[LAZARUS-POLLER 2026-06-07T00:55:20.871Z] Received 18 unread message(s). Latest from=molly
[LAZARUS-POLLER 2026-06-07T00:55:22.874Z] Received 18 unread message(s). Latest from=molly
[LAZARUS-POLLER 2026-06-07T00:55:24.876Z] Received 18 unread message(s). Latest from=molly
[LAZARUS-POLLER 2026-06-07T00:55:26.878Z] Received 18 unread message(s). Latest from=molly
[LAZARUS-POLLER 2026-06-07T00:55:28.881Z] Received 18 unread message(s). Latest from=molly
[LAZARUS-POLLER 2026-06-07T00:55:30.883Z] Received 18 unread message(s). Latest from=molly
[LAZARUS-POLLER 2026-06-07T00:55:32.886Z] Received 18 unread message(s). Latest from=molly
[LAZARUS-POLLER 2026-06-07T00:55:34.888Z] Received 18 unread message(s). Latest from=molly
[LAZARUS-POLLER 2026-06-07T00:55:36.890Z] Received 18 unread message(s). Latest from=molly
[LAZARUS-POLLER 2026-06-07T00:55:38.893Z] Received 18 unread message(s). Latest from=molly
[LAZARUS-POLLER 2026-06-07T00:55:40.895Z] Received 18 unread message(s). Latest from=molly
[LAZARUS-POLLER 2026-06-07T00:55:42.897Z] Received 18 unread message(s). Latest from=molly
[LAZARUS-POLLER 2026-06-07T00:55:44.899Z] Received 18 unread message(s). Latest from=molly
[LAZARUS-POLLER 2026-06-07T00:55:46.902Z] Received 18 unread message(s). Latest from=molly
[LAZARUS-POLLER 2026-06-07T00:55:48.904Z] Received 18 unread message(s). Latest from=molly
[LAZARUS-POLLER 2026-06-07T00:55:50.906Z] Received 18 unread message(s). Latest from=molly
[LAZARUS-POLLER 2026-06-07T00:55:52.909Z] Received 18 unread message(s). Latest from=molly
[LAZARUS-POLLER 2026-06-07T00:55:54.911Z] Received 18 unread message(s). Latest from=molly
[LAZARUS-POLLER 2026-06-07T00:55:56.913Z] Received 18 unread message(s). Latest from=molly
[LAZARUS-POLLER 2026-06-07T00:55:58.916Z] Received 18 unread message(s). Latest from=molly
[LAZARUS-POLLER 2026-06-07T00:56:00.918Z] Received 18 unread message(s). Latest from=molly
[LAZARUS-POLLER 2026-06-07T00:56:02.920Z] Received 18 unread message(s). Latest from=molly
[LAZARUS-POLLER 2026-06-07T00:56:04.922Z] Received 18 unread message(s). Latest from=molly
[LAZARUS-POLLER 2026-06-07T00:56:06.924Z] Received 18 unread message(s). Latest from=molly
[LAZARUS-POLLER 2026-06-07T00:56:08.927Z] Received 18 unread message(s). Latest from=molly
[LAZARUS-POLLER 2026-06-07T00:56:10.929Z] Received 18 unread message(s). Latest from=molly
[LAZARUS-POLLER 2026-06-07T00:56:12.931Z] Received 18 unread message(s). Latest from=molly
[LAZARUS-POLLER 2026-06-07T00:56:14.933Z] Received 18 unread message(s). Latest from=molly
[LAZARUS-POLLER 2026-06-07T00:56:16.935Z] Received 18 unread message(s). Latest from=molly
[LAZARUS-POLLER 2026-06-07T00:56:18.938Z] Received 18 unread message(s). Latest from=molly
[LAZARUS-POLLER 2026-06-07T00:56:20.940Z] Received 18 unread message(s). Latest from=molly
[LAZARUS-POLLER 2026-06-07T00:56:22.942Z] Received 18 unread message(s). Latest from=molly
[LAZARUS-POLLER 2026-06-07T00:56:24.944Z] Received 18 unread message(s). Latest from=molly
[LAZARUS-POLLER 2026-06-07T00:56:26.946Z] Received 18 unread message(s). Latest from=molly
[LAZARUS-POLLER 2026-06-07T00:56:28.949Z] Received 18 unread message(s). Latest from=molly
[LAZARUS-POLLER 2026-06-07T00:56:30.951Z] Received 18 unread message(s). Latest from=molly
[LAZARUS-POLLER 2026-06-07T00:56:32.953Z] Received 18 unread message(s). Latest from=molly
[LAZARUS-POLLER 2026-06-07T00:56:34.956Z] Received 18 unread message(s). Latest from=molly
[LAZARUS-POLLER 2026-06-07T00:56:36.958Z] Received 18 unread message(s). Latest from=molly
[LAZARUS-POLLER 2026-06-07T00:56:38.960Z] Received 18 unread message(s). Latest from=molly
[LAZARUS-POLLER 2026-06-07T00:56:40.962Z] Received 18 unread message(s). Latest from=molly
[LAZARUS-POLLER 2026-06-07T00:56:42.965Z] Received 18 unread message(s). Latest from=molly
[LAZARUS-POLLER 2026-06-07T00:56:44.967Z] Received 18 unread message(s). Latest from=molly
[LAZARUS-POLLER 2026-06-07T00:56:46.970Z] Received 18 unread message(s). Latest from=molly
[LAZARUS-POLLER 2026-06-07T00:56:48.971Z] Received 18 unread message(s). Latest from=molly
[LAZARUS-POLLER 2026-06-07T00:56:50.973Z] Received 18 unread message(s). Latest from=molly
[LAZARUS-POLLER 2026-06-07T00:56:52.975Z] Received 18 unread message(s). Latest from=molly
[LAZARUS-POLLER 2026-06-07T00:56:54.977Z] Received 18 unread message(s). Latest from=molly
[LAZARUS-POLLER 2026-06-07T00:56:56.979Z] Received 18 unread message(s). Latest from=molly
[LAZARUS-POLLER 2026-06-07T00:56:58.982Z] Received 18 unread message(s). Latest from=molly
[LAZARUS-POLLER 2026-06-07T00:57:00.984Z] Received 18 unread message(s). Latest from=molly
[LAZARUS-POLLER 2026-06-07T00:57:02.987Z] Received 18 unread message(s). Latest from=molly
[LAZARUS-POLLER 2026-06-07T00:57:04.989Z] Received 18 unread message(s). Latest from=molly
[LAZARUS-POLLER 2026-06-07T00:57:06.990Z] Received 18 unread message(s). Latest from=molly
[LAZARUS-POLLER 2026-06-07T00:57:08.992Z] Received 18 unread message(s). Latest from=molly
[LAZARUS-POLLER 2026-06-07T00:57:10.994Z] Received 18 unread message(s). Latest from=molly
[LAZARUS-POLLER 2026-06-07T00:57:12.996Z] Received 18 unread message(s). Latest from=molly
[LAZARUS-POLLER 2026-06-07T00:57:14.999Z] Received 18 unread message(s). Latest from=molly
[LAZARUS-POLLER 2026-06-07T00:57:17.001Z] Received 18 unread message(s). Latest from=molly
[LAZARUS-POLLER 2026-06-07T00:57:19.003Z] Received 18 unread message(s). Latest from=molly
[LAZARUS-POLLER 2026-06-07T00:57:21.006Z] Received 18 unread message(s). Latest from=molly
[LAZARUS-POLLER 2026-06-07T00:57:23.008Z] Received 18 unread message(s). Latest from=molly
[LAZARUS-POLLER 2026-06-07T00:57:25.010Z] Received 18 unread message(s). Latest from=molly
[LAZARUS-POLLER 2026-06-07T00:57:27.012Z] Received 18 unread message(s). Latest from=molly
[LAZARUS-POLLER 2026-06-07T00:57:29.014Z] Received 18 unread message(s). Latest from=molly
[LAZARUS-POLLER 2026-06-07T00:57:31.017Z] Received 18 unread message(s). Latest from=molly
[LAZARUS-POLLER 2026-06-07T00:57:33.019Z] Received 18 unread message(s). Latest from=molly
[LAZARUS-POLLER 2026-06-07T00:57:35.021Z] Received 18 unread message(s). Latest from=molly
[LAZARUS-POLLER 2026-06-07T00:57:37.023Z] Received 18 unread message(s). Latest from=molly
[LAZARUS-POLLER 2026-06-07T00:57:39.026Z] Received 18 unread message(s). Latest from=molly
[LAZARUS-POLLER 2026-06-07T00:57:41.029Z] Received 18 unread message(s). Latest from=molly
[LAZARUS-POLLER 2026-06-07T00:57:43.031Z] Received 18 unread message(s). Latest from=molly
[LAZARUS-POLLER 2026-06-07T00:57:45.033Z] Received 18 unread message(s). Latest from=molly
[LAZARUS-POLLER 2026-06-07T00:57:47.036Z] Received 18 unread message(s). Latest from=molly
[LAZARUS-POLLER 2026-06-07T00:57:49.038Z] Received 18 unread message(s). Latest from=molly
[LAZARUS-POLLER 2026-06-07T00:57:51.040Z] Received 18 unread message(s). Latest from=molly
[LAZARUS-POLLER 2026-06-07T00:57:53.042Z] Received 18 unread message(s). Latest from=molly
[LAZARUS-POLLER 2026-06-07T00:57:55.044Z] Received 18 unread message(s). Latest from=molly
[LAZARUS-POLLER 2026-06-07T00:57:57.046Z] Received 18 unread message(s). Latest from=molly
[LAZARUS-POLLER 2026-06-07T00:57:59.048Z] Received 18 unread message(s). Latest from=molly
[LAZARUS-POLLER 2026-06-07T00:58:01.051Z] Received 18 unread message(s). Latest from=molly
[LAZARUS-POLLER 2026-06-07T00:58:03.054Z] Received 18 unread message(s). Latest from=molly
[LAZARUS-POLLER 2026-06-07T00:58:05.056Z] Received 18 unread message(s). Latest from=molly
[LAZARUS-POLLER 2026-06-07T00:58:07.058Z] Received 18 unread message(s). Latest from=molly
nohup: ignoring input
[LAZARUS-POLLER 2026-06-07T01:24:57.999Z] Starting poller PID=334473, interval=2000ms
[LAZARUS-POLLER 2026-06-07T01:26:30.175Z] Buffered 1 message(s) to wakeup file
[LAZARUS-POLLER 2026-06-07T01:26:30.175Z] Received 1 unread message(s). Latest from=molly
[LAZARUS-POLLER 2026-06-07T01:26:32.177Z] Received 1 unread message(s). Latest from=molly
[LAZARUS-POLLER 2026-06-07T01:26:34.179Z] Received 1 unread message(s). Latest from=molly
[LAZARUS-POLLER 2026-06-07T01:26:36.181Z] Received 1 unread message(s). Latest from=molly
[LAZARUS-POLLER 2026-06-07T01:26:38.184Z] Received 1 unread message(s). Latest from=molly
[LAZARUS-POLLER 2026-06-07T01:27:42.261Z] Received 1 unread message(s). Latest from=eric
[LAZARUS-POLLER 2026-06-07T01:27:44.264Z] Received 1 unread message(s). Latest from=eric
[LAZARUS-POLLER 2026-06-07T01:27:46.266Z] Received 3 unread message(s). Latest from=molly
[LAZARUS-POLLER 2026-06-07T01:27:48.269Z] Received 3 unread message(s). Latest from=molly
[LAZARUS-POLLER 2026-06-07T01:28:24.313Z] Received 2 unread message(s). Latest from=molly
[LAZARUS-POLLER 2026-06-07T01:28:26.315Z] Received 2 unread message(s). Latest from=molly
[LAZARUS-POLLER 2026-06-07T01:28:28.318Z] Received 2 unread message(s). Latest from=molly
[LAZARUS-POLLER 2026-06-07T01:28:36.328Z] Received 2 unread message(s). Latest from=molly
[LAZARUS-POLLER 2026-06-07T01:28:38.330Z] Received 2 unread message(s). Latest from=molly
[LAZARUS-POLLER 2026-06-07T01:28:46.339Z] Received 1 unread message(s). Latest from=eric
[LAZARUS-POLLER 2026-06-07T01:28:48.342Z] Received 1 unread message(s). Latest from=eric
[LAZARUS-POLLER 2026-06-07T01:28:58.354Z] Received 1 unread message(s). Latest from=eric
[LAZARUS-POLLER 2026-06-07T01:29:00.356Z] Received 2 unread message(s). Latest from=molly
[LAZARUS-POLLER 2026-06-07T01:29:02.359Z] Received 2 unread message(s). Latest from=molly
[LAZARUS-POLLER 2026-06-07T01:29:04.362Z] Received 2 unread message(s). Latest from=molly
[LAZARUS-POLLER 2026-06-07T01:29:06.365Z] Received 2 unread message(s). Latest from=molly
[LAZARUS-POLLER 2026-06-07T01:29:08.368Z] Received 2 unread message(s). Latest from=molly
[LAZARUS-POLLER 2026-06-07T01:29:22.385Z] Received 1 unread message(s). Latest from=eric
[LAZARUS-POLLER 2026-06-07T01:29:24.388Z] Received 3 unread message(s). Latest from=molly
[LAZARUS-POLLER 2026-06-07T01:29:26.390Z] Received 3 unread message(s). Latest from=molly
[LAZARUS-POLLER 2026-06-07T01:29:28.394Z] Received 3 unread message(s). Latest from=molly
[LAZARUS-POLLER 2026-06-07T01:30:00.426Z] Received 1 unread message(s). Latest from=eric
[LAZARUS-POLLER 2026-06-07T01:30:02.428Z] Received 1 unread message(s). Latest from=eric
[LAZARUS-POLLER 2026-06-07T01:30:04.430Z] Received 1 unread message(s). Latest from=eric
[LAZARUS-POLLER 2026-06-07T01:30:06.434Z] Received 3 unread message(s). Latest from=molly
[LAZARUS-POLLER 2026-06-07T01:30:08.437Z] Received 3 unread message(s). Latest from=molly
[LAZARUS-POLLER 2026-06-07T01:30:38.468Z] Received 1 unread message(s). Latest from=eric
[LAZARUS-POLLER 2026-06-07T01:30:42.473Z] Received 2 unread message(s). Latest from=molly
[LAZARUS-POLLER 2026-06-07T01:30:44.476Z] Received 2 unread message(s). Latest from=molly
[LAZARUS-POLLER 2026-06-07T01:30:46.477Z] Received 2 unread message(s). Latest from=molly
[LAZARUS-POLLER 2026-06-07T01:30:48.480Z] Received 2 unread message(s). Latest from=molly
[LAZARUS-POLLER 2026-06-07T01:30:50.484Z] Received 2 unread message(s). Latest from=molly
[LAZARUS-POLLER 2026-06-07T01:30:52.487Z] Received 2 unread message(s). Latest from=molly
[LAZARUS-POLLER 2026-06-07T01:30:54.488Z] Received 4 unread message(s). Latest from=molly
[LAZARUS-POLLER 2026-06-07T01:30:56.489Z] Received 4 unread message(s). Latest from=molly
[LAZARUS-POLLER 2026-06-07T01:30:58.491Z] Received 4 unread message(s). Latest from=molly
[LAZARUS-POLLER 2026-06-07T01:31:04.498Z] Received 1 unread message(s). Latest from=eric
[LAZARUS-POLLER 2026-06-07T01:31:06.501Z] Received 1 unread message(s). Latest from=eric
[LAZARUS-POLLER 2026-06-07T01:31:08.504Z] Received 3 unread message(s). Latest from=molly
[LAZARUS-POLLER 2026-06-07T01:31:26.524Z] Received 2 unread message(s). Latest from=molly
[LAZARUS-POLLER 2026-06-07T01:31:28.526Z] Received 2 unread message(s). Latest from=molly
[LAZARUS-POLLER 2026-06-07T01:31:36.535Z] Received 1 unread message(s). Latest from=molly
[LAZARUS-POLLER 2026-06-07T01:31:38.537Z] Received 2 unread message(s). Latest from=molly
[LAZARUS-POLLER 2026-06-07T01:32:10.569Z] Received 1 unread message(s). Latest from=eric
[LAZARUS-POLLER 2026-06-07T01:32:12.572Z] Received 1 unread message(s). Latest from=eric
[LAZARUS-POLLER 2026-06-07T01:32:14.574Z] Received 3 unread message(s). Latest from=molly
[LAZARUS-POLLER 2026-06-07T01:32:16.576Z] Received 3 unread message(s). Latest from=molly
[LAZARUS-POLLER 2026-06-07T01:32:18.580Z] Received 3 unread message(s). Latest from=molly
[LAZARUS-POLLER 2026-06-07T01:32:26.588Z] Received 1 unread message(s). Latest from=eric
[LAZARUS-POLLER 2026-06-07T01:32:50.613Z] Received 1 unread message(s). Latest from=eric
[LAZARUS-POLLER 2026-06-07T01:32:52.615Z] Received 1 unread message(s). Latest from=eric
[LAZARUS-POLLER 2026-06-07T01:32:54.617Z] Received 3 unread message(s). Latest from=molly
[LAZARUS-POLLER 2026-06-07T01:32:56.619Z] Received 3 unread message(s). Latest from=molly
[LAZARUS-POLLER 2026-06-07T01:33:56.683Z] Received 2 unread message(s). Latest from=molly
[LAZARUS-POLLER 2026-06-07T01:34:50.741Z] Received 1 unread message(s). Latest from=eric
[LAZARUS-POLLER 2026-06-07T01:34:52.744Z] Received 1 unread message(s). Latest from=eric
[LAZARUS-POLLER 2026-06-07T01:34:54.747Z] Received 3 unread message(s). Latest from=molly
[LAZARUS-POLLER 2026-06-07T01:34:56.749Z] Received 3 unread message(s). Latest from=molly
[LAZARUS-POLLER 2026-06-07T01:35:52.806Z] Received 1 unread message(s). Latest from=eric
[LAZARUS-POLLER 2026-06-07T01:35:54.807Z] Received 1 unread message(s). Latest from=eric
[LAZARUS-POLLER 2026-06-07T01:35:56.810Z] Received 3 unread message(s). Latest from=molly
[LAZARUS-POLLER 2026-06-07T01:37:36.907Z] Received 1 unread message(s). Latest from=eric
[LAZARUS-POLLER 2026-06-07T01:37:50.919Z] Received 2 unread message(s). Latest from=molly
[LAZARUS-POLLER 2026-06-07T01:37:52.921Z] Received 2 unread message(s). Latest from=molly
[LAZARUS-POLLER 2026-06-07T01:37:54.924Z] Received 2 unread message(s). Latest from=molly
[LAZARUS-POLLER 2026-06-07T01:37:56.926Z] Received 2 unread message(s). Latest from=molly
[LAZARUS-POLLER 2026-06-07T01:38:14.945Z] Received 1 unread message(s). Latest from=eric
[LAZARUS-POLLER 2026-06-07T01:38:16.947Z] Received 3 unread message(s). Latest from=molly
[LAZARUS-POLLER 2026-06-07T01:39:04.990Z] Received 1 unread message(s). Latest from=eric
[LAZARUS-POLLER 2026-06-07T01:39:06.992Z] Received 1 unread message(s). Latest from=eric
[LAZARUS-POLLER 2026-06-07T01:39:31.013Z] Received 1 unread message(s). Latest from=eric
[LAZARUS-POLLER 2026-06-07T01:39:33.014Z] Received 3 unread message(s). Latest from=molly
[LAZARUS-POLLER 2026-06-07T01:39:35.016Z] Received 3 unread message(s). Latest from=molly
[LAZARUS-POLLER 2026-06-07T01:39:37.018Z] Received 3 unread message(s). Latest from=molly
[LAZARUS-POLLER 2026-06-07T01:39:41.021Z] Received 1 unread message(s). Latest from=eric
[LAZARUS-POLLER 2026-06-07T01:39:43.024Z] Received 3 unread message(s). Latest from=molly
[LAZARUS-POLLER 2026-06-07T01:39:45.026Z] Received 4 unread message(s). Latest from=eric
[LAZARUS-POLLER 2026-06-07T01:39:47.029Z] Received 4 unread message(s). Latest from=eric
[LAZARUS-POLLER 2026-06-07T01:39:49.031Z] Received 1 unread message(s). Latest from=molly
[LAZARUS-POLLER 2026-06-07T01:39:51.033Z] Received 1 unread message(s). Latest from=molly
[LAZARUS-POLLER 2026-06-07T01:39:53.036Z] Received 1 unread message(s). Latest from=molly
[LAZARUS-POLLER 2026-06-07T01:39:55.038Z] Received 1 unread message(s). Latest from=molly
[LAZARUS-POLLER 2026-06-07T01:39:57.040Z] Received 2 unread message(s). Latest from=eric
[LAZARUS-POLLER 2026-06-07T01:39:59.042Z] Received 2 unread message(s). Latest from=molly
[LAZARUS-POLLER 2026-06-07T01:40:01.045Z] Received 2 unread message(s). Latest from=molly
[LAZARUS-POLLER 2026-06-07T01:40:03.049Z] Received 2 unread message(s). Latest from=molly
[LAZARUS-POLLER 2026-06-07T01:40:05.051Z] Received 2 unread message(s). Latest from=molly
[LAZARUS-POLLER 2026-06-07T01:40:07.053Z] Received 2 unread message(s). Latest from=molly
[LAZARUS-POLLER 2026-06-07T01:40:25.071Z] Received 1 unread message(s). Latest from=eric
[LAZARUS-POLLER 2026-06-07T01:40:27.073Z] Received 1 unread message(s). Latest from=eric
[LAZARUS-POLLER 2026-06-07T01:40:31.077Z] Buffered 1 message(s) to wakeup file
[LAZARUS-POLLER 2026-06-07T01:40:31.077Z] Received 1 unread message(s). Latest from=molly
[LAZARUS-POLLER 2026-06-07T01:40:33.079Z] Received 2 unread message(s). Latest from=eric
[LAZARUS-POLLER 2026-06-07T01:40:35.081Z] Received 2 unread message(s). Latest from=eric
[LAZARUS-POLLER 2026-06-07T01:40:37.083Z] Received 4 unread message(s). Latest from=molly
[LAZARUS-POLLER 2026-06-07T01:40:43.091Z] Received 1 unread message(s). Latest from=eric
[LAZARUS-POLLER 2026-06-07T01:40:45.094Z] Received 1 unread message(s). Latest from=eric
[LAZARUS-POLLER 2026-06-07T01:40:47.096Z] Received 3 unread message(s). Latest from=molly
[LAZARUS-POLLER 2026-06-07T01:40:57.105Z] Received 1 unread message(s). Latest from=eric
[LAZARUS-POLLER 2026-06-07T01:40:59.108Z] Received 2 unread message(s). Latest from=molly
[LAZARUS-POLLER 2026-06-07T01:41:01.111Z] Received 2 unread message(s). Latest from=molly
[LAZARUS-POLLER 2026-06-07T01:41:03.112Z] Received 2 unread message(s). Latest from=molly
[LAZARUS-POLLER 2026-06-07T01:41:05.115Z] Received 3 unread message(s). Latest from=eric
[LAZARUS-POLLER 2026-06-07T01:41:07.117Z] Received 3 unread message(s). Latest from=eric
[LAZARUS-POLLER 2026-06-07T01:41:33.145Z] Received 1 unread message(s). Latest from=eric
[LAZARUS-POLLER 2026-06-07T01:41:35.146Z] Received 1 unread message(s). Latest from=eric
[LAZARUS-POLLER 2026-06-07T01:41:37.148Z] Received 1 unread message(s). Latest from=eric
[LAZARUS-POLLER 2026-06-07T01:41:43.153Z] Received 1 unread message(s). Latest from=eric
[LAZARUS-POLLER 2026-06-07T01:41:45.155Z] Received 1 unread message(s). Latest from=eric
[LAZARUS-POLLER 2026-06-07T01:41:47.158Z] Received 3 unread message(s). Latest from=molly
[LAZARUS-POLLER 2026-06-07T01:49:33.653Z] Poll error: fetch failed
[LAZARUS-POLLER 2026-06-07T01:50:29.713Z] Buffered 1 message(s) to wakeup file
[LAZARUS-POLLER 2026-06-07T01:50:29.713Z] Received 1 unread message(s). Latest from=molly
[LAZARUS-POLLER 2026-06-07T01:50:31.716Z] Received 1 unread message(s). Latest from=molly
[LAZARUS-POLLER 2026-06-07T01:50:33.718Z] Received 1 unread message(s). Latest from=molly
[LAZARUS-POLLER 2026-06-07T01:50:35.720Z] Received 1 unread message(s). Latest from=molly
[LAZARUS-POLLER 2026-06-07T01:50:37.722Z] Received 1 unread message(s). Latest from=molly
[LAZARUS-POLLER 2026-06-07T01:52:29.844Z] Buffered 1 message(s) to wakeup file
[LAZARUS-POLLER 2026-06-07T01:52:29.844Z] Received 1 unread message(s). Latest from=molly
[LAZARUS-POLLER 2026-06-07T01:52:31.846Z] Received 1 unread message(s). Latest from=molly
[LAZARUS-POLLER 2026-06-07T01:52:33.849Z] Received 2 unread message(s). Latest from=eric
[LAZARUS-POLLER 2026-06-07T01:52:35.851Z] Received 2 unread message(s). Latest from=eric
[LAZARUS-POLLER 2026-06-07T01:52:37.854Z] Received 2 unread message(s). Latest from=eric
[LAZARUS-POLLER 2026-06-07T01:54:31.965Z] Buffered 1 message(s) to wakeup file
[LAZARUS-POLLER 2026-06-07T01:54:31.965Z] Received 1 unread message(s). Latest from=molly
[LAZARUS-POLLER 2026-06-07T01:54:33.968Z] Received 1 unread message(s). Latest from=molly
[LAZARUS-POLLER 2026-06-07T01:54:35.970Z] Received 1 unread message(s). Latest from=molly
[LAZARUS-POLLER 2026-06-07T01:54:37.972Z] Received 1 unread message(s). Latest from=molly
[LAZARUS-POLLER 2026-06-07T01:54:41.977Z] Received 1 unread message(s). Latest from=eric
[LAZARUS-POLLER 2026-06-07T01:54:43.980Z] Received 1 unread message(s). Latest from=eric
[LAZARUS-POLLER 2026-06-07T01:54:45.983Z] Received 3 unread message(s). Latest from=molly
[LAZARUS-POLLER 2026-06-07T01:54:47.986Z] Received 3 unread message(s). Latest from=molly
[LAZARUS-POLLER 2026-06-07T01:56:26.091Z] Received 1 unread message(s). Latest from=eric
[LAZARUS-POLLER 2026-06-07T01:56:28.094Z] Received 1 unread message(s). Latest from=eric
[LAZARUS-POLLER 2026-06-07T01:56:30.095Z] Received 2 unread message(s). Latest from=molly
[LAZARUS-POLLER 2026-06-07T01:56:32.097Z] Received 2 unread message(s). Latest from=molly
[LAZARUS-POLLER 2026-06-07T01:56:34.100Z] Received 2 unread message(s). Latest from=molly
[LAZARUS-POLLER 2026-06-07T01:56:36.102Z] Received 2 unread message(s). Latest from=molly
[LAZARUS-POLLER 2026-06-07T01:56:38.104Z] Received 2 unread message(s). Latest from=molly
[LAZARUS-POLLER 2026-06-07T01:56:56.126Z] Received 2 unread message(s). Latest from=molly
[LAZARUS-POLLER 2026-06-07T01:56:58.129Z] Received 2 unread message(s). Latest from=molly
[LAZARUS-POLLER 2026-06-07T01:57:40.182Z] Received 1 unread message(s). Latest from=molly
[LAZARUS-POLLER 2026-06-07T01:57:42.185Z] Received 1 unread message(s). Latest from=molly
[LAZARUS-POLLER 2026-06-07T01:57:44.187Z] Received 1 unread message(s). Latest from=molly
[LAZARUS-POLLER 2026-06-07T01:57:46.189Z] Received 1 unread message(s). Latest from=molly
[LAZARUS-POLLER 2026-06-07T01:57:48.191Z] Received 1 unread message(s). Latest from=molly
[LAZARUS-POLLER 2026-06-07T01:58:30.242Z] Buffered 1 message(s) to wakeup file
[LAZARUS-POLLER 2026-06-07T01:58:30.242Z] Received 1 unread message(s). Latest from=molly
[LAZARUS-POLLER 2026-06-07T01:58:32.245Z] Received 1 unread message(s). Latest from=molly
[LAZARUS-POLLER 2026-06-07T01:58:34.248Z] Received 1 unread message(s). Latest from=molly
[LAZARUS-POLLER 2026-06-07T01:58:36.250Z] Received 1 unread message(s). Latest from=molly
[LAZARUS-POLLER 2026-06-07T01:58:38.254Z] Received 1 unread message(s). Latest from=molly
[LAZARUS-POLLER 2026-06-07T01:59:28.313Z] Received 1 unread message(s). Latest from=eric
[LAZARUS-POLLER 2026-06-07T02:00:06.354Z] Received 1 unread message(s). Latest from=eric
[LAZARUS-POLLER 2026-06-07T02:00:08.356Z] Received 1 unread message(s). Latest from=eric
[LAZARUS-POLLER 2026-06-07T02:00:30.379Z] Buffered 1 message(s) to wakeup file
[LAZARUS-POLLER 2026-06-07T02:00:30.379Z] Received 1 unread message(s). Latest from=molly
[LAZARUS-POLLER 2026-06-07T02:00:32.381Z] Received 1 unread message(s). Latest from=molly
[LAZARUS-POLLER 2026-06-07T02:00:34.384Z] Received 1 unread message(s). Latest from=molly
[LAZARUS-POLLER 2026-06-07T02:00:36.385Z] Received 1 unread message(s). Latest from=molly
[LAZARUS-POLLER 2026-06-07T02:00:38.387Z] Received 1 unread message(s). Latest from=molly
[LAZARUS-POLLER 2026-06-07T02:01:18.430Z] Received 1 unread message(s). Latest from=eric
[LAZARUS-POLLER 2026-06-07T02:01:28.441Z] Poll error: fetch failed
[LAZARUS-POLLER 2026-06-07T02:01:32.446Z] Received 1 unread message(s). Latest from=eric
[LAZARUS-POLLER 2026-06-07T02:01:48.468Z] Received 1 unread message(s). Latest from=eric
[LAZARUS-POLLER 2026-06-07T02:02:30.511Z] Buffered 1 message(s) to wakeup file
[LAZARUS-POLLER 2026-06-07T02:02:30.511Z] Received 1 unread message(s). Latest from=molly
[LAZARUS-POLLER 2026-06-07T02:02:32.514Z] Received 1 unread message(s). Latest from=molly
[LAZARUS-POLLER 2026-06-07T02:02:34.516Z] Received 1 unread message(s). Latest from=molly
[LAZARUS-POLLER 2026-06-07T02:02:36.518Z] Received 1 unread message(s). Latest from=molly
[LAZARUS-POLLER 2026-06-07T02:02:38.520Z] Received 1 unread message(s). Latest from=molly
[LAZARUS-POLLER 2026-06-07T02:10:47.034Z] Received 1 unread message(s). Latest from=eric
[LAZARUS-POLLER 2026-06-07T02:12:31.142Z] Buffered 1 message(s) to wakeup file
[LAZARUS-POLLER 2026-06-07T02:12:31.142Z] Received 1 unread message(s). Latest from=molly
[LAZARUS-POLLER 2026-06-07T02:12:33.144Z] Received 1 unread message(s). Latest from=molly
[LAZARUS-POLLER 2026-06-07T02:12:35.146Z] Received 1 unread message(s). Latest from=molly
[LAZARUS-POLLER 2026-06-07T02:12:37.148Z] Received 1 unread message(s). Latest from=molly
[LAZARUS-POLLER 2026-06-07T02:20:29.621Z] Buffered 1 message(s) to wakeup file
[LAZARUS-POLLER 2026-06-07T02:20:29.621Z] Received 1 unread message(s). Latest from=molly
[LAZARUS-POLLER 2026-06-07T02:20:31.624Z] Received 1 unread message(s). Latest from=molly
[LAZARUS-POLLER 2026-06-07T02:20:33.627Z] Received 1 unread message(s). Latest from=molly
[LAZARUS-POLLER 2026-06-07T02:20:35.630Z] Received 1 unread message(s). Latest from=molly
[LAZARUS-POLLER 2026-06-07T02:20:37.633Z] Received 1 unread message(s). Latest from=molly
[LAZARUS-POLLER 2026-06-07T02:24:45.893Z] Received 1 unread message(s). Latest from=eric
[LAZARUS-POLLER 2026-06-07T02:25:25.936Z] Received 1 unread message(s). Latest from=eric
[LAZARUS-POLLER 2026-06-07T02:25:27.938Z] Received 1 unread message(s). Latest from=eric
[LAZARUS-POLLER 2026-06-07T02:26:01.974Z] Received 1 unread message(s). Latest from=eric
[LAZARUS-POLLER 2026-06-07T02:26:03.976Z] Received 1 unread message(s). Latest from=eric
[LAZARUS-POLLER 2026-06-07T02:26:05.978Z] Received 1 unread message(s). Latest from=eric
[LAZARUS-POLLER 2026-06-07T02:26:07.979Z] Received 1 unread message(s). Latest from=eric
[LAZARUS-POLLER 2026-06-07T02:26:32.003Z] Buffered 1 message(s) to wakeup file
[LAZARUS-POLLER 2026-06-07T02:26:32.004Z] Received 1 unread message(s). Latest from=molly
[LAZARUS-POLLER 2026-06-07T02:26:34.007Z] Received 1 unread message(s). Latest from=molly
[LAZARUS-POLLER 2026-06-07T02:26:36.009Z] Received 1 unread message(s). Latest from=molly
[LAZARUS-POLLER 2026-06-07T02:26:38.011Z] Received 1 unread message(s). Latest from=molly
[LAZARUS-POLLER 2026-06-07T02:28:26.132Z] Received 1 unread message(s). Latest from=eric
[LAZARUS-POLLER 2026-06-07T02:28:28.134Z] Received 1 unread message(s). Latest from=eric
[LAZARUS-POLLER 2026-06-07T02:28:32.139Z] Buffered 1 message(s) to wakeup file
[LAZARUS-POLLER 2026-06-07T02:28:32.139Z] Received 1 unread message(s). Latest from=molly
[LAZARUS-POLLER 2026-06-07T02:28:34.143Z] Received 1 unread message(s). Latest from=molly
[LAZARUS-POLLER 2026-06-07T02:28:36.145Z] Received 1 unread message(s). Latest from=molly
[LAZARUS-POLLER 2026-06-07T02:28:38.147Z] Received 1 unread message(s). Latest from=molly
[LAZARUS-POLLER 2026-06-07T02:28:52.165Z] Received 1 unread message(s). Latest from=eric
[LAZARUS-POLLER 2026-06-07T02:28:54.167Z] Received 1 unread message(s). Latest from=eric
[LAZARUS-POLLER 2026-06-07T02:28:56.169Z] Received 1 unread message(s). Latest from=eric
[LAZARUS-POLLER 2026-06-07T02:28:58.171Z] Received 1 unread message(s). Latest from=eric
[LAZARUS-POLLER 2026-06-07T02:29:14.189Z] Received 1 unread message(s). Latest from=eric
[LAZARUS-POLLER 2026-06-07T02:29:16.192Z] Received 1 unread message(s). Latest from=eric
[LAZARUS-POLLER 2026-06-07T02:29:18.194Z] Received 1 unread message(s). Latest from=eric
[LAZARUS-POLLER 2026-06-07T02:30:32.272Z] Buffered 1 message(s) to wakeup file
[LAZARUS-POLLER 2026-06-07T02:30:32.272Z] Received 1 unread message(s). Latest from=molly
[LAZARUS-POLLER 2026-06-07T02:30:34.276Z] Received 1 unread message(s). Latest from=molly
[LAZARUS-POLLER 2026-06-07T02:30:36.279Z] Received 1 unread message(s). Latest from=molly
[LAZARUS-POLLER 2026-06-07T02:30:38.282Z] Received 1 unread message(s). Latest from=molly
[LAZARUS-POLLER 2026-06-07T02:31:24.333Z] Received 1 unread message(s). Latest from=eric
[LAZARUS-POLLER 2026-06-07T02:31:26.336Z] Received 1 unread message(s). Latest from=eric
[LAZARUS-POLLER 2026-06-07T02:31:28.338Z] Received 1 unread message(s). Latest from=eric
[LAZARUS-POLLER 2026-06-07T02:32:06.377Z] Received 1 unread message(s). Latest from=eric
[LAZARUS-POLLER 2026-06-07T02:32:08.379Z] Received 1 unread message(s). Latest from=eric
[LAZARUS-POLLER 2026-06-07T02:32:30.405Z] Buffered 1 message(s) to wakeup file
[LAZARUS-POLLER 2026-06-07T02:32:30.405Z] Received 1 unread message(s). Latest from=molly
[LAZARUS-POLLER 2026-06-07T02:32:32.407Z] Received 1 unread message(s). Latest from=molly
[LAZARUS-POLLER 2026-06-07T02:32:34.409Z] Received 1 unread message(s). Latest from=molly
[LAZARUS-POLLER 2026-06-07T02:32:36.411Z] Received 1 unread message(s). Latest from=molly
[LAZARUS-POLLER 2026-06-07T02:32:38.414Z] Received 1 unread message(s). Latest from=molly
[LAZARUS-POLLER 2026-06-07T02:36:58.700Z] Received 1 unread message(s). Latest from=eric
[LAZARUS-POLLER 2026-06-07T02:37:20.723Z] Received 1 unread message(s). Latest from=eric
[LAZARUS-POLLER 2026-06-07T02:37:22.725Z] Received 1 unread message(s). Latest from=eric
[LAZARUS-POLLER 2026-06-07T02:37:24.727Z] Received 1 unread message(s). Latest from=eric
[LAZARUS-POLLER 2026-06-07T02:37:26.729Z] Received 1 unread message(s). Latest from=eric
[LAZARUS-POLLER 2026-06-07T02:37:28.731Z] Received 1 unread message(s). Latest from=eric
[LAZARUS-POLLER 2026-06-07T02:39:18.845Z] Received 1 unread message(s). Latest from=eric
[LAZARUS-POLLER 2026-06-07T02:39:34.865Z] Received 1 unread message(s). Latest from=eric
[LAZARUS-POLLER 2026-06-07T02:39:36.866Z] Received 1 unread message(s). Latest from=eric
[LAZARUS-POLLER 2026-06-07T02:39:38.868Z] Received 1 unread message(s). Latest from=eric
[LAZARUS-POLLER 2026-06-07T02:43:01.078Z] Received 1 unread message(s). Latest from=eric
[LAZARUS-POLLER 2026-06-07T02:43:03.080Z] Received 1 unread message(s). Latest from=eric
[LAZARUS-POLLER 2026-06-07T02:43:05.084Z] Received 1 unread message(s). Latest from=eric
[LAZARUS-POLLER 2026-06-07T02:43:07.086Z] Received 1 unread message(s). Latest from=eric
[LAZARUS-POLLER 2026-06-07T02:43:09.088Z] Received 1 unread message(s). Latest from=eric
[LAZARUS-POLLER 2026-06-07T02:44:29.179Z] Buffered 1 message(s) to wakeup file
[LAZARUS-POLLER 2026-06-07T02:44:29.180Z] Received 1 unread message(s). Latest from=molly
[LAZARUS-POLLER 2026-06-07T02:50:03.525Z] Received 1 unread message(s). Latest from=eric
[LAZARUS-POLLER 2026-06-07T02:50:05.527Z] Received 1 unread message(s). Latest from=eric
[LAZARUS-POLLER 2026-06-07T02:50:07.529Z] Received 1 unread message(s). Latest from=eric
[LAZARUS-POLLER 2026-06-07T02:53:31.751Z] Received 1 unread message(s). Latest from=eric
[LAZARUS-POLLER 2026-06-07T02:53:33.753Z] Received 1 unread message(s). Latest from=eric
[LAZARUS-POLLER 2026-06-07T02:53:35.755Z] Received 1 unread message(s). Latest from=eric
[LAZARUS-POLLER 2026-06-07T02:53:37.758Z] Received 1 unread message(s). Latest from=eric
[LAZARUS-POLLER 2026-06-07T02:56:55.970Z] Received 1 unread message(s). Latest from=eric
[LAZARUS-POLLER 2026-06-07T02:56:57.973Z] Received 1 unread message(s). Latest from=eric
[LAZARUS-POLLER 2026-06-07T03:10:48.851Z] Received 1 unread message(s). Latest from=eric
[LAZARUS-POLLER 2026-06-07T03:12:02.926Z] Received 1 unread message(s). Latest from=eric
[LAZARUS-POLLER 2026-06-07T03:12:04.929Z] Received 1 unread message(s). Latest from=eric
[LAZARUS-POLLER 2026-06-07T03:12:06.931Z] Received 1 unread message(s). Latest from=eric
[LAZARUS-POLLER 2026-06-07T03:12:08.933Z] Received 1 unread message(s). Latest from=eric
[LAZARUS-POLLER 2026-06-07T03:12:58.981Z] Received 1 unread message(s). Latest from=eric
[LAZARUS-POLLER 2026-06-07T03:21:01.469Z] Received 1 unread message(s). Latest from=eric
[LAZARUS-POLLER 2026-06-07T03:21:03.471Z] Received 1 unread message(s). Latest from=eric
[LAZARUS-POLLER 2026-06-07T03:21:05.474Z] Received 1 unread message(s). Latest from=eric
[LAZARUS-POLLER 2026-06-07T03:21:07.478Z] Received 1 unread message(s). Latest from=eric
[LAZARUS-POLLER 2026-06-07T03:21:09.480Z] Received 1 unread message(s). Latest from=eric
[LAZARUS-POLLER 2026-06-07T03:21:17.489Z] Poll error: fetch failed
[LAZARUS-POLLER 2026-06-07T03:21:27.504Z] Received 1 unread message(s). Latest from=eric
[LAZARUS-POLLER 2026-06-07T03:21:29.506Z] Received 1 unread message(s). Latest from=eric
[LAZARUS-POLLER 2026-06-07T03:21:37.515Z] Received 2 unread message(s). Latest from=atlas
[LAZARUS-POLLER 2026-06-07T03:21:39.518Z] Received 3 unread message(s). Latest from=molly
[LAZARUS-POLLER 2026-06-07T03:22:03.547Z] Received 2 unread message(s). Latest from=atlas
[LAZARUS-POLLER 2026-06-07T03:22:05.549Z] Received 4 unread message(s). Latest from=molly
[LAZARUS-POLLER 2026-06-07T03:22:07.550Z] Received 4 unread message(s). Latest from=molly
[LAZARUS-POLLER 2026-06-07T03:22:09.554Z] Received 4 unread message(s). Latest from=molly
[LAZARUS-POLLER 2026-06-07T03:22:23.568Z] Received 1 unread message(s). Latest from=eric
[LAZARUS-POLLER 2026-06-07T03:22:25.571Z] Received 1 unread message(s). Latest from=eric
[LAZARUS-POLLER 2026-06-07T03:22:27.573Z] Received 1 unread message(s). Latest from=eric
[LAZARUS-POLLER 2026-06-07T03:22:29.576Z] Buffered 1 message(s) to wakeup file
[LAZARUS-POLLER 2026-06-07T03:22:29.576Z] Received 2 unread message(s). Latest from=molly
[LAZARUS-POLLER 2026-06-07T03:22:39.587Z] Received 1 unread message(s). Latest from=molly
[LAZARUS-POLLER 2026-06-07T03:22:47.597Z] Received 1 unread message(s). Latest from=molly
[LAZARUS-POLLER 2026-06-07T03:22:49.600Z] Received 1 unread message(s). Latest from=molly
[LAZARUS-POLLER 2026-06-07T03:37:04.475Z] Received 1 unread message(s). Latest from=eric
[LAZARUS-POLLER 2026-06-07T03:37:06.477Z] Received 1 unread message(s). Latest from=eric
[LAZARUS-POLLER 2026-06-07T03:37:08.479Z] Received 1 unread message(s). Latest from=eric
[LAZARUS-POLLER 2026-06-07T03:37:28.500Z] Received 1 unread message(s). Latest from=eric
[LAZARUS-POLLER 2026-06-07T03:37:52.523Z] Received 1 unread message(s). Latest from=eric
[LAZARUS-POLLER 2026-06-07T03:37:54.525Z] Received 1 unread message(s). Latest from=eric
[LAZARUS-POLLER 2026-06-07T03:37:56.527Z] Received 1 unread message(s). Latest from=eric
[LAZARUS-POLLER 2026-06-07T03:37:58.530Z] Received 1 unread message(s). Latest from=eric
[LAZARUS-POLLER 2026-06-07T03:38:32.569Z] Buffered 1 message(s) to wakeup file
[LAZARUS-POLLER 2026-06-07T03:38:32.569Z] Received 1 unread message(s). Latest from=molly
[LAZARUS-POLLER 2026-06-07T03:38:34.572Z] Received 1 unread message(s). Latest from=molly
[LAZARUS-POLLER 2026-06-07T03:38:36.575Z] Received 1 unread message(s). Latest from=molly
[LAZARUS-POLLER 2026-06-07T03:38:38.577Z] Received 1 unread message(s). Latest from=molly
[LAZARUS-POLLER 2026-06-07T03:40:28.691Z] Received 1 unread message(s). Latest from=eric
[LAZARUS-POLLER 2026-06-07T03:41:42.767Z] Received 1 unread message(s). Latest from=eric
[LAZARUS-POLLER 2026-06-07T03:41:44.770Z] Received 1 unread message(s). Latest from=eric
[LAZARUS-POLLER 2026-06-07T03:41:46.772Z] Received 1 unread message(s). Latest from=eric
[LAZARUS-POLLER 2026-06-07T03:41:48.775Z] Received 1 unread message(s). Latest from=eric
[LAZARUS-POLLER 2026-06-07T03:44:48.972Z] Received 1 unread message(s). Latest from=eric
[LAZARUS-POLLER 2026-06-07T03:44:56.980Z] Poll error: fetch failed
[LAZARUS-POLLER 2026-06-07T03:44:58.982Z] Poll error: fetch failed
[LAZARUS-POLLER 2026-06-07T03:45:00.985Z] Poll error: fetch failed
[LAZARUS-POLLER 2026-06-07T03:45:15.005Z] Poll error: fetch failed
[LAZARUS-POLLER 2026-06-07T03:45:25.021Z] Received 1 unread message(s). Latest from=eric
[LAZARUS-POLLER 2026-06-07T03:45:27.024Z] Received 1 unread message(s). Latest from=eric
[LAZARUS-POLLER 2026-06-07T03:45:29.027Z] Received 1 unread message(s). Latest from=eric
[LAZARUS-POLLER 2026-06-07T03:46:23.084Z] Received 1 unread message(s). Latest from=eric
[LAZARUS-POLLER 2026-06-07T03:46:25.086Z] Received 1 unread message(s). Latest from=eric
[LAZARUS-POLLER 2026-06-07T03:46:27.088Z] Received 1 unread message(s). Latest from=eric
[LAZARUS-POLLER 2026-06-07T03:46:29.090Z] Received 1 unread message(s). Latest from=eric
[LAZARUS-POLLER 2026-06-07T03:47:19.145Z] Received 1 unread message(s). Latest from=eric
[LAZARUS-POLLER 2026-06-07T03:48:29.218Z] Buffered 1 message(s) to wakeup file
[LAZARUS-POLLER 2026-06-07T03:48:29.218Z] Received 1 unread message(s). Latest from=molly
[LAZARUS-POLLER 2026-06-07T03:54:13.572Z] Received 1 unread message(s). Latest from=eric
[LAZARUS-POLLER 2026-06-07T03:54:15.576Z] Received 1 unread message(s). Latest from=eric
[LAZARUS-POLLER 2026-06-07T03:54:17.578Z] Received 1 unread message(s). Latest from=eric
[LAZARUS-POLLER 2026-06-07T03:54:19.581Z] Received 1 unread message(s). Latest from=eric
[LAZARUS-POLLER 2026-06-07T03:54:31.594Z] Buffered 1 message(s) to wakeup file
[LAZARUS-POLLER 2026-06-07T03:54:31.594Z] Received 1 unread message(s). Latest from=molly
[LAZARUS-POLLER 2026-06-07T03:54:33.597Z] Received 1 unread message(s). Latest from=molly
[LAZARUS-POLLER 2026-06-07T03:54:35.599Z] Received 1 unread message(s). Latest from=molly
[LAZARUS-POLLER 2026-06-07T03:54:37.603Z] Received 1 unread message(s). Latest from=molly
[LAZARUS-POLLER 2026-06-07T03:54:39.605Z] Received 1 unread message(s). Latest from=molly
[LAZARUS-POLLER 2026-06-07T03:54:43.608Z] Received 1 unread message(s). Latest from=eric
[LAZARUS-POLLER 2026-06-07T03:54:45.610Z] Received 1 unread message(s). Latest from=eric
[LAZARUS-POLLER 2026-06-07T03:54:47.612Z] Received 1 unread message(s). Latest from=eric
[LAZARUS-POLLER 2026-06-07T03:54:49.615Z] Received 1 unread message(s). Latest from=eric
[LAZARUS-POLLER 2026-06-07T03:55:31.654Z] Poll error: fetch failed
[LAZARUS-POLLER 2026-06-07T03:56:29.716Z] Buffered 1 message(s) to wakeup file
[LAZARUS-POLLER 2026-06-07T03:56:29.716Z] Received 1 unread message(s). Latest from=molly
[LAZARUS-POLLER 2026-06-07T03:57:15.761Z] Received 1 unread message(s). Latest from=eric
[LAZARUS-POLLER 2026-06-07T03:57:17.763Z] Received 1 unread message(s). Latest from=eric
[LAZARUS-POLLER 2026-06-07T03:57:19.765Z] Received 1 unread message(s). Latest from=eric
