nohup: ignoring input
[LAZARUS-POLLER 2026-06-02T21:01:00.085Z] Starting poller PID=13933, interval=2000ms
[LAZARUS-POLLER 2026-06-02T21:01:00.134Z] Received 96 unread message(s). Latest from=molly
[LAZARUS-POLLER 2026-06-02T21:01:02.141Z] Received 96 unread message(s). Latest from=molly
[LAZARUS-POLLER 2026-06-02T21:01:04.145Z] Received 96 unread message(s). Latest from=molly
[LAZARUS-POLLER 2026-06-02T21:01:06.150Z] Received 96 unread message(s). Latest from=molly
[LAZARUS-POLLER 2026-06-02T21:01:08.156Z] Received 96 unread message(s). Latest from=molly
[LAZARUS-POLLER 2026-06-02T21:01:10.160Z] Received 96 unread message(s). Latest from=molly
[LAZARUS-POLLER 2026-06-02T21:01:12.164Z] Received 96 unread message(s). Latest from=molly
[LAZARUS-POLLER 2026-06-02T21:01:14.169Z] Received 96 unread message(s). Latest from=molly
[LAZARUS-POLLER 2026-06-02T21:01:16.177Z] Received 96 unread message(s). Latest from=molly
[LAZARUS-POLLER 2026-06-02T21:01:18.182Z] Received 96 unread message(s). Latest from=molly
[LAZARUS-POLLER 2026-06-02T21:01:20.186Z] Received 96 unread message(s). Latest from=molly
[LAZARUS-POLLER 2026-06-02T21:01:22.192Z] Received 96 unread message(s). Latest from=molly
[LAZARUS-POLLER 2026-06-02T21:01:24.196Z] Received 96 unread message(s). Latest from=molly
[LAZARUS-POLLER 2026-06-02T21:01:26.201Z] Received 96 unread message(s). Latest from=molly
[LAZARUS-POLLER 2026-06-02T21:01:28.206Z] Received 96 unread message(s). Latest from=molly
[LAZARUS-POLLER 2026-06-02T21:01:30.211Z] Received 96 unread message(s). Latest from=molly
[LAZARUS-POLLER 2026-06-02T21:01:32.215Z] Received 96 unread message(s). Latest from=molly
[LAZARUS-POLLER 2026-06-02T21:01:34.219Z] Received 96 unread message(s). Latest from=molly
[LAZARUS-POLLER 2026-06-02T21:01:36.223Z] Received 96 unread message(s). Latest from=molly
[LAZARUS-POLLER 2026-06-02T21:01:38.227Z] Received 96 unread message(s). Latest from=molly
[LAZARUS-POLLER 2026-06-02T21:01:40.231Z] Received 96 unread message(s). Latest from=molly
[LAZARUS-POLLER 2026-06-02T21:01:42.236Z] Received 96 unread message(s). Latest from=molly
[LAZARUS-POLLER 2026-06-02T21:01:44.240Z] Received 96 unread message(s). Latest from=molly
[LAZARUS-POLLER 2026-06-02T21:01:46.245Z] Received 96 unread message(s). Latest from=molly
[LAZARUS-POLLER 2026-06-02T21:01:48.250Z] Received 96 unread message(s). Latest from=molly
[LAZARUS-POLLER 2026-06-02T21:01:50.254Z] Received 96 unread message(s). Latest from=molly
[LAZARUS-POLLER 2026-06-02T21:01:52.258Z] Received 96 unread message(s). Latest from=molly
[LAZARUS-POLLER 2026-06-02T21:01:54.263Z] Received 96 unread message(s). Latest from=molly
[LAZARUS-POLLER 2026-06-02T21:01:56.268Z] Received 96 unread message(s). Latest from=molly
[LAZARUS-POLLER 2026-06-02T21:01:58.274Z] Received 96 unread message(s). Latest from=molly
[LAZARUS-POLLER 2026-06-02T21:02:00.279Z] Received 96 unread message(s). Latest from=molly
[LAZARUS-POLLER 2026-06-02T21:02:02.283Z] Received 96 unread message(s). Latest from=molly
[LAZARUS-POLLER 2026-06-02T21:02:04.287Z] Received 96 unread message(s). Latest from=molly
[LAZARUS-POLLER 2026-06-02T21:02:06.292Z] Received 96 unread message(s). Latest from=molly
[LAZARUS-POLLER 2026-06-02T21:02:08.298Z] Received 96 unread message(s). Latest from=molly
[LAZARUS-POLLER 2026-06-02T21:02:10.302Z] Buffered 56 message(s) to wakeup file
[LAZARUS-POLLER 2026-06-02T21:02:10.303Z] Received 96 unread message(s). Latest from=eric
[LAZARUS-POLLER 2026-06-02T21:02:12.308Z] Received 96 unread message(s). Latest from=eric
[LAZARUS-POLLER 2026-06-02T21:02:14.312Z] Received 96 unread message(s). Latest from=eric
[LAZARUS-POLLER 2026-06-02T21:02:16.316Z] Received 96 unread message(s). Latest from=eric
[LAZARUS-POLLER 2026-06-02T21:02:18.320Z] Received 96 unread message(s). Latest from=eric
[LAZARUS-POLLER 2026-06-02T21:02:20.324Z] Received 96 unread message(s). Latest from=eric
[LAZARUS-POLLER 2026-06-02T21:02:22.329Z] Received 96 unread message(s). Latest from=eric
[LAZARUS-POLLER 2026-06-02T21:02:24.334Z] Received 96 unread message(s). Latest from=eric
[LAZARUS-POLLER 2026-06-02T21:02:26.338Z] Received 96 unread message(s). Latest from=eric
[LAZARUS-POLLER 2026-06-02T21:02:28.342Z] Poll error: fetch failed
[LAZARUS-POLLER 2026-06-02T21:02:30.351Z] Received 96 unread message(s). Latest from=eric
[LAZARUS-POLLER 2026-06-02T21:02:32.356Z] Received 95 unread message(s). Latest from=eric
[LAZARUS-POLLER 2026-06-02T21:02:34.361Z] Received 94 unread message(s). Latest from=eric
[LAZARUS-POLLER 2026-06-02T21:02:36.366Z] Received 94 unread message(s). Latest from=eric
[LAZARUS-POLLER 2026-06-02T21:02:38.369Z] Received 94 unread message(s). Latest from=eric
[LAZARUS-POLLER 2026-06-02T21:02:40.373Z] Received 94 unread message(s). Latest from=eric
[LAZARUS-POLLER 2026-06-02T21:02:42.377Z] Received 94 unread message(s). Latest from=eric
[LAZARUS-POLLER 2026-06-02T21:02:44.381Z] Received 94 unread message(s). Latest from=eric
[LAZARUS-POLLER 2026-06-02T21:02:46.385Z] Received 94 unread message(s). Latest from=eric
[LAZARUS-POLLER 2026-06-02T21:02:48.389Z] Received 94 unread message(s). Latest from=eric
[LAZARUS-POLLER 2026-06-02T21:02:50.393Z] Received 94 unread message(s). Latest from=eric
[LAZARUS-POLLER 2026-06-02T21:02:52.397Z] Received 94 unread message(s). Latest from=eric
[LAZARUS-POLLER 2026-06-02T21:02:54.402Z] Received 94 unread message(s). Latest from=eric
[LAZARUS-POLLER 2026-06-02T21:02:56.405Z] Received 94 unread message(s). Latest from=eric
[LAZARUS-POLLER 2026-06-02T21:02:58.410Z] Received 94 unread message(s). Latest from=eric
[LAZARUS-POLLER 2026-06-02T21:03:00.413Z] Received 94 unread message(s). Latest from=eric
[LAZARUS-POLLER 2026-06-02T21:03:02.417Z] Received 94 unread message(s). Latest from=eric
[LAZARUS-POLLER 2026-06-02T21:03:04.421Z] Received 94 unread message(s). Latest from=eric
[LAZARUS-POLLER 2026-06-02T21:03:06.424Z] Received 94 unread message(s). Latest from=eric
[LAZARUS-POLLER 2026-06-02T21:03:08.428Z] Received 94 unread message(s). Latest from=eric
[LAZARUS-POLLER 2026-06-02T21:03:10.431Z] Received 94 unread message(s). Latest from=eric
[LAZARUS-POLLER 2026-06-02T21:03:12.434Z] Received 94 unread message(s). Latest from=eric
[LAZARUS-POLLER 2026-06-02T21:03:14.439Z] Received 94 unread message(s). Latest from=eric
[LAZARUS-POLLER 2026-06-02T21:03:16.443Z] Received 94 unread message(s). Latest from=eric
[LAZARUS-POLLER 2026-06-02T21:03:18.446Z] Received 94 unread message(s). Latest from=eric
[LAZARUS-POLLER 2026-06-02T21:03:20.449Z] Received 94 unread message(s). Latest from=eric
[LAZARUS-POLLER 2026-06-02T21:03:22.453Z] Received 94 unread message(s). Latest from=eric
[LAZARUS-POLLER 2026-06-02T21:03:24.458Z] Received 94 unread message(s). Latest from=eric
[LAZARUS-POLLER 2026-06-02T21:03:26.460Z] Received 94 unread message(s). Latest from=eric
[LAZARUS-POLLER 2026-06-02T21:03:28.463Z] Received 94 unread message(s). Latest from=eric
[LAZARUS-POLLER 2026-06-02T21:03:30.466Z] Received 94 unread message(s). Latest from=eric
[LAZARUS-POLLER 2026-06-02T21:03:32.470Z] Received 94 unread message(s). Latest from=eric
[LAZARUS-POLLER 2026-06-02T21:03:34.474Z] Received 94 unread message(s). Latest from=eric
[LAZARUS-POLLER 2026-06-02T21:03:36.479Z] Received 94 unread message(s). Latest from=eric
[LAZARUS-POLLER 2026-06-02T21:03:38.482Z] Received 94 unread message(s). Latest from=eric
[LAZARUS-POLLER 2026-06-02T21:03:40.487Z] Received 94 unread message(s). Latest from=eric
[LAZARUS-POLLER 2026-06-02T21:03:42.493Z] Received 94 unread message(s). Latest from=eric
[LAZARUS-POLLER 2026-06-02T21:03:44.498Z] Received 94 unread message(s). Latest from=eric
[LAZARUS-POLLER 2026-06-02T21:03:46.501Z] Received 94 unread message(s). Latest from=eric
[LAZARUS-POLLER 2026-06-02T21:03:48.505Z] Received 94 unread message(s). Latest from=eric
[LAZARUS-POLLER 2026-06-02T21:03:50.509Z] Received 94 unread message(s). Latest from=eric
[LAZARUS-POLLER 2026-06-02T21:03:52.514Z] Received 94 unread message(s). Latest from=eric
[LAZARUS-POLLER 2026-06-02T21:03:54.519Z] Received 93 unread message(s). Latest from=eric
[LAZARUS-POLLER 2026-06-02T21:03:56.523Z] Received 92 unread message(s). Latest from=eric
[LAZARUS-POLLER 2026-06-02T21:03:58.526Z] Received 92 unread message(s). Latest from=eric
[LAZARUS-POLLER 2026-06-02T21:04:00.529Z] Received 92 unread message(s). Latest from=eric
[LAZARUS-POLLER 2026-06-02T21:04:02.534Z] Received 92 unread message(s). Latest from=eric
[LAZARUS-POLLER 2026-06-02T21:04:04.538Z] Received 92 unread message(s). Latest from=eric
[LAZARUS-POLLER 2026-06-02T21:04:06.540Z] Received 92 unread message(s). Latest from=eric
[LAZARUS-POLLER 2026-06-02T21:04:08.545Z] Received 92 unread message(s). Latest from=eric
[LAZARUS-POLLER 2026-06-02T21:04:10.548Z] Received 92 unread message(s). Latest from=eric
[LAZARUS-POLLER 2026-06-02T21:04:12.552Z] Received 92 unread message(s). Latest from=eric
[LAZARUS-POLLER 2026-06-02T21:04:14.558Z] Received 92 unread message(s). Latest from=eric
[LAZARUS-POLLER 2026-06-02T21:04:16.561Z] Received 92 unread message(s). Latest from=molly
[LAZARUS-POLLER 2026-06-02T21:04:18.567Z] Received 92 unread message(s). Latest from=molly
[LAZARUS-POLLER 2026-06-02T21:04:20.573Z] Received 91 unread message(s). Latest from=molly
[LAZARUS-POLLER 2026-06-02T21:04:22.576Z] Received 91 unread message(s). Latest from=molly
[LAZARUS-POLLER 2026-06-02T21:04:24.580Z] Received 91 unread message(s). Latest from=molly
[LAZARUS-POLLER 2026-06-02T21:04:26.585Z] Received 91 unread message(s). Latest from=molly
[LAZARUS-POLLER 2026-06-02T21:04:28.589Z] Received 91 unread message(s). Latest from=molly
[LAZARUS-POLLER 2026-06-02T21:04:30.593Z] Buffered 51 message(s) to wakeup file
[LAZARUS-POLLER 2026-06-02T21:04:30.593Z] Received 91 unread message(s). Latest from=molly
[LAZARUS-POLLER 2026-06-02T21:04:32.596Z] Received 91 unread message(s). Latest from=molly
[LAZARUS-POLLER 2026-06-02T21:04:34.601Z] Received 91 unread message(s). Latest from=molly
[LAZARUS-POLLER 2026-06-02T21:04:36.605Z] Received 91 unread message(s). Latest from=molly
[LAZARUS-POLLER 2026-06-02T21:04:38.610Z] Received 91 unread message(s). Latest from=molly
[LAZARUS-POLLER 2026-06-02T21:04:40.613Z] Received 91 unread message(s). Latest from=molly
[LAZARUS-POLLER 2026-06-02T21:04:42.618Z] Received 91 unread message(s). Latest from=molly
[LAZARUS-POLLER 2026-06-02T21:04:44.623Z] Received 91 unread message(s). Latest from=molly
[LAZARUS-POLLER 2026-06-02T21:04:46.627Z] Received 91 unread message(s). Latest from=molly
[LAZARUS-POLLER 2026-06-02T21:04:48.631Z] Received 91 unread message(s). Latest from=molly
[LAZARUS-POLLER 2026-06-02T21:04:50.635Z] Received 91 unread message(s). Latest from=molly
[LAZARUS-POLLER 2026-06-02T21:04:52.638Z] Received 91 unread message(s). Latest from=molly
[LAZARUS-POLLER 2026-06-02T21:04:54.642Z] Received 91 unread message(s). Latest from=molly
[LAZARUS-POLLER 2026-06-02T21:04:56.646Z] Received 91 unread message(s). Latest from=molly
[LAZARUS-POLLER 2026-06-02T21:04:58.651Z] Received 91 unread message(s). Latest from=molly
[LAZARUS-POLLER 2026-06-02T21:05:00.654Z] Received 91 unread message(s). Latest from=molly
[LAZARUS-POLLER 2026-06-02T21:05:02.659Z] Received 91 unread message(s). Latest from=molly
[LAZARUS-POLLER 2026-06-02T21:05:04.662Z] Received 91 unread message(s). Latest from=molly
[LAZARUS-POLLER 2026-06-02T21:05:06.665Z] Received 91 unread message(s). Latest from=molly
[LAZARUS-POLLER 2026-06-02T21:05:08.669Z] Received 91 unread message(s). Latest from=molly
[LAZARUS-POLLER 2026-06-02T21:05:10.672Z] Received 91 unread message(s). Latest from=molly
[LAZARUS-POLLER 2026-06-02T21:05:12.676Z] Received 91 unread message(s). Latest from=molly
[LAZARUS-POLLER 2026-06-02T21:05:14.680Z] Received 91 unread message(s). Latest from=molly
[LAZARUS-POLLER 2026-06-02T21:05:16.685Z] Received 91 unread message(s). Latest from=molly
[LAZARUS-POLLER 2026-06-02T21:05:18.689Z] Received 91 unread message(s). Latest from=molly
[LAZARUS-POLLER 2026-06-02T21:05:20.692Z] Received 91 unread message(s). Latest from=molly
[LAZARUS-POLLER 2026-06-02T21:05:22.696Z] Received 91 unread message(s). Latest from=molly
[LAZARUS-POLLER 2026-06-02T21:05:24.700Z] Received 91 unread message(s). Latest from=molly
[LAZARUS-POLLER 2026-06-02T21:05:44.726Z] Received 1 unread message(s). Latest from=eric
[LAZARUS-POLLER 2026-06-02T21:05:46.728Z] Received 1 unread message(s). Latest from=eric
[LAZARUS-POLLER 2026-06-02T21:05:48.731Z] Received 1 unread message(s). Latest from=eric
[LAZARUS-POLLER 2026-06-02T21:05:50.735Z] Received 1 unread message(s). Latest from=eric
[LAZARUS-POLLER 2026-06-02T21:05:52.737Z] Received 1 unread message(s). Latest from=eric
[LAZARUS-POLLER 2026-06-02T21:05:54.741Z] Received 1 unread message(s). Latest from=eric
[LAZARUS-POLLER 2026-06-02T21:05:56.744Z] Received 1 unread message(s). Latest from=eric
[LAZARUS-POLLER 2026-06-02T21:05:58.747Z] Received 1 unread message(s). Latest from=eric
[LAZARUS-POLLER 2026-06-02T21:06:00.750Z] Received 1 unread message(s). Latest from=eric
[LAZARUS-POLLER 2026-06-02T21:06:02.751Z] Received 1 unread message(s). Latest from=eric
[LAZARUS-POLLER 2026-06-02T21:06:04.755Z] Received 1 unread message(s). Latest from=eric
[LAZARUS-POLLER 2026-06-02T21:06:06.757Z] Received 1 unread message(s). Latest from=eric
[LAZARUS-POLLER 2026-06-02T21:06:08.759Z] Received 1 unread message(s). Latest from=eric
[LAZARUS-POLLER 2026-06-02T21:06:10.763Z] Received 1 unread message(s). Latest from=eric
[LAZARUS-POLLER 2026-06-02T21:06:12.766Z] Received 1 unread message(s). Latest from=eric
[LAZARUS-POLLER 2026-06-02T21:06:14.770Z] Buffered 1 message(s) to wakeup file
[LAZARUS-POLLER 2026-06-02T21:06:14.770Z] Received 2 unread message(s). Latest from=molly
[LAZARUS-POLLER 2026-06-02T21:06:16.773Z] Received 4 unread message(s). Latest from=molly
[LAZARUS-POLLER 2026-06-02T21:06:18.777Z] Received 4 unread message(s). Latest from=molly
[LAZARUS-POLLER 2026-06-02T21:06:20.779Z] Received 4 unread message(s). Latest from=molly
[LAZARUS-POLLER 2026-06-02T21:06:22.783Z] Received 4 unread message(s). Latest from=molly
[LAZARUS-POLLER 2026-06-02T21:06:24.785Z] Received 4 unread message(s). Latest from=molly
[LAZARUS-POLLER 2026-06-02T21:06:26.789Z] Received 4 unread message(s). Latest from=molly
[LAZARUS-POLLER 2026-06-02T21:06:28.792Z] Received 4 unread message(s). Latest from=molly
[LAZARUS-POLLER 2026-06-02T21:06:30.795Z] Received 5 unread message(s). Latest from=eric
[LAZARUS-POLLER 2026-06-02T21:06:32.798Z] Received 7 unread message(s). Latest from=molly
[LAZARUS-POLLER 2026-06-02T21:06:34.801Z] Received 7 unread message(s). Latest from=molly
[LAZARUS-POLLER 2026-06-02T21:06:36.803Z] Received 7 unread message(s). Latest from=molly
[LAZARUS-POLLER 2026-06-02T21:06:38.805Z] Received 7 unread message(s). Latest from=molly
[LAZARUS-POLLER 2026-06-02T21:06:40.808Z] Received 7 unread message(s). Latest from=molly
[LAZARUS-POLLER 2026-06-02T21:06:42.810Z] Received 7 unread message(s). Latest from=molly
[LAZARUS-POLLER 2026-06-02T21:06:44.812Z] Received 7 unread message(s). Latest from=molly
[LAZARUS-POLLER 2026-06-02T21:06:46.815Z] Received 7 unread message(s). Latest from=molly
[LAZARUS-POLLER 2026-06-02T21:06:48.818Z] Received 7 unread message(s). Latest from=molly
[LAZARUS-POLLER 2026-06-02T21:06:50.820Z] Received 7 unread message(s). Latest from=molly
[LAZARUS-POLLER 2026-06-02T21:06:52.822Z] Received 7 unread message(s). Latest from=molly
[LAZARUS-POLLER 2026-06-02T21:06:54.826Z] Received 8 unread message(s). Latest from=eric
[LAZARUS-POLLER 2026-06-02T21:06:56.828Z] Received 8 unread message(s). Latest from=eric
[LAZARUS-POLLER 2026-06-02T21:06:58.830Z] Received 8 unread message(s). Latest from=eric
[LAZARUS-POLLER 2026-06-02T21:07:00.833Z] Received 8 unread message(s). Latest from=eric
[LAZARUS-POLLER 2026-06-02T21:07:02.837Z] Received 8 unread message(s). Latest from=eric
[LAZARUS-POLLER 2026-06-02T21:07:04.838Z] Received 8 unread message(s). Latest from=eric
[LAZARUS-POLLER 2026-06-02T21:07:06.840Z] Received 8 unread message(s). Latest from=eric
[LAZARUS-POLLER 2026-06-02T21:07:08.842Z] Received 8 unread message(s). Latest from=eric
[LAZARUS-POLLER 2026-06-02T21:07:10.845Z] Received 8 unread message(s). Latest from=eric
[LAZARUS-POLLER 2026-06-02T21:07:12.846Z] Received 8 unread message(s). Latest from=eric
[LAZARUS-POLLER 2026-06-02T21:07:14.850Z] Received 8 unread message(s). Latest from=eric
[LAZARUS-POLLER 2026-06-02T21:07:16.852Z] Received 8 unread message(s). Latest from=eric
[LAZARUS-POLLER 2026-06-02T21:07:18.856Z] Received 8 unread message(s). Latest from=eric
[LAZARUS-POLLER 2026-06-02T21:07:20.857Z] Received 8 unread message(s). Latest from=eric
[LAZARUS-POLLER 2026-06-02T21:07:22.860Z] Received 8 unread message(s). Latest from=eric
[LAZARUS-POLLER 2026-06-02T21:07:24.862Z] Received 8 unread message(s). Latest from=eric
[LAZARUS-POLLER 2026-06-02T21:07:26.865Z] Received 8 unread message(s). Latest from=eric
[LAZARUS-POLLER 2026-06-02T21:07:28.868Z] Received 8 unread message(s). Latest from=eric
[LAZARUS-POLLER 2026-06-02T21:07:30.870Z] Received 8 unread message(s). Latest from=eric
[LAZARUS-POLLER 2026-06-02T21:07:32.873Z] Received 8 unread message(s). Latest from=eric
[LAZARUS-POLLER 2026-06-02T21:07:34.876Z] Received 8 unread message(s). Latest from=eric
[LAZARUS-POLLER 2026-06-02T21:07:36.879Z] Received 8 unread message(s). Latest from=eric
[LAZARUS-POLLER 2026-06-02T21:07:38.881Z] Received 8 unread message(s). Latest from=eric
[LAZARUS-POLLER 2026-06-02T21:07:40.885Z] Received 8 unread message(s). Latest from=eric
[LAZARUS-POLLER 2026-06-02T21:07:42.888Z] Received 8 unread message(s). Latest from=eric
[LAZARUS-POLLER 2026-06-02T21:07:44.892Z] Received 8 unread message(s). Latest from=eric
[LAZARUS-POLLER 2026-06-02T21:07:46.895Z] Received 8 unread message(s). Latest from=eric
[LAZARUS-POLLER 2026-06-02T21:07:48.897Z] Received 8 unread message(s). Latest from=eric
[LAZARUS-POLLER 2026-06-02T21:07:50.900Z] Received 8 unread message(s). Latest from=eric
[LAZARUS-POLLER 2026-06-02T21:07:52.903Z] Received 8 unread message(s). Latest from=eric
[LAZARUS-POLLER 2026-06-02T21:07:54.905Z] Received 8 unread message(s). Latest from=eric
[LAZARUS-POLLER 2026-06-02T21:07:56.909Z] Received 8 unread message(s). Latest from=eric
[LAZARUS-POLLER 2026-06-02T21:07:58.911Z] Received 8 unread message(s). Latest from=eric
[LAZARUS-POLLER 2026-06-02T21:08:00.915Z] Received 8 unread message(s). Latest from=eric
[LAZARUS-POLLER 2026-06-02T21:08:02.918Z] Received 8 unread message(s). Latest from=eric
[LAZARUS-POLLER 2026-06-02T21:08:04.922Z] Received 8 unread message(s). Latest from=eric
[LAZARUS-POLLER 2026-06-02T21:08:06.925Z] Received 8 unread message(s). Latest from=eric
[LAZARUS-POLLER 2026-06-02T21:08:08.927Z] Received 8 unread message(s). Latest from=eric
[LAZARUS-POLLER 2026-06-02T21:08:10.930Z] Received 9 unread message(s). Latest from=eric
[LAZARUS-POLLER 2026-06-02T21:08:12.934Z] Received 9 unread message(s). Latest from=eric
[LAZARUS-POLLER 2026-06-02T21:08:14.936Z] Received 10 unread message(s). Latest from=molly
[LAZARUS-POLLER 2026-06-02T21:08:16.939Z] Received 10 unread message(s). Latest from=molly
[LAZARUS-POLLER 2026-06-02T21:08:18.941Z] Received 10 unread message(s). Latest from=molly
[LAZARUS-POLLER 2026-06-02T21:08:20.945Z] Received 10 unread message(s). Latest from=molly
[LAZARUS-POLLER 2026-06-02T21:08:22.949Z] Received 10 unread message(s). Latest from=molly
[LAZARUS-POLLER 2026-06-02T21:08:24.953Z] Received 10 unread message(s). Latest from=molly
[LAZARUS-POLLER 2026-06-02T21:08:26.956Z] Received 10 unread message(s). Latest from=molly
[LAZARUS-POLLER 2026-06-02T21:08:28.959Z] Received 10 unread message(s). Latest from=molly
[LAZARUS-POLLER 2026-06-02T21:08:30.962Z] Received 10 unread message(s). Latest from=molly
[LAZARUS-POLLER 2026-06-02T21:08:32.966Z] Received 10 unread message(s). Latest from=molly
[LAZARUS-POLLER 2026-06-02T21:08:34.969Z] Received 10 unread message(s). Latest from=molly
[LAZARUS-POLLER 2026-06-02T21:08:36.971Z] Received 10 unread message(s). Latest from=molly
[LAZARUS-POLLER 2026-06-02T21:08:38.974Z] Received 10 unread message(s). Latest from=molly
[LAZARUS-POLLER 2026-06-02T21:08:40.977Z] Received 10 unread message(s). Latest from=molly
[LAZARUS-POLLER 2026-06-02T21:08:42.980Z] Received 10 unread message(s). Latest from=molly
[LAZARUS-POLLER 2026-06-02T21:08:44.984Z] Received 10 unread message(s). Latest from=molly
[LAZARUS-POLLER 2026-06-02T21:08:46.987Z] Received 10 unread message(s). Latest from=molly
[LAZARUS-POLLER 2026-06-02T21:08:48.989Z] Received 10 unread message(s). Latest from=molly
[LAZARUS-POLLER 2026-06-02T21:08:50.991Z] Received 10 unread message(s). Latest from=molly
[LAZARUS-POLLER 2026-06-02T21:08:52.995Z] Received 10 unread message(s). Latest from=molly
[LAZARUS-POLLER 2026-06-02T21:08:54.998Z] Received 10 unread message(s). Latest from=molly
[LAZARUS-POLLER 2026-06-02T21:08:57.002Z] Received 10 unread message(s). Latest from=molly
[LAZARUS-POLLER 2026-06-02T21:08:59.004Z] Received 10 unread message(s). Latest from=molly
[LAZARUS-POLLER 2026-06-02T21:09:01.007Z] Received 10 unread message(s). Latest from=molly
[LAZARUS-POLLER 2026-06-02T21:09:03.009Z] Received 10 unread message(s). Latest from=molly
[LAZARUS-POLLER 2026-06-02T21:09:05.012Z] Received 10 unread message(s). Latest from=molly
[LAZARUS-POLLER 2026-06-02T21:09:07.015Z] Received 10 unread message(s). Latest from=molly
[LAZARUS-POLLER 2026-06-02T21:09:09.018Z] Received 10 unread message(s). Latest from=molly
[LAZARUS-POLLER 2026-06-02T21:09:11.021Z] Received 10 unread message(s). Latest from=molly
[LAZARUS-POLLER 2026-06-02T21:09:13.023Z] Received 10 unread message(s). Latest from=molly
[LAZARUS-POLLER 2026-06-02T21:09:15.026Z] Received 10 unread message(s). Latest from=molly
[LAZARUS-POLLER 2026-06-02T21:09:17.028Z] Received 10 unread message(s). Latest from=molly
[LAZARUS-POLLER 2026-06-02T21:09:19.031Z] Received 10 unread message(s). Latest from=molly
[LAZARUS-POLLER 2026-06-02T21:09:21.034Z] Received 10 unread message(s). Latest from=molly
[LAZARUS-POLLER 2026-06-02T21:09:23.037Z] Received 10 unread message(s). Latest from=molly
[LAZARUS-POLLER 2026-06-02T21:09:25.041Z] Received 10 unread message(s). Latest from=molly
[LAZARUS-POLLER 2026-06-02T21:09:27.044Z] Received 10 unread message(s). Latest from=molly
[LAZARUS-POLLER 2026-06-02T21:09:29.047Z] Received 11 unread message(s). Latest from=eric
[LAZARUS-POLLER 2026-06-02T21:09:31.050Z] Received 11 unread message(s). Latest from=eric
[LAZARUS-POLLER 2026-06-02T21:09:33.053Z] Received 11 unread message(s). Latest from=eric
[LAZARUS-POLLER 2026-06-02T21:09:35.056Z] Received 11 unread message(s). Latest from=eric
[LAZARUS-POLLER 2026-06-02T21:09:37.058Z] Received 11 unread message(s). Latest from=eric
[LAZARUS-POLLER 2026-06-02T21:09:39.062Z] Received 11 unread message(s). Latest from=eric
[LAZARUS-POLLER 2026-06-02T21:09:41.065Z] Received 11 unread message(s). Latest from=eric
[LAZARUS-POLLER 2026-06-02T21:09:43.068Z] Received 11 unread message(s). Latest from=eric
[LAZARUS-POLLER 2026-06-02T21:09:45.070Z] Received 11 unread message(s). Latest from=eric
[LAZARUS-POLLER 2026-06-02T21:09:47.073Z] Received 11 unread message(s). Latest from=eric
[LAZARUS-POLLER 2026-06-02T21:09:49.077Z] Received 11 unread message(s). Latest from=eric
[LAZARUS-POLLER 2026-06-02T21:09:51.080Z] Received 11 unread message(s). Latest from=eric
[LAZARUS-POLLER 2026-06-02T21:09:53.082Z] Received 11 unread message(s). Latest from=eric
[LAZARUS-POLLER 2026-06-02T21:09:55.085Z] Received 11 unread message(s). Latest from=eric
[LAZARUS-POLLER 2026-06-02T21:09:57.088Z] Received 11 unread message(s). Latest from=eric
[LAZARUS-POLLER 2026-06-02T21:09:59.091Z] Received 11 unread message(s). Latest from=eric
[LAZARUS-POLLER 2026-06-02T21:10:01.094Z] Received 11 unread message(s). Latest from=eric
[LAZARUS-POLLER 2026-06-02T21:10:03.096Z] Received 11 unread message(s). Latest from=eric
[LAZARUS-POLLER 2026-06-02T21:10:05.100Z] Received 11 unread message(s). Latest from=eric
[LAZARUS-POLLER 2026-06-02T21:10:07.102Z] Received 11 unread message(s). Latest from=eric
[LAZARUS-POLLER 2026-06-02T21:10:09.105Z] Received 11 unread message(s). Latest from=eric
[LAZARUS-POLLER 2026-06-02T21:10:11.108Z] Received 11 unread message(s). Latest from=eric
[LAZARUS-POLLER 2026-06-02T21:10:13.112Z] Received 11 unread message(s). Latest from=eric
[LAZARUS-POLLER 2026-06-02T21:10:15.115Z] Received 12 unread message(s). Latest from=molly
[LAZARUS-POLLER 2026-06-02T21:10:17.118Z] Received 12 unread message(s). Latest from=molly
[LAZARUS-POLLER 2026-06-02T21:10:19.121Z] Received 12 unread message(s). Latest from=molly
[LAZARUS-POLLER 2026-06-02T21:10:21.123Z] Received 12 unread message(s). Latest from=molly
[LAZARUS-POLLER 2026-06-02T21:10:23.126Z] Received 12 unread message(s). Latest from=molly
[LAZARUS-POLLER 2026-06-02T21:10:25.129Z] Received 12 unread message(s). Latest from=molly
[LAZARUS-POLLER 2026-06-02T21:10:27.132Z] Received 12 unread message(s). Latest from=molly
[LAZARUS-POLLER 2026-06-02T21:10:29.135Z] Received 12 unread message(s). Latest from=molly
[LAZARUS-POLLER 2026-06-02T21:10:31.137Z] Received 12 unread message(s). Latest from=molly
[LAZARUS-POLLER 2026-06-02T21:10:33.139Z] Received 12 unread message(s). Latest from=molly
[LAZARUS-POLLER 2026-06-02T21:10:35.143Z] Received 12 unread message(s). Latest from=molly
[LAZARUS-POLLER 2026-06-02T21:10:37.147Z] Received 12 unread message(s). Latest from=molly
[LAZARUS-POLLER 2026-06-02T21:10:39.150Z] Received 12 unread message(s). Latest from=molly
[LAZARUS-POLLER 2026-06-02T21:10:41.153Z] Received 12 unread message(s). Latest from=molly
[LAZARUS-POLLER 2026-06-02T21:10:43.155Z] Received 12 unread message(s). Latest from=molly
[LAZARUS-POLLER 2026-06-02T21:10:45.158Z] Received 12 unread message(s). Latest from=molly
[LAZARUS-POLLER 2026-06-02T21:10:47.162Z] Received 12 unread message(s). Latest from=molly
[LAZARUS-POLLER 2026-06-02T21:10:49.166Z] Received 12 unread message(s). Latest from=molly
[LAZARUS-POLLER 2026-06-02T21:10:51.168Z] Received 12 unread message(s). Latest from=molly
[LAZARUS-POLLER 2026-06-02T21:10:53.172Z] Received 12 unread message(s). Latest from=molly
[LAZARUS-POLLER 2026-06-02T21:10:55.175Z] Received 12 unread message(s). Latest from=molly
[LAZARUS-POLLER 2026-06-02T21:10:57.178Z] Received 12 unread message(s). Latest from=molly
[LAZARUS-POLLER 2026-06-02T21:10:59.181Z] Received 12 unread message(s). Latest from=molly
[LAZARUS-POLLER 2026-06-02T21:11:01.184Z] Received 12 unread message(s). Latest from=molly
[LAZARUS-POLLER 2026-06-02T21:11:03.187Z] Received 12 unread message(s). Latest from=molly
[LAZARUS-POLLER 2026-06-02T21:11:05.189Z] Received 12 unread message(s). Latest from=molly
[LAZARUS-POLLER 2026-06-02T21:11:07.193Z] Received 12 unread message(s). Latest from=molly
[LAZARUS-POLLER 2026-06-02T21:11:09.197Z] Received 12 unread message(s). Latest from=molly
[LAZARUS-POLLER 2026-06-02T21:11:11.198Z] Received 12 unread message(s). Latest from=molly
[LAZARUS-POLLER 2026-06-02T21:11:13.202Z] Received 12 unread message(s). Latest from=molly
[LAZARUS-POLLER 2026-06-02T21:11:15.205Z] Received 12 unread message(s). Latest from=molly
[LAZARUS-POLLER 2026-06-02T21:11:17.207Z] Received 12 unread message(s). Latest from=molly
[LAZARUS-POLLER 2026-06-02T21:11:19.210Z] Received 12 unread message(s). Latest from=molly
[LAZARUS-POLLER 2026-06-02T21:11:21.213Z] Received 12 unread message(s). Latest from=molly
[LAZARUS-POLLER 2026-06-02T21:11:23.217Z] Received 12 unread message(s). Latest from=molly
[LAZARUS-POLLER 2026-06-02T21:11:25.220Z] Received 12 unread message(s). Latest from=molly
[LAZARUS-POLLER 2026-06-02T21:11:27.222Z] Received 12 unread message(s). Latest from=molly
[LAZARUS-POLLER 2026-06-02T21:11:29.226Z] Received 12 unread message(s). Latest from=molly
[LAZARUS-POLLER 2026-06-02T21:11:31.228Z] Received 12 unread message(s). Latest from=molly
[LAZARUS-POLLER 2026-06-02T21:11:33.231Z] Received 12 unread message(s). Latest from=molly
[LAZARUS-POLLER 2026-06-02T21:11:35.235Z] Received 12 unread message(s). Latest from=molly
[LAZARUS-POLLER 2026-06-02T21:11:37.239Z] Received 12 unread message(s). Latest from=molly
[LAZARUS-POLLER 2026-06-02T21:11:39.241Z] Received 12 unread message(s). Latest from=molly
[LAZARUS-POLLER 2026-06-02T21:11:41.244Z] Received 12 unread message(s). Latest from=molly
[LAZARUS-POLLER 2026-06-02T21:11:43.247Z] Received 12 unread message(s). Latest from=molly
[LAZARUS-POLLER 2026-06-02T21:11:45.251Z] Received 12 unread message(s). Latest from=molly
[LAZARUS-POLLER 2026-06-02T21:11:47.253Z] Received 12 unread message(s). Latest from=molly
[LAZARUS-POLLER 2026-06-02T21:11:49.257Z] Received 13 unread message(s). Latest from=eric
[LAZARUS-POLLER 2026-06-02T21:11:51.259Z] Received 13 unread message(s). Latest from=eric
[LAZARUS-POLLER 2026-06-02T21:11:53.262Z] Received 13 unread message(s). Latest from=eric
[LAZARUS-POLLER 2026-06-02T21:11:55.264Z] Received 13 unread message(s). Latest from=eric
[LAZARUS-POLLER 2026-06-02T21:11:57.267Z] Received 13 unread message(s). Latest from=eric
[LAZARUS-POLLER 2026-06-02T21:11:59.270Z] Received 13 unread message(s). Latest from=eric
[LAZARUS-POLLER 2026-06-02T21:12:01.273Z] Received 13 unread message(s). Latest from=eric
[LAZARUS-POLLER 2026-06-02T21:12:03.275Z] Received 13 unread message(s). Latest from=eric
[LAZARUS-POLLER 2026-06-02T21:12:05.278Z] Received 13 unread message(s). Latest from=eric
[LAZARUS-POLLER 2026-06-02T21:12:07.280Z] Received 13 unread message(s). Latest from=eric
[LAZARUS-POLLER 2026-06-02T21:12:09.283Z] Received 13 unread message(s). Latest from=eric
[LAZARUS-POLLER 2026-06-02T21:12:11.285Z] Received 13 unread message(s). Latest from=eric
[LAZARUS-POLLER 2026-06-02T21:12:13.287Z] Received 13 unread message(s). Latest from=eric
[LAZARUS-POLLER 2026-06-02T21:12:15.290Z] Buffered 1 message(s) to wakeup file
[LAZARUS-POLLER 2026-06-02T21:12:15.290Z] Received 14 unread message(s). Latest from=molly
[LAZARUS-POLLER 2026-06-02T21:12:17.292Z] Received 15 unread message(s). Latest from=molly
[LAZARUS-POLLER 2026-06-02T21:12:19.294Z] Received 16 unread message(s). Latest from=molly
[LAZARUS-POLLER 2026-06-02T21:12:21.297Z] Received 18 unread message(s). Latest from=molly
[LAZARUS-POLLER 2026-06-02T21:12:23.301Z] Received 18 unread message(s). Latest from=molly
[LAZARUS-POLLER 2026-06-02T21:12:25.304Z] Received 18 unread message(s). Latest from=molly
[LAZARUS-POLLER 2026-06-02T21:12:27.307Z] Received 18 unread message(s). Latest from=molly
[LAZARUS-POLLER 2026-06-02T21:12:29.310Z] Received 18 unread message(s). Latest from=molly
[LAZARUS-POLLER 2026-06-02T21:12:31.312Z] Received 18 unread message(s). Latest from=molly
[LAZARUS-POLLER 2026-06-02T21:12:33.314Z] Received 18 unread message(s). Latest from=molly
[LAZARUS-POLLER 2026-06-02T21:12:35.317Z] Received 18 unread message(s). Latest from=molly
[LAZARUS-POLLER 2026-06-02T21:12:37.320Z] Received 18 unread message(s). Latest from=molly
[LAZARUS-POLLER 2026-06-02T21:12:39.322Z] Received 18 unread message(s). Latest from=molly
[LAZARUS-POLLER 2026-06-02T21:12:41.325Z] Received 18 unread message(s). Latest from=molly
[LAZARUS-POLLER 2026-06-02T21:12:43.327Z] Received 20 unread message(s). Latest from=molly
[LAZARUS-POLLER 2026-06-02T21:12:45.330Z] Received 20 unread message(s). Latest from=molly
[LAZARUS-POLLER 2026-06-02T21:12:47.334Z] Received 20 unread message(s). Latest from=molly
[LAZARUS-POLLER 2026-06-02T21:12:49.337Z] Received 20 unread message(s). Latest from=molly
[LAZARUS-POLLER 2026-06-02T21:12:51.341Z] Received 20 unread message(s). Latest from=molly
[LAZARUS-POLLER 2026-06-02T21:12:53.344Z] Received 20 unread message(s). Latest from=molly
[LAZARUS-POLLER 2026-06-02T21:12:55.346Z] Received 20 unread message(s). Latest from=molly
[LAZARUS-POLLER 2026-06-02T21:12:57.349Z] Received 20 unread message(s). Latest from=molly
[LAZARUS-POLLER 2026-06-02T21:12:59.352Z] Received 20 unread message(s). Latest from=molly
[LAZARUS-POLLER 2026-06-02T21:13:01.354Z] Received 20 unread message(s). Latest from=molly
[LAZARUS-POLLER 2026-06-02T21:13:03.357Z] Received 20 unread message(s). Latest from=molly
[LAZARUS-POLLER 2026-06-02T21:13:05.360Z] Received 20 unread message(s). Latest from=molly
[LAZARUS-POLLER 2026-06-02T21:13:07.362Z] Received 20 unread message(s). Latest from=molly
[LAZARUS-POLLER 2026-06-02T21:13:09.365Z] Received 20 unread message(s). Latest from=molly
[LAZARUS-POLLER 2026-06-02T21:13:11.368Z] Received 20 unread message(s). Latest from=molly
[LAZARUS-POLLER 2026-06-02T21:13:13.371Z] Received 20 unread message(s). Latest from=molly
[LAZARUS-POLLER 2026-06-02T21:13:15.374Z] Received 20 unread message(s). Latest from=molly
[LAZARUS-POLLER 2026-06-02T21:13:17.376Z] Received 20 unread message(s). Latest from=molly
[LAZARUS-POLLER 2026-06-02T21:13:19.379Z] Received 20 unread message(s). Latest from=molly
[LAZARUS-POLLER 2026-06-02T21:13:21.382Z] Received 20 unread message(s). Latest from=molly
[LAZARUS-POLLER 2026-06-02T21:13:23.385Z] Received 20 unread message(s). Latest from=molly
[LAZARUS-POLLER 2026-06-02T21:13:25.388Z] Received 20 unread message(s). Latest from=molly
[LAZARUS-POLLER 2026-06-02T21:13:27.391Z] Received 20 unread message(s). Latest from=molly
[LAZARUS-POLLER 2026-06-02T21:13:29.393Z] Received 20 unread message(s). Latest from=molly
[LAZARUS-POLLER 2026-06-02T21:13:31.397Z] Received 20 unread message(s). Latest from=molly
[LAZARUS-POLLER 2026-06-02T21:13:33.401Z] Received 20 unread message(s). Latest from=molly
[LAZARUS-POLLER 2026-06-02T21:13:35.404Z] Received 20 unread message(s). Latest from=molly
[LAZARUS-POLLER 2026-06-02T21:13:37.406Z] Received 20 unread message(s). Latest from=molly
[LAZARUS-POLLER 2026-06-02T21:13:39.409Z] Received 20 unread message(s). Latest from=molly
[LAZARUS-POLLER 2026-06-02T21:13:41.412Z] Received 20 unread message(s). Latest from=molly
[LAZARUS-POLLER 2026-06-02T21:13:43.416Z] Received 20 unread message(s). Latest from=molly
[LAZARUS-POLLER 2026-06-02T21:13:45.418Z] Received 20 unread message(s). Latest from=molly
[LAZARUS-POLLER 2026-06-02T21:13:47.422Z] Received 20 unread message(s). Latest from=molly
[LAZARUS-POLLER 2026-06-02T21:13:49.424Z] Received 20 unread message(s). Latest from=molly
[LAZARUS-POLLER 2026-06-02T21:13:51.427Z] Received 21 unread message(s). Latest from=eric
[LAZARUS-POLLER 2026-06-02T21:13:53.431Z] Received 21 unread message(s). Latest from=eric
[LAZARUS-POLLER 2026-06-02T21:13:55.434Z] Received 21 unread message(s). Latest from=eric
[LAZARUS-POLLER 2026-06-02T21:13:57.437Z] Received 21 unread message(s). Latest from=eric
[LAZARUS-POLLER 2026-06-02T21:13:59.440Z] Received 21 unread message(s). Latest from=eric
[LAZARUS-POLLER 2026-06-02T21:14:01.443Z] Received 21 unread message(s). Latest from=eric
[LAZARUS-POLLER 2026-06-02T21:14:03.446Z] Received 21 unread message(s). Latest from=eric
[LAZARUS-POLLER 2026-06-02T21:14:05.449Z] Received 21 unread message(s). Latest from=eric
[LAZARUS-POLLER 2026-06-02T21:14:07.452Z] Received 21 unread message(s). Latest from=eric
[LAZARUS-POLLER 2026-06-02T21:14:09.455Z] Received 21 unread message(s). Latest from=eric
[LAZARUS-POLLER 2026-06-02T21:14:11.458Z] Received 21 unread message(s). Latest from=eric
[LAZARUS-POLLER 2026-06-02T21:14:13.462Z] Buffered 1 message(s) to wakeup file
[LAZARUS-POLLER 2026-06-02T21:14:13.462Z] Received 22 unread message(s). Latest from=molly
[LAZARUS-POLLER 2026-06-02T21:14:15.464Z] Received 22 unread message(s). Latest from=molly
[LAZARUS-POLLER 2026-06-02T21:14:17.467Z] Received 22 unread message(s). Latest from=molly
[LAZARUS-POLLER 2026-06-02T21:14:19.470Z] Received 22 unread message(s). Latest from=molly
[LAZARUS-POLLER 2026-06-02T21:14:21.474Z] Received 22 unread message(s). Latest from=molly
[LAZARUS-POLLER 2026-06-02T21:14:23.476Z] Received 22 unread message(s). Latest from=molly
[LAZARUS-POLLER 2026-06-02T21:14:25.479Z] Received 22 unread message(s). Latest from=molly
[LAZARUS-POLLER 2026-06-02T21:14:27.483Z] Received 22 unread message(s). Latest from=molly
[LAZARUS-POLLER 2026-06-02T21:14:29.486Z] Received 22 unread message(s). Latest from=molly
[LAZARUS-POLLER 2026-06-02T21:14:31.490Z] Received 22 unread message(s). Latest from=molly
[LAZARUS-POLLER 2026-06-02T21:14:33.492Z] Received 22 unread message(s). Latest from=molly
[LAZARUS-POLLER 2026-06-02T21:14:35.496Z] Received 22 unread message(s). Latest from=molly
[LAZARUS-POLLER 2026-06-02T21:14:37.500Z] Received 22 unread message(s). Latest from=molly
[LAZARUS-POLLER 2026-06-02T21:14:39.502Z] Received 22 unread message(s). Latest from=molly
[LAZARUS-POLLER 2026-06-02T21:14:41.507Z] Received 22 unread message(s). Latest from=molly
[LAZARUS-POLLER 2026-06-02T21:14:43.511Z] Received 22 unread message(s). Latest from=molly
[LAZARUS-POLLER 2026-06-02T21:14:45.514Z] Received 22 unread message(s). Latest from=molly
[LAZARUS-POLLER 2026-06-02T21:14:47.517Z] Received 22 unread message(s). Latest from=molly
[LAZARUS-POLLER 2026-06-02T21:14:49.520Z] Received 22 unread message(s). Latest from=molly
[LAZARUS-POLLER 2026-06-02T21:14:51.524Z] Received 22 unread message(s). Latest from=molly
[LAZARUS-POLLER 2026-06-02T21:14:53.527Z] Received 22 unread message(s). Latest from=molly
[LAZARUS-POLLER 2026-06-02T21:14:55.530Z] Received 22 unread message(s). Latest from=molly
[LAZARUS-POLLER 2026-06-02T21:14:57.533Z] Received 22 unread message(s). Latest from=molly
[LAZARUS-POLLER 2026-06-02T21:14:59.536Z] Received 22 unread message(s). Latest from=molly
[LAZARUS-POLLER 2026-06-02T21:15:01.539Z] Received 22 unread message(s). Latest from=molly
[LAZARUS-POLLER 2026-06-02T21:15:03.542Z] Received 23 unread message(s). Latest from=eric
[LAZARUS-POLLER 2026-06-02T21:15:05.545Z] Received 23 unread message(s). Latest from=eric
[LAZARUS-POLLER 2026-06-02T21:15:07.548Z] Received 23 unread message(s). Latest from=eric
[LAZARUS-POLLER 2026-06-02T21:15:09.551Z] Received 23 unread message(s). Latest from=eric
[LAZARUS-POLLER 2026-06-02T21:15:11.553Z] Received 23 unread message(s). Latest from=eric
[LAZARUS-POLLER 2026-06-02T21:15:13.555Z] Received 23 unread message(s). Latest from=eric
[LAZARUS-POLLER 2026-06-02T21:15:15.558Z] Received 23 unread message(s). Latest from=eric
[LAZARUS-POLLER 2026-06-02T21:15:17.561Z] Received 23 unread message(s). Latest from=eric
[LAZARUS-POLLER 2026-06-02T21:15:19.562Z] Received 23 unread message(s). Latest from=eric
[LAZARUS-POLLER 2026-06-02T21:15:21.566Z] Received 23 unread message(s). Latest from=eric
[LAZARUS-POLLER 2026-06-02T21:15:23.568Z] Received 23 unread message(s). Latest from=eric
[LAZARUS-POLLER 2026-06-02T21:15:25.572Z] Received 23 unread message(s). Latest from=eric
[LAZARUS-POLLER 2026-06-02T21:15:27.575Z] Received 23 unread message(s). Latest from=eric
[LAZARUS-POLLER 2026-06-02T21:15:29.578Z] Received 23 unread message(s). Latest from=eric
[LAZARUS-POLLER 2026-06-02T21:15:31.581Z] Received 23 unread message(s). Latest from=eric
[LAZARUS-POLLER 2026-06-02T21:15:33.583Z] Received 23 unread message(s). Latest from=eric
[LAZARUS-POLLER 2026-06-02T21:15:35.586Z] Received 23 unread message(s). Latest from=eric
[LAZARUS-POLLER 2026-06-02T21:15:37.589Z] Received 23 unread message(s). Latest from=eric
[LAZARUS-POLLER 2026-06-02T21:15:39.593Z] Received 23 unread message(s). Latest from=eric
[LAZARUS-POLLER 2026-06-02T21:15:41.596Z] Received 23 unread message(s). Latest from=eric
[LAZARUS-POLLER 2026-06-02T21:15:43.598Z] Received 23 unread message(s). Latest from=eric
[LAZARUS-POLLER 2026-06-02T21:15:45.602Z] Received 23 unread message(s). Latest from=eric
[LAZARUS-POLLER 2026-06-02T21:15:47.606Z] Received 23 unread message(s). Latest from=eric
[LAZARUS-POLLER 2026-06-02T21:15:49.609Z] Received 23 unread message(s). Latest from=eric
[LAZARUS-POLLER 2026-06-02T21:15:51.612Z] Received 23 unread message(s). Latest from=eric
[LAZARUS-POLLER 2026-06-02T21:15:53.615Z] Received 23 unread message(s). Latest from=eric
[LAZARUS-POLLER 2026-06-02T21:15:55.618Z] Received 23 unread message(s). Latest from=eric
[LAZARUS-POLLER 2026-06-02T21:15:57.620Z] Received 23 unread message(s). Latest from=eric
[LAZARUS-POLLER 2026-06-02T21:15:59.624Z] Received 23 unread message(s). Latest from=eric
[LAZARUS-POLLER 2026-06-02T21:16:01.627Z] Received 23 unread message(s). Latest from=eric
[LAZARUS-POLLER 2026-06-02T21:16:03.629Z] Received 23 unread message(s). Latest from=eric
[LAZARUS-POLLER 2026-06-02T21:16:05.633Z] Received 23 unread message(s). Latest from=eric
[LAZARUS-POLLER 2026-06-02T21:16:07.636Z] Received 23 unread message(s). Latest from=eric
[LAZARUS-POLLER 2026-06-02T21:16:09.639Z] Received 23 unread message(s). Latest from=eric
[LAZARUS-POLLER 2026-06-02T21:16:11.643Z] Received 23 unread message(s). Latest from=eric
[LAZARUS-POLLER 2026-06-02T21:16:13.647Z] Buffered 1 message(s) to wakeup file
[LAZARUS-POLLER 2026-06-02T21:16:13.647Z] Received 24 unread message(s). Latest from=molly
[LAZARUS-POLLER 2026-06-02T21:16:15.651Z] Received 24 unread message(s). Latest from=molly
[LAZARUS-POLLER 2026-06-02T21:16:17.655Z] Received 24 unread message(s). Latest from=molly
[LAZARUS-POLLER 2026-06-02T21:16:19.658Z] Received 24 unread message(s). Latest from=molly
[LAZARUS-POLLER 2026-06-02T21:16:21.661Z] Received 24 unread message(s). Latest from=molly
[LAZARUS-POLLER 2026-06-02T21:16:23.664Z] Received 24 unread message(s). Latest from=molly
[LAZARUS-POLLER 2026-06-02T21:16:25.665Z] Received 24 unread message(s). Latest from=molly
[LAZARUS-POLLER 2026-06-02T21:16:27.670Z] Received 24 unread message(s). Latest from=molly
[LAZARUS-POLLER 2026-06-02T21:16:29.673Z] Received 24 unread message(s). Latest from=molly
[LAZARUS-POLLER 2026-06-02T21:16:31.676Z] Received 24 unread message(s). Latest from=molly
[LAZARUS-POLLER 2026-06-02T21:16:33.679Z] Received 24 unread message(s). Latest from=molly
[LAZARUS-POLLER 2026-06-02T21:16:35.682Z] Received 24 unread message(s). Latest from=molly
[LAZARUS-POLLER 2026-06-02T21:16:37.685Z] Received 24 unread message(s). Latest from=molly
[LAZARUS-POLLER 2026-06-02T21:16:39.687Z] Received 24 unread message(s). Latest from=molly
[LAZARUS-POLLER 2026-06-02T21:16:41.691Z] Received 24 unread message(s). Latest from=molly
[LAZARUS-POLLER 2026-06-02T21:16:43.694Z] Received 24 unread message(s). Latest from=molly
[LAZARUS-POLLER 2026-06-02T21:16:45.698Z] Received 24 unread message(s). Latest from=molly
[LAZARUS-POLLER 2026-06-02T21:16:47.700Z] Received 24 unread message(s). Latest from=molly
[LAZARUS-POLLER 2026-06-02T21:16:49.702Z] Received 24 unread message(s). Latest from=molly
[LAZARUS-POLLER 2026-06-02T21:16:51.706Z] Received 24 unread message(s). Latest from=molly
[LAZARUS-POLLER 2026-06-02T21:16:53.709Z] Received 24 unread message(s). Latest from=molly
[LAZARUS-POLLER 2026-06-02T21:16:55.712Z] Received 24 unread message(s). Latest from=molly
[LAZARUS-POLLER 2026-06-02T21:16:57.715Z] Received 24 unread message(s). Latest from=molly
[LAZARUS-POLLER 2026-06-02T21:16:59.719Z] Received 24 unread message(s). Latest from=molly
[LAZARUS-POLLER 2026-06-02T21:17:01.722Z] Received 24 unread message(s). Latest from=molly
[LAZARUS-POLLER 2026-06-02T21:17:03.724Z] Received 24 unread message(s). Latest from=molly
[LAZARUS-POLLER 2026-06-02T21:17:05.727Z] Received 24 unread message(s). Latest from=molly
[LAZARUS-POLLER 2026-06-02T21:17:07.731Z] Received 24 unread message(s). Latest from=molly
[LAZARUS-POLLER 2026-06-02T21:17:09.734Z] Received 24 unread message(s). Latest from=molly
[LAZARUS-POLLER 2026-06-02T21:17:11.737Z] Received 24 unread message(s). Latest from=molly
[LAZARUS-POLLER 2026-06-02T21:17:13.741Z] Received 24 unread message(s). Latest from=molly
[LAZARUS-POLLER 2026-06-02T21:17:15.742Z] Received 24 unread message(s). Latest from=molly
[LAZARUS-POLLER 2026-06-02T21:17:17.744Z] Received 24 unread message(s). Latest from=molly
[LAZARUS-POLLER 2026-06-02T21:17:19.748Z] Received 24 unread message(s). Latest from=molly
[LAZARUS-POLLER 2026-06-02T21:17:21.751Z] Received 24 unread message(s). Latest from=molly
[LAZARUS-POLLER 2026-06-02T21:17:23.755Z] Received 24 unread message(s). Latest from=molly
[LAZARUS-POLLER 2026-06-02T21:17:25.757Z] Received 24 unread message(s). Latest from=molly
[LAZARUS-POLLER 2026-06-02T21:17:27.761Z] Received 25 unread message(s). Latest from=eric
[LAZARUS-POLLER 2026-06-02T21:17:29.763Z] Received 25 unread message(s). Latest from=eric
[LAZARUS-POLLER 2026-06-02T21:17:31.766Z] Received 25 unread message(s). Latest from=eric
[LAZARUS-POLLER 2026-06-02T21:17:33.770Z] Received 25 unread message(s). Latest from=eric
[LAZARUS-POLLER 2026-06-02T21:17:35.773Z] Received 25 unread message(s). Latest from=eric
[LAZARUS-POLLER 2026-06-02T21:17:37.775Z] Received 25 unread message(s). Latest from=eric
[LAZARUS-POLLER 2026-06-02T21:17:39.779Z] Received 25 unread message(s). Latest from=eric
[LAZARUS-POLLER 2026-06-02T21:17:41.783Z] Received 25 unread message(s). Latest from=eric
[LAZARUS-POLLER 2026-06-02T21:17:43.786Z] Received 25 unread message(s). Latest from=eric
[LAZARUS-POLLER 2026-06-02T21:17:45.789Z] Received 25 unread message(s). Latest from=eric
[LAZARUS-POLLER 2026-06-02T21:17:47.793Z] Received 25 unread message(s). Latest from=eric
[LAZARUS-POLLER 2026-06-02T21:17:49.796Z] Received 25 unread message(s). Latest from=eric
[LAZARUS-POLLER 2026-06-02T21:17:51.799Z] Received 25 unread message(s). Latest from=eric
[LAZARUS-POLLER 2026-06-02T21:17:53.803Z] Received 25 unread message(s). Latest from=eric
[LAZARUS-POLLER 2026-06-02T21:17:55.806Z] Received 25 unread message(s). Latest from=eric
[LAZARUS-POLLER 2026-06-02T21:17:57.810Z] Received 25 unread message(s). Latest from=eric
[LAZARUS-POLLER 2026-06-02T21:17:59.814Z] Received 25 unread message(s). Latest from=eric
[LAZARUS-POLLER 2026-06-02T21:18:01.817Z] Received 25 unread message(s). Latest from=eric
[LAZARUS-POLLER 2026-06-02T21:18:03.820Z] Received 25 unread message(s). Latest from=eric
[LAZARUS-POLLER 2026-06-02T21:18:05.824Z] Received 25 unread message(s). Latest from=eric
[LAZARUS-POLLER 2026-06-02T21:18:07.827Z] Received 25 unread message(s). Latest from=eric
[LAZARUS-POLLER 2026-06-02T21:18:09.830Z] Received 25 unread message(s). Latest from=eric
[LAZARUS-POLLER 2026-06-02T21:18:11.832Z] Received 25 unread message(s). Latest from=eric
[LAZARUS-POLLER 2026-06-02T21:18:13.836Z] Buffered 1 message(s) to wakeup file
[LAZARUS-POLLER 2026-06-02T21:18:13.836Z] Received 27 unread message(s). Latest from=molly
[LAZARUS-POLLER 2026-06-02T21:18:15.839Z] Received 28 unread message(s). Latest from=molly
[LAZARUS-POLLER 2026-06-02T21:18:17.841Z] Received 28 unread message(s). Latest from=molly
[LAZARUS-POLLER 2026-06-02T21:18:19.844Z] Received 28 unread message(s). Latest from=molly
[LAZARUS-POLLER 2026-06-02T21:18:21.847Z] Received 28 unread message(s). Latest from=molly
[LAZARUS-POLLER 2026-06-02T21:18:23.850Z] Received 28 unread message(s). Latest from=molly
[LAZARUS-POLLER 2026-06-02T21:18:25.853Z] Received 28 unread message(s). Latest from=molly
[LAZARUS-POLLER 2026-06-02T21:18:27.856Z] Received 28 unread message(s). Latest from=molly
[LAZARUS-POLLER 2026-06-02T21:18:29.859Z] Received 28 unread message(s). Latest from=molly
[LAZARUS-POLLER 2026-06-02T21:18:31.862Z] Received 28 unread message(s). Latest from=molly
[LAZARUS-POLLER 2026-06-02T21:18:33.864Z] Received 28 unread message(s). Latest from=molly
[LAZARUS-POLLER 2026-06-02T21:18:35.866Z] Received 28 unread message(s). Latest from=molly
[LAZARUS-POLLER 2026-06-02T21:18:37.869Z] Received 28 unread message(s). Latest from=molly
[LAZARUS-POLLER 2026-06-02T21:18:39.873Z] Received 28 unread message(s). Latest from=molly
[LAZARUS-POLLER 2026-06-02T21:18:41.876Z] Received 28 unread message(s). Latest from=molly
[LAZARUS-POLLER 2026-06-02T21:18:43.879Z] Received 28 unread message(s). Latest from=molly
[LAZARUS-POLLER 2026-06-02T21:18:45.881Z] Received 28 unread message(s). Latest from=molly
[LAZARUS-POLLER 2026-06-02T21:18:47.884Z] Received 28 unread message(s). Latest from=molly
[LAZARUS-POLLER 2026-06-02T21:18:49.888Z] Received 28 unread message(s). Latest from=molly
[LAZARUS-POLLER 2026-06-02T21:18:51.891Z] Received 28 unread message(s). Latest from=molly
[LAZARUS-POLLER 2026-06-02T21:18:53.893Z] Received 28 unread message(s). Latest from=molly
[LAZARUS-POLLER 2026-06-02T21:18:55.897Z] Received 28 unread message(s). Latest from=molly
[LAZARUS-POLLER 2026-06-02T21:18:57.899Z] Received 28 unread message(s). Latest from=molly
[LAZARUS-POLLER 2026-06-02T21:18:59.903Z] Received 28 unread message(s). Latest from=molly
[LAZARUS-POLLER 2026-06-02T21:19:01.906Z] Received 28 unread message(s). Latest from=molly
[LAZARUS-POLLER 2026-06-02T21:19:03.910Z] Received 28 unread message(s). Latest from=molly
[LAZARUS-POLLER 2026-06-02T21:19:05.912Z] Received 28 unread message(s). Latest from=molly
[LAZARUS-POLLER 2026-06-02T21:19:07.916Z] Received 28 unread message(s). Latest from=molly
[LAZARUS-POLLER 2026-06-02T21:19:09.920Z] Received 28 unread message(s). Latest from=molly
[LAZARUS-POLLER 2026-06-02T21:19:11.923Z] Received 28 unread message(s). Latest from=molly
[LAZARUS-POLLER 2026-06-02T21:19:13.927Z] Received 28 unread message(s). Latest from=molly
[LAZARUS-POLLER 2026-06-02T21:19:15.929Z] Received 28 unread message(s). Latest from=molly
[LAZARUS-POLLER 2026-06-02T21:19:17.932Z] Received 28 unread message(s). Latest from=molly
[LAZARUS-POLLER 2026-06-02T21:19:19.935Z] Received 28 unread message(s). Latest from=molly
[LAZARUS-POLLER 2026-06-02T21:19:21.938Z] Received 28 unread message(s). Latest from=molly
[LAZARUS-POLLER 2026-06-02T21:19:23.941Z] Received 28 unread message(s). Latest from=molly
[LAZARUS-POLLER 2026-06-02T21:19:25.943Z] Received 28 unread message(s). Latest from=molly
[LAZARUS-POLLER 2026-06-02T21:19:27.946Z] Received 28 unread message(s). Latest from=molly
[LAZARUS-POLLER 2026-06-02T21:19:29.949Z] Received 28 unread message(s). Latest from=molly
[LAZARUS-POLLER 2026-06-02T21:19:31.953Z] Received 28 unread message(s). Latest from=molly
[LAZARUS-POLLER 2026-06-02T21:19:33.956Z] Received 28 unread message(s). Latest from=molly
[LAZARUS-POLLER 2026-06-02T21:19:35.959Z] Received 28 unread message(s). Latest from=molly
[LAZARUS-POLLER 2026-06-02T21:19:37.962Z] Received 28 unread message(s). Latest from=molly
[LAZARUS-POLLER 2026-06-02T21:19:39.965Z] Received 28 unread message(s). Latest from=molly
[LAZARUS-POLLER 2026-06-02T21:19:41.968Z] Received 28 unread message(s). Latest from=molly
[LAZARUS-POLLER 2026-06-02T21:19:43.972Z] Received 29 unread message(s). Latest from=eric
[LAZARUS-POLLER 2026-06-02T21:19:45.974Z] Received 31 unread message(s). Latest from=molly
[LAZARUS-POLLER 2026-06-02T21:19:47.977Z] Received 31 unread message(s). Latest from=molly
[LAZARUS-POLLER 2026-06-02T21:19:49.979Z] Received 31 unread message(s). Latest from=molly
[LAZARUS-POLLER 2026-06-02T21:19:51.983Z] Received 31 unread message(s). Latest from=molly
[LAZARUS-POLLER 2026-06-02T21:19:53.987Z] Received 31 unread message(s). Latest from=molly
[LAZARUS-POLLER 2026-06-02T21:19:55.990Z] Received 31 unread message(s). Latest from=molly
[LAZARUS-POLLER 2026-06-02T21:19:57.994Z] Received 31 unread message(s). Latest from=molly
[LAZARUS-POLLER 2026-06-02T21:19:59.997Z] Received 31 unread message(s). Latest from=molly
[LAZARUS-POLLER 2026-06-02T21:20:02.000Z] Received 31 unread message(s). Latest from=molly
[LAZARUS-POLLER 2026-06-02T21:20:04.002Z] Received 31 unread message(s). Latest from=molly
[LAZARUS-POLLER 2026-06-02T21:20:06.005Z] Received 31 unread message(s). Latest from=molly
[LAZARUS-POLLER 2026-06-02T21:20:08.009Z] Received 31 unread message(s). Latest from=molly
[LAZARUS-POLLER 2026-06-02T21:20:10.012Z] Received 31 unread message(s). Latest from=molly
[LAZARUS-POLLER 2026-06-02T21:20:12.014Z] Received 31 unread message(s). Latest from=molly
[LAZARUS-POLLER 2026-06-02T21:20:14.017Z] Received 31 unread message(s). Latest from=molly
[LAZARUS-POLLER 2026-06-02T21:20:16.019Z] Received 31 unread message(s). Latest from=molly
[LAZARUS-POLLER 2026-06-02T21:20:18.023Z] Received 31 unread message(s). Latest from=molly
[LAZARUS-POLLER 2026-06-02T21:20:20.026Z] Received 31 unread message(s). Latest from=molly
[LAZARUS-POLLER 2026-06-02T21:20:22.028Z] Received 31 unread message(s). Latest from=molly
[LAZARUS-POLLER 2026-06-02T21:20:24.031Z] Received 31 unread message(s). Latest from=molly
[LAZARUS-POLLER 2026-06-02T21:20:26.034Z] Received 31 unread message(s). Latest from=molly
[LAZARUS-POLLER 2026-06-02T21:20:28.037Z] Received 31 unread message(s). Latest from=molly
[LAZARUS-POLLER 2026-06-02T21:20:30.041Z] Received 31 unread message(s). Latest from=molly
[LAZARUS-POLLER 2026-06-02T21:20:32.045Z] Received 31 unread message(s). Latest from=molly
[LAZARUS-POLLER 2026-06-02T21:20:34.048Z] Received 31 unread message(s). Latest from=molly
[LAZARUS-POLLER 2026-06-02T21:20:36.051Z] Received 31 unread message(s). Latest from=molly
[LAZARUS-POLLER 2026-06-02T21:20:38.053Z] Received 31 unread message(s). Latest from=molly
[LAZARUS-POLLER 2026-06-02T21:20:40.057Z] Received 31 unread message(s). Latest from=molly
[LAZARUS-POLLER 2026-06-02T21:20:42.059Z] Received 31 unread message(s). Latest from=molly
[LAZARUS-POLLER 2026-06-02T21:20:44.063Z] Received 31 unread message(s). Latest from=molly
[LAZARUS-POLLER 2026-06-02T21:20:46.066Z] Received 31 unread message(s). Latest from=molly
[LAZARUS-POLLER 2026-06-02T21:20:48.068Z] Received 31 unread message(s). Latest from=molly
[LAZARUS-POLLER 2026-06-02T21:20:50.070Z] Received 31 unread message(s). Latest from=molly
[LAZARUS-POLLER 2026-06-02T21:20:52.073Z] Received 31 unread message(s). Latest from=molly
[LAZARUS-POLLER 2026-06-02T21:20:54.075Z] Received 31 unread message(s). Latest from=molly
[LAZARUS-POLLER 2026-06-02T21:20:56.079Z] Received 31 unread message(s). Latest from=molly
[LAZARUS-POLLER 2026-06-02T21:20:58.081Z] Received 31 unread message(s). Latest from=molly
[LAZARUS-POLLER 2026-06-02T21:21:00.085Z] Received 31 unread message(s). Latest from=molly
[LAZARUS-POLLER 2026-06-02T21:21:02.088Z] Received 31 unread message(s). Latest from=molly
[LAZARUS-POLLER 2026-06-02T21:21:04.091Z] Received 31 unread message(s). Latest from=molly
[LAZARUS-POLLER 2026-06-02T21:21:06.093Z] Received 31 unread message(s). Latest from=molly
[LAZARUS-POLLER 2026-06-02T21:21:08.096Z] Received 31 unread message(s). Latest from=molly
[LAZARUS-POLLER 2026-06-02T21:21:10.100Z] Received 31 unread message(s). Latest from=molly
[LAZARUS-POLLER 2026-06-02T21:21:12.102Z] Received 31 unread message(s). Latest from=molly
[LAZARUS-POLLER 2026-06-02T21:21:14.106Z] Received 31 unread message(s). Latest from=molly
[LAZARUS-POLLER 2026-06-02T21:21:16.108Z] Received 31 unread message(s). Latest from=molly
[LAZARUS-POLLER 2026-06-02T21:21:18.112Z] Received 31 unread message(s). Latest from=molly
[LAZARUS-POLLER 2026-06-02T21:21:20.116Z] Received 31 unread message(s). Latest from=molly
[LAZARUS-POLLER 2026-06-02T21:21:22.120Z] Received 31 unread message(s). Latest from=molly
[LAZARUS-POLLER 2026-06-02T21:21:24.123Z] Received 31 unread message(s). Latest from=molly
[LAZARUS-POLLER 2026-06-02T21:21:26.125Z] Received 31 unread message(s). Latest from=molly
[LAZARUS-POLLER 2026-06-02T21:21:28.128Z] Received 31 unread message(s). Latest from=molly
[LAZARUS-POLLER 2026-06-02T21:21:30.132Z] Received 31 unread message(s). Latest from=molly
[LAZARUS-POLLER 2026-06-02T21:21:32.135Z] Received 31 unread message(s). Latest from=molly
[LAZARUS-POLLER 2026-06-02T21:21:34.138Z] Received 31 unread message(s). Latest from=molly
[LAZARUS-POLLER 2026-06-02T21:21:36.142Z] Received 31 unread message(s). Latest from=molly
[LAZARUS-POLLER 2026-06-02T21:21:38.145Z] Received 31 unread message(s). Latest from=molly
[LAZARUS-POLLER 2026-06-02T21:21:40.147Z] Received 31 unread message(s). Latest from=molly
[LAZARUS-POLLER 2026-06-02T21:21:42.150Z] Received 31 unread message(s). Latest from=molly
[LAZARUS-POLLER 2026-06-02T21:21:44.153Z] Received 31 unread message(s). Latest from=molly
[LAZARUS-POLLER 2026-06-02T21:21:46.156Z] Received 31 unread message(s). Latest from=molly
[LAZARUS-POLLER 2026-06-02T21:21:48.159Z] Received 31 unread message(s). Latest from=molly
[LAZARUS-POLLER 2026-06-02T21:21:50.161Z] Received 31 unread message(s). Latest from=molly
[LAZARUS-POLLER 2026-06-02T21:21:52.165Z] Received 31 unread message(s). Latest from=molly
[LAZARUS-POLLER 2026-06-02T21:21:54.168Z] Received 31 unread message(s). Latest from=molly
[LAZARUS-POLLER 2026-06-02T21:21:56.170Z] Received 31 unread message(s). Latest from=molly
[LAZARUS-POLLER 2026-06-02T21:21:58.173Z] Received 31 unread message(s). Latest from=molly
[LAZARUS-POLLER 2026-06-02T21:22:00.177Z] Received 31 unread message(s). Latest from=molly
[LAZARUS-POLLER 2026-06-02T21:22:02.179Z] Received 31 unread message(s). Latest from=molly
[LAZARUS-POLLER 2026-06-02T21:22:04.182Z] Received 31 unread message(s). Latest from=molly
[LAZARUS-POLLER 2026-06-02T21:22:06.185Z] Received 31 unread message(s). Latest from=molly
[LAZARUS-POLLER 2026-06-02T21:22:08.189Z] Received 31 unread message(s). Latest from=molly
[LAZARUS-POLLER 2026-06-02T21:22:10.191Z] Received 31 unread message(s). Latest from=molly
[LAZARUS-POLLER 2026-06-02T21:22:12.194Z] Received 31 unread message(s). Latest from=molly
[LAZARUS-POLLER 2026-06-02T21:22:14.197Z] Received 31 unread message(s). Latest from=molly
[LAZARUS-POLLER 2026-06-02T21:22:16.201Z] Received 31 unread message(s). Latest from=molly
[LAZARUS-POLLER 2026-06-02T21:22:18.204Z] Received 31 unread message(s). Latest from=molly
[LAZARUS-POLLER 2026-06-02T21:22:20.207Z] Received 31 unread message(s). Latest from=molly
[LAZARUS-POLLER 2026-06-02T21:22:22.209Z] Received 31 unread message(s). Latest from=molly
[LAZARUS-POLLER 2026-06-02T21:22:24.211Z] Received 31 unread message(s). Latest from=molly
[LAZARUS-POLLER 2026-06-02T21:22:26.214Z] Received 31 unread message(s). Latest from=molly
[LAZARUS-POLLER 2026-06-02T21:22:28.218Z] Received 31 unread message(s). Latest from=molly
[LAZARUS-POLLER 2026-06-02T21:22:30.221Z] Received 31 unread message(s). Latest from=molly
[LAZARUS-POLLER 2026-06-02T21:22:32.225Z] Received 31 unread message(s). Latest from=molly
[LAZARUS-POLLER 2026-06-02T21:22:34.227Z] Received 31 unread message(s). Latest from=molly
[LAZARUS-POLLER 2026-06-02T21:22:36.230Z] Received 31 unread message(s). Latest from=molly
[LAZARUS-POLLER 2026-06-02T21:22:38.233Z] Received 31 unread message(s). Latest from=molly
[LAZARUS-POLLER 2026-06-02T21:22:40.236Z] Received 31 unread message(s). Latest from=molly
[LAZARUS-POLLER 2026-06-02T21:22:42.240Z] Received 31 unread message(s). Latest from=molly
[LAZARUS-POLLER 2026-06-02T21:22:44.243Z] Received 31 unread message(s). Latest from=molly
[LAZARUS-POLLER 2026-06-02T21:22:46.246Z] Received 31 unread message(s). Latest from=molly
[LAZARUS-POLLER 2026-06-02T21:22:48.250Z] Received 31 unread message(s). Latest from=molly
[LAZARUS-POLLER 2026-06-02T21:22:50.253Z] Received 31 unread message(s). Latest from=molly
[LAZARUS-POLLER 2026-06-02T21:22:52.255Z] Received 31 unread message(s). Latest from=molly
[LAZARUS-POLLER 2026-06-02T21:22:54.259Z] Received 31 unread message(s). Latest from=molly
[LAZARUS-POLLER 2026-06-02T21:22:56.263Z] Received 31 unread message(s). Latest from=molly
[LAZARUS-POLLER 2026-06-02T21:22:58.267Z] Received 31 unread message(s). Latest from=molly
[LAZARUS-POLLER 2026-06-02T21:23:00.270Z] Received 31 unread message(s). Latest from=molly
[LAZARUS-POLLER 2026-06-02T21:23:02.274Z] Received 31 unread message(s). Latest from=molly
[LAZARUS-POLLER 2026-06-02T21:23:04.276Z] Received 31 unread message(s). Latest from=molly
[LAZARUS-POLLER 2026-06-02T21:23:06.280Z] Received 31 unread message(s). Latest from=molly
[LAZARUS-POLLER 2026-06-02T21:23:08.282Z] Received 31 unread message(s). Latest from=molly
[LAZARUS-POLLER 2026-06-02T21:23:10.285Z] Received 31 unread message(s). Latest from=molly
[LAZARUS-POLLER 2026-06-02T21:23:12.289Z] Received 31 unread message(s). Latest from=molly
[LAZARUS-POLLER 2026-06-02T21:23:14.292Z] Received 31 unread message(s). Latest from=molly
[LAZARUS-POLLER 2026-06-02T21:23:16.293Z] Received 31 unread message(s). Latest from=molly
[LAZARUS-POLLER 2026-06-02T21:23:18.296Z] Received 31 unread message(s). Latest from=molly
[LAZARUS-POLLER 2026-06-02T21:23:20.299Z] Received 31 unread message(s). Latest from=molly
[LAZARUS-POLLER 2026-06-02T21:23:22.301Z] Received 31 unread message(s). Latest from=molly
[LAZARUS-POLLER 2026-06-02T21:23:24.304Z] Received 31 unread message(s). Latest from=molly
[LAZARUS-POLLER 2026-06-02T21:23:26.308Z] Received 31 unread message(s). Latest from=molly
[LAZARUS-POLLER 2026-06-02T21:23:28.311Z] Received 31 unread message(s). Latest from=molly
[LAZARUS-POLLER 2026-06-02T21:23:30.314Z] Received 31 unread message(s). Latest from=molly
[LAZARUS-POLLER 2026-06-02T21:23:32.317Z] Received 31 unread message(s). Latest from=molly
[LAZARUS-POLLER 2026-06-02T21:23:34.319Z] Received 31 unread message(s). Latest from=molly
[LAZARUS-POLLER 2026-06-02T21:23:36.321Z] Received 31 unread message(s). Latest from=molly
[LAZARUS-POLLER 2026-06-02T21:23:38.325Z] Received 31 unread message(s). Latest from=molly
[LAZARUS-POLLER 2026-06-02T21:23:40.329Z] Received 31 unread message(s). Latest from=molly
[LAZARUS-POLLER 2026-06-02T21:23:42.333Z] Received 31 unread message(s). Latest from=molly
[LAZARUS-POLLER 2026-06-02T21:23:44.336Z] Received 31 unread message(s). Latest from=molly
[LAZARUS-POLLER 2026-06-02T21:23:46.340Z] Received 31 unread message(s). Latest from=molly
[LAZARUS-POLLER 2026-06-02T21:23:48.342Z] Received 31 unread message(s). Latest from=molly
[LAZARUS-POLLER 2026-06-02T21:23:50.345Z] Received 31 unread message(s). Latest from=molly
[LAZARUS-POLLER 2026-06-02T21:23:52.349Z] Received 31 unread message(s). Latest from=molly
[LAZARUS-POLLER 2026-06-02T21:23:54.352Z] Received 31 unread message(s). Latest from=molly
[LAZARUS-POLLER 2026-06-02T21:23:56.354Z] Received 31 unread message(s). Latest from=molly
[LAZARUS-POLLER 2026-06-02T21:23:58.357Z] Received 31 unread message(s). Latest from=molly
[LAZARUS-POLLER 2026-06-02T21:24:00.360Z] Received 31 unread message(s). Latest from=molly
[LAZARUS-POLLER 2026-06-02T21:24:02.364Z] Received 31 unread message(s). Latest from=molly
[LAZARUS-POLLER 2026-06-02T21:24:04.367Z] Received 31 unread message(s). Latest from=molly
[LAZARUS-POLLER 2026-06-02T21:24:06.370Z] Received 31 unread message(s). Latest from=molly
[LAZARUS-POLLER 2026-06-02T21:24:08.372Z] Received 31 unread message(s). Latest from=molly
[LAZARUS-POLLER 2026-06-02T21:24:10.375Z] Received 31 unread message(s). Latest from=molly
[LAZARUS-POLLER 2026-06-02T21:24:12.379Z] Received 31 unread message(s). Latest from=molly
[LAZARUS-POLLER 2026-06-02T21:24:14.383Z] Buffered 1 message(s) to wakeup file
[LAZARUS-POLLER 2026-06-02T21:24:14.383Z] Received 32 unread message(s). Latest from=molly
[LAZARUS-POLLER 2026-06-02T21:24:16.385Z] Received 34 unread message(s). Latest from=molly
[LAZARUS-POLLER 2026-06-02T21:24:18.388Z] Received 35 unread message(s). Latest from=molly
[LAZARUS-POLLER 2026-06-02T21:24:20.392Z] Received 35 unread message(s). Latest from=molly
[LAZARUS-POLLER 2026-06-02T21:24:22.396Z] Received 35 unread message(s). Latest from=molly
[LAZARUS-POLLER 2026-06-02T21:24:24.400Z] Received 35 unread message(s). Latest from=molly
[LAZARUS-POLLER 2026-06-02T21:24:26.404Z] Received 35 unread message(s). Latest from=molly
[LAZARUS-POLLER 2026-06-02T21:24:28.407Z] Received 35 unread message(s). Latest from=molly
[LAZARUS-POLLER 2026-06-02T21:24:30.410Z] Received 35 unread message(s). Latest from=molly
[LAZARUS-POLLER 2026-06-02T21:24:32.414Z] Received 35 unread message(s). Latest from=molly
[LAZARUS-POLLER 2026-06-02T21:24:34.417Z] Received 35 unread message(s). Latest from=molly
[LAZARUS-POLLER 2026-06-02T21:24:36.420Z] Received 35 unread message(s). Latest from=molly
[LAZARUS-POLLER 2026-06-02T21:24:38.422Z] Received 35 unread message(s). Latest from=molly
[LAZARUS-POLLER 2026-06-02T21:24:40.426Z] Received 35 unread message(s). Latest from=molly
[LAZARUS-POLLER 2026-06-02T21:24:42.429Z] Received 35 unread message(s). Latest from=molly
[LAZARUS-POLLER 2026-06-02T21:24:44.432Z] Received 35 unread message(s). Latest from=molly
[LAZARUS-POLLER 2026-06-02T21:24:46.436Z] Received 35 unread message(s). Latest from=molly
[LAZARUS-POLLER 2026-06-02T21:24:48.439Z] Received 35 unread message(s). Latest from=molly
[LAZARUS-POLLER 2026-06-02T21:24:50.442Z] Received 35 unread message(s). Latest from=molly
[LAZARUS-POLLER 2026-06-02T21:24:52.446Z] Received 35 unread message(s). Latest from=molly
[LAZARUS-POLLER 2026-06-02T21:24:54.448Z] Received 35 unread message(s). Latest from=molly
[LAZARUS-POLLER 2026-06-02T21:24:56.452Z] Received 35 unread message(s). Latest from=molly
[LAZARUS-POLLER 2026-06-02T21:24:58.457Z] Received 35 unread message(s). Latest from=molly
[LAZARUS-POLLER 2026-06-02T21:25:00.459Z] Received 35 unread message(s). Latest from=molly
[LAZARUS-POLLER 2026-06-02T21:25:02.462Z] Received 35 unread message(s). Latest from=molly
[LAZARUS-POLLER 2026-06-02T21:25:04.464Z] Received 35 unread message(s). Latest from=molly
[LAZARUS-POLLER 2026-06-02T21:25:06.468Z] Received 35 unread message(s). Latest from=molly
[LAZARUS-POLLER 2026-06-02T21:25:08.471Z] Received 35 unread message(s). Latest from=molly
[LAZARUS-POLLER 2026-06-02T21:25:10.474Z] Received 35 unread message(s). Latest from=molly
[LAZARUS-POLLER 2026-06-02T21:25:12.477Z] Received 36 unread message(s). Latest from=eric
[LAZARUS-POLLER 2026-06-02T21:25:14.480Z] Received 36 unread message(s). Latest from=eric
[LAZARUS-POLLER 2026-06-02T21:25:16.483Z] Received 36 unread message(s). Latest from=eric
[LAZARUS-POLLER 2026-06-02T21:25:18.487Z] Received 36 unread message(s). Latest from=eric
[LAZARUS-POLLER 2026-06-02T21:25:20.489Z] Received 36 unread message(s). Latest from=eric
[LAZARUS-POLLER 2026-06-02T21:25:22.492Z] Received 36 unread message(s). Latest from=eric
[LAZARUS-POLLER 2026-06-02T21:25:24.496Z] Received 36 unread message(s). Latest from=eric
[LAZARUS-POLLER 2026-06-02T21:25:26.499Z] Received 36 unread message(s). Latest from=eric
[LAZARUS-POLLER 2026-06-02T21:25:28.503Z] Received 36 unread message(s). Latest from=eric
[LAZARUS-POLLER 2026-06-02T21:25:30.506Z] Received 36 unread message(s). Latest from=eric
[LAZARUS-POLLER 2026-06-02T21:25:32.509Z] Received 36 unread message(s). Latest from=eric
[LAZARUS-POLLER 2026-06-02T21:25:34.512Z] Received 36 unread message(s). Latest from=eric
[LAZARUS-POLLER 2026-06-02T21:25:36.515Z] Received 36 unread message(s). Latest from=eric
[LAZARUS-POLLER 2026-06-02T21:25:38.517Z] Received 36 unread message(s). Latest from=eric
[LAZARUS-POLLER 2026-06-02T21:25:40.521Z] Received 36 unread message(s). Latest from=eric
[LAZARUS-POLLER 2026-06-02T21:25:42.524Z] Received 36 unread message(s). Latest from=eric
[LAZARUS-POLLER 2026-06-02T21:25:44.527Z] Received 36 unread message(s). Latest from=eric
[LAZARUS-POLLER 2026-06-02T21:25:46.531Z] Received 36 unread message(s). Latest from=eric
[LAZARUS-POLLER 2026-06-02T21:25:48.534Z] Received 36 unread message(s). Latest from=eric
[LAZARUS-POLLER 2026-06-02T21:25:50.538Z] Received 36 unread message(s). Latest from=eric
[LAZARUS-POLLER 2026-06-02T21:25:52.541Z] Received 36 unread message(s). Latest from=eric
[LAZARUS-POLLER 2026-06-02T21:25:54.544Z] Received 36 unread message(s). Latest from=eric
[LAZARUS-POLLER 2026-06-02T21:25:56.546Z] Received 36 unread message(s). Latest from=eric
[LAZARUS-POLLER 2026-06-02T21:25:58.551Z] Received 36 unread message(s). Latest from=eric
[LAZARUS-POLLER 2026-06-02T21:26:00.554Z] Received 37 unread message(s). Latest from=eric
[LAZARUS-POLLER 2026-06-02T21:26:02.558Z] Received 37 unread message(s). Latest from=eric
[LAZARUS-POLLER 2026-06-02T21:26:04.561Z] Received 37 unread message(s). Latest from=eric
[LAZARUS-POLLER 2026-06-02T21:26:06.564Z] Buffered 1 message(s) to wakeup file
[LAZARUS-POLLER 2026-06-02T21:26:06.565Z] Received 38 unread message(s). Latest from=eric
[LAZARUS-POLLER 2026-06-02T21:26:08.568Z] Received 38 unread message(s). Latest from=eric
[LAZARUS-POLLER 2026-06-02T21:26:10.571Z] Received 38 unread message(s). Latest from=eric
[LAZARUS-POLLER 2026-06-02T21:26:12.574Z] Received 38 unread message(s). Latest from=eric
[LAZARUS-POLLER 2026-06-02T21:26:14.578Z] Buffered 1 message(s) to wakeup file
[LAZARUS-POLLER 2026-06-02T21:26:14.578Z] Received 39 unread message(s). Latest from=molly
[LAZARUS-POLLER 2026-06-02T21:26:16.582Z] Received 39 unread message(s). Latest from=molly
[LAZARUS-POLLER 2026-06-02T21:26:18.585Z] Received 39 unread message(s). Latest from=molly
[LAZARUS-POLLER 2026-06-02T21:26:20.588Z] Received 39 unread message(s). Latest from=molly
[LAZARUS-POLLER 2026-06-02T21:26:22.591Z] Received 39 unread message(s). Latest from=molly
[LAZARUS-POLLER 2026-06-02T21:26:24.596Z] Received 39 unread message(s). Latest from=molly
[LAZARUS-POLLER 2026-06-02T21:26:26.598Z] Received 39 unread message(s). Latest from=molly
[LAZARUS-POLLER 2026-06-02T21:26:28.601Z] Received 39 unread message(s). Latest from=molly
[LAZARUS-POLLER 2026-06-02T21:26:30.605Z] Received 39 unread message(s). Latest from=molly
[LAZARUS-POLLER 2026-06-02T21:26:32.608Z] Received 39 unread message(s). Latest from=molly
[LAZARUS-POLLER 2026-06-02T21:26:34.610Z] Received 39 unread message(s). Latest from=molly
[LAZARUS-POLLER 2026-06-02T21:26:36.612Z] Received 39 unread message(s). Latest from=molly
[LAZARUS-POLLER 2026-06-02T21:26:38.616Z] Received 39 unread message(s). Latest from=molly
[LAZARUS-POLLER 2026-06-02T21:26:40.619Z] Received 39 unread message(s). Latest from=molly
[LAZARUS-POLLER 2026-06-02T21:26:42.621Z] Received 39 unread message(s). Latest from=molly
[LAZARUS-POLLER 2026-06-02T21:26:44.625Z] Received 39 unread message(s). Latest from=molly
[LAZARUS-POLLER 2026-06-02T21:26:46.628Z] Received 39 unread message(s). Latest from=molly
[LAZARUS-POLLER 2026-06-02T21:26:48.631Z] Received 39 unread message(s). Latest from=molly
[LAZARUS-POLLER 2026-06-02T21:26:50.634Z] Received 39 unread message(s). Latest from=molly
[LAZARUS-POLLER 2026-06-02T21:26:52.637Z] Received 39 unread message(s). Latest from=molly
[LAZARUS-POLLER 2026-06-02T21:26:54.640Z] Received 39 unread message(s). Latest from=molly
[LAZARUS-POLLER 2026-06-02T21:26:56.643Z] Received 39 unread message(s). Latest from=molly
[LAZARUS-POLLER 2026-06-02T21:26:58.646Z] Received 39 unread message(s). Latest from=molly
[LAZARUS-POLLER 2026-06-02T21:27:00.649Z] Received 39 unread message(s). Latest from=molly
[LAZARUS-POLLER 2026-06-02T21:27:02.652Z] Received 39 unread message(s). Latest from=molly
[LAZARUS-POLLER 2026-06-02T21:27:04.655Z] Received 39 unread message(s). Latest from=molly
[LAZARUS-POLLER 2026-06-02T21:27:06.657Z] Received 39 unread message(s). Latest from=molly
[LAZARUS-POLLER 2026-06-02T21:27:08.661Z] Received 39 unread message(s). Latest from=molly
[LAZARUS-POLLER 2026-06-02T21:27:10.664Z] Received 39 unread message(s). Latest from=molly
[LAZARUS-POLLER 2026-06-02T21:27:12.667Z] Received 39 unread message(s). Latest from=molly
[LAZARUS-POLLER 2026-06-02T21:27:14.670Z] Received 39 unread message(s). Latest from=molly
[LAZARUS-POLLER 2026-06-02T21:27:16.673Z] Received 39 unread message(s). Latest from=molly
[LAZARUS-POLLER 2026-06-02T21:27:18.677Z] Received 39 unread message(s). Latest from=molly
[LAZARUS-POLLER 2026-06-02T21:27:20.680Z] Received 39 unread message(s). Latest from=molly
[LAZARUS-POLLER 2026-06-02T21:27:22.684Z] Received 39 unread message(s). Latest from=molly
[LAZARUS-POLLER 2026-06-02T21:27:24.687Z] Received 39 unread message(s). Latest from=molly
[LAZARUS-POLLER 2026-06-02T21:27:26.690Z] Received 39 unread message(s). Latest from=molly
[LAZARUS-POLLER 2026-06-02T21:27:28.693Z] Received 39 unread message(s). Latest from=molly
[LAZARUS-POLLER 2026-06-02T21:27:30.696Z] Received 39 unread message(s). Latest from=molly
[LAZARUS-POLLER 2026-06-02T21:27:32.700Z] Received 39 unread message(s). Latest from=molly
[LAZARUS-POLLER 2026-06-02T21:27:34.703Z] Received 39 unread message(s). Latest from=molly
[LAZARUS-POLLER 2026-06-02T21:27:36.706Z] Received 39 unread message(s). Latest from=molly
[LAZARUS-POLLER 2026-06-02T21:27:38.708Z] Received 39 unread message(s). Latest from=molly
[LAZARUS-POLLER 2026-06-02T21:27:40.711Z] Received 39 unread message(s). Latest from=molly
[LAZARUS-POLLER 2026-06-02T21:27:42.713Z] Received 39 unread message(s). Latest from=molly
[LAZARUS-POLLER 2026-06-02T21:27:44.716Z] Received 39 unread message(s). Latest from=molly
[LAZARUS-POLLER 2026-06-02T21:27:46.719Z] Received 39 unread message(s). Latest from=molly
[LAZARUS-POLLER 2026-06-02T21:27:48.722Z] Received 39 unread message(s). Latest from=molly
[LAZARUS-POLLER 2026-06-02T21:27:50.724Z] Received 39 unread message(s). Latest from=molly
[LAZARUS-POLLER 2026-06-02T21:27:52.727Z] Received 39 unread message(s). Latest from=molly
[LAZARUS-POLLER 2026-06-02T21:27:54.730Z] Received 39 unread message(s). Latest from=molly
[LAZARUS-POLLER 2026-06-02T21:27:56.734Z] Received 39 unread message(s). Latest from=molly
[LAZARUS-POLLER 2026-06-02T21:27:58.738Z] Received 39 unread message(s). Latest from=molly
[LAZARUS-POLLER 2026-06-02T21:28:00.741Z] Received 39 unread message(s). Latest from=molly
[LAZARUS-POLLER 2026-06-02T21:28:02.744Z] Received 39 unread message(s). Latest from=molly
[LAZARUS-POLLER 2026-06-02T21:28:04.746Z] Received 39 unread message(s). Latest from=molly
[LAZARUS-POLLER 2026-06-02T21:28:06.750Z] Received 39 unread message(s). Latest from=molly
[LAZARUS-POLLER 2026-06-02T21:28:08.754Z] Received 39 unread message(s). Latest from=molly
[LAZARUS-POLLER 2026-06-02T21:28:10.756Z] Received 39 unread message(s). Latest from=molly
[LAZARUS-POLLER 2026-06-02T21:28:12.761Z] Received 39 unread message(s). Latest from=molly
[LAZARUS-POLLER 2026-06-02T21:28:14.764Z] Received 39 unread message(s). Latest from=molly
[LAZARUS-POLLER 2026-06-02T21:28:16.767Z] Received 39 unread message(s). Latest from=molly
[LAZARUS-POLLER 2026-06-02T21:28:18.771Z] Received 40 unread message(s). Latest from=eric
[LAZARUS-POLLER 2026-06-02T21:28:20.774Z] Received 40 unread message(s). Latest from=eric
[LAZARUS-POLLER 2026-06-02T21:28:22.777Z] Received 40 unread message(s). Latest from=eric
[LAZARUS-POLLER 2026-06-02T21:28:24.780Z] Received 40 unread message(s). Latest from=eric
[LAZARUS-POLLER 2026-06-02T21:28:26.782Z] Received 40 unread message(s). Latest from=eric
[LAZARUS-POLLER 2026-06-02T21:28:28.785Z] Received 40 unread message(s). Latest from=eric
[LAZARUS-POLLER 2026-06-02T21:28:30.789Z] Received 40 unread message(s). Latest from=eric
[LAZARUS-POLLER 2026-06-02T21:28:32.792Z] Received 40 unread message(s). Latest from=eric
[LAZARUS-POLLER 2026-06-02T21:28:34.793Z] Received 40 unread message(s). Latest from=eric
[LAZARUS-POLLER 2026-06-02T21:28:36.796Z] Received 40 unread message(s). Latest from=eric
[LAZARUS-POLLER 2026-06-02T21:28:38.799Z] Received 40 unread message(s). Latest from=eric
[LAZARUS-POLLER 2026-06-02T21:28:40.802Z] Received 40 unread message(s). Latest from=eric
[LAZARUS-POLLER 2026-06-02T21:28:42.804Z] Received 40 unread message(s). Latest from=eric
[LAZARUS-POLLER 2026-06-02T21:28:44.808Z] Received 40 unread message(s). Latest from=eric
[LAZARUS-POLLER 2026-06-02T21:28:46.810Z] Received 40 unread message(s). Latest from=eric
[LAZARUS-POLLER 2026-06-02T21:28:48.812Z] Received 40 unread message(s). Latest from=eric
[LAZARUS-POLLER 2026-06-02T21:28:50.814Z] Received 40 unread message(s). Latest from=eric
[LAZARUS-POLLER 2026-06-02T21:28:52.817Z] Received 40 unread message(s). Latest from=eric
[LAZARUS-POLLER 2026-06-02T21:28:54.820Z] Received 40 unread message(s). Latest from=eric
[LAZARUS-POLLER 2026-06-02T21:28:56.824Z] Received 40 unread message(s). Latest from=eric
[LAZARUS-POLLER 2026-06-02T21:28:58.826Z] Received 40 unread message(s). Latest from=eric
[LAZARUS-POLLER 2026-06-02T21:29:00.829Z] Received 40 unread message(s). Latest from=eric
[LAZARUS-POLLER 2026-06-02T21:29:02.833Z] Received 40 unread message(s). Latest from=eric
[LAZARUS-POLLER 2026-06-02T21:29:04.835Z] Received 40 unread message(s). Latest from=eric
[LAZARUS-POLLER 2026-06-02T21:29:06.839Z] Received 40 unread message(s). Latest from=eric
[LAZARUS-POLLER 2026-06-02T21:29:08.842Z] Received 40 unread message(s). Latest from=eric
[LAZARUS-POLLER 2026-06-02T21:29:10.845Z] Received 40 unread message(s). Latest from=eric
[LAZARUS-POLLER 2026-06-02T21:29:12.848Z] Received 40 unread message(s). Latest from=eric
[LAZARUS-POLLER 2026-06-02T21:29:14.850Z] Received 40 unread message(s). Latest from=eric
[LAZARUS-POLLER 2026-06-02T21:29:16.854Z] Received 40 unread message(s). Latest from=eric
[LAZARUS-POLLER 2026-06-02T21:29:18.857Z] Received 40 unread message(s). Latest from=eric
[LAZARUS-POLLER 2026-06-02T21:29:20.860Z] Received 40 unread message(s). Latest from=eric
[LAZARUS-POLLER 2026-06-02T21:29:22.864Z] Received 40 unread message(s). Latest from=eric
[LAZARUS-POLLER 2026-06-02T21:29:24.867Z] Received 40 unread message(s). Latest from=eric
[LAZARUS-POLLER 2026-06-02T21:29:26.870Z] Received 40 unread message(s). Latest from=eric
[LAZARUS-POLLER 2026-06-02T21:29:28.872Z] Received 40 unread message(s). Latest from=eric
[LAZARUS-POLLER 2026-06-02T21:29:30.876Z] Received 40 unread message(s). Latest from=eric
[LAZARUS-POLLER 2026-06-02T21:29:32.880Z] Received 40 unread message(s). Latest from=eric
[LAZARUS-POLLER 2026-06-02T21:29:34.882Z] Received 40 unread message(s). Latest from=eric
[LAZARUS-POLLER 2026-06-02T21:29:36.885Z] Received 40 unread message(s). Latest from=eric
[LAZARUS-POLLER 2026-06-02T21:29:38.888Z] Received 40 unread message(s). Latest from=eric
[LAZARUS-POLLER 2026-06-02T21:29:40.892Z] Received 40 unread message(s). Latest from=eric
[LAZARUS-POLLER 2026-06-02T21:29:42.896Z] Received 40 unread message(s). Latest from=eric
[LAZARUS-POLLER 2026-06-02T21:29:44.899Z] Received 40 unread message(s). Latest from=eric
[LAZARUS-POLLER 2026-06-02T21:29:46.902Z] Received 40 unread message(s). Latest from=eric
[LAZARUS-POLLER 2026-06-02T21:29:48.905Z] Received 40 unread message(s). Latest from=eric
[LAZARUS-POLLER 2026-06-02T21:29:50.908Z] Received 40 unread message(s). Latest from=eric
[LAZARUS-POLLER 2026-06-02T21:29:52.911Z] Received 40 unread message(s). Latest from=eric
[LAZARUS-POLLER 2026-06-02T21:29:54.914Z] Received 40 unread message(s). Latest from=eric
[LAZARUS-POLLER 2026-06-02T21:29:56.918Z] Received 40 unread message(s). Latest from=eric
[LAZARUS-POLLER 2026-06-02T21:29:58.922Z] Received 40 unread message(s). Latest from=eric
[LAZARUS-POLLER 2026-06-02T21:30:00.925Z] Received 40 unread message(s). Latest from=eric
[LAZARUS-POLLER 2026-06-02T21:30:02.928Z] Received 40 unread message(s). Latest from=eric
[LAZARUS-POLLER 2026-06-02T21:30:04.931Z] Received 40 unread message(s). Latest from=eric
[LAZARUS-POLLER 2026-06-02T21:30:06.934Z] Received 40 unread message(s). Latest from=eric
[LAZARUS-POLLER 2026-06-02T21:30:08.937Z] Received 40 unread message(s). Latest from=eric
[LAZARUS-POLLER 2026-06-02T21:30:10.940Z] Received 40 unread message(s). Latest from=eric
[LAZARUS-POLLER 2026-06-02T21:30:12.944Z] Buffered 1 message(s) to wakeup file
[LAZARUS-POLLER 2026-06-02T21:30:12.944Z] Received 41 unread message(s). Latest from=molly
[LAZARUS-POLLER 2026-06-02T21:30:14.947Z] Buffered 5 message(s) to wakeup file
[LAZARUS-POLLER 2026-06-02T21:30:14.947Z] Received 42 unread message(s). Latest from=molly
[LAZARUS-POLLER 2026-06-02T21:30:16.950Z] Buffered 7 message(s) to wakeup file
[LAZARUS-POLLER 2026-06-02T21:30:16.950Z] Received 44 unread message(s). Latest from=molly
[LAZARUS-POLLER 2026-06-02T21:30:18.953Z] Received 44 unread message(s). Latest from=molly
[LAZARUS-POLLER 2026-06-02T21:30:20.956Z] Received 44 unread message(s). Latest from=molly
[LAZARUS-POLLER 2026-06-02T21:30:22.959Z] Received 44 unread message(s). Latest from=molly
[LAZARUS-POLLER 2026-06-02T21:30:24.962Z] Received 44 unread message(s). Latest from=molly
[LAZARUS-POLLER 2026-06-02T21:30:26.965Z] Received 44 unread message(s). Latest from=molly
[LAZARUS-POLLER 2026-06-02T21:30:28.967Z] Received 44 unread message(s). Latest from=molly
[LAZARUS-POLLER 2026-06-02T21:30:30.970Z] Received 44 unread message(s). Latest from=molly
[LAZARUS-POLLER 2026-06-02T21:30:32.972Z] Received 44 unread message(s). Latest from=molly
[LAZARUS-POLLER 2026-06-02T21:30:34.976Z] Received 44 unread message(s). Latest from=molly
[LAZARUS-POLLER 2026-06-02T21:30:36.978Z] Received 44 unread message(s). Latest from=molly
[LAZARUS-POLLER 2026-06-02T21:30:38.981Z] Received 44 unread message(s). Latest from=molly
[LAZARUS-POLLER 2026-06-02T21:30:40.984Z] Received 44 unread message(s). Latest from=molly
[LAZARUS-POLLER 2026-06-02T21:30:42.987Z] Received 44 unread message(s). Latest from=molly
[LAZARUS-POLLER 2026-06-02T21:30:44.990Z] Received 44 unread message(s). Latest from=molly
[LAZARUS-POLLER 2026-06-02T21:30:46.993Z] Received 44 unread message(s). Latest from=molly
[LAZARUS-POLLER 2026-06-02T21:30:48.996Z] Buffered 8 message(s) to wakeup file
[LAZARUS-POLLER 2026-06-02T21:30:48.996Z] Received 45 unread message(s). Latest from=eric
[LAZARUS-POLLER 2026-06-02T21:30:50.999Z] Received 45 unread message(s). Latest from=eric
[LAZARUS-POLLER 2026-06-02T21:30:53.003Z] Received 45 unread message(s). Latest from=eric
[LAZARUS-POLLER 2026-06-02T21:30:55.007Z] Received 45 unread message(s). Latest from=eric
[LAZARUS-POLLER 2026-06-02T21:30:57.010Z] Received 45 unread message(s). Latest from=eric
[LAZARUS-POLLER 2026-06-02T21:30:59.013Z] Received 45 unread message(s). Latest from=eric
[LAZARUS-POLLER 2026-06-02T21:31:01.016Z] Received 45 unread message(s). Latest from=eric
[LAZARUS-POLLER 2026-06-02T21:31:03.020Z] Received 45 unread message(s). Latest from=eric
[LAZARUS-POLLER 2026-06-02T21:31:05.022Z] Received 45 unread message(s). Latest from=eric
[LAZARUS-POLLER 2026-06-02T21:31:07.025Z] Received 45 unread message(s). Latest from=eric
[LAZARUS-POLLER 2026-06-02T21:31:09.028Z] Received 45 unread message(s). Latest from=eric
[LAZARUS-POLLER 2026-06-02T21:31:11.029Z] Received 45 unread message(s). Latest from=eric
[LAZARUS-POLLER 2026-06-02T21:31:13.032Z] Received 45 unread message(s). Latest from=eric
[LAZARUS-POLLER 2026-06-02T21:31:15.035Z] Received 45 unread message(s). Latest from=eric
[LAZARUS-POLLER 2026-06-02T21:31:17.037Z] Received 45 unread message(s). Latest from=eric
[LAZARUS-POLLER 2026-06-02T21:31:19.040Z] Received 45 unread message(s). Latest from=eric
[LAZARUS-POLLER 2026-06-02T21:31:21.043Z] Received 45 unread message(s). Latest from=eric
[LAZARUS-POLLER 2026-06-02T21:31:23.047Z] Received 45 unread message(s). Latest from=eric
[LAZARUS-POLLER 2026-06-02T21:31:25.050Z] Received 45 unread message(s). Latest from=eric
[LAZARUS-POLLER 2026-06-02T21:31:27.052Z] Received 45 unread message(s). Latest from=eric
[LAZARUS-POLLER 2026-06-02T21:31:29.056Z] Received 45 unread message(s). Latest from=eric
[LAZARUS-POLLER 2026-06-02T21:31:31.059Z] Received 45 unread message(s). Latest from=eric
[LAZARUS-POLLER 2026-06-02T21:31:33.061Z] Received 45 unread message(s). Latest from=eric
[LAZARUS-POLLER 2026-06-02T21:31:35.065Z] Received 45 unread message(s). Latest from=eric
[LAZARUS-POLLER 2026-06-02T21:31:37.068Z] Received 45 unread message(s). Latest from=eric
[LAZARUS-POLLER 2026-06-02T21:31:39.070Z] Received 45 unread message(s). Latest from=eric
[LAZARUS-POLLER 2026-06-02T21:31:41.074Z] Received 45 unread message(s). Latest from=eric
[LAZARUS-POLLER 2026-06-02T21:31:43.077Z] Received 45 unread message(s). Latest from=eric
[LAZARUS-POLLER 2026-06-02T21:31:45.079Z] Received 45 unread message(s). Latest from=eric
[LAZARUS-POLLER 2026-06-02T21:31:47.083Z] Received 45 unread message(s). Latest from=eric
[LAZARUS-POLLER 2026-06-02T21:31:49.085Z] Received 45 unread message(s). Latest from=eric
[LAZARUS-POLLER 2026-06-02T21:31:51.088Z] Received 45 unread message(s). Latest from=eric
[LAZARUS-POLLER 2026-06-02T21:31:53.092Z] Received 45 unread message(s). Latest from=eric
[LAZARUS-POLLER 2026-06-02T21:31:55.095Z] Received 45 unread message(s). Latest from=eric
[LAZARUS-POLLER 2026-06-02T21:31:57.099Z] Received 45 unread message(s). Latest from=eric
[LAZARUS-POLLER 2026-06-02T21:31:59.102Z] Received 45 unread message(s). Latest from=eric
[LAZARUS-POLLER 2026-06-02T21:32:01.105Z] Received 45 unread message(s). Latest from=eric
[LAZARUS-POLLER 2026-06-02T21:32:03.108Z] Received 45 unread message(s). Latest from=eric
[LAZARUS-POLLER 2026-06-02T21:32:05.111Z] Received 45 unread message(s). Latest from=eric
[LAZARUS-POLLER 2026-06-02T21:32:07.113Z] Received 45 unread message(s). Latest from=eric
[LAZARUS-POLLER 2026-06-02T21:32:09.116Z] Received 45 unread message(s). Latest from=eric
[LAZARUS-POLLER 2026-06-02T21:32:11.119Z] Received 45 unread message(s). Latest from=eric
[LAZARUS-POLLER 2026-06-02T21:32:13.123Z] Buffered 1 message(s) to wakeup file
[LAZARUS-POLLER 2026-06-02T21:32:13.123Z] Received 46 unread message(s). Latest from=molly
[LAZARUS-POLLER 2026-06-02T21:32:15.126Z] Received 46 unread message(s). Latest from=molly
[LAZARUS-POLLER 2026-06-02T21:32:17.130Z] Received 46 unread message(s). Latest from=molly
[LAZARUS-POLLER 2026-06-02T21:32:19.133Z] Received 46 unread message(s). Latest from=molly
[LAZARUS-POLLER 2026-06-02T21:32:21.135Z] Received 46 unread message(s). Latest from=molly
[LAZARUS-POLLER 2026-06-02T21:32:23.139Z] Received 46 unread message(s). Latest from=molly
[LAZARUS-POLLER 2026-06-02T21:32:25.141Z] Received 46 unread message(s). Latest from=molly
[LAZARUS-POLLER 2026-06-02T21:32:27.145Z] Received 46 unread message(s). Latest from=molly
[LAZARUS-POLLER 2026-06-02T21:32:29.148Z] Received 46 unread message(s). Latest from=molly
[LAZARUS-POLLER 2026-06-02T21:32:31.151Z] Received 46 unread message(s). Latest from=molly
[LAZARUS-POLLER 2026-06-02T21:32:33.154Z] Received 46 unread message(s). Latest from=molly
[LAZARUS-POLLER 2026-06-02T21:32:35.158Z] Received 46 unread message(s). Latest from=molly
[LAZARUS-POLLER 2026-06-02T21:32:37.160Z] Received 46 unread message(s). Latest from=molly
[LAZARUS-POLLER 2026-06-02T21:32:39.164Z] Received 46 unread message(s). Latest from=molly
[LAZARUS-POLLER 2026-06-02T21:32:41.167Z] Received 46 unread message(s). Latest from=molly
[LAZARUS-POLLER 2026-06-02T21:32:43.171Z] Received 46 unread message(s). Latest from=molly
[LAZARUS-POLLER 2026-06-02T21:32:45.174Z] Received 46 unread message(s). Latest from=molly
[LAZARUS-POLLER 2026-06-02T21:32:47.177Z] Received 46 unread message(s). Latest from=molly
[LAZARUS-POLLER 2026-06-02T21:32:49.180Z] Received 46 unread message(s). Latest from=molly
[LAZARUS-POLLER 2026-06-02T21:32:51.183Z] Received 46 unread message(s). Latest from=molly
[LAZARUS-POLLER 2026-06-02T21:32:53.186Z] Received 46 unread message(s). Latest from=molly
[LAZARUS-POLLER 2026-06-02T21:32:55.189Z] Buffered 7 message(s) to wakeup file
[LAZARUS-POLLER 2026-06-02T21:32:55.189Z] Received 47 unread message(s). Latest from=eric
[LAZARUS-POLLER 2026-06-02T21:32:57.191Z] Received 47 unread message(s). Latest from=eric
[LAZARUS-POLLER 2026-06-02T21:32:59.194Z] Received 47 unread message(s). Latest from=eric
[LAZARUS-POLLER 2026-06-02T21:33:01.201Z] Buffered 8 message(s) to wakeup file
[LAZARUS-POLLER 2026-06-02T21:33:01.201Z] Received 48 unread message(s). Latest from=eric
[LAZARUS-POLLER 2026-06-02T21:33:03.205Z] Received 48 unread message(s). Latest from=eric
[LAZARUS-POLLER 2026-06-02T21:33:05.209Z] Received 48 unread message(s). Latest from=eric
[LAZARUS-POLLER 2026-06-02T21:33:07.213Z] Received 48 unread message(s). Latest from=eric
[LAZARUS-POLLER 2026-06-02T21:33:09.216Z] Received 48 unread message(s). Latest from=eric
[LAZARUS-POLLER 2026-06-02T21:33:11.219Z] Received 48 unread message(s). Latest from=eric
[LAZARUS-POLLER 2026-06-02T21:33:13.222Z] Received 48 unread message(s). Latest from=eric
[LAZARUS-POLLER 2026-06-02T21:33:15.226Z] Received 48 unread message(s). Latest from=eric
[LAZARUS-POLLER 2026-06-02T21:33:17.229Z] Received 48 unread message(s). Latest from=eric
[LAZARUS-POLLER 2026-06-02T21:33:19.232Z] Received 48 unread message(s). Latest from=eric
[LAZARUS-POLLER 2026-06-02T21:33:21.236Z] Received 48 unread message(s). Latest from=eric
[LAZARUS-POLLER 2026-06-02T21:33:23.238Z] Received 48 unread message(s). Latest from=eric
[LAZARUS-POLLER 2026-06-02T21:33:25.242Z] Received 48 unread message(s). Latest from=eric
[LAZARUS-POLLER 2026-06-02T21:33:27.244Z] Received 48 unread message(s). Latest from=eric
[LAZARUS-POLLER 2026-06-02T21:33:29.247Z] Received 48 unread message(s). Latest from=eric
[LAZARUS-POLLER 2026-06-02T21:33:31.250Z] Received 48 unread message(s). Latest from=eric
[LAZARUS-POLLER 2026-06-02T21:33:33.253Z] Received 48 unread message(s). Latest from=eric
[LAZARUS-POLLER 2026-06-02T21:33:35.256Z] Received 48 unread message(s). Latest from=eric
[LAZARUS-POLLER 2026-06-02T21:33:37.259Z] Received 48 unread message(s). Latest from=eric
[LAZARUS-POLLER 2026-06-02T21:33:39.263Z] Received 48 unread message(s). Latest from=eric
[LAZARUS-POLLER 2026-06-02T21:33:41.266Z] Received 48 unread message(s). Latest from=eric
[LAZARUS-POLLER 2026-06-02T21:33:43.269Z] Received 48 unread message(s). Latest from=eric
[LAZARUS-POLLER 2026-06-02T21:33:45.271Z] Received 48 unread message(s). Latest from=eric
[LAZARUS-POLLER 2026-06-02T21:33:47.275Z] Received 48 unread message(s). Latest from=eric
[LAZARUS-POLLER 2026-06-02T21:33:49.277Z] Received 48 unread message(s). Latest from=eric
[LAZARUS-POLLER 2026-06-02T21:33:51.279Z] Received 48 unread message(s). Latest from=eric
[LAZARUS-POLLER 2026-06-02T21:33:53.282Z] Received 48 unread message(s). Latest from=eric
[LAZARUS-POLLER 2026-06-02T21:33:55.284Z] Received 48 unread message(s). Latest from=eric
[LAZARUS-POLLER 2026-06-02T21:33:57.288Z] Received 48 unread message(s). Latest from=eric
[LAZARUS-POLLER 2026-06-02T21:33:59.291Z] Received 48 unread message(s). Latest from=eric
[LAZARUS-POLLER 2026-06-02T21:34:01.294Z] Received 48 unread message(s). Latest from=eric
[LAZARUS-POLLER 2026-06-02T21:34:03.296Z] Received 48 unread message(s). Latest from=eric
[LAZARUS-POLLER 2026-06-02T21:34:05.299Z] Received 48 unread message(s). Latest from=eric
[LAZARUS-POLLER 2026-06-02T21:34:07.302Z] Received 48 unread message(s). Latest from=eric
[LAZARUS-POLLER 2026-06-02T21:34:09.305Z] Received 48 unread message(s). Latest from=eric
[LAZARUS-POLLER 2026-06-02T21:34:11.308Z] Received 48 unread message(s). Latest from=eric
[LAZARUS-POLLER 2026-06-02T21:34:13.310Z] Received 48 unread message(s). Latest from=eric
[LAZARUS-POLLER 2026-06-02T21:34:15.313Z] Received 49 unread message(s). Latest from=molly
[LAZARUS-POLLER 2026-06-02T21:34:17.316Z] Received 49 unread message(s). Latest from=molly
[LAZARUS-POLLER 2026-06-02T21:34:19.319Z] Received 50 unread message(s). Latest from=eric
[LAZARUS-POLLER 2026-06-02T21:34:21.322Z] Received 50 unread message(s). Latest from=eric
[LAZARUS-POLLER 2026-06-02T21:34:23.326Z] Received 50 unread message(s). Latest from=eric
[LAZARUS-POLLER 2026-06-02T21:34:25.329Z] Received 50 unread message(s). Latest from=eric
[LAZARUS-POLLER 2026-06-02T21:34:27.332Z] Received 50 unread message(s). Latest from=eric
[LAZARUS-POLLER 2026-06-02T21:34:29.335Z] Received 50 unread message(s). Latest from=eric
[LAZARUS-POLLER 2026-06-02T21:34:31.338Z] Received 50 unread message(s). Latest from=eric
[LAZARUS-POLLER 2026-06-02T21:34:33.341Z] Received 50 unread message(s). Latest from=eric
[LAZARUS-POLLER 2026-06-02T21:34:35.344Z] Received 50 unread message(s). Latest from=eric
[LAZARUS-POLLER 2026-06-02T21:34:37.348Z] Received 50 unread message(s). Latest from=eric
[LAZARUS-POLLER 2026-06-02T21:34:39.352Z] Received 50 unread message(s). Latest from=eric
[LAZARUS-POLLER 2026-06-02T21:34:41.356Z] Received 50 unread message(s). Latest from=eric
[LAZARUS-POLLER 2026-06-02T21:34:43.359Z] Received 50 unread message(s). Latest from=eric
[LAZARUS-POLLER 2026-06-02T21:34:45.363Z] Received 50 unread message(s). Latest from=eric
[LAZARUS-POLLER 2026-06-02T21:34:47.366Z] Received 50 unread message(s). Latest from=eric
[LAZARUS-POLLER 2026-06-02T21:34:49.368Z] Received 50 unread message(s). Latest from=eric
[LAZARUS-POLLER 2026-06-02T21:34:51.371Z] Received 50 unread message(s). Latest from=eric
[LAZARUS-POLLER 2026-06-02T21:34:53.374Z] Received 50 unread message(s). Latest from=eric
[LAZARUS-POLLER 2026-06-02T21:34:55.377Z] Received 50 unread message(s). Latest from=eric
[LAZARUS-POLLER 2026-06-02T21:34:57.379Z] Received 50 unread message(s). Latest from=eric
[LAZARUS-POLLER 2026-06-02T21:34:59.383Z] Received 50 unread message(s). Latest from=eric
[LAZARUS-POLLER 2026-06-02T21:35:01.385Z] Received 50 unread message(s). Latest from=eric
[LAZARUS-POLLER 2026-06-02T21:35:03.388Z] Received 50 unread message(s). Latest from=eric
[LAZARUS-POLLER 2026-06-02T21:35:05.390Z] Received 50 unread message(s). Latest from=eric
[LAZARUS-POLLER 2026-06-02T21:35:07.393Z] Received 50 unread message(s). Latest from=eric
[LAZARUS-POLLER 2026-06-02T21:35:09.396Z] Received 50 unread message(s). Latest from=eric
[LAZARUS-POLLER 2026-06-02T21:35:11.399Z] Received 50 unread message(s). Latest from=eric
[LAZARUS-POLLER 2026-06-02T21:35:13.402Z] Received 50 unread message(s). Latest from=eric
[LAZARUS-POLLER 2026-06-02T21:35:15.406Z] Received 50 unread message(s). Latest from=eric
[LAZARUS-POLLER 2026-06-02T21:35:17.409Z] Buffered 12 message(s) to wakeup file
[LAZARUS-POLLER 2026-06-02T21:35:17.409Z] Received 52 unread message(s). Latest from=molly
[LAZARUS-POLLER 2026-06-02T21:35:19.412Z] Received 52 unread message(s). Latest from=molly
[LAZARUS-POLLER 2026-06-02T21:35:21.415Z] Received 52 unread message(s). Latest from=molly
[LAZARUS-POLLER 2026-06-02T21:35:23.418Z] Buffered 13 message(s) to wakeup file
[LAZARUS-POLLER 2026-06-02T21:35:23.418Z] Received 52 unread message(s). Latest from=molly
[LAZARUS-POLLER 2026-06-02T21:35:25.422Z] Received 52 unread message(s). Latest from=molly
[LAZARUS-POLLER 2026-06-02T21:35:27.426Z] Received 52 unread message(s). Latest from=molly
[LAZARUS-POLLER 2026-06-02T21:35:29.430Z] Received 52 unread message(s). Latest from=molly
[LAZARUS-POLLER 2026-06-02T21:35:31.433Z] Received 52 unread message(s). Latest from=molly
[LAZARUS-POLLER 2026-06-02T21:35:33.437Z] Received 52 unread message(s). Latest from=molly
[LAZARUS-POLLER 2026-06-02T21:35:35.440Z] Received 52 unread message(s). Latest from=molly
[LAZARUS-POLLER 2026-06-02T21:35:37.442Z] Received 52 unread message(s). Latest from=molly
[LAZARUS-POLLER 2026-06-02T21:35:39.446Z] Received 52 unread message(s). Latest from=molly
[LAZARUS-POLLER 2026-06-02T21:35:41.450Z] Received 52 unread message(s). Latest from=molly
[LAZARUS-POLLER 2026-06-02T21:35:43.452Z] Received 52 unread message(s). Latest from=molly
[LAZARUS-POLLER 2026-06-02T21:35:45.455Z] Received 52 unread message(s). Latest from=molly
[LAZARUS-POLLER 2026-06-02T21:35:47.458Z] Received 52 unread message(s). Latest from=molly
[LAZARUS-POLLER 2026-06-02T21:35:49.462Z] Received 52 unread message(s). Latest from=molly
[LAZARUS-POLLER 2026-06-02T21:35:51.466Z] Received 52 unread message(s). Latest from=molly
[LAZARUS-POLLER 2026-06-02T21:35:53.469Z] Received 52 unread message(s). Latest from=molly
[LAZARUS-POLLER 2026-06-02T21:35:55.473Z] Received 52 unread message(s). Latest from=molly
[LAZARUS-POLLER 2026-06-02T21:35:57.476Z] Received 52 unread message(s). Latest from=molly
[LAZARUS-POLLER 2026-06-02T21:35:59.478Z] Received 52 unread message(s). Latest from=molly
[LAZARUS-POLLER 2026-06-02T21:36:01.482Z] Received 52 unread message(s). Latest from=molly
[LAZARUS-POLLER 2026-06-02T21:36:03.485Z] Received 52 unread message(s). Latest from=molly
[LAZARUS-POLLER 2026-06-02T21:36:05.487Z] Received 52 unread message(s). Latest from=molly
[LAZARUS-POLLER 2026-06-02T21:36:07.491Z] Received 52 unread message(s). Latest from=molly
[LAZARUS-POLLER 2026-06-02T21:36:09.494Z] Received 52 unread message(s). Latest from=molly
[LAZARUS-POLLER 2026-06-02T21:36:11.497Z] Received 52 unread message(s). Latest from=molly
[LAZARUS-POLLER 2026-06-02T21:36:13.499Z] Received 52 unread message(s). Latest from=molly
[LAZARUS-POLLER 2026-06-02T21:36:15.503Z] Buffered 15 message(s) to wakeup file
[LAZARUS-POLLER 2026-06-02T21:36:15.503Z] Received 54 unread message(s). Latest from=molly
[LAZARUS-POLLER 2026-06-02T21:36:17.506Z] Buffered 16 message(s) to wakeup file
[LAZARUS-POLLER 2026-06-02T21:36:17.506Z] Received 56 unread message(s). Latest from=molly
[LAZARUS-POLLER 2026-06-02T21:36:19.509Z] Received 57 unread message(s). Latest from=molly
[LAZARUS-POLLER 2026-06-02T21:36:21.512Z] Received 57 unread message(s). Latest from=molly
[LAZARUS-POLLER 2026-06-02T21:36:23.516Z] Received 57 unread message(s). Latest from=molly
[LAZARUS-POLLER 2026-06-02T21:36:25.520Z] Received 57 unread message(s). Latest from=molly
[LAZARUS-POLLER 2026-06-02T21:36:27.523Z] Received 57 unread message(s). Latest from=molly
[LAZARUS-POLLER 2026-06-02T21:36:29.525Z] Received 57 unread message(s). Latest from=molly
[LAZARUS-POLLER 2026-06-02T21:36:31.528Z] Received 57 unread message(s). Latest from=molly
[LAZARUS-POLLER 2026-06-02T21:36:33.532Z] Received 57 unread message(s). Latest from=molly
[LAZARUS-POLLER 2026-06-02T21:36:35.535Z] Received 57 unread message(s). Latest from=molly
[LAZARUS-POLLER 2026-06-02T21:36:37.537Z] Received 57 unread message(s). Latest from=molly
[LAZARUS-POLLER 2026-06-02T21:36:39.540Z] Received 57 unread message(s). Latest from=molly
[LAZARUS-POLLER 2026-06-02T21:36:41.543Z] Received 57 unread message(s). Latest from=molly
[LAZARUS-POLLER 2026-06-02T21:36:43.545Z] Received 57 unread message(s). Latest from=molly
[LAZARUS-POLLER 2026-06-02T21:36:45.548Z] Received 57 unread message(s). Latest from=molly
[LAZARUS-POLLER 2026-06-02T21:36:47.552Z] Received 57 unread message(s). Latest from=molly
[LAZARUS-POLLER 2026-06-02T21:36:49.555Z] Received 57 unread message(s). Latest from=molly
[LAZARUS-POLLER 2026-06-02T21:36:51.559Z] Received 57 unread message(s). Latest from=molly
[LAZARUS-POLLER 2026-06-02T21:36:53.563Z] Received 57 unread message(s). Latest from=molly
[LAZARUS-POLLER 2026-06-02T21:36:55.566Z] Received 57 unread message(s). Latest from=molly
[LAZARUS-POLLER 2026-06-02T21:36:57.569Z] Received 57 unread message(s). Latest from=molly
[LAZARUS-POLLER 2026-06-02T21:36:59.572Z] Received 57 unread message(s). Latest from=molly
[LAZARUS-POLLER 2026-06-02T21:37:01.574Z] Received 57 unread message(s). Latest from=molly
[LAZARUS-POLLER 2026-06-02T21:37:03.577Z] Received 57 unread message(s). Latest from=molly
[LAZARUS-POLLER 2026-06-02T21:37:05.580Z] Received 57 unread message(s). Latest from=molly
[LAZARUS-POLLER 2026-06-02T21:37:07.583Z] Received 57 unread message(s). Latest from=molly
[LAZARUS-POLLER 2026-06-02T21:37:09.586Z] Received 57 unread message(s). Latest from=molly
[LAZARUS-POLLER 2026-06-02T21:37:11.590Z] Received 57 unread message(s). Latest from=molly
[LAZARUS-POLLER 2026-06-02T21:37:13.594Z] Received 57 unread message(s). Latest from=molly
[LAZARUS-POLLER 2026-06-02T21:37:15.597Z] Received 57 unread message(s). Latest from=molly
[LAZARUS-POLLER 2026-06-02T21:37:17.599Z] Received 57 unread message(s). Latest from=molly
[LAZARUS-POLLER 2026-06-02T21:37:19.603Z] Received 57 unread message(s). Latest from=molly
[LAZARUS-POLLER 2026-06-02T21:37:21.606Z] Received 57 unread message(s). Latest from=molly
[LAZARUS-POLLER 2026-06-02T21:37:23.610Z] Received 57 unread message(s). Latest from=molly
[LAZARUS-POLLER 2026-06-02T21:37:25.613Z] Received 57 unread message(s). Latest from=molly
[LAZARUS-POLLER 2026-06-02T21:37:27.616Z] Received 57 unread message(s). Latest from=molly
[LAZARUS-POLLER 2026-06-02T21:37:29.618Z] Received 57 unread message(s). Latest from=molly
[LAZARUS-POLLER 2026-06-02T21:37:31.621Z] Received 57 unread message(s). Latest from=molly
[LAZARUS-POLLER 2026-06-02T21:37:33.624Z] Received 57 unread message(s). Latest from=molly
[LAZARUS-POLLER 2026-06-02T21:37:35.628Z] Received 57 unread message(s). Latest from=molly
[LAZARUS-POLLER 2026-06-02T21:37:37.631Z] Received 57 unread message(s). Latest from=molly
[LAZARUS-POLLER 2026-06-02T21:37:39.633Z] Received 57 unread message(s). Latest from=molly
[LAZARUS-POLLER 2026-06-02T21:37:41.636Z] Received 57 unread message(s). Latest from=molly
[LAZARUS-POLLER 2026-06-02T21:37:43.641Z] Received 57 unread message(s). Latest from=molly
[LAZARUS-POLLER 2026-06-02T21:37:45.643Z] Received 57 unread message(s). Latest from=molly
[LAZARUS-POLLER 2026-06-02T21:37:47.647Z] Received 57 unread message(s). Latest from=molly
[LAZARUS-POLLER 2026-06-02T21:37:49.652Z] Received 57 unread message(s). Latest from=molly
[LAZARUS-POLLER 2026-06-02T21:37:51.656Z] Received 57 unread message(s). Latest from=molly
[LAZARUS-POLLER 2026-06-02T21:37:53.659Z] Received 57 unread message(s). Latest from=molly
[LAZARUS-POLLER 2026-06-02T21:37:55.663Z] Received 57 unread message(s). Latest from=molly
[LAZARUS-POLLER 2026-06-02T21:37:57.666Z] Received 57 unread message(s). Latest from=molly
[LAZARUS-POLLER 2026-06-02T21:37:59.669Z] Received 57 unread message(s). Latest from=molly
[LAZARUS-POLLER 2026-06-02T21:38:01.673Z] Received 57 unread message(s). Latest from=molly
[LAZARUS-POLLER 2026-06-02T21:38:03.677Z] Received 57 unread message(s). Latest from=molly
[LAZARUS-POLLER 2026-06-02T21:38:05.679Z] Received 57 unread message(s). Latest from=molly
[LAZARUS-POLLER 2026-06-02T21:38:07.682Z] Received 57 unread message(s). Latest from=molly
[LAZARUS-POLLER 2026-06-02T21:38:09.686Z] Received 57 unread message(s). Latest from=molly
[LAZARUS-POLLER 2026-06-02T21:38:11.689Z] Received 57 unread message(s). Latest from=molly
[LAZARUS-POLLER 2026-06-02T21:38:13.692Z] Received 57 unread message(s). Latest from=molly
[LAZARUS-POLLER 2026-06-02T21:38:15.695Z] Received 57 unread message(s). Latest from=molly
[LAZARUS-POLLER 2026-06-02T21:38:17.698Z] Received 57 unread message(s). Latest from=molly
[LAZARUS-POLLER 2026-06-02T21:38:19.701Z] Received 57 unread message(s). Latest from=molly
[LAZARUS-POLLER 2026-06-02T21:38:21.704Z] Received 57 unread message(s). Latest from=molly
[LAZARUS-POLLER 2026-06-02T21:38:23.707Z] Received 57 unread message(s). Latest from=molly
[LAZARUS-POLLER 2026-06-02T21:38:25.709Z] Received 57 unread message(s). Latest from=molly
[LAZARUS-POLLER 2026-06-02T21:38:27.713Z] Received 57 unread message(s). Latest from=molly
[LAZARUS-POLLER 2026-06-02T21:38:29.717Z] Received 57 unread message(s). Latest from=molly
[LAZARUS-POLLER 2026-06-02T21:38:31.720Z] Received 57 unread message(s). Latest from=molly
[LAZARUS-POLLER 2026-06-02T21:38:33.723Z] Received 57 unread message(s). Latest from=molly
[LAZARUS-POLLER 2026-06-02T21:38:35.726Z] Received 57 unread message(s). Latest from=molly
[LAZARUS-POLLER 2026-06-02T21:38:37.729Z] Received 57 unread message(s). Latest from=molly
[LAZARUS-POLLER 2026-06-02T21:38:39.733Z] Received 57 unread message(s). Latest from=molly
[LAZARUS-POLLER 2026-06-02T21:38:41.735Z] Received 57 unread message(s). Latest from=molly
[LAZARUS-POLLER 2026-06-02T21:38:43.740Z] Received 57 unread message(s). Latest from=molly
[LAZARUS-POLLER 2026-06-02T21:38:45.742Z] Received 57 unread message(s). Latest from=molly
[LAZARUS-POLLER 2026-06-02T21:38:47.746Z] Received 57 unread message(s). Latest from=molly
[LAZARUS-POLLER 2026-06-02T21:38:49.749Z] Received 57 unread message(s). Latest from=molly
[LAZARUS-POLLER 2026-06-02T21:38:51.752Z] Received 57 unread message(s). Latest from=molly
[LAZARUS-POLLER 2026-06-02T21:38:53.756Z] Received 57 unread message(s). Latest from=molly
[LAZARUS-POLLER 2026-06-02T21:38:55.759Z] Received 57 unread message(s). Latest from=molly
[LAZARUS-POLLER 2026-06-02T21:38:57.762Z] Received 57 unread message(s). Latest from=molly
[LAZARUS-POLLER 2026-06-02T21:38:59.765Z] Received 57 unread message(s). Latest from=molly
[LAZARUS-POLLER 2026-06-02T21:39:01.768Z] Received 57 unread message(s). Latest from=molly
[LAZARUS-POLLER 2026-06-02T21:39:03.771Z] Received 57 unread message(s). Latest from=molly
[LAZARUS-POLLER 2026-06-02T21:39:05.775Z] Received 57 unread message(s). Latest from=molly
[LAZARUS-POLLER 2026-06-02T21:39:07.778Z] Received 57 unread message(s). Latest from=molly
[LAZARUS-POLLER 2026-06-02T21:39:09.781Z] Received 57 unread message(s). Latest from=molly
[LAZARUS-POLLER 2026-06-02T21:39:11.784Z] Received 57 unread message(s). Latest from=molly
[LAZARUS-POLLER 2026-06-02T21:39:13.788Z] Buffered 19 message(s) to wakeup file
[LAZARUS-POLLER 2026-06-02T21:39:13.788Z] Received 57 unread message(s). Latest from=molly
[LAZARUS-POLLER 2026-06-02T21:39:15.791Z] Received 57 unread message(s). Latest from=molly
[LAZARUS-POLLER 2026-06-02T21:39:17.793Z] Received 57 unread message(s). Latest from=molly
[LAZARUS-POLLER 2026-06-02T21:39:19.797Z] Received 57 unread message(s). Latest from=molly
[LAZARUS-POLLER 2026-06-02T21:39:21.799Z] Received 57 unread message(s). Latest from=molly
[LAZARUS-POLLER 2026-06-02T21:39:23.803Z] Received 57 unread message(s). Latest from=molly
[LAZARUS-POLLER 2026-06-02T21:39:25.807Z] Received 57 unread message(s). Latest from=molly
[LAZARUS-POLLER 2026-06-02T21:39:27.809Z] Received 57 unread message(s). Latest from=molly
[LAZARUS-POLLER 2026-06-02T21:39:29.812Z] Received 57 unread message(s). Latest from=molly
[LAZARUS-POLLER 2026-06-02T21:39:31.816Z] Received 57 unread message(s). Latest from=molly
[LAZARUS-POLLER 2026-06-02T21:39:33.819Z] Received 57 unread message(s). Latest from=molly
[LAZARUS-POLLER 2026-06-02T21:39:35.821Z] Received 57 unread message(s). Latest from=molly
[LAZARUS-POLLER 2026-06-02T21:39:37.825Z] Received 57 unread message(s). Latest from=molly
[LAZARUS-POLLER 2026-06-02T21:39:39.828Z] Received 57 unread message(s). Latest from=molly
[LAZARUS-POLLER 2026-06-02T21:39:41.831Z] Received 57 unread message(s). Latest from=molly
[LAZARUS-POLLER 2026-06-02T21:39:43.834Z] Received 57 unread message(s). Latest from=molly
[LAZARUS-POLLER 2026-06-02T21:39:45.837Z] Received 57 unread message(s). Latest from=molly
[LAZARUS-POLLER 2026-06-02T21:39:47.839Z] Received 57 unread message(s). Latest from=molly
[LAZARUS-POLLER 2026-06-02T21:39:49.843Z] Received 57 unread message(s). Latest from=molly
[LAZARUS-POLLER 2026-06-02T21:39:51.845Z] Received 57 unread message(s). Latest from=molly
[LAZARUS-POLLER 2026-06-02T21:39:53.850Z] Received 57 unread message(s). Latest from=molly
[LAZARUS-POLLER 2026-06-02T21:39:55.853Z] Received 57 unread message(s). Latest from=molly
[LAZARUS-POLLER 2026-06-02T21:39:57.856Z] Received 57 unread message(s). Latest from=molly
[LAZARUS-POLLER 2026-06-02T21:39:59.859Z] Received 57 unread message(s). Latest from=molly
[LAZARUS-POLLER 2026-06-02T21:40:01.862Z] Received 57 unread message(s). Latest from=molly
[LAZARUS-POLLER 2026-06-02T21:40:03.865Z] Received 57 unread message(s). Latest from=molly
[LAZARUS-POLLER 2026-06-02T21:40:05.868Z] Received 57 unread message(s). Latest from=molly
[LAZARUS-POLLER 2026-06-02T21:40:07.871Z] Received 57 unread message(s). Latest from=molly
[LAZARUS-POLLER 2026-06-02T21:40:09.874Z] Received 57 unread message(s). Latest from=molly
[LAZARUS-POLLER 2026-06-02T21:40:11.877Z] Received 57 unread message(s). Latest from=molly
[LAZARUS-POLLER 2026-06-02T21:40:13.881Z] Buffered 1 message(s) to wakeup file
[LAZARUS-POLLER 2026-06-02T21:40:13.881Z] Received 58 unread message(s). Latest from=molly
[LAZARUS-POLLER 2026-06-02T21:40:15.885Z] Received 58 unread message(s). Latest from=molly
[LAZARUS-POLLER 2026-06-02T21:40:17.888Z] Received 58 unread message(s). Latest from=molly
[LAZARUS-POLLER 2026-06-02T21:40:19.891Z] Received 58 unread message(s). Latest from=molly
[LAZARUS-POLLER 2026-06-02T21:40:21.894Z] Received 58 unread message(s). Latest from=molly
[LAZARUS-POLLER 2026-06-02T21:40:23.897Z] Received 58 unread message(s). Latest from=molly
[LAZARUS-POLLER 2026-06-02T21:40:25.899Z] Received 58 unread message(s). Latest from=molly
[LAZARUS-POLLER 2026-06-02T21:40:27.903Z] Received 58 unread message(s). Latest from=molly
[LAZARUS-POLLER 2026-06-02T21:40:29.906Z] Received 58 unread message(s). Latest from=molly
[LAZARUS-POLLER 2026-06-02T21:40:31.909Z] Received 58 unread message(s). Latest from=molly
[LAZARUS-POLLER 2026-06-02T21:40:33.912Z] Received 58 unread message(s). Latest from=molly
[LAZARUS-POLLER 2026-06-02T21:40:35.915Z] Received 58 unread message(s). Latest from=molly
[LAZARUS-POLLER 2026-06-02T21:40:37.919Z] Received 58 unread message(s). Latest from=molly
[LAZARUS-POLLER 2026-06-02T21:40:39.922Z] Received 58 unread message(s). Latest from=molly
[LAZARUS-POLLER 2026-06-02T21:40:41.925Z] Received 58 unread message(s). Latest from=molly
[LAZARUS-POLLER 2026-06-02T21:40:43.928Z] Received 58 unread message(s). Latest from=molly
[LAZARUS-POLLER 2026-06-02T21:40:45.931Z] Received 58 unread message(s). Latest from=molly
[LAZARUS-POLLER 2026-06-02T21:40:47.935Z] Received 58 unread message(s). Latest from=molly
[LAZARUS-POLLER 2026-06-02T21:40:49.938Z] Received 58 unread message(s). Latest from=molly
[LAZARUS-POLLER 2026-06-02T21:40:51.940Z] Received 58 unread message(s). Latest from=molly
[LAZARUS-POLLER 2026-06-02T21:40:53.943Z] Received 58 unread message(s). Latest from=molly
[LAZARUS-POLLER 2026-06-02T21:40:55.946Z] Received 58 unread message(s). Latest from=molly
[LAZARUS-POLLER 2026-06-02T21:40:57.950Z] Received 58 unread message(s). Latest from=molly
[LAZARUS-POLLER 2026-06-02T21:40:59.952Z] Received 58 unread message(s). Latest from=molly
[LAZARUS-POLLER 2026-06-02T21:41:01.955Z] Received 58 unread message(s). Latest from=molly
[LAZARUS-POLLER 2026-06-02T21:41:03.958Z] Received 58 unread message(s). Latest from=molly
[LAZARUS-POLLER 2026-06-02T21:41:05.960Z] Received 58 unread message(s). Latest from=molly
[LAZARUS-POLLER 2026-06-02T21:41:07.963Z] Received 58 unread message(s). Latest from=molly
[LAZARUS-POLLER 2026-06-02T21:41:09.967Z] Received 58 unread message(s). Latest from=molly
[LAZARUS-POLLER 2026-06-02T21:41:11.969Z] Received 58 unread message(s). Latest from=molly
[LAZARUS-POLLER 2026-06-02T21:41:13.972Z] Received 58 unread message(s). Latest from=molly
[LAZARUS-POLLER 2026-06-02T21:41:15.976Z] Received 58 unread message(s). Latest from=molly
[LAZARUS-POLLER 2026-06-02T21:41:17.979Z] Received 58 unread message(s). Latest from=molly
[LAZARUS-POLLER 2026-06-02T21:41:19.981Z] Received 58 unread message(s). Latest from=molly
[LAZARUS-POLLER 2026-06-02T21:41:21.984Z] Received 58 unread message(s). Latest from=molly
[LAZARUS-POLLER 2026-06-02T21:41:23.986Z] Received 58 unread message(s). Latest from=molly
[LAZARUS-POLLER 2026-06-02T21:41:25.990Z] Received 58 unread message(s). Latest from=molly
[LAZARUS-POLLER 2026-06-02T21:41:27.992Z] Received 58 unread message(s). Latest from=molly
[LAZARUS-POLLER 2026-06-02T21:41:29.995Z] Received 58 unread message(s). Latest from=molly
[LAZARUS-POLLER 2026-06-02T21:41:31.997Z] Received 58 unread message(s). Latest from=molly
[LAZARUS-POLLER 2026-06-02T21:41:34.001Z] Received 58 unread message(s). Latest from=molly
[LAZARUS-POLLER 2026-06-02T21:41:36.003Z] Received 58 unread message(s). Latest from=molly
[LAZARUS-POLLER 2026-06-02T21:41:38.006Z] Received 58 unread message(s). Latest from=molly
[LAZARUS-POLLER 2026-06-02T21:41:40.010Z] Received 58 unread message(s). Latest from=molly
[LAZARUS-POLLER 2026-06-02T21:41:42.013Z] Received 58 unread message(s). Latest from=molly
[LAZARUS-POLLER 2026-06-02T21:41:44.016Z] Received 58 unread message(s). Latest from=molly
[LAZARUS-POLLER 2026-06-02T21:41:46.020Z] Received 58 unread message(s). Latest from=molly
[LAZARUS-POLLER 2026-06-02T21:41:48.025Z] Received 58 unread message(s). Latest from=molly
[LAZARUS-POLLER 2026-06-02T21:41:50.027Z] Received 58 unread message(s). Latest from=molly
[LAZARUS-POLLER 2026-06-02T21:41:52.031Z] Received 58 unread message(s). Latest from=molly
[LAZARUS-POLLER 2026-06-02T21:41:54.034Z] Received 58 unread message(s). Latest from=molly
[LAZARUS-POLLER 2026-06-02T21:41:56.037Z] Received 58 unread message(s). Latest from=molly
[LAZARUS-POLLER 2026-06-02T21:41:58.040Z] Received 58 unread message(s). Latest from=molly
[LAZARUS-POLLER 2026-06-02T21:42:00.044Z] Received 58 unread message(s). Latest from=molly
[LAZARUS-POLLER 2026-06-02T21:42:02.047Z] Received 58 unread message(s). Latest from=molly
[LAZARUS-POLLER 2026-06-02T21:42:04.050Z] Received 58 unread message(s). Latest from=molly
[LAZARUS-POLLER 2026-06-02T21:42:06.054Z] Received 58 unread message(s). Latest from=molly
[LAZARUS-POLLER 2026-06-02T21:42:08.058Z] Received 58 unread message(s). Latest from=molly
[LAZARUS-POLLER 2026-06-02T21:42:10.061Z] Received 58 unread message(s). Latest from=molly
[LAZARUS-POLLER 2026-06-02T21:42:12.064Z] Received 58 unread message(s). Latest from=molly
[LAZARUS-POLLER 2026-06-02T21:42:14.068Z] Buffered 1 message(s) to wakeup file
[LAZARUS-POLLER 2026-06-02T21:42:14.068Z] Received 59 unread message(s). Latest from=molly
[LAZARUS-POLLER 2026-06-02T21:42:16.072Z] Buffered 21 message(s) to wakeup file
[LAZARUS-POLLER 2026-06-02T21:42:16.072Z] Received 60 unread message(s). Latest from=molly
[LAZARUS-POLLER 2026-06-02T21:42:18.077Z] Received 61 unread message(s). Latest from=molly
[LAZARUS-POLLER 2026-06-02T21:42:20.078Z] Received 61 unread message(s). Latest from=molly
[LAZARUS-POLLER 2026-06-02T21:42:22.083Z] Buffered 22 message(s) to wakeup file
[LAZARUS-POLLER 2026-06-02T21:42:22.083Z] Received 62 unread message(s). Latest from=eric
[LAZARUS-POLLER 2026-06-02T21:42:24.086Z] Received 62 unread message(s). Latest from=eric
[LAZARUS-POLLER 2026-06-02T21:42:26.089Z] Received 62 unread message(s). Latest from=eric
[LAZARUS-POLLER 2026-06-02T21:42:28.092Z] Received 62 unread message(s). Latest from=eric
[LAZARUS-POLLER 2026-06-02T21:42:30.095Z] Received 62 unread message(s). Latest from=eric
[LAZARUS-POLLER 2026-06-02T21:42:32.097Z] Received 62 unread message(s). Latest from=eric
[LAZARUS-POLLER 2026-06-02T21:42:34.099Z] Received 62 unread message(s). Latest from=eric
[LAZARUS-POLLER 2026-06-02T21:42:36.104Z] Received 62 unread message(s). Latest from=eric
[LAZARUS-POLLER 2026-06-02T21:42:38.107Z] Received 62 unread message(s). Latest from=eric
[LAZARUS-POLLER 2026-06-02T21:42:40.110Z] Received 62 unread message(s). Latest from=eric
[LAZARUS-POLLER 2026-06-02T21:42:42.113Z] Received 62 unread message(s). Latest from=eric
[LAZARUS-POLLER 2026-06-02T21:42:44.116Z] Received 62 unread message(s). Latest from=eric
[LAZARUS-POLLER 2026-06-02T21:42:46.120Z] Received 62 unread message(s). Latest from=eric
[LAZARUS-POLLER 2026-06-02T21:42:48.123Z] Received 62 unread message(s). Latest from=eric
[LAZARUS-POLLER 2026-06-02T21:42:50.126Z] Received 62 unread message(s). Latest from=eric
[LAZARUS-POLLER 2026-06-02T21:42:52.128Z] Received 62 unread message(s). Latest from=eric
[LAZARUS-POLLER 2026-06-02T21:42:54.132Z] Received 62 unread message(s). Latest from=eric
[LAZARUS-POLLER 2026-06-02T21:42:56.135Z] Received 62 unread message(s). Latest from=eric
[LAZARUS-POLLER 2026-06-02T21:42:58.138Z] Received 62 unread message(s). Latest from=eric
[LAZARUS-POLLER 2026-06-02T21:43:00.141Z] Received 62 unread message(s). Latest from=eric
[LAZARUS-POLLER 2026-06-02T21:43:02.144Z] Received 62 unread message(s). Latest from=eric
[LAZARUS-POLLER 2026-06-02T21:43:04.147Z] Received 62 unread message(s). Latest from=eric
[LAZARUS-POLLER 2026-06-02T21:43:06.150Z] Received 62 unread message(s). Latest from=eric
[LAZARUS-POLLER 2026-06-02T21:43:08.153Z] Received 62 unread message(s). Latest from=eric
[LAZARUS-POLLER 2026-06-02T21:43:10.156Z] Received 62 unread message(s). Latest from=eric
[LAZARUS-POLLER 2026-06-02T21:43:12.160Z] Received 62 unread message(s). Latest from=eric
[LAZARUS-POLLER 2026-06-02T21:43:14.165Z] Received 62 unread message(s). Latest from=eric
[LAZARUS-POLLER 2026-06-02T21:43:16.168Z] Received 62 unread message(s). Latest from=eric
[LAZARUS-POLLER 2026-06-02T21:43:18.171Z] Received 62 unread message(s). Latest from=eric
[LAZARUS-POLLER 2026-06-02T21:43:20.174Z] Received 62 unread message(s). Latest from=eric
[LAZARUS-POLLER 2026-06-02T21:43:22.177Z] Received 62 unread message(s). Latest from=eric
[LAZARUS-POLLER 2026-06-02T21:43:24.180Z] Received 62 unread message(s). Latest from=eric
[LAZARUS-POLLER 2026-06-02T21:43:26.183Z] Received 62 unread message(s). Latest from=eric
[LAZARUS-POLLER 2026-06-02T21:43:28.186Z] Received 62 unread message(s). Latest from=eric
[LAZARUS-POLLER 2026-06-02T21:43:30.189Z] Received 62 unread message(s). Latest from=eric
[LAZARUS-POLLER 2026-06-02T21:43:32.192Z] Received 62 unread message(s). Latest from=eric
[LAZARUS-POLLER 2026-06-02T21:43:34.194Z] Received 62 unread message(s). Latest from=eric
[LAZARUS-POLLER 2026-06-02T21:43:36.197Z] Received 62 unread message(s). Latest from=eric
[LAZARUS-POLLER 2026-06-02T21:43:38.200Z] Received 62 unread message(s). Latest from=eric
[LAZARUS-POLLER 2026-06-02T21:43:40.204Z] Received 62 unread message(s). Latest from=eric
[LAZARUS-POLLER 2026-06-02T21:43:42.206Z] Received 62 unread message(s). Latest from=eric
